owner_id,owner,is_superhost,number_of_reviews_host,is_verified,star_rating_host,years_host,months_host,response_rate_shown,response_time_shown,host_snapshot_date
106642020,João Fernando,True,50.0,True,4.900000095367432,3,5,,,2025-01-13 01:54:16
86766717,Cláudia,False,0.0,True,0.0,2,7,,,2025-01-13 01:54:17
498161383,Raíssa,False,0.0,True,0.0,0,4,,,2025-01-13 01:54:18
106715459,Wania,False,15.0,True,4.269999980926514,8,1,,,2025-01-13 01:54:19
156809164,Vinicius,False,10.0,True,4.900000095367432,7,2,,,2025-01-13 01:54:19
117687109,Fatima,True,145.0,True,4.889999866485596,5,10,,,2025-01-13 01:54:26
258214366,Maria,False,6.0,True,4.829999923706055,5,1,,,2025-01-13 01:54:28
563045946,Julio,False,2.0,True,4.5,0,3,,,2025-01-13 01:54:30
542877562,Carla Franciani,False,0.0,True,0.0,1,2,,,2025-01-13 01:54:34
116301774,Nathalia,False,3.0,True,5.0,1,3,,,2025-01-13 01:54:34
377759233,Vinicius,False,14.0,True,4.710000038146973,3,2,,,2025-01-13 01:54:39
204699730,Érica,False,0.0,True,0.0,1,1,,,2025-01-13 01:54:40
548289493,Rafael,False,0.0,True,0.0,1,1,,,2025-01-13 01:54:40
652572711,Lucas,False,5.0,True,5.0,0,0,,,2025-01-13 01:54:42
652648522,Malaque,False,0.0,True,0.0,0,3,,,2025-01-13 01:54:44
284959411,Antonio,False,3.0,True,5.0,0,6,,,2025-01-13 01:54:46
483805483,Daniela,False,7.0,True,4.860000133514404,2,2,,,2025-01-13 01:54:46
494145270,Nei,False,4.0,True,4.75,2,0,,,2025-01-13 01:54:47
65675548,Tiago,False,36.0,True,4.889999866485596,5,10,,,2025-01-13 01:54:48
538843653,Ariadne Carine,False,0.0,True,0.0,1,1,,,2025-01-13 01:54:49
102340166,Luciana,False,7.0,True,4.860000133514404,6,0,,,2025-01-13 01:54:50
662955321,Eduardo,False,1.0,True,5.0,0,1,,,2025-01-13 01:54:50
423201941,Gutierrez E Paula,True,17.0,True,4.940000057220459,3,0,,,2025-01-13 01:54:50
103043977,Marcelo,True,45.0,True,4.869999885559082,5,4,,,2025-01-13 01:54:50
146295936,Sara,False,1.0,True,5.0,2,4,,,2025-01-13 01:54:51
485337224,Adrieli,False,1.0,True,5.0,2,2,,,2025-01-13 01:54:51
653682234,Giulia,False,2.0,True,4.5,0,3,,,2025-01-13 01:54:52
299386331,Anna Caroline,False,0.0,True,0.0,0,3,,,2025-01-13 01:55:01
488618560,Carmem,False,0.0,True,0.0,2,1,,,2025-01-13 01:55:02
226904475,Eliangela,False,2.0,True,5.0,3,3,,,2025-01-13 01:55:03
434351129,Aluguelemfamília,True,247.0,True,4.840000152587891,3,1,,,2025-01-13 01:55:04
661231960,Dssa,False,0.0,True,0.0,0,1,,,2025-01-13 01:55:05
30212746,Thais,True,56.0,True,4.880000114440918,6,5,,,2025-01-13 01:55:06
374425488,Rosângela,False,30.0,True,4.800000190734863,3,5,,,2025-01-13 01:55:06
221037215,Liziane Konstance,False,0.0,True,0.0,0,2,,,2025-01-13 01:55:06
85891880,Rubens Mauricio,False,2.0,True,4.5,1,4,,,2025-01-13 01:55:07
36070472,Anna Karoline,False,12.0,True,5.0,8,0,,,2025-01-13 01:55:09
572731210,Cristian,True,7.0,True,4.860000133514404,0,8,,,2025-01-13 01:55:10
429909078,Osni,False,0.0,True,0.0,3,2,,,2025-01-13 01:55:12
317388385,Rafael,False,5.0,True,4.800000190734863,5,0,,,2025-01-13 01:55:13
395975580,Marines,False,21.0,True,4.670000076293945,3,6,,,2025-01-13 01:55:13
438480526,Alisson,False,5.0,True,4.800000190734863,3,0,,,2025-01-13 01:55:13
498276026,Anderson,True,22.0,True,4.860000133514404,1,11,,,2025-01-13 01:55:14
155165410,Maira,False,15.0,True,4.670000076293945,7,2,,,2025-01-13 01:55:14
158464110,Paulo,False,11.0,True,4.639999866485596,7,1,,,2025-01-13 01:55:15
228402630,Alina,False,10.0,True,4.800000190734863,6,1,,,2025-01-13 01:55:18
227845949,Ana Paula,True,13.0,True,4.920000076293945,1,11,,,2025-01-13 01:55:19
313547090,Beatriz,False,14.0,True,4.789999961853027,1,7,,,2025-01-13 01:55:19
490367543,Debora,True,23.0,True,4.909999847412109,2,0,,,2025-01-13 01:55:21
319503302,Sérgio Antonio,False,8.0,True,4.880000114440918,4,1,,,2025-01-13 01:55:21
548437041,Tania,False,2.0,True,5.0,1,1,,,2025-01-13 01:55:23
478435329,Elisandra,False,0.0,True,0.0,2,4,,,2025-01-13 01:55:23
493525990,Lucineia,False,2.0,True,5.0,2,0,,,2025-01-13 01:55:23
167766185,Bruna,False,7.0,True,5.0,2,2,,,2025-01-13 01:55:25
230025902,Priscila,False,1.0,True,4.0,0,2,,,2025-01-13 01:55:25
385117347,Diego,False,9.0,True,4.889999866485596,3,11,,,2025-01-13 01:55:28
551408958,Amanda,False,0.0,True,0.0,1,0,,,2025-01-13 01:55:32
340571146,Andreia,True,313.0,True,4.900000095367432,4,10,,,2025-01-13 01:55:32
307706004,Camila,False,8.0,True,4.75,3,2,,,2025-01-13 01:55:32
36820494,Igor,False,0.0,True,0.0,1,11,,,2025-01-13 01:55:34
319893173,Maira,False,0.0,True,0.0,0,0,,,2025-01-13 01:55:34
64893490,Vanessa,False,31.0,True,4.940000057220459,4,1,,,2025-01-13 01:55:35
221706412,Leoni,True,13.0,True,4.920000076293945,0,4,,,2025-01-13 01:55:35
590436495,Michelle,True,13.0,True,5.0,0,5,,,2025-01-13 01:55:42
232917938,Marise,False,25.0,True,4.840000152587891,6,0,,,2025-01-13 01:55:42
307859306,Mariana,False,8.0,True,5.0,3,0,,,2025-01-13 01:55:43
391573461,Maiza,False,0.0,True,0.0,0,8,,,2025-01-13 01:55:46
157664879,Marcos,False,157.0,True,4.849999904632568,7,2,,,2025-01-13 01:55:48
372065748,Fabiana,False,1.0,True,5.0,4,2,,,2025-01-13 01:55:49
63155078,Camille Isis Caobianco,False,22.0,True,4.909999847412109,6,1,,,2025-01-13 01:55:50
482332424,Ediane,False,0.0,True,0.0,0,5,,,2025-01-13 01:55:51
157197559,Graciela,False,0.0,True,0.0,0,2,,,2025-01-13 01:55:51
113727835,Adriana,False,0.0,True,0.0,1,4,,,2025-01-13 01:55:51
153811598,Everton,False,19.0,True,4.840000152587891,7,3,,,2025-01-13 01:55:51
242898450,Thomás,True,61.0,True,4.949999809265137,5,10,,,2025-01-13 01:55:52
475311372,Renata,False,1.0,True,5.0,0,2,,,2025-01-13 01:55:53
338776641,Barbara,True,48.0,True,4.789999961853027,4,0,,,2025-01-13 01:55:54
222436787,Lucian,False,0.0,True,0.0,0,1,,,2025-01-13 01:55:56
595606037,Edina Lilian,False,0.0,True,0.0,0,1,,,2025-01-13 01:55:56
247696441,Maristela,False,5.0,True,5.0,5,2,,,2025-01-13 01:55:59
240470371,Moisés,False,43.0,True,4.929999828338623,5,11,,,2025-01-13 01:56:00
286958538,Gentile,False,48.0,True,5.0,5,4,,,2025-01-13 01:56:01
193260069,Luiz Gustavo,False,65.0,True,4.739999771118164,2,11,,,2025-01-13 01:56:02
558264960,Adalberto,False,7.0,True,5.0,0,11,,,2025-01-13 01:56:02
567044473,Hermê,False,0.0,True,0.0,0,1,,,2025-01-13 01:56:07
541005658,Luan,False,0.0,True,0.0,0,2,,,2025-01-13 01:56:07
592155592,Vanira,False,0.0,True,0.0,0,4,,,2025-01-13 01:56:07
532964471,Valdete,False,11.0,True,5.0,1,4,,,2025-01-13 01:56:10
660229145,Jeferson,False,0.0,True,0.0,0,2,,,2025-01-13 01:56:11
202564441,Carla,False,4.0,True,4.75,1,4,,,2025-01-13 01:56:14
108477136,Deise,False,2.0,True,5.0,8,0,,,2025-01-13 01:56:14
652638407,Vanessa,False,0.0,True,0.0,0,3,,,2025-01-13 01:56:16
332727679,Paulo Henrique,True,30.0,True,4.929999828338623,4,11,,,2025-01-13 01:56:16
537395460,Pedro Luiz,False,1.0,True,5.0,0,11,,,2025-01-13 01:56:16
491214594,Edilamar Orsi,False,0.0,True,0.0,2,1,,,2025-01-13 01:56:18
308901004,Leonardo Vitor,False,0.0,True,0.0,5,2,,,2025-01-13 01:56:19
54268554,Bruna,False,1.0,True,5.0,4,11,,,2025-01-13 01:56:21
487380123,Jerusa,False,0.0,True,0.0,1,0,,,2025-01-13 01:56:23
172395511,Natália,True,15.0,True,4.869999885559082,1,0,,,2025-01-13 01:56:24
334319002,Daniel Gustavo,False,0.0,True,0.0,1,3,,,2025-01-13 01:56:25
177331456,João Milton,False,3.0,True,4.670000076293945,3,3,,,2025-01-13 01:56:25
100797063,Maria,False,8.0,True,5.0,8,2,,,2025-01-13 01:56:27
478949948,Rodrigo,False,4.0,True,5.0,0,9,,,2025-01-13 01:56:31
460713031,Cátia,False,0.0,True,0.0,2,3,,,2025-01-13 01:56:31
370310179,Juliano,False,26.0,True,4.650000095367432,4,2,,,2025-01-13 01:56:33
556284396,Bruna,False,0.0,True,0.0,1,0,,,2025-01-13 01:56:34
100594958,Liliane,False,34.0,True,4.880000114440918,6,1,,,2025-01-13 01:56:34
464535142,Iliane,False,4.0,True,5.0,2,2,,,2025-01-13 01:56:35
599142177,Odinei Miranda,False,2.0,True,5.0,0,4,,,2025-01-13 01:56:35
49924388,Osmar,False,166.0,True,4.639999866485596,9,1,,,2025-01-13 01:56:38
128764932,Carlos Heitor,False,15.0,True,4.929999828338623,2,6,,,2025-01-13 01:56:38
257796278,Carolina,False,5.0,True,4.599999904632568,3,11,,,2025-01-13 01:56:40
88508226,Amilton,True,21.0,True,4.900000095367432,8,3,,,2025-01-13 01:56:41
504021760,Janio,False,26.0,True,5.0,1,7,,,2025-01-13 01:56:42
271656809,Maria Do Carmo Pinhatari,False,6.0,True,5.0,1,4,,,2025-01-13 01:56:42
71803476,Kethielli Pricila,False,2.0,True,5.0,0,1,,,2025-01-13 01:56:42
312224536,Franciele,False,78.0,True,4.820000171661377,5,1,,,2025-01-13 01:56:42
487574267,Rosane Tirzah,False,4.0,True,5.0,2,1,,,2025-01-13 01:56:44
536674716,Juçara Elza,False,5.0,True,5.0,1,4,,,2025-01-13 01:56:45
401294782,Alexandre,False,0.0,True,0.0,0,2,,,2025-01-13 01:56:46
117887571,Viviane,False,0.0,True,0.0,1,7,,,2025-01-13 01:56:46
408202248,Yasmin,False,1.0,True,5.0,3,1,,,2025-01-13 01:56:47
168733553,Queicy,False,8.0,True,5.0,4,2,,,2025-01-13 01:56:47
376536266,Sherody Ernestina,False,0.0,True,0.0,1,0,,,2025-01-13 01:56:48
99685826,Giovana,False,49.0,True,4.980000019073486,5,1,,,2025-01-13 01:56:49
461405891,Vanessa E João,False,2.0,True,5.0,0,2,,,2025-01-13 01:56:49
567492349,Brian,False,0.0,True,0.0,0,9,,,2025-01-13 01:56:50
522635516,Joao,False,0.0,True,0.0,1,1,,,2025-01-13 01:56:51
212461808,Gusmão,False,0.0,True,0.0,0,2,,,2025-01-13 01:56:52
425458749,Emanuele,False,0.0,True,0.0,0,0,,,2025-01-13 01:56:53
448180798,Leonardo,False,0.0,True,0.0,0,0,,,2025-01-13 01:56:53
218109022,Paulo Ivan,False,0.0,True,0.0,0,2,,,2025-01-13 01:56:54
593512123,Andi,False,0.0,True,0.0,0,5,,,2025-01-13 01:56:54
11899954,Alex,False,3.0,True,5.0,9,3,,,2025-01-13 01:56:55
315313940,Gilson,False,0.0,True,0.0,2,1,,,2025-01-13 01:56:55
234335200,Magali Fuentes,False,11.0,True,4.820000171661377,5,4,,,2025-01-13 01:56:55
202533076,Francielle,False,4.0,True,4.75,3,2,,,2025-01-13 01:56:58
308986574,Marianna,False,518.0,True,4.570000171661377,5,1,,,2025-01-13 01:56:59
79048120,Luiza,False,4.0,True,5.0,8,2,,,2025-01-13 01:57:01
311558107,Jéssica,False,0.0,True,0.0,1,0,,,2025-01-13 01:57:02
162290634,Raphaela,True,45.0,True,4.800000190734863,7,1,,,2025-01-13 01:57:03
211800302,Rinaldo,False,3.0,True,5.0,1,0,,,2025-01-13 01:57:04
657283229,Alcinir Maria,False,1.0,True,5.0,0,2,,,2025-01-13 01:57:04
109165105,Eduardo,False,13.0,True,4.769999980926514,8,0,,,2025-01-13 01:57:05
388282482,Isabel,False,0.0,True,0.0,0,11,,,2025-01-13 01:57:09
252425745,Osni,False,26.0,True,4.960000038146973,4,11,,,2025-01-13 01:57:11
419860156,Rafael,False,0.0,True,0.0,2,0,,,2025-01-13 01:57:11
668747166,Vilmar Luiz,False,1.0,True,4.0,0,0,,,2025-01-13 01:57:13
377608843,Teacher,False,2.0,True,4.0,3,2,,,2025-01-13 01:57:13
548228073,Sérgio,False,8.0,True,5.0,1,1,,,2025-01-13 01:57:14
160207695,Patrícia,False,9.0,True,4.889999866485596,4,11,,,2025-01-13 01:57:16
417473895,Fernanda,False,0.0,True,0.0,0,2,,,2025-01-13 01:57:16
69191845,Carlos Cesar,True,189.0,True,4.980000019073486,8,8,,,2025-01-13 01:57:17
666482761,Angela Marcia,False,0.0,True,0.0,0,1,,,2025-01-13 01:57:18
657763903,Patricia,False,0.0,True,0.0,0,2,,,2025-01-13 01:57:19
219606283,Vanessa,False,108.0,True,4.639999866485596,5,1,,,2025-01-13 01:57:21
333431124,Raquel,False,20.0,True,4.900000095367432,4,10,,,2025-01-13 01:57:21
122699535,Elis Regina,False,2.0,True,5.0,0,3,,,2025-01-13 01:57:22
103841036,Claudionor,False,0.0,True,0.0,8,1,,,2025-01-13 01:57:24
433491007,Glaucia,True,99.0,True,4.989999771118164,3,1,,,2025-01-13 01:57:25
652811419,Marcelo,False,0.0,True,0.0,0,3,,,2025-01-13 01:57:26
377630426,Carlos,True,55.0,True,4.909999847412109,4,1,,,2025-01-13 01:57:26
480585598,Daniela,True,14.0,True,5.0,2,3,,,2025-01-13 01:57:27
272961395,Flávia,False,5.0,True,5.0,1,3,,,2025-01-13 01:57:28
130899725,Carla,True,142.0,True,4.920000076293945,6,2,,,2025-01-13 01:57:30
653350981,Fabio,False,1.0,True,5.0,0,3,,,2025-01-13 01:57:30
170042193,Carmem,False,0.0,True,0.0,1,2,,,2025-01-13 01:57:32
491887423,Julio,False,0.0,True,0.0,0,0,,,2025-01-13 01:57:33
416053142,Douglas,False,13.0,True,4.690000057220459,2,4,,,2025-01-13 01:57:41
94612437,Ricardo,False,7.0,True,4.860000133514404,8,4,,,2025-01-13 01:57:44
22866354,Giovanni,False,38.0,True,4.840000152587891,9,2,,,2025-01-13 01:57:47
333991592,Pedro Paulo,False,510.0,True,4.789999961853027,3,1,,,2025-01-13 01:57:47
105740437,Edison,False,24.0,True,4.920000076293945,8,1,,,2025-01-13 01:57:48
505287830,Ellem,True,9.0,True,4.889999866485596,1,9,,,2025-01-13 01:57:50
498566318,Douglas,False,1.0,True,5.0,1,11,,,2025-01-13 01:57:57
488659125,Karol,False,2.0,True,5.0,2,1,,,2025-01-13 01:57:58
533109382,Priscila,False,1.0,True,5.0,1,0,,,2025-01-13 01:57:59
344846604,André De,False,3.0,True,5.0,4,1,,,2025-01-13 01:57:59
487829416,Adri Bueno,False,9.0,True,4.78000020980835,2,0,,,2025-01-13 01:58:00
580553967,Giovana,False,5.0,True,5.0,0,7,,,2025-01-13 01:58:03
22892501,Taynara,False,3.0,True,5.0,1,11,,,2025-01-13 01:58:04
309595586,Halini,False,0.0,True,0.0,5,1,,,2025-01-13 01:58:07
91730241,Karina,False,3.0,True,4.670000076293945,3,3,,,2025-01-13 01:58:07
292810996,Paulo,False,14.0,True,5.0,3,1,,,2025-01-13 01:58:11
454189646,Marcia Luzia Medeiros,True,40.0,True,4.949999809265137,2,8,,,2025-01-13 01:58:11
174214314,Noemi,False,6.0,True,4.829999923706055,4,2,,,2025-01-13 01:58:13
511014698,Caroline,False,5.0,True,4.800000190734863,1,4,,,2025-01-13 01:58:14
187183025,Ricardo,True,41.0,True,4.849999904632568,2,10,,,2025-01-13 01:58:19
168195965,Carmen,True,92.0,True,4.980000019073486,6,0,,,2025-01-13 01:58:21
238674947,Mayara,False,0.0,True,0.0,5,11,,,2025-01-13 01:58:22
512550832,Ana Carolina,False,0.0,True,0.0,1,0,,,2025-01-13 01:58:23
18945210,Alexandre,False,13.0,True,5.0,5,3,,,2025-01-13 01:58:25
382593935,Awandye,False,0.0,True,0.0,3,11,,,2025-01-13 01:58:26
663202433,Rodrigo,False,0.0,True,0.0,0,0,,,2025-01-13 01:58:26
111737756,Catia,False,0.0,True,0.0,7,11,,,2025-01-13 01:58:27
42908726,Fernando,False,2.0,True,5.0,1,11,,,2025-01-13 01:58:28
549819315,Viviane Inês,False,4.0,True,4.5,1,1,,,2025-01-13 01:58:30
145824321,Cristiano,False,0.0,True,0.0,0,4,,,2025-01-13 01:58:30
23708576,Sabrina Figueiredo,False,351.0,True,4.519999980926514,8,10,,,2025-01-13 01:58:32
426641992,Fabricio,True,36.0,True,5.0,2,3,,,2025-01-13 01:58:34
667273939,Aridiany Lara,False,1.0,True,5.0,0,0,,,2025-01-13 01:58:36
312877252,Antonio,False,10.0,True,4.800000190734863,5,1,,,2025-01-13 01:58:37
274985150,Kethlin Schakowoski,False,55.0,True,4.849999904632568,5,6,,,2025-01-13 01:58:37
655094890,Aline,False,0.0,True,0.0,0,2,,,2025-01-13 01:58:38
117321897,Aline Louise,True,323.0,True,4.929999828338623,7,10,,,2025-01-13 01:58:39
434062035,Andrei,False,1.0,True,5.0,3,1,,,2025-01-13 01:58:42
157555666,Láuren,False,5.0,True,4.800000190734863,7,2,,,2025-01-13 01:58:44
109164509,Walter Ney,False,0.0,True,0.0,6,0,,,2025-01-13 01:58:44
155422184,Marcel,False,38.0,True,4.920000076293945,6,1,,,2025-01-13 01:58:45
498051781,Jociel,False,0.0,True,0.0,1,11,,,2025-01-13 01:58:47
101559197,André Luís,True,176.0,True,4.869999885559082,5,8,,,2025-01-13 01:58:49
230786695,Rudinei,False,19.0,True,4.889999866485596,3,1,,,2025-01-13 01:58:50
486590519,Juan,False,0.0,True,0.0,0,2,,,2025-01-13 01:58:51
99937934,Noel,True,23.0,True,4.909999847412109,2,1,,,2025-01-13 01:58:52
437084713,Ademir,False,0.0,True,0.0,0,1,,,2025-01-13 01:58:54
35641044,Vainer,False,26.0,True,4.380000114440918,8,11,,,2025-01-13 01:58:56
61417713,Gustavo,True,92.0,True,4.960000038146973,5,2,,,2025-01-13 01:58:59
307340152,Jorge,True,25.0,True,4.880000114440918,2,5,,,2025-01-13 01:59:00
145230656,Frederico,False,0.0,True,0.0,1,0,,,2025-01-13 01:59:00
213815652,Gilda,False,4.0,True,4.25,5,6,,,2025-01-13 01:59:01
379732980,Jozelene,False,0.0,True,0.0,4,1,,,2025-01-13 01:59:04
652941482,Jorge Luiz Duarte De Almeida,False,0.0,True,0.0,0,3,,,2025-01-13 01:59:04
557595031,Nelson,False,1.0,True,5.0,0,11,,,2025-01-13 01:59:05
348080892,Nelson,False,7.0,True,5.0,4,7,,,2025-01-13 01:59:05
154206531,Adriane,True,12.0,True,5.0,1,9,,,2025-01-13 01:59:05
132774899,Cristina,False,2.0,True,5.0,6,8,,,2025-01-13 01:59:05
550726498,Rosana,False,9.0,True,4.670000076293945,1,0,,,2025-01-13 01:59:06
666785689,Salete,False,0.0,True,0.0,0,0,,,2025-01-13 01:59:11
665624582,Ygor,False,1.0,True,5.0,0,0,,,2025-01-13 01:59:11
663520940,Deise,False,2.0,True,5.0,0,1,,,2025-01-13 01:59:16
334145183,Adriano,False,5.0,True,5.0,1,0,,,2025-01-13 01:59:16
190350501,Cleison,False,9.0,True,5.0,4,10,,,2025-01-13 01:59:18
430293932,Ivo,False,0.0,True,0.0,3,2,,,2025-01-13 01:59:19
93553587,Cleomar Orlando,False,0.0,True,0.0,1,0,,,2025-01-13 01:59:20
592931521,Osni,False,1.0,True,5.0,0,2,,,2025-01-13 01:59:21
69047277,Larissa,False,0.0,True,0.0,5,2,,,2025-01-13 01:59:22
149172647,Salete,False,13.0,True,4.849999904632568,5,3,,,2025-01-13 01:59:23
587744895,Pedro Aloisio,True,12.0,True,4.920000076293945,0,6,,,2025-01-13 01:59:25
665200396,Janaina,False,0.0,True,0.0,0,1,,,2025-01-13 01:59:26
663720083,Filipe,False,0.0,True,0.0,0,0,,,2025-01-13 01:59:29
416312700,Elmira,False,26.0,True,5.0,3,5,,,2025-01-13 01:59:30
164366607,Juliane,False,2.0,True,5.0,7,0,,,2025-01-13 01:59:35
229805594,Hélio,True,30.0,True,4.670000076293945,2,0,,,2025-01-13 01:59:36
430585151,Adriano,False,3.0,True,5.0,3,1,,,2025-01-13 01:59:36
370754002,Bruna,False,1.0,True,5.0,0,1,,,2025-01-13 01:59:40
327101480,Millena,False,2.0,True,2.5,2,1,,,2025-01-13 01:59:41
84934849,Cristiane,False,8.0,True,4.75,5,3,,,2025-01-13 01:59:41
347330547,Lidiany,True,125.0,True,4.909999847412109,3,8,,,2025-01-13 01:59:41
109848803,Kassandra,False,2.0,True,5.0,8,0,,,2025-01-13 01:59:42
195698497,Francielle,True,12.0,True,5.0,1,2,,,2025-01-13 01:59:42
315968304,Bárbara,False,12.0,True,4.920000076293945,3,2,,,2025-01-13 01:59:44
324937058,Nátalia,False,0.0,True,0.0,0,1,,,2025-01-13 01:59:44
373533581,Tainá,False,3.0,True,5.0,0,2,,,2025-01-13 01:59:46
157171553,Laís,False,5.0,True,4.599999904632568,7,2,,,2025-01-13 01:59:48
549302516,Marilene,False,6.0,True,4.670000076293945,1,1,,,2025-01-13 01:59:49
666698987,Eunice,False,1.0,True,5.0,0,0,,,2025-01-13 01:59:50
551124128,Roseli,False,1.0,True,5.0,0,11,,,2025-01-13 01:59:53
590013837,Isabella,False,0.0,True,0.0,0,5,,,2025-01-13 01:59:53
263686250,Altair,False,3.0,True,5.0,0,2,,,2025-01-13 01:59:55
66665025,Roseli Pamplona,False,6.0,True,5.0,1,8,,,2025-01-13 01:59:57
271799023,Daniel,True,88.0,True,4.940000057220459,5,6,,,2025-01-13 01:59:59
150136635,Douglas,False,0.0,True,0.0,4,11,,,2025-01-13 02:00:02
80578530,Simone,False,8.0,True,4.5,5,0,,,2025-01-13 02:00:03
510683745,Fernanda,False,1.0,True,5.0,0,11,,,2025-01-13 02:00:05
435365117,Juliana,False,1.0,True,5.0,0,3,,,2025-01-13 02:00:07
304835914,Claudio,False,3.0,True,5.0,5,2,,,2025-01-13 02:00:10
307148021,Cinara,False,10.0,True,4.800000190734863,5,1,,,2025-01-13 02:00:14
173569929,Cristiane,True,30.0,True,4.829999923706055,6,3,,,2025-01-13 02:00:16
553828902,Rose,False,0.0,True,0.0,1,0,,,2025-01-13 02:00:18
309967691,Lourdes O S Bravo,True,57.0,True,5.0,5,1,,,2025-01-13 02:00:19
231813214,Maiene,False,2.0,True,5.0,1,1,,,2025-01-13 02:00:19
240482946,Thiago,False,43.0,True,4.860000133514404,3,0,,,2025-01-13 02:00:20
120608403,Gustavo,True,19.0,True,4.789999961853027,1,11,,,2025-01-13 02:00:21
180302094,Michelle,False,14.0,True,4.429999828338623,6,0,,,2025-01-13 02:00:23
547850934,Angeli,False,2.0,True,5.0,1,1,,,2025-01-13 02:00:23
473067500,Luciane,True,19.0,True,5.0,2,2,,,2025-01-13 02:00:25
332706861,Cristiano,False,1.0,True,5.0,1,0,,,2025-01-13 02:00:26
386092077,Cristina,False,0.0,True,0.0,3,11,,,2025-01-13 02:00:26
531099573,Vinicius,False,1.0,True,5.0,1,5,,,2025-01-13 02:00:27
112652747,Mara,False,11.0,True,5.0,3,1,,,2025-01-13 02:00:32
118335243,Sandro,False,16.0,True,4.690000057220459,6,1,,,2025-01-13 02:00:36
160909294,Simone,True,17.0,True,4.880000114440918,1,3,,,2025-01-13 02:00:36
553105537,Rose,False,2.0,True,5.0,0,11,,,2025-01-13 02:00:36
296358509,Emilly,False,7.0,True,5.0,5,2,,,2025-01-13 02:00:40
654971828,Amanda,False,1.0,True,5.0,0,3,,,2025-01-13 02:00:41
3720208,Adriana & Sérgio,False,2.0,True,5.0,7,8,,,2025-01-13 02:00:43
162454953,Miguel,False,8.0,True,5.0,7,1,,,2025-01-13 02:00:44
486243603,Sabrina Marcelino,False,1.0,True,5.0,0,2,,,2025-01-13 02:00:45
318376849,Solange,False,21.0,True,4.860000133514404,5,0,,,2025-01-13 02:00:45
536971367,Miriam,False,7.0,True,5.0,0,4,,,2025-01-13 02:00:47
509905508,Tito Pereira,False,0.0,True,0.0,1,7,,,2025-01-13 02:00:47
537941346,Eron,False,13.0,True,5.0,1,3,,,2025-01-13 02:00:47
384242018,Vanusa,False,0.0,True,0.0,4,0,,,2025-01-13 02:00:47
412583841,Deborah,False,1.0,True,5.0,3,0,,,2025-01-13 02:00:48
399732548,Thamires,True,13.0,True,5.0,0,2,,,2025-01-13 02:00:48
653206400,Tiago,False,0.0,True,0.0,0,2,,,2025-01-13 02:00:49
387956330,Fábio,False,0.0,True,0.0,2,7,,,2025-01-13 02:00:49
489740039,Janaina,False,1.0,True,5.0,0,1,,,2025-01-13 02:00:56
365813520,Daniel,True,34.0,True,4.760000228881836,4,3,,,2025-01-13 02:01:00
179785485,Marlindo,False,0.0,True,0.0,0,0,,,2025-01-13 02:01:00
475958056,Juliana,False,4.0,True,4.0,1,3,,,2025-01-13 02:01:00
121774009,Andrei,False,0.0,True,0.0,0,1,,,2025-01-13 02:01:05
552771051,Juliana,False,0.0,True,0.0,1,0,,,2025-01-13 02:01:05
464564964,William,False,0.0,True,0.0,0,2,,,2025-01-13 02:01:08
533915003,Amanda,False,1.0,True,1.0,1,4,,,2025-01-13 02:01:14
20914817,Richard,False,1.0,True,5.0,7,2,,,2025-01-13 02:01:14
438301067,Renata,False,13.0,True,4.849999904632568,2,8,,,2025-01-13 02:01:14
381068128,Arilda,False,8.0,True,4.380000114440918,4,0,,,2025-01-13 02:01:15
47786100,Luciano,True,63.0,True,4.980000019073486,6,11,,,2025-01-13 02:01:22
659760043,Max Willian,False,2.0,True,5.0,0,2,,,2025-01-13 02:01:23
306812945,Amanda,False,18.0,True,4.829999923706055,2,9,,,2025-01-13 02:01:25
180734120,Daniela,False,4.0,True,5.0,1,1,,,2025-01-13 02:01:26
114688727,Diogo,False,2.0,True,3.0,0,2,,,2025-01-13 02:01:26
320881853,Magaiver,False,81.0,True,4.900000095367432,4,3,,,2025-01-13 02:01:27
163733499,Carlos,False,32.0,True,4.880000114440918,7,0,,,2025-01-13 02:01:27
111997454,Jefferson,False,7.0,True,5.0,2,1,,,2025-01-13 02:01:27
43837176,Rafaela,False,4.0,True,5.0,5,11,,,2025-01-13 02:01:29
153857738,Janete Sonia,False,13.0,True,4.920000076293945,7,2,,,2025-01-13 02:01:30
279727490,Celia,False,1.0,True,5.0,1,2,,,2025-01-13 02:01:31
551435889,Jaderson,False,11.0,True,4.820000171661377,1,0,,,2025-01-13 02:01:32
319660499,Deoclécio,False,22.0,True,4.909999847412109,5,0,,,2025-01-13 02:01:33
261385315,Charles,False,5.0,True,4.599999904632568,5,0,,,2025-01-13 02:01:34
239512859,Evelise,False,33.0,True,4.699999809265137,5,11,,,2025-01-13 02:01:35
492054528,Valdair,True,20.0,True,5.0,1,1,,,2025-01-13 02:01:37
245557179,Dhionathan,True,5.0,True,5.0,5,10,,,2025-01-13 02:01:37
547814046,Keila,False,1.0,True,5.0,1,1,,,2025-01-13 02:01:38
157538002,Elves,False,25.0,True,4.880000114440918,4,0,,,2025-01-13 02:01:41
489642370,Lilian,False,0.0,True,0.0,1,10,,,2025-01-13 02:01:42
286746662,Rafael,False,4.0,True,5.0,0,3,,,2025-01-13 02:01:42
175048572,Nausa,False,0.0,True,0.0,0,1,,,2025-01-13 02:01:42
318082457,Henrique,False,3.0,True,4.329999923706055,1,3,,,2025-01-13 02:01:42
650166020,Vanderli,False,0.0,True,0.0,0,4,,,2025-01-13 02:01:48
401547557,Karine,False,1.0,True,5.0,1,6,,,2025-01-13 02:01:51
557843745,Daniel,False,4.0,True,5.0,0,11,,,2025-01-13 02:01:55
532493938,Corretor De Imóveis,False,4.0,True,5.0,1,4,,,2025-01-13 02:01:57
221196255,Karine,False,8.0,True,4.380000114440918,4,2,,,2025-01-13 02:01:57
7239415,Ane,True,54.0,True,4.940000057220459,6,0,,,2025-01-13 02:01:58
666548726,Sayonara,False,0.0,True,0.0,0,1,,,2025-01-13 02:01:59
370942948,Auri,True,117.0,True,4.940000057220459,4,3,,,2025-01-13 02:02:00
455792752,Jenifer,False,0.0,True,0.0,2,2,,,2025-01-13 02:02:01
379872198,Deloi Batista Rodrigues,False,3.0,True,1.3300000429153442,4,0,,,2025-01-13 02:02:01
666804273,Patricia Munhoz,False,0.0,True,0.0,0,0,,,2025-01-13 02:02:03
420830358,Luana,False,8.0,True,5.0,3,0,,,2025-01-13 02:02:04
339742405,Maira,False,9.0,True,4.559999942779541,3,2,,,2025-01-13 02:02:04
506019947,Thomas,False,0.0,True,0.0,0,9,,,2025-01-13 02:02:05
291390217,Natalicia,False,41.0,True,5.0,5,4,,,2025-01-13 02:02:05
581578583,Nelmo,False,2.0,True,5.0,0,6,,,2025-01-13 02:02:06
38116885,Paula,False,9.0,True,5.0,5,3,,,2025-01-13 02:02:07
54884259,Fernando,False,4.0,True,5.0,1,2,,,2025-01-13 02:02:07
391618865,Carlos,False,0.0,True,0.0,0,0,,,2025-01-13 02:02:08
551697198,Yndíanara,False,0.0,True,0.0,1,0,,,2025-01-13 02:02:09
178291235,Ana,False,12.0,True,4.829999923706055,6,1,,,2025-01-13 02:02:12
652645866,Simone Ap,False,0.0,True,0.0,0,0,,,2025-01-13 02:02:13
534410716,Any,False,0.0,True,0.0,1,1,,,2025-01-13 02:02:14
13785746,Denise,False,2.0,True,5.0,0,0,,,2025-01-13 02:02:18
551724691,Rosenilda,False,5.0,True,4.599999904632568,1,0,,,2025-01-13 02:02:20
356797101,Michela,False,0.0,True,0.0,0,0,,,2025-01-13 02:02:21
375248486,Leandro,False,13.0,True,4.920000076293945,4,2,,,2025-01-13 02:02:24
105965686,Carlos,False,1.0,True,4.0,8,1,,,2025-01-13 02:02:27
162145287,Estela,True,94.0,True,4.769999980926514,7,0,,,2025-01-13 02:02:28
166417497,Andre,False,6.0,True,4.670000076293945,7,0,,,2025-01-13 02:02:28
530461020,Lopes,False,0.0,True,0.0,0,2,,,2025-01-13 02:02:29
168804260,Vinicius,False,37.0,True,4.96999979019165,5,0,,,2025-01-13 02:02:30
147662807,Itacir,True,72.0,True,4.739999771118164,5,11,,,2025-01-13 02:02:31
103222174,Suelen,True,62.0,True,4.840000152587891,8,2,,,2025-01-13 02:02:32
219526601,Caroline,False,1.0,True,5.0,2,3,,,2025-01-13 02:02:32
580968175,Wagner,False,1.0,True,5.0,0,1,,,2025-01-13 02:02:34
551371832,Felipe,False,1.0,True,5.0,1,0,,,2025-01-13 02:02:38
383801975,Ruben,False,7.0,True,4.710000038146973,0,10,,,2025-01-13 02:02:41
142503046,Eduardo,False,0.0,True,0.0,0,1,,,2025-01-13 02:02:42
556325245,Eliza,False,2.0,True,5.0,1,0,,,2025-01-13 02:02:43
659750357,Marcio Ivan,False,0.0,True,0.0,0,2,,,2025-01-13 02:02:45
404559763,Sarah,False,0.0,True,0.0,0,3,,,2025-01-13 02:02:46
411344539,Bruna,True,13.0,True,5.0,1,1,,,2025-01-13 02:02:48
508176407,Solange,False,0.0,True,0.0,1,9,,,2025-01-13 02:02:49
108666100,Jeferson Thiago,False,19.0,True,4.46999979019165,7,2,,,2025-01-13 02:02:49
569258588,Elizete,False,0.0,True,0.0,0,1,,,2025-01-13 02:02:49
571412603,Fábio,False,3.0,True,5.0,0,2,,,2025-01-13 02:02:52
660485142,José Victor,False,1.0,True,5.0,0,2,,,2025-01-13 02:02:52
14025459,Ecco'S,True,151.0,True,4.849999904632568,7,2,,,2025-01-13 02:02:54
445181393,Otávio,False,0.0,True,0.0,1,2,,,2025-01-13 02:02:55
666093496,Evandro,False,0.0,True,0.0,0,1,,,2025-01-13 02:02:56
553007507,Rita,False,0.0,True,0.0,1,0,,,2025-01-13 02:02:57
237768745,Emerson,False,0.0,True,0.0,5,11,,,2025-01-13 02:02:57
486620817,Laline Irene,False,8.0,True,5.0,2,2,,,2025-01-13 02:02:58
614119,Dione,False,0.0,True,0.0,4,0,,,2025-01-13 02:03:01
156927702,Luiz,True,1253.0,True,4.820000171661377,6,11,,,2025-01-13 02:03:01
548807498,Renato Ozias,False,0.0,True,0.0,1,1,,,2025-01-13 02:03:03
148099479,Leonardo,True,3332.0,True,4.900000095367432,7,4,,,2025-01-13 02:03:06
651131484,Leandro,False,2.0,True,5.0,0,3,,,2025-01-13 02:03:07
534415083,Tiago,False,0.0,True,0.0,1,2,,,2025-01-13 02:03:07
212032884,Mari,False,1.0,True,5.0,6,1,,,2025-01-13 02:03:08
374795641,José Roberto,False,6.0,True,5.0,2,1,,,2025-01-13 02:03:09
488998008,Flávio,True,14.0,True,5.0,2,1,,,2025-01-13 02:03:11
296333236,Graziela,False,33.0,True,4.699999809265137,5,3,,,2025-01-13 02:03:14
435098022,Alexandre,False,2.0,True,5.0,3,1,,,2025-01-13 02:03:14
337399262,Ananda,False,0.0,True,0.0,2,11,,,2025-01-13 02:03:16
20489673,Ricardo,False,7.0,True,4.289999961853027,7,5,,,2025-01-13 02:03:17
259274560,Giane,False,3.0,True,5.0,2,1,,,2025-01-13 02:03:17
14958831,Giuliani,False,12.0,True,4.920000076293945,3,2,,,2025-01-13 02:03:18
214665567,Luciana,False,52.0,True,4.650000095367432,4,4,,,2025-01-13 02:03:19
166209485,Rodrigo,True,96.0,True,4.980000019073486,5,5,,,2025-01-13 02:03:20
428246324,Odécio,False,14.0,True,5.0,2,10,,,2025-01-13 02:03:21
68068987,Lucas,False,8.0,True,5.0,5,4,,,2025-01-13 02:03:25
372520768,Alana,False,1.0,True,5.0,1,4,,,2025-01-13 02:03:25
98143435,Daniela,False,11.0,True,4.639999866485596,5,10,,,2025-01-13 02:03:26
436662368,Camilla,False,14.0,True,5.0,3,0,,,2025-01-13 02:03:26
489522906,Nicole,True,22.0,True,5.0,1,0,,,2025-01-13 02:03:27
158825923,Bruna Laís,False,8.0,True,4.75,3,11,,,2025-01-13 02:03:27
440326851,Ovimar,False,0.0,True,0.0,0,2,,,2025-01-13 02:03:27
667140646,Soraya Day,False,0.0,True,0.0,0,0,,,2025-01-13 02:03:28
380356667,Débora Carolina,False,5.0,True,4.800000190734863,3,5,,,2025-01-13 02:03:30
420307559,Doriana,True,8.0,True,5.0,1,1,,,2025-01-13 02:03:31
62008227,Karen,False,29.0,True,4.929999828338623,6,11,,,2025-01-13 02:03:31
100266230,Pleeh,False,1248.0,True,4.599999904632568,6,4,,,2025-01-13 02:03:31
331956182,Aline,True,238.0,True,4.869999885559082,4,10,,,2025-01-13 02:03:32
474210964,Lilia,False,0.0,True,0.0,0,2,,,2025-01-13 02:03:32
666943245,Laura Cristina,False,0.0,True,0.0,0,0,,,2025-01-13 02:03:33
107462496,Gabriela,False,12.0,True,5.0,7,0,,,2025-01-13 02:03:36
95888620,Terezinha,True,179.0,True,4.96999979019165,8,2,,,2025-01-13 02:03:36
548206394,Jheniffer,False,1.0,True,4.0,0,1,,,2025-01-13 02:03:37
309704680,Emanuel,False,3.0,True,5.0,5,1,,,2025-01-13 02:03:39
227518993,Izabel,False,1.0,True,4.0,1,1,,,2025-01-13 02:03:40
372209185,Luiza,False,2.0,True,5.0,4,0,,,2025-01-13 02:03:41
195866560,Iolanda,False,8.0,True,5.0,2,5,,,2025-01-13 02:03:43
276687424,Douglas,False,37.0,True,4.96999979019165,5,3,,,2025-01-13 02:03:44
100436759,Nadiesca,False,6.0,True,5.0,4,2,,,2025-01-13 02:03:45
365686369,Eduardo,False,2.0,True,5.0,1,4,,,2025-01-13 02:03:46
160040353,Marilene,False,0.0,True,0.0,1,0,,,2025-01-13 02:03:46
433813816,Julia,False,4.0,True,4.75,2,11,,,2025-01-13 02:03:47
476875761,Sergio,True,45.0,True,4.929999828338623,2,3,,,2025-01-13 02:03:47
156636556,Roselene,False,1.0,True,5.0,7,1,,,2025-01-13 02:03:48
71007699,Gabriel,False,6.0,True,5.0,0,10,,,2025-01-13 02:03:52
457744513,Thiago,True,16.0,True,4.940000057220459,1,0,,,2025-01-13 02:03:53
279768824,Ademir,False,7.0,True,5.0,4,11,,,2025-01-13 02:03:54
668313060,Guilherme,False,0.0,True,0.0,0,0,,,2025-01-13 02:03:55
566960346,Eli Marcos,False,0.0,True,0.0,0,9,,,2025-01-13 02:03:58
335037395,Camila,False,63.0,True,4.710000038146973,4,10,,,2025-01-13 02:03:58
665276363,Maria Alice,False,0.0,True,0.0,0,1,,,2025-01-13 02:03:59
430571281,Fran,False,4.0,True,5.0,3,2,,,2025-01-13 02:04:01
372249102,Fabiana,False,1.0,True,5.0,0,9,,,2025-01-13 02:04:03
536353140,Gabriel,True,33.0,True,4.96999979019165,1,1,,,2025-01-13 02:04:04
493874582,Adri,False,1.0,True,5.0,1,11,,,2025-01-13 02:04:04
235532848,Raquel,True,38.0,True,4.949999809265137,6,0,,,2025-01-13 02:04:10
316072037,Ewerton,True,21.0,True,4.949999809265137,5,1,,,2025-01-13 02:04:12
223637551,Daniel,False,17.0,True,4.940000057220459,6,2,,,2025-01-13 02:04:13
314466565,Noelci,False,5.0,True,5.0,5,1,,,2025-01-13 02:04:16
344672250,Julyana,False,0.0,True,0.0,2,11,,,2025-01-13 02:04:17
560217184,Marta Elisa,True,13.0,True,4.849999904632568,0,11,,,2025-01-13 02:04:17
652794364,Camila,False,0.0,True,0.0,0,3,,,2025-01-13 02:04:19
370637617,Paulo Roberto,False,7.0,True,5.0,3,1,,,2025-01-13 02:04:22
320812173,Monica Eccel,False,31.0,True,4.96999979019165,5,0,,,2025-01-13 02:04:22
164192627,Serli,False,33.0,True,4.789999961853027,7,0,,,2025-01-13 02:04:23
152459943,Raphael,False,0.0,True,0.0,3,1,,,2025-01-13 02:04:24
217210284,Paulo,False,27.0,True,5.0,6,0,,,2025-01-13 02:04:25
244098004,Felipe,False,6.0,True,5.0,1,3,,,2025-01-13 02:04:32
47311819,Diego Marcelo,True,117.0,True,4.78000020980835,9,2,,,2025-01-13 02:04:32
297670834,Adri,False,3.0,True,4.670000076293945,5,3,,,2025-01-13 02:04:33
162540682,Ana Carolina,True,18.0,True,5.0,4,1,,,2025-01-13 02:04:35
191224958,Kelly,False,0.0,True,0.0,1,3,,,2025-01-13 02:04:36
530968801,Leandro,False,0.0,True,0.0,0,7,,,2025-01-13 02:04:36
389522401,Carmen,False,2.0,True,5.0,2,6,,,2025-01-13 02:04:36
7194052,Carlos Edoardo,False,4.0,True,5.0,3,1,,,2025-01-13 02:04:36
557976707,Nethy,False,0.0,True,0.0,0,2,,,2025-01-13 02:04:37
372160183,Emanoela,False,35.0,True,4.940000057220459,4,2,,,2025-01-13 02:04:41
39474900,Elaine,False,29.0,True,4.96999979019165,6,1,,,2025-01-13 02:04:42
384367499,Ligia Maria,False,4.0,True,4.75,4,0,,,2025-01-13 02:04:43
657239754,Renata,False,6.0,True,5.0,0,2,,,2025-01-13 02:04:45
53765443,Emerson,False,19.0,True,4.679999828338623,9,0,,,2025-01-13 02:04:46
62013342,Sidney,False,2.0,True,3.5,6,2,,,2025-01-13 02:04:48
4727992,Karine,False,22.0,True,5.0,11,11,,,2025-01-13 02:04:49
171113814,Kelly,False,3.0,True,5.0,1,0,,,2025-01-13 02:04:50
511948051,Cristiane,False,0.0,True,0.0,0,1,,,2025-01-13 02:04:55
423800068,Linda,True,35.0,True,5.0,3,3,,,2025-01-13 02:04:57
195840129,Lucas Radin,False,27.0,True,4.889999866485596,6,6,,,2025-01-13 02:04:57
227791529,Vera Lúcia,False,2.0,True,5.0,0,3,,,2025-01-13 02:04:58
224629639,Luiz Eduardo,True,14.0,True,5.0,5,1,,,2025-01-13 02:04:59
444979542,Daniela,False,2.0,True,5.0,0,1,,,2025-01-13 02:05:01
121025006,Suzani,False,0.0,True,0.0,1,1,,,2025-01-13 02:05:03
483902967,Elias,False,0.0,True,0.0,1,3,,,2025-01-13 02:05:04
125331845,Marcia,False,10.0,True,5.0,1,0,,,2025-01-13 02:05:04
370183570,Fabiana,False,6.0,True,4.5,1,1,,,2025-01-13 02:05:05
431638463,Silviane,False,0.0,True,0.0,1,1,,,2025-01-13 02:05:06
154505641,Walmir,False,13.0,True,4.460000038146973,2,3,,,2025-01-13 02:05:07
560211906,Julio,False,2.0,True,5.0,0,10,,,2025-01-13 02:05:07
377206981,Cristiane,False,6.0,True,4.670000076293945,4,0,,,2025-01-13 02:05:07
110461611,Fábio,False,38.0,True,4.820000171661377,5,1,,,2025-01-13 02:05:08
300611987,Gean Carlo,False,0.0,True,0.0,2,3,,,2025-01-13 02:05:10
263220192,Vanessa,False,0.0,True,0.0,2,1,,,2025-01-13 02:05:14
482790791,Ângela,False,0.0,True,0.0,0,3,,,2025-01-13 02:05:15
51307548,Renata,False,3.0,True,5.0,9,0,,,2025-01-13 02:05:21
407965480,Alisson,True,20.0,True,4.900000095367432,2,8,,,2025-01-13 02:05:22
217313948,Thayze,False,0.0,True,0.0,2,0,,,2025-01-13 02:05:23
230244281,Luciana,False,0.0,True,0.0,6,1,,,2025-01-13 02:05:25
325721445,Rafael,False,6.0,True,4.829999923706055,5,0,,,2025-01-13 02:05:27
290753707,Juliane,False,1.0,True,5.0,0,5,,,2025-01-13 02:05:27
8370514,Irene Maria,False,73.0,True,5.0,6,7,,,2025-01-13 02:05:28
46288679,Matheus,True,3523.0,True,4.909999847412109,9,3,,,2025-01-13 02:05:32
667299468,Paulo Roberto,False,1.0,True,4.0,0,0,,,2025-01-13 02:05:34
532489847,Juliana,False,3.0,True,5.0,1,1,,,2025-01-13 02:05:35
244579673,Gilvanir Julio,False,77.0,True,4.420000076293945,4,0,,,2025-01-13 02:05:36
286190226,João,False,0.0,True,0.0,0,0,,,2025-01-13 02:05:36
168778857,Ingelore,True,13.0,True,4.849999904632568,1,6,,,2025-01-13 02:05:36
140798572,Renata,False,0.0,True,0.0,2,0,,,2025-01-13 02:05:37
505113543,Barone Solon R C,False,3.0,True,5.0,1,9,,,2025-01-13 02:05:37
335850167,Graciele,False,15.0,True,4.46999979019165,4,11,,,2025-01-13 02:05:40
245349959,Douglas Sergio,False,1.0,True,5.0,0,1,,,2025-01-13 02:05:40
240148657,Heloisa,False,0.0,True,0.0,2,11,,,2025-01-13 02:05:40
167998453,Fabio,False,2.0,True,5.0,6,11,,,2025-01-13 02:05:41
244969913,Mauricio Antonio,False,10.0,True,5.0,1,10,,,2025-01-13 02:05:46
480647689,Rodrigo,False,5.0,True,5.0,2,3,,,2025-01-13 02:05:46
666191810,Yasmin,False,0.0,True,0.0,0,1,,,2025-01-13 02:05:47
538235382,Angelica,False,6.0,True,5.0,1,3,,,2025-01-13 02:05:48
171599356,Matheus,False,0.0,True,0.0,6,11,,,2025-01-13 02:05:48
386044528,Fernanda,False,8.0,True,5.0,3,11,,,2025-01-13 02:05:49
10949434,Leonardo Ferronatto,False,21.0,True,4.809999942779541,7,5,,,2025-01-13 02:05:50
597092373,Kamyla,False,1.0,True,5.0,0,1,,,2025-01-13 02:05:52
364889245,Dirlei,False,0.0,True,0.0,0,2,,,2025-01-13 02:05:54
14523291,Mia,True,885.0,True,4.809999942779541,10,8,,,2025-01-13 02:05:55
218489901,Ieda,False,1.0,True,5.0,1,9,,,2025-01-13 02:05:55
372517934,Mirian,False,0.0,True,0.0,4,2,,,2025-01-13 02:05:56
551035447,Silas,False,2.0,True,4.5,1,0,,,2025-01-13 02:05:58
656338631,Neiva,False,0.0,True,0.0,0,0,,,2025-01-13 02:05:59
548226371,Flor Bráz,False,4.0,True,4.5,1,1,,,2025-01-13 02:06:01
149410057,Juli,False,71.0,True,4.320000171661377,6,11,,,2025-01-13 02:06:02
164643591,Edinéia,False,12.0,True,4.920000076293945,7,0,,,2025-01-13 02:06:03
404336799,Carla,False,0.0,True,0.0,3,7,,,2025-01-13 02:06:07
492426050,Debora,True,18.0,True,4.889999866485596,1,0,,,2025-01-13 02:06:08
668367866,Jediane,False,0.0,True,0.0,0,0,,,2025-01-13 02:06:08
87134338,Renito,False,1.0,True,5.0,0,2,,,2025-01-13 02:06:08
322761422,Vlamir,False,0.0,True,0.0,5,0,,,2025-01-13 02:06:08
377357657,Aline,False,9.0,True,5.0,4,1,,,2025-01-13 02:06:08
550539090,Mari Tania,False,2.0,True,5.0,1,1,,,2025-01-13 02:06:10
163073391,Luis Paulo,False,67.0,True,4.900000095367432,7,0,,,2025-01-13 02:06:11
662040454,Osmar,False,2.0,True,5.0,0,2,,,2025-01-13 02:06:17
663968918,Stéfani,False,0.0,True,0.0,0,1,,,2025-01-13 02:06:21
495390580,Márcio,False,3.0,True,4.0,0,0,,,2025-01-13 02:06:25
474947439,Alcimar,False,1.0,True,5.0,1,0,,,2025-01-13 02:06:26
407380231,Rafael,False,9.0,True,5.0,2,0,,,2025-01-13 02:06:26
457315062,Sibelle,True,29.0,True,5.0,1,3,,,2025-01-13 02:06:28
411112011,Anastor,False,0.0,True,0.0,0,3,,,2025-01-13 02:06:28
550208648,Ema,False,1.0,True,4.0,1,1,,,2025-01-13 02:06:29
183994411,Ana Carolina,False,4.0,True,5.0,1,6,,,2025-01-13 02:06:29
661639118,Barbara Bianca,False,0.0,True,0.0,0,2,,,2025-01-13 02:06:35
393604457,Milena,True,36.0,True,4.889999866485596,3,9,,,2025-01-13 02:06:36
494667426,Márcia,False,5.0,True,5.0,2,0,,,2025-01-13 02:06:37
390572811,Anny,False,0.0,True,0.0,0,6,,,2025-01-13 02:06:37
421880935,Marilene,False,6.0,True,5.0,3,1,,,2025-01-13 02:06:38
400961407,Dante,False,4.0,True,5.0,1,0,,,2025-01-13 02:06:40
174545391,Fernanda,False,10.0,True,4.900000095367432,3,0,,,2025-01-13 02:06:41
455100919,Kelen E Paulo Graf,False,1.0,True,5.0,1,11,,,2025-01-13 02:06:43
104998472,Waldir,True,138.0,True,4.860000133514404,8,1,,,2025-01-13 02:06:43
142863352,Fernanda,False,2.0,True,4.5,3,1,,,2025-01-13 02:06:48
119361929,Cristiano,False,2.0,True,4.5,3,11,,,2025-01-13 02:06:48
652806624,Nair,False,2.0,True,5.0,0,3,,,2025-01-13 02:06:55
556178978,Junior,True,16.0,True,5.0,0,11,,,2025-01-13 02:06:56
445375490,Ana Claudia,False,3.0,True,3.670000076293945,1,6,,,2025-01-13 02:06:57
151579579,Luiz Cláudio Dalmolin,False,27.0,True,5.0,5,11,,,2025-01-13 02:06:58
432392779,Carina,False,4.0,True,4.75,3,0,,,2025-01-13 02:06:58
379956579,André,False,28.0,True,4.820000171661377,4,1,,,2025-01-13 02:06:58
147977024,Eduardo E Caroline,False,17.0,True,5.0,4,1,,,2025-01-13 02:06:58
440564320,Vanderli,False,3.0,True,5.0,2,1,,,2025-01-13 02:07:01
662510476,Diego,False,0.0,True,0.0,0,1,,,2025-01-13 02:07:02
263344289,Luiz,False,20.0,True,4.849999904632568,3,9,,,2025-01-13 02:07:03
384570570,Mara Regina,False,1.0,True,5.0,3,10,,,2025-01-13 02:07:05
23103843,Leliano Felipe,False,31.0,True,4.900000095367432,8,0,,,2025-01-13 02:07:06
665520986,Ediane,False,0.0,True,0.0,0,1,,,2025-01-13 02:07:06
665057089,Mari Onice,False,0.0,True,0.0,0,1,,,2025-01-13 02:07:06
530886788,Fernanda,False,0.0,True,0.0,0,1,,,2025-01-13 02:07:07
427793331,Diego Ignacio,False,4.0,True,4.75,3,2,,,2025-01-13 02:07:08
380429632,Rubia,False,0.0,True,0.0,4,0,,,2025-01-13 02:07:10
419044560,Maichel,False,1.0,True,5.0,0,2,,,2025-01-13 02:07:11
226339313,Simone,False,5.0,True,4.199999809265137,0,11,,,2025-01-13 02:07:13
329903996,Ada,False,16.0,True,4.630000114440918,4,10,,,2025-01-13 02:07:13
308145585,Milena,False,13.0,True,4.619999885559082,4,11,,,2025-01-13 02:07:14
65096237,Mônica,True,13.0,True,4.849999904632568,3,5,,,2025-01-13 02:07:17
274599012,Gabriel,False,12.0,True,5.0,3,1,,,2025-01-13 02:07:17
149719030,Jack & Jo,False,171.0,True,4.489999771118164,7,3,,,2025-01-13 02:07:19
323588415,Gabrieli,True,34.0,True,5.0,4,10,,,2025-01-13 02:07:22
206392989,Deise,False,8.0,True,4.880000114440918,6,2,,,2025-01-13 02:07:22
236633446,Cesar,False,0.0,True,0.0,5,11,,,2025-01-13 02:07:23
135481429,Juliana,False,40.0,True,4.829999923706055,4,3,,,2025-01-13 02:07:23
432796459,Juliano,False,2.0,True,5.0,1,1,,,2025-01-13 02:07:24
484809100,Pablicio,False,0.0,True,0.0,0,2,,,2025-01-13 02:07:27
663825538,Marizete,False,5.0,True,5.0,0,1,,,2025-01-13 02:07:30
217274366,José Gilberto Molina,False,1.0,True,5.0,5,11,,,2025-01-13 02:07:35
281844017,Bruna,False,0.0,True,0.0,5,5,,,2025-01-13 02:07:37
404546367,Joao,False,0.0,True,0.0,0,1,,,2025-01-13 02:07:39
155757223,Cleyton E Caroline,True,15.0,True,5.0,1,2,,,2025-01-13 02:07:39
106604152,Emerson,False,0.0,True,0.0,0,1,,,2025-01-13 02:07:40
28969520,Indianara,False,3.0,True,5.0,7,11,,,2025-01-13 02:07:41
483153249,Bruno,False,7.0,True,4.570000171661377,2,0,,,2025-01-13 02:07:41
562749895,Celço,False,0.0,True,0.0,0,10,,,2025-01-13 02:07:43
582220982,Iriana,False,34.0,True,4.940000057220459,0,7,,,2025-01-13 02:07:43
465532494,Carolina,False,2.0,True,5.0,0,8,,,2025-01-13 02:07:43
346050275,Ana Luisa,False,4.0,True,5.0,2,1,,,2025-01-13 02:07:45
586424696,Monise,False,0.0,True,0.0,0,4,,,2025-01-13 02:07:47
251133622,Andreia Rita,False,1.0,True,5.0,3,4,,,2025-01-13 02:07:48
94087822,Nabil,False,3.0,True,3.670000076293945,4,10,,,2025-01-13 02:07:48
305296132,Edson,False,0.0,True,0.0,5,2,,,2025-01-13 02:07:49
107291237,Eduardo,False,12.0,True,5.0,3,2,,,2025-01-13 02:07:50
262828951,Alexandre,False,4.0,True,5.0,5,7,,,2025-01-13 02:07:52
234835187,Aglaé,True,12.0,True,5.0,1,0,,,2025-01-13 02:07:57
116554837,Donara,False,21.0,True,4.949999809265137,3,2,,,2025-01-13 02:07:58
55597690,Josiane,True,20.0,True,4.900000095367432,3,2,,,2025-01-13 02:07:59
221462012,Dani,False,0.0,True,0.0,1,0,,,2025-01-13 02:07:59
422556183,Juciane,False,3.0,True,5.0,3,4,,,2025-01-13 02:08:01
499850744,Juliana,True,19.0,True,5.0,1,9,,,2025-01-13 02:08:03
176986182,Batista,False,17.0,True,4.940000057220459,4,10,,,2025-01-13 02:08:04
232497028,Thiago,False,8.0,True,4.880000114440918,4,0,,,2025-01-13 02:08:05
158343441,Adelina,False,6.0,True,5.0,4,0,,,2025-01-13 02:08:07
116123036,Patricia,False,0.0,True,0.0,4,0,,,2025-01-13 02:08:08
69152415,Evelin,False,9.0,True,5.0,4,1,,,2025-01-13 02:08:08
499816935,Eduardo,False,0.0,True,0.0,1,11,,,2025-01-13 02:08:08
190762057,Elvis,False,3.0,True,5.0,5,11,,,2025-01-13 02:08:09
308979138,Rodrigo,False,0.0,True,0.0,0,2,,,2025-01-13 02:08:11
542707216,Gianela Azul,True,60.0,True,4.949999809265137,1,1,,,2025-01-13 02:08:12
383986002,Marcos,False,4.0,True,4.5,4,0,,,2025-01-13 02:08:12
155781633,Joice,False,0.0,True,0.0,1,1,,,2025-01-13 02:08:12
95436178,Gislene,True,34.0,True,4.880000114440918,6,0,,,2025-01-13 02:08:14
297477604,Rodrigo,False,54.0,True,4.809999942779541,5,3,,,2025-01-13 02:08:16
82744182,Valquiria,False,6.0,True,4.829999923706055,2,0,,,2025-01-13 02:08:19
565554149,Rayle,False,0.0,True,0.0,0,0,,,2025-01-13 02:08:19
391178457,Martinho,False,3.0,True,5.0,2,1,,,2025-01-13 02:08:20
291857415,Wilson,False,21.0,True,4.670000076293945,2,3,,,2025-01-13 02:08:21
574109024,Felipe,False,1.0,True,4.0,0,1,,,2025-01-13 02:08:21
161956442,Juuh,False,15.0,True,4.929999828338623,5,1,,,2025-01-13 02:08:23
667850179,Marisa,False,0.0,True,0.0,0,0,,,2025-01-13 02:08:23
412574345,Liamara,False,0.0,True,0.0,0,0,,,2025-01-13 02:08:25
240079780,Carina,False,3.0,True,4.670000076293945,5,5,,,2025-01-13 02:08:25
479769003,Sara,False,2.0,True,5.0,2,2,,,2025-01-13 02:08:26
158524919,Maria Aparecida,False,12.0,True,5.0,5,0,,,2025-01-13 02:08:26
66858411,Carolina,False,58.0,True,4.840000152587891,6,0,,,2025-01-13 02:08:27
239268146,Suellen,False,0.0,True,0.0,2,9,,,2025-01-13 02:08:28
230026059,Joice,False,4.0,True,5.0,4,2,,,2025-01-13 02:08:28
539554242,Wesley,False,0.0,True,0.0,1,3,,,2025-01-13 02:08:29
271139340,Clesio Jose,True,9.0,True,5.0,2,0,,,2025-01-13 02:08:29
153666636,Edemar Luiz,False,2.0,True,5.0,4,11,,,2025-01-13 02:08:31
472903083,Karen,True,17.0,True,5.0,1,1,,,2025-01-13 02:08:31
133449117,Nicole,True,41.0,True,4.829999923706055,1,2,,,2025-01-13 02:08:33
58608265,Kaliandra,False,7.0,True,4.710000038146973,8,11,,,2025-01-13 02:08:35
263491134,Bruna,True,31.0,True,4.96999979019165,3,11,,,2025-01-13 02:08:37
552906194,Juliana,False,5.0,True,4.800000190734863,0,11,,,2025-01-13 02:08:38
236629473,Cilnei,False,13.0,True,4.920000076293945,4,0,,,2025-01-13 02:08:40
437574735,Guilherme,False,4.0,True,5.0,1,2,,,2025-01-13 02:08:41
368792502,Nicole Da Cunha,False,0.0,True,0.0,0,0,,,2025-01-13 02:08:41
236114644,Madalena,False,51.0,True,4.920000076293945,5,11,,,2025-01-13 02:08:43
553615061,Bruna,False,4.0,True,4.5,0,11,,,2025-01-13 02:08:45
446240584,Ricardo,False,1.0,True,5.0,2,10,,,2025-01-13 02:08:46
366479318,Roberto,False,1.0,True,5.0,0,1,,,2025-01-13 02:08:46
371369304,Felipe,False,0.0,True,0.0,2,0,,,2025-01-13 02:08:48
229628180,Marta Munslinger,False,4.0,True,5.0,2,0,,,2025-01-13 02:08:49
309350590,Taiana,True,307.0,True,4.869999885559082,5,1,,,2025-01-13 02:08:50
487852718,Vitor,False,1.0,True,5.0,2,1,,,2025-01-13 02:08:50
575286044,Hector Daniel,False,1.0,True,5.0,0,7,,,2025-01-13 02:08:51
230028362,Amanda,False,0.0,True,0.0,2,1,,,2025-01-13 02:08:52
381960524,Karina Silva,True,43.0,True,4.809999942779541,3,11,,,2025-01-13 02:08:55
96224012,Clovis Cordeiro,False,79.0,True,4.769999980926514,5,4,,,2025-01-13 02:08:55
421185794,Alexandre,True,29.0,True,4.96999979019165,3,4,,,2025-01-13 02:08:56
570897948,Alejandra,False,7.0,True,5.0,0,3,,,2025-01-13 02:08:57
329341944,Vitoria,False,0.0,True,0.0,1,2,,,2025-01-13 02:08:59
227986388,Maxine,False,0.0,True,0.0,0,10,,,2025-01-13 02:09:00
288150577,Millene,True,31.0,True,4.900000095367432,2,2,,,2025-01-13 02:09:00
423744867,Edson José,False,7.0,True,5.0,1,3,,,2025-01-13 02:09:00
276024040,Jaqueline,False,0.0,True,0.0,5,0,,,2025-01-13 02:09:00
192165069,Mayara,False,0.0,True,0.0,0,1,,,2025-01-13 02:09:01
222410401,Rafael,True,17.0,True,4.940000057220459,2,1,,,2025-01-13 02:09:01
261384905,Cristiane,False,0.0,True,0.0,5,2,,,2025-01-13 02:09:01
299044780,Cristiano,False,0.0,True,0.0,0,4,,,2025-01-13 02:09:04
554715306,Silmara,True,11.0,True,5.0,0,11,,,2025-01-13 02:09:06
489890650,Cristiane,False,16.0,True,4.880000114440918,2,1,,,2025-01-13 02:09:07
111105267,Cristiano,False,38.0,True,4.869999885559082,2,7,,,2025-01-13 02:09:08
664408750,Matheus Henrique,False,0.0,True,0.0,0,1,,,2025-01-13 02:09:08
302592772,Ivoneti,False,16.0,True,4.809999942779541,5,2,,,2025-01-13 02:09:10
154361388,Bruno,True,575.0,True,4.909999847412109,7,3,,,2025-01-13 02:09:10
419313247,Victor,False,0.0,True,0.0,0,0,,,2025-01-13 02:09:12
127820111,Vanessa,False,0.0,True,0.0,2,10,,,2025-01-13 02:09:12
103038239,Fabian,True,41.0,True,5.0,3,1,,,2025-01-13 02:09:14
374172243,Renata,False,2.0,True,5.0,1,10,,,2025-01-13 02:09:15
154687772,Luan,False,5.0,True,5.0,1,3,,,2025-01-13 02:09:17
245812049,Rosa,True,19.0,True,5.0,1,3,,,2025-01-13 02:09:18
161033971,Deyse,False,2.0,True,5.0,2,2,,,2025-01-13 02:09:19
544216800,Iara,False,8.0,True,5.0,1,2,,,2025-01-13 02:09:22
125617972,Douglas,False,0.0,True,0.0,2,1,,,2025-01-13 02:09:24
51178857,Nicole,False,1.0,True,5.0,7,0,,,2025-01-13 02:09:26
12901059,Fabio,False,4.0,True,5.0,10,10,,,2025-01-13 02:09:29
114146376,Miguel,False,1.0,True,4.0,7,11,,,2025-01-13 02:09:35
202322940,Gilvania,False,99.0,True,4.800000190734863,6,5,,,2025-01-13 02:09:36
549239720,Suely,False,8.0,True,4.880000114440918,1,1,,,2025-01-13 02:09:38
580039978,Rodrigo E Grasiele,False,0.0,True,0.0,0,4,,,2025-01-13 02:09:41
462857152,Fabrício,False,0.0,True,0.0,0,0,,,2025-01-13 02:09:41
449933936,Rafael,False,0.0,True,0.0,1,1,,,2025-01-13 02:09:43
434380326,Pablo,True,64.0,True,4.909999847412109,3,1,,,2025-01-13 02:09:43
316842971,Judite,False,14.0,True,4.929999828338623,5,0,,,2025-01-13 02:09:43
655913014,Andre,False,0.0,True,0.0,0,3,,,2025-01-13 02:09:46
305755270,Telma,False,2.0,True,4.5,0,7,,,2025-01-13 02:09:47
180791982,Suzana,True,65.0,True,4.949999809265137,4,11,,,2025-01-13 02:09:49
24732528,Selma,False,5.0,True,5.0,9,2,,,2025-01-13 02:09:50
209755147,Merisson,False,0.0,True,0.0,2,1,,,2025-01-13 02:09:50
272308900,Cleverson,False,2.0,True,5.0,0,10,,,2025-01-13 02:09:51
662853395,Graziela,False,0.0,True,0.0,0,1,,,2025-01-13 02:09:52
64678031,Marco,False,117.0,True,4.789999961853027,7,10,,,2025-01-13 02:09:54
186121926,Maria Salet,False,0.0,True,0.0,0,2,,,2025-01-13 02:09:54
505354401,Jose Ronaldo,False,1.0,True,5.0,1,9,,,2025-01-13 02:09:56
93862579,Ivy,False,245.0,True,4.78000020980835,8,4,,,2025-01-13 02:09:56
378281635,Natália,False,0.0,True,0.0,1,4,,,2025-01-13 02:09:56
655153811,Leticia,False,2.0,True,5.0,0,2,,,2025-01-13 02:09:57
304099262,Odalis,False,12.0,True,4.75,3,8,,,2025-01-13 02:09:57
507779866,Bruna,False,0.0,True,0.0,1,1,,,2025-01-13 02:09:58
108826867,Monica,True,43.0,True,4.909999847412109,5,7,,,2025-01-13 02:10:01
572421759,Estiverson,False,0.0,True,0.0,0,1,,,2025-01-13 02:10:01
658623428,Marlene,False,0.0,True,0.0,0,2,,,2025-01-13 02:10:02
482668431,Aline,False,0.0,True,0.0,0,3,,,2025-01-13 02:10:03
162638876,Luciane Cristina Da Cruz,False,4.0,True,5.0,7,0,,,2025-01-13 02:10:04
495310052,Sheila,False,0.0,True,0.0,0,2,,,2025-01-13 02:10:05
268190293,Glaucia,False,5.0,True,5.0,1,11,,,2025-01-13 02:10:08
491761651,Ausilia,False,0.0,True,0.0,2,0,,,2025-01-13 02:10:09
384399952,Willians Fabricio,True,111.0,True,4.989999771118164,3,5,,,2025-01-13 02:10:10
667144011,Marione,False,0.0,True,0.0,0,0,,,2025-01-13 02:10:12
491454530,Jaqueline,False,9.0,True,5.0,2,0,,,2025-01-13 02:10:12
214163257,Silvano,True,43.0,True,4.880000114440918,6,1,,,2025-01-13 02:10:13
114155924,Taiana,False,11.0,True,4.909999847412109,1,2,,,2025-01-13 02:10:18
212260437,Vanuza,False,0.0,True,0.0,2,11,,,2025-01-13 02:10:18
220783521,Jean,False,0.0,True,0.0,3,1,,,2025-01-13 02:10:23
388009725,Hellen,False,2.0,True,5.0,3,11,,,2025-01-13 02:10:23
216478948,Júlio,True,72.0,True,4.960000038146973,5,2,,,2025-01-13 02:10:27
148587566,Alexander,True,14.0,True,4.860000133514404,2,0,,,2025-01-13 02:10:27
488975442,Leticia,False,0.0,True,0.0,0,0,,,2025-01-13 02:10:28
553963596,Morgana Dáfnis,False,0.0,True,0.0,0,11,,,2025-01-13 02:10:28
244426670,Clídio,False,3.0,True,5.0,0,0,,,2025-01-13 02:10:29
657940996,Guido Cesar,False,0.0,True,0.0,0,2,,,2025-01-13 02:10:31
301138659,Bruna,False,3.0,True,5.0,5,0,,,2025-01-13 02:10:33
544887536,Mariana,False,0.0,True,0.0,0,5,,,2025-01-13 02:10:33
144107545,Flavia,False,0.0,True,0.0,6,3,,,2025-01-13 02:10:33
489198881,Rebeca,False,0.0,True,0.0,0,2,,,2025-01-13 02:10:34
438960914,Adriano,False,0.0,True,0.0,3,0,,,2025-01-13 02:10:34
88356886,Fabiola,False,64.0,True,4.769999980926514,2,3,,,2025-01-13 02:10:34
112244523,Priscila,False,2.0,True,4.5,1,0,,,2025-01-13 02:10:35
200634073,Leonardo,False,0.0,True,0.0,0,0,,,2025-01-13 02:10:35
397563348,Charles,False,1.0,True,5.0,0,4,,,2025-01-13 02:10:38
551231763,Nilse,False,1.0,True,5.0,1,0,,,2025-01-13 02:10:41
581701013,Rui,False,2.0,True,5.0,0,6,,,2025-01-13 02:10:42
306360509,Vera,False,5.0,True,4.800000190734863,1,2,,,2025-01-13 02:10:43
168411554,Carolina,False,2.0,True,4.5,1,1,,,2025-01-13 02:10:45
491938967,Caroline,False,0.0,True,0.0,2,0,,,2025-01-13 02:10:47
668468620,Juliana,False,1.0,True,5.0,0,0,,,2025-01-13 02:10:50
262074393,Carlos Fabiano,False,0.0,True,0.0,0,1,,,2025-01-13 02:10:51
482254048,Marcos,False,8.0,True,4.880000114440918,2,3,,,2025-01-13 02:10:52
554112771,Pamela,False,1.0,True,5.0,1,0,,,2025-01-13 02:10:52
105230015,Julia,False,13.0,True,4.920000076293945,8,1,,,2025-01-13 02:10:55
240840442,Vera,True,85.0,True,4.960000038146973,5,11,,,2025-01-13 02:10:57
307692057,Mariana,False,27.0,True,4.699999809265137,1,0,,,2025-01-13 02:10:57
44757813,Tiago,False,17.0,True,3.880000114440918,7,10,,,2025-01-13 02:11:03
538856013,Gabriel,False,3.0,True,5.0,1,3,,,2025-01-13 02:11:04
398741456,Ezequiel,False,1.0,True,5.0,1,0,,,2025-01-13 02:11:07
498098226,Thiago,False,0.0,True,0.0,1,3,,,2025-01-13 02:11:07
172273927,Nano,False,0.0,True,0.0,0,1,,,2025-01-13 02:11:09
597509137,Cleusa Floriano,False,0.0,True,0.0,0,0,,,2025-01-13 02:11:09
227770961,Janice,False,57.0,True,4.670000076293945,6,1,,,2025-01-13 02:11:11
658625939,Wesley E Amanda,False,2.0,True,5.0,0,2,,,2025-01-13 02:11:12
265440299,Adriana,False,0.0,True,0.0,5,0,,,2025-01-13 02:11:12
485768969,Ilse,False,0.0,True,0.0,2,1,,,2025-01-13 02:11:13
435364340,Marco,False,0.0,True,0.0,0,0,,,2025-01-13 02:11:13
229274315,Ana Caroline,False,3.0,True,5.0,6,1,,,2025-01-13 02:11:15
73082025,Rafa,False,136.0,True,4.869999885559082,6,8,,,2025-01-13 02:11:16
470059243,Andressa,False,0.0,True,0.0,1,3,,,2025-01-13 02:11:17
416325293,Joao Paulo,True,32.0,True,4.880000114440918,3,5,,,2025-01-13 02:11:20
550110966,Cintia,False,0.0,True,0.0,1,1,,,2025-01-13 02:11:24
550687536,Inelvo,False,0.0,True,0.0,0,1,,,2025-01-13 02:11:26
284333482,Diego,False,3.0,True,5.0,1,8,,,2025-01-13 02:11:28
478019252,Salatiel,False,6.0,True,5.0,1,9,,,2025-01-13 02:11:28
146026844,Lucas,False,1.0,True,5.0,0,1,,,2025-01-13 02:11:29
561420786,Angela,False,0.0,True,0.0,0,10,,,2025-01-13 02:11:29
239800724,Marilene,True,121.0,True,4.860000133514404,5,11,,,2025-01-13 02:11:30
259203463,Leonardo,False,0.0,True,0.0,0,1,,,2025-01-13 02:11:42
663373020,Rafaela,False,11.0,True,3.2699999809265137,0,1,,,2025-01-13 02:11:43
437027272,Michel,False,0.0,True,0.0,1,10,,,2025-01-13 02:11:43
496240216,Lilian Salete,False,2.0,True,5.0,1,3,,,2025-01-13 02:11:44
468861865,Guilherme,False,1.0,True,5.0,0,1,,,2025-01-13 02:11:44
2542010,Claudia,False,14.0,True,5.0,8,4,,,2025-01-13 02:11:47
504870443,Maria,False,1.0,True,3.0,1,10,,,2025-01-13 02:11:47
174218663,Ilson,False,9.0,True,4.78000020980835,5,11,,,2025-01-13 02:11:49
342639462,Luiz Alexandre,False,5.0,True,5.0,1,1,,,2025-01-13 02:11:50
492337240,Hossein Silmen,False,0.0,True,0.0,0,0,,,2025-01-13 02:11:50
38848097,Maickel,False,4.0,True,5.0,0,2,,,2025-01-13 02:11:52
545794498,Márcia Andrea Alves,False,12.0,True,5.0,1,2,,,2025-01-13 02:11:53
231291077,Deloni,False,0.0,True,0.0,4,0,,,2025-01-13 02:11:54
111618591,Jéssica,False,2.0,True,5.0,1,6,,,2025-01-13 02:11:58
62313742,Humberto,False,25.0,True,4.960000038146973,5,1,,,2025-01-13 02:11:59
180992995,Isadora,False,1.0,True,5.0,3,11,,,2025-01-13 02:12:00
225564103,Thayse,False,9.0,True,4.670000076293945,6,2,,,2025-01-13 02:12:01
224709540,Regina,False,66.0,True,4.920000076293945,3,1,,,2025-01-13 02:12:03
281590393,Pamela,False,12.0,True,4.670000076293945,4,0,,,2025-01-13 02:12:03
538373412,Adriana,False,0.0,True,0.0,1,3,,,2025-01-13 02:12:06
669723189,Fabiane,False,2.0,True,5.0,0,0,,,2025-01-13 02:12:10
142692280,Ana Carolina,False,45.0,True,4.889999866485596,4,10,,,2025-01-13 02:12:11
287605458,Lislaine,False,0.0,True,0.0,0,1,,,2025-01-13 02:12:11
540153551,Daniela,False,9.0,True,4.559999942779541,1,2,,,2025-01-13 02:12:12
15484490,Gisiane,False,774.0,True,4.789999961853027,9,11,,,2025-01-13 02:12:14
491528799,Maria Bernadete Trainotti,False,29.0,True,4.929999828338623,2,0,,,2025-01-13 02:12:14
227352591,Maccarini,False,0.0,True,0.0,0,0,,,2025-01-13 02:12:15
237271118,Edison,True,48.0,True,4.960000038146973,5,11,,,2025-01-13 02:12:15
237646163,Rafaella,False,2.0,True,5.0,5,0,,,2025-01-13 02:12:17
226494357,Eduardo,False,13.0,True,4.920000076293945,6,1,,,2025-01-13 02:12:17
170710320,Lais,False,3.0,True,4.670000076293945,4,9,,,2025-01-13 02:12:18
108539420,Marcelo,False,1.0,True,5.0,0,0,,,2025-01-13 02:12:19
434495047,Michele,False,0.0,True,0.0,2,1,,,2025-01-13 02:12:22
347018429,Rafaelle,False,0.0,True,0.0,1,5,,,2025-01-13 02:12:23
230810493,Walter,False,8.0,True,4.75,2,1,,,2025-01-13 02:12:24
226233309,Magno,False,2.0,True,5.0,1,11,,,2025-01-13 02:12:25
127253121,Alexandre,False,4.0,True,5.0,6,1,,,2025-01-13 02:12:25
229296509,Ivandra,False,5.0,True,4.800000190734863,5,0,,,2025-01-13 02:12:27
380602348,Luisa,False,2.0,True,5.0,1,1,,,2025-01-13 02:12:31
577062328,Dario,False,4.0,True,5.0,0,1,,,2025-01-13 02:12:33
93056854,Francisco Augusto,False,13.0,True,4.849999904632568,4,3,,,2025-01-13 02:12:33
486996844,Dorly,False,0.0,True,0.0,1,2,,,2025-01-13 02:12:36
323636986,Guilherme,True,15.0,True,5.0,1,1,,,2025-01-13 02:12:37
123330809,Bruna,False,3.0,True,5.0,1,2,,,2025-01-13 02:12:39
7287071,Boaventura,False,2.0,True,4.5,2,1,,,2025-01-13 02:12:40
259007703,Eraci,False,0.0,True,0.0,5,8,,,2025-01-13 02:12:40
361331225,Emerson,False,1.0,True,5.0,0,10,,,2025-01-13 02:12:42
332331773,Adriana,False,2.0,True,5.0,4,11,,,2025-01-13 02:12:43
554409211,Murillo,False,0.0,True,0.0,1,0,,,2025-01-13 02:12:44
491580564,Sabrina,False,5.0,True,5.0,2,0,,,2025-01-13 02:12:47
61107521,Mario,False,24.0,True,4.880000114440918,8,10,,,2025-01-13 02:12:47
25547312,Israel,True,35.0,True,4.909999847412109,5,0,,,2025-01-13 02:12:49
536118759,Kassia Vaz,False,0.0,True,0.0,0,2,,,2025-01-13 02:12:54
485340941,Micheli,False,3.0,True,5.0,2,1,,,2025-01-13 02:12:56
549670099,Gabriel,False,1.0,True,5.0,1,1,,,2025-01-13 02:12:57
188897667,Elizete,False,2.0,True,5.0,3,1,,,2025-01-13 02:12:58
554516659,Amábile,False,3.0,True,5.0,1,0,,,2025-01-13 02:13:03
479378925,Leticia Camila,False,0.0,True,0.0,0,11,,,2025-01-13 02:13:03
489439063,Diane,False,0.0,True,0.0,2,1,,,2025-01-13 02:13:04
113456671,Raquel,False,1.0,True,5.0,1,1,,,2025-01-13 02:13:05
271767655,Priscilla,False,2.0,True,4.5,1,0,,,2025-01-13 02:13:07
321644580,Bruna,False,2.0,True,5.0,1,1,,,2025-01-13 02:13:07
110189550,Fernanda,False,20.0,True,4.849999904632568,6,0,,,2025-01-13 02:13:08
493030222,Fernando,False,0.0,True,0.0,2,0,,,2025-01-13 02:13:08
49547377,Milton Carlos,False,34.0,True,4.820000171661377,5,1,,,2025-01-13 02:13:08
166763317,Marjorie,False,5.0,True,5.0,1,0,,,2025-01-13 02:13:08
483133100,Ana Luiza,False,2.0,True,5.0,2,3,,,2025-01-13 02:13:11
496650927,Jouber,True,30.0,True,4.929999828338623,1,7,,,2025-01-13 02:13:11
167138552,Luca F.,False,32.0,True,4.840000152587891,4,11,,,2025-01-13 02:13:14
360259846,DivaHelena,False,0.0,True,0.0,4,5,,,2025-01-13 02:13:16
542016808,Lincon Joseph,False,0.0,True,0.0,0,11,,,2025-01-13 02:13:17
431890947,Carlos Andre,True,31.0,True,4.940000057220459,3,0,,,2025-01-13 02:13:17
552147283,Lizandra,False,0.0,True,0.0,1,0,,,2025-01-13 02:13:17
48408494,Edson,True,86.0,True,4.940000057220459,9,2,,,2025-01-13 02:13:18
435175625,Gabriela,False,2.0,True,4.5,0,0,,,2025-01-13 02:13:19
491061585,Ademilde Maria,False,0.0,True,0.0,1,1,,,2025-01-13 02:13:23
460785459,Elisa,False,2.0,True,5.0,2,1,,,2025-01-13 02:13:26
204156283,Marcus,False,116.0,True,4.539999961853027,6,2,,,2025-01-13 02:13:26
168212622,Lucas,False,9.0,True,4.78000020980835,4,1,,,2025-01-13 02:13:27
228920121,Bruno,False,3.0,True,5.0,5,9,,,2025-01-13 02:13:27
137866534,Alesandra,False,2.0,True,5.0,0,2,,,2025-01-13 02:13:28
387057033,Rubia,False,17.0,True,4.940000057220459,3,11,,,2025-01-13 02:13:28
80987532,Edna Mara,False,11.0,True,4.909999847412109,8,6,,,2025-01-13 02:13:29
244410519,Leonardo Daniel,False,1.0,True,5.0,1,4,,,2025-01-13 02:13:33
49798089,Daniel,False,3.0,True,5.0,4,11,,,2025-01-13 02:13:35
468028496,Joniran,True,26.0,True,4.880000114440918,2,6,,,2025-01-13 02:13:37
241491790,Amanda Kariella,True,28.0,True,4.929999828338623,5,11,,,2025-01-13 02:13:38
665889545,Jodicler,False,0.0,True,0.0,0,1,,,2025-01-13 02:13:39
252284126,Santiago,False,4.0,True,4.75,0,5,,,2025-01-13 02:13:39
234319258,Julius,False,3.0,True,5.0,0,2,,,2025-01-13 02:13:41
313823117,Jean,True,28.0,True,4.960000038146973,5,1,,,2025-01-13 02:13:42
130826485,Milena,True,19.0,True,4.889999866485596,2,3,,,2025-01-13 02:13:42
102161096,Renato,True,78.0,True,4.409999847412109,8,2,,,2025-01-13 02:13:43
382599340,Maria,False,1.0,True,4.0,4,0,,,2025-01-13 02:13:45
324911592,Luiz Carlos,False,4.0,True,5.0,5,0,,,2025-01-13 02:13:48
295153552,Dirce,False,2.0,True,5.0,5,3,,,2025-01-13 02:13:48
178094975,Silvana,False,0.0,True,0.0,0,11,,,2025-01-13 02:13:48
554066122,Mateus,False,0.0,True,0.0,1,0,,,2025-01-13 02:13:50
158295070,Juliano,True,51.0,True,5.0,2,11,,,2025-01-13 02:13:50
380331154,Ligia,False,1.0,True,5.0,1,11,,,2025-01-13 02:13:50
380788045,Wesley,False,1.0,True,5.0,0,3,,,2025-01-13 02:13:50
509004890,Heloisa,False,0.0,True,0.0,0,1,,,2025-01-13 02:13:52
142120218,Bruna,False,16.0,True,4.940000057220459,7,2,,,2025-01-13 02:13:52
114065429,Maria Fernanda,False,29.0,True,4.659999847412109,7,11,,,2025-01-13 02:13:52
178817819,Cristina,False,0.0,True,0.0,0,3,,,2025-01-13 02:13:53
664055958,Alveri,False,0.0,True,0.0,0,1,,,2025-01-13 02:13:53
497486968,Ana Cristina,False,0.0,True,0.0,0,3,,,2025-01-13 02:13:53
546202070,Rosane,False,1.0,True,5.0,1,1,,,2025-01-13 02:13:55
150591069,Jarbas,False,1.0,True,5.0,7,3,,,2025-01-13 02:13:55
363090188,Beatriz,False,7.0,True,4.860000133514404,2,2,,,2025-01-13 02:13:55
462391327,Felipe,False,4.0,True,4.75,2,0,,,2025-01-13 02:13:56
74885634,Felipe,False,0.0,True,0.0,0,2,,,2025-01-13 02:13:57
562642132,Patricia,False,0.0,True,0.0,0,4,,,2025-01-13 02:13:58
528643050,Henrique,False,0.0,True,0.0,1,5,,,2025-01-13 02:13:59
143362426,Regina,False,6.0,True,4.670000076293945,4,1,,,2025-01-13 02:13:59
553087461,Kamily,False,0.0,True,0.0,1,0,,,2025-01-13 02:13:59
263412357,Surama Mendonça,False,2.0,True,5.0,0,10,,,2025-01-13 02:13:59
491083045,Renato,False,3.0,True,5.0,2,1,,,2025-01-13 02:14:00
238065241,Maria Aparecida,False,9.0,True,4.440000057220459,5,11,,,2025-01-13 02:14:02
80563430,Vanderlei,False,2.0,True,5.0,0,3,,,2025-01-13 02:14:04
232345130,Lidiane,False,2.0,True,5.0,6,0,,,2025-01-13 02:14:05
1388770,Guilherme Henrique Vilaggio,False,3.0,True,5.0,0,5,,,2025-01-13 02:14:06
21106845,Monique,False,0.0,True,0.0,6,1,,,2025-01-13 02:14:07
111082626,Joao Marcos,False,5.0,True,5.0,2,11,,,2025-01-13 02:14:07
48661616,Anna Paula,False,34.0,True,4.849999904632568,8,3,,,2025-01-13 02:14:09
97303436,Ester,True,47.0,True,4.940000057220459,1,4,,,2025-01-13 02:14:10
370609096,Isabella,True,38.0,True,4.96999979019165,1,7,,,2025-01-13 02:14:11
666779486,Fernanda,False,0.0,True,0.0,0,0,,,2025-01-13 02:14:11
263532723,Letícia,False,0.0,True,0.0,5,7,,,2025-01-13 02:14:12
501418829,Cheilla,False,2.0,True,5.0,0,3,,,2025-01-13 02:14:12
36333760,Juan & Priscila,False,5.0,True,4.800000190734863,5,0,,,2025-01-13 02:14:12
439901451,Lene,False,10.0,True,5.0,3,0,,,2025-01-13 02:14:14
168019026,Elienai,False,9.0,True,4.670000076293945,6,1,,,2025-01-13 02:14:16
315273196,Elieusa,True,56.0,True,4.980000019073486,5,1,,,2025-01-13 02:14:17
128771488,Lucas,False,22.0,True,4.769999980926514,6,4,,,2025-01-13 02:14:17
151279792,Edyrene Aparecida,True,33.0,True,4.96999979019165,6,0,,,2025-01-13 02:14:18
431113548,Edenir,True,24.0,True,5.0,0,10,,,2025-01-13 02:14:23
587657794,Patricia Barbosa,False,0.0,True,0.0,0,6,,,2025-01-13 02:14:24
459954966,Elisandra Maria,True,56.0,True,4.820000171661377,2,3,,,2025-01-13 02:14:28
256850283,Eduardo,True,12.0,True,5.0,1,2,,,2025-01-13 02:14:28
170775875,Diego,False,1.0,True,4.0,4,2,,,2025-01-13 02:14:30
428009359,Jéssica,False,4.0,True,4.25,2,1,,,2025-01-13 02:14:30
83604067,André Antônio,False,18.0,True,4.940000057220459,6,1,,,2025-01-13 02:14:30
401278899,Marcos,False,6.0,True,5.0,1,4,,,2025-01-13 02:14:31
226884521,Vanessa,False,2.0,True,4.5,0,2,,,2025-01-13 02:14:33
430231263,Denise,False,0.0,True,0.0,0,2,,,2025-01-13 02:14:33
325211040,Renata,False,12.0,True,4.920000076293945,3,1,,,2025-01-13 02:14:33
580911640,Vanda,False,1.0,True,4.0,0,7,,,2025-01-13 02:14:34
127864271,Lenice,False,9.0,True,4.559999942779541,7,8,,,2025-01-13 02:14:37
157834736,Rogério Batista,False,14.0,True,5.0,1,4,,,2025-01-13 02:14:42
115337089,Vinícius,False,99.0,True,4.840000152587891,7,11,,,2025-01-13 02:14:44
133647571,Icaro,False,9.0,True,5.0,5,0,,,2025-01-13 02:14:44
654856152,Marcio,False,0.0,True,0.0,0,3,,,2025-01-13 02:14:44
551383328,Regina,False,5.0,True,5.0,1,0,,,2025-01-13 02:14:46
167003893,Cris,False,0.0,True,0.0,2,0,,,2025-01-13 02:14:46
3773012,André,False,44.0,True,4.889999866485596,7,10,,,2025-01-13 02:14:47
496750251,Jessica,False,0.0,True,0.0,0,0,,,2025-01-13 02:14:47
236747488,Noeli,False,0.0,True,0.0,5,11,,,2025-01-13 02:14:47
216915022,Leonardo,False,2.0,True,4.5,6,3,,,2025-01-13 02:14:52
560182888,Marcelo,False,0.0,True,0.0,0,11,,,2025-01-13 02:14:52
368433422,Vanderlei,False,10.0,True,5.0,4,3,,,2025-01-13 02:14:53
386131983,Thiago,False,5.0,True,5.0,2,4,,,2025-01-13 02:14:54
433992771,Daniela,False,1.0,True,5.0,2,1,,,2025-01-13 02:14:55
662506680,Tatiane,False,1.0,True,5.0,0,1,,,2025-01-13 02:14:57
413060241,Yriny,False,0.0,True,0.0,0,1,,,2025-01-13 02:14:57
330624480,Aline,False,0.0,True,0.0,4,1,,,2025-01-13 02:14:58
107201107,Caroline,True,16.0,True,4.940000057220459,7,0,,,2025-01-13 02:14:59
551781399,Michele,False,7.0,True,5.0,1,0,,,2025-01-13 02:15:01
424402464,Carmelise,False,3.0,True,5.0,3,3,,,2025-01-13 02:15:02
222416842,Roaue Luiz De Sa,False,0.0,True,0.0,2,10,,,2025-01-13 02:15:03
555400325,Angelica,True,71.0,True,4.869999885559082,0,11,,,2025-01-13 02:15:06
134087687,Rodrigo,True,133.0,True,4.699999809265137,6,6,,,2025-01-13 02:15:11
595414523,Valter,False,0.0,True,0.0,0,4,,,2025-01-13 02:15:13
147956363,Denise,True,17.0,True,5.0,3,1,,,2025-01-13 02:15:13
175948630,Jose,False,1.0,True,5.0,2,0,,,2025-01-13 02:15:14
86779574,Leticia,False,17.0,True,4.880000114440918,3,1,,,2025-01-13 02:15:16
426267990,Edson Luiz,False,7.0,True,5.0,3,2,,,2025-01-13 02:15:17
662132844,Heico,False,0.0,True,0.0,0,1,,,2025-01-13 02:15:21
262658644,Giane,False,23.0,True,4.829999923706055,5,7,,,2025-01-13 02:15:22
300788626,Willian,False,2.0,True,4.5,5,3,,,2025-01-13 02:15:22
207068856,Ana Paola,False,0.0,True,0.0,0,5,,,2025-01-13 02:15:24
667270933,Tiago,False,1.0,True,5.0,0,0,,,2025-01-13 02:15:24
554665886,Luiz,False,1.0,True,5.0,1,0,,,2025-01-13 02:15:25
230106856,Karen,False,1.0,True,5.0,3,2,,,2025-01-13 02:15:27
85844742,Rodrigo,False,0.0,True,0.0,2,1,,,2025-01-13 02:15:28
438533025,Andreia,False,51.0,True,4.630000114440918,3,0,,,2025-01-13 02:15:29
504433797,Vinicius,True,10.0,True,4.900000095367432,1,2,,,2025-01-13 02:15:29
651735953,Hans,False,1.0,True,5.0,0,1,,,2025-01-13 02:15:30
433470454,Inelve Dal-Molin F Da Silva,True,22.0,True,4.909999847412109,2,0,,,2025-01-13 02:15:32
561387062,Lucas,False,3.0,True,3.670000076293945,0,2,,,2025-01-13 02:15:34
222631895,Luiz Sergio,True,16.0,True,4.940000057220459,2,0,,,2025-01-13 02:15:34
171628825,Letícia,False,7.0,True,5.0,2,4,,,2025-01-13 02:15:35
438294546,José Iovan,False,1.0,True,4.0,0,1,,,2025-01-13 02:15:35
301703223,Marli,False,0.0,True,0.0,0,2,,,2025-01-13 02:15:37
56472082,Luciano,False,1.0,True,5.0,0,2,,,2025-01-13 02:15:38
227167421,Marilu,False,9.0,True,4.78000020980835,5,11,,,2025-01-13 02:15:40
389308484,Fatima,False,1.0,True,5.0,0,11,,,2025-01-13 02:15:40
416060600,Jussara,False,20.0,True,4.650000095367432,3,1,,,2025-01-13 02:15:41
170451131,Andressa,False,0.0,True,0.0,0,8,,,2025-01-13 02:15:45
237311439,Arielly,False,0.0,True,0.0,2,2,,,2025-01-13 02:15:45
554945356,Nerci Anisia,False,1.0,True,5.0,1,0,,,2025-01-13 02:15:45
23486023,Leonardo E Lúcia,False,2.0,True,5.0,0,5,,,2025-01-13 02:15:46
232745269,Bruna,False,0.0,True,0.0,1,11,,,2025-01-13 02:15:47
385026910,José Davi,False,1.0,True,5.0,1,2,,,2025-01-13 02:15:49
495550080,Eduardo,False,0.0,True,0.0,1,11,,,2025-01-13 02:15:50
96018285,Maiara,False,9.0,True,4.670000076293945,8,3,,,2025-01-13 02:15:50
238467734,Guilherme,False,3.0,True,5.0,5,3,,,2025-01-13 02:15:52
662220967,Giuliane Fernandes,False,0.0,True,0.0,0,0,,,2025-01-13 02:15:54
226895782,Maiko,True,16.0,True,4.940000057220459,6,1,,,2025-01-13 02:15:57
244978209,Mara Rubia Hubner,False,66.0,True,4.880000114440918,5,8,,,2025-01-13 02:15:57
303262564,Caroline,False,0.0,True,0.0,5,2,,,2025-01-13 02:16:00
13438026,Jaime,True,73.0,True,5.0,2,3,,,2025-01-13 02:16:00
652763358,Jessica,False,2.0,True,4.5,0,0,,,2025-01-13 02:16:00
319874387,Vanessa,False,1.0,True,5.0,1,11,,,2025-01-13 02:16:01
40710259,Marcelo,False,92.0,True,4.829999923706055,9,5,,,2025-01-13 02:16:01
562693686,Amanda,False,1.0,True,5.0,0,0,,,2025-01-13 02:16:01
381366415,Sidnei,True,66.0,True,4.96999979019165,4,0,,,2025-01-13 02:16:01
110694444,Thainá,False,3.0,True,5.0,2,0,,,2025-01-13 02:16:02
441188454,Aline,False,1.0,True,4.0,2,11,,,2025-01-13 02:16:04
104554119,Mila,False,6.0,True,4.829999923706055,8,1,,,2025-01-13 02:16:05
221607457,Jaíne,False,0.0,True,0.0,5,4,,,2025-01-13 02:16:05
319938308,Meike,False,4.0,True,5.0,4,0,,,2025-01-13 02:16:07
204047075,Andreia,False,19.0,True,4.679999828338623,6,4,,,2025-01-13 02:16:09
448455470,Gilson,True,26.0,True,4.849999904632568,2,10,,,2025-01-13 02:16:09
387828542,Cristhian,False,0.0,True,0.0,0,0,,,2025-01-13 02:16:18
659526411,Elani Aparecida Rovaris,False,2.0,True,5.0,0,1,,,2025-01-13 02:16:20
553955755,Felipe Antonio,False,2.0,True,4.0,1,0,,,2025-01-13 02:16:21
106547408,Valter,False,31.0,True,4.96999979019165,8,1,,,2025-01-13 02:16:21
209157920,Thiago,False,1.0,True,5.0,5,7,,,2025-01-13 02:16:22
58396235,Priscila,True,32.0,True,4.630000114440918,7,1,,,2025-01-13 02:16:22
278490020,Gabriela,False,0.0,True,0.0,0,1,,,2025-01-13 02:16:29
414486431,Gelvania,False,10.0,True,4.099999904632568,3,1,,,2025-01-13 02:16:29
497942978,Edenilson,False,2.0,True,5.0,0,4,,,2025-01-13 02:16:30
40709903,Rodolfo,False,0.0,True,0.0,9,5,,,2025-01-13 02:16:31
230632270,Lais,False,2.0,True,5.0,0,8,,,2025-01-13 02:16:31
668433856,Elza Maria,False,0.0,True,0.0,0,0,,,2025-01-13 02:16:34
59304463,Vilson,False,0.0,True,0.0,0,11,,,2025-01-13 02:16:36
428845961,Ana Paula,False,1.0,True,5.0,0,3,,,2025-01-13 02:16:36
431026829,Leticia,False,1.0,True,4.0,3,1,,,2025-01-13 02:16:37
391085912,Luan,False,2.0,True,5.0,0,1,,,2025-01-13 02:16:37
550560321,Gilmara,False,1.0,True,5.0,1,1,,,2025-01-13 02:16:40
429793695,Clessi,False,9.0,True,5.0,3,2,,,2025-01-13 02:16:40
263450199,Arthur Luiz Dedonatti,False,7.0,True,4.860000133514404,2,8,,,2025-01-13 02:16:41
170767051,Gisele,False,19.0,True,4.789999961853027,6,11,,,2025-01-13 02:16:45
163924292,Natacha,False,3.0,True,5.0,5,1,,,2025-01-13 02:16:46
406315466,Alysson,False,2.0,True,5.0,2,2,,,2025-01-13 02:16:46
184449418,Nara,True,67.0,True,4.96999979019165,4,7,,,2025-01-13 02:16:46
32545062,Daniel,False,16.0,True,4.880000114440918,5,11,,,2025-01-13 02:16:47
334494635,Claudio Luis,False,1.0,True,5.0,1,1,,,2025-01-13 02:16:48
326702962,Juliana,False,1.0,True,1.0,4,11,,,2025-01-13 02:16:49
471555016,Vinicius Eduardo,False,0.0,True,0.0,0,0,,,2025-01-13 02:16:49
359090709,Kelli,False,2.0,True,5.0,0,1,,,2025-01-13 02:16:50
106907642,Mauricio,False,0.0,True,0.0,0,2,,,2025-01-13 02:16:52
182763921,Maria Helena,False,3.0,True,5.0,6,1,,,2025-01-13 02:16:54
160209386,Lenice,False,12.0,True,4.75,7,1,,,2025-01-13 02:16:54
366268208,Angela,False,32.0,True,4.659999847412109,3,11,,,2025-01-13 02:16:56
467576319,Sandra,False,0.0,True,0.0,1,2,,,2025-01-13 02:16:56
53262728,Nicolau,True,85.0,True,4.869999885559082,9,0,,,2025-01-13 02:16:57
657495061,Maria Eduarda,False,0.0,True,0.0,0,2,,,2025-01-13 02:17:06
300090828,Cleoni,True,21.0,True,4.760000228881836,5,3,,,2025-01-13 02:17:07
400289246,Elisabete,False,1.0,True,5.0,0,3,,,2025-01-13 02:17:09
657134925,Elisangela,False,1.0,True,5.0,0,2,,,2025-01-13 02:17:11
47535748,Keila,False,1.0,True,5.0,2,10,,,2025-01-13 02:17:11
148251126,Thiago,True,14.0,True,4.929999828338623,0,11,,,2025-01-13 02:17:13
188145789,Jonatthan,False,3.0,True,5.0,3,2,,,2025-01-13 02:17:13
555327643,Jardel,False,0.0,True,0.0,0,0,,,2025-01-13 02:17:13
310733490,Zeni,False,10.0,True,4.900000095367432,5,0,,,2025-01-13 02:17:15
242817466,Daniela,False,11.0,True,4.909999847412109,5,2,,,2025-01-13 02:17:17
181299966,Ana,False,0.0,True,0.0,0,1,,,2025-01-13 02:17:18
654667093,Rubia,False,4.0,True,4.75,0,3,,,2025-01-13 02:17:20
214123027,Sílvia,False,2.0,True,5.0,1,1,,,2025-01-13 02:17:20
235992463,Taciana,False,10.0,True,5.0,2,0,,,2025-01-13 02:17:24
381203250,Rosa Maria,False,8.0,True,4.630000114440918,4,0,,,2025-01-13 02:17:26
147780201,Sandro,False,1.0,True,5.0,2,0,,,2025-01-13 02:17:29
456504598,Ingrid,True,38.0,True,4.949999809265137,2,7,,,2025-01-13 02:17:31
310697839,Hilton Cesar,False,0.0,True,0.0,5,1,,,2025-01-13 02:17:31
432383711,Phillippe,False,0.0,True,0.0,2,9,,,2025-01-13 02:17:31
154565602,Juliana Zanovelo,False,7.0,True,5.0,6,0,,,2025-01-13 02:17:33
539364035,Sonia,False,2.0,True,5.0,1,3,,,2025-01-13 02:17:34
667849380,Andre,False,3.0,True,5.0,0,0,,,2025-01-13 02:17:35
158477705,Pedro,True,18.0,True,4.889999866485596,2,2,,,2025-01-13 02:17:38
438236484,Marisa,False,4.0,True,5.0,3,0,,,2025-01-13 02:17:39
174353142,Ionara,False,0.0,True,0.0,6,10,,,2025-01-13 02:17:40
28576616,Jonathan,False,5.0,True,4.800000190734863,0,11,,,2025-01-13 02:17:40
486345878,Zelito,False,0.0,True,0.0,0,2,,,2025-01-13 02:17:40
61270790,Raul,False,9.0,True,5.0,4,0,,,2025-01-13 02:17:41
667681508,Jéssica,False,0.0,True,0.0,0,0,,,2025-01-13 02:17:42
388579140,Paula C,False,17.0,True,5.0,2,9,,,2025-01-13 02:17:45
487331432,Suelin,False,3.0,True,5.0,2,2,,,2025-01-13 02:17:47
595805143,Patrick,False,1.0,True,5.0,0,3,,,2025-01-13 02:17:47
547120374,Fernanda,False,0.0,True,0.0,1,1,,,2025-01-13 02:17:48
654871080,Mauricio,False,0.0,True,0.0,0,0,,,2025-01-13 02:17:48
243772935,Aton,False,0.0,True,0.0,0,2,,,2025-01-13 02:17:51
554241687,Walmor,False,0.0,True,0.0,1,0,,,2025-01-13 02:17:51
249523967,Antonio,False,4.0,True,5.0,0,4,,,2025-01-13 02:17:52
162375131,Brendon,True,22.0,True,4.860000133514404,7,1,,,2025-01-13 02:17:54
228705143,Claudineia,False,0.0,True,0.0,0,4,,,2025-01-13 02:17:54
173165778,Fernanda,False,20.0,True,4.949999809265137,4,11,,,2025-01-13 02:17:54
462252591,Evaldo,True,35.0,True,5.0,2,1,,,2025-01-13 02:17:55
487017309,Reber,False,1.0,True,3.0,1,0,,,2025-01-13 02:17:56
411136113,Thaynan,False,12.0,True,4.329999923706055,3,3,,,2025-01-13 02:17:56
431725917,Alencar,False,0.0,True,0.0,3,1,,,2025-01-13 02:17:59
93034042,Vera Lucia,True,33.0,True,5.0,2,8,,,2025-01-13 02:18:00
225964047,Fabiana,False,4.0,True,5.0,6,1,,,2025-01-13 02:18:03
94093391,Mirian,False,1.0,True,5.0,1,10,,,2025-01-13 02:18:05
535478340,Bruna,False,8.0,True,4.75,1,4,,,2025-01-13 02:18:05
324421148,Waldemar,False,11.0,True,4.550000190734863,2,1,,,2025-01-13 02:18:07
541159966,Vilson,False,1.0,True,5.0,1,0,,,2025-01-13 02:18:07
538576718,Aldriani,False,5.0,True,5.0,1,3,,,2025-01-13 02:18:08
183738964,Fabiane,False,20.0,True,4.699999809265137,6,5,,,2025-01-13 02:18:10
509964851,Lisandra,False,251.0,True,4.679999828338623,1,8,,,2025-01-13 02:18:12
545627611,Leonel,False,2.0,True,5.0,0,0,,,2025-01-13 02:18:15
552601061,Beto,False,0.0,True,0.0,1,0,,,2025-01-13 02:18:16
233823878,Joel,False,17.0,True,4.650000095367432,6,0,,,2025-01-13 02:18:16
502160152,Cristina,False,0.0,True,0.0,1,0,,,2025-01-13 02:18:20
150342406,Paulo,False,1.0,True,5.0,5,2,,,2025-01-13 02:18:21
421850225,Luciana,False,4.0,True,4.75,0,1,,,2025-01-13 02:18:21
287758125,Larissa,False,2.0,True,5.0,0,5,,,2025-01-13 02:18:22
40728055,Adriana,False,1.0,True,5.0,3,0,,,2025-01-13 02:18:22
99823795,Murilo,False,8.0,True,5.0,1,11,,,2025-01-13 02:18:24
393187422,Thomaz,False,0.0,True,0.0,1,3,,,2025-01-13 02:18:25
540209693,Taís,False,3.0,True,4.670000076293945,0,2,,,2025-01-13 02:18:26
149736648,Carlos Eduardo,False,0.0,True,0.0,1,9,,,2025-01-13 02:18:26
196896931,Paulo,False,38.0,True,4.789999961853027,6,5,,,2025-01-13 02:18:27
293085717,Ana,False,0.0,True,0.0,0,1,,,2025-01-13 02:18:28
462275890,Alesandra,False,1.0,True,5.0,1,9,,,2025-01-13 02:18:32
450348403,Rosângela,False,4.0,True,5.0,1,1,,,2025-01-13 02:18:34
420975698,Joslei,True,26.0,True,4.960000038146973,3,4,,,2025-01-13 02:18:35
482774286,Marcelo,False,5.0,True,4.800000190734863,1,2,,,2025-01-13 02:18:36
541709457,Ivanor,False,15.0,True,5.0,1,2,,,2025-01-13 02:18:37
416896363,Rosane,False,9.0,True,5.0,3,5,,,2025-01-13 02:18:37
382711957,Diego,False,0.0,True,0.0,0,1,,,2025-01-13 02:18:39
400742551,Aline,False,0.0,True,0.0,0,1,,,2025-01-13 02:18:41
376630152,Lucas Gustavo,False,0.0,True,0.0,4,0,,,2025-01-13 02:18:42
299141784,Sady Ricardo,False,2.0,True,5.0,5,3,,,2025-01-13 02:18:42
329380829,Anna Luiza,False,0.0,True,0.0,0,1,,,2025-01-13 02:18:44
652421568,Fernanda,False,10.0,True,5.0,0,3,,,2025-01-13 02:18:46
489467522,Maria Eduarda,True,91.0,True,4.820000171661377,2,0,,,2025-01-13 02:18:47
551442964,Laura,False,0.0,True,0.0,0,6,,,2025-01-13 02:18:49
180507427,Marcos Alexandre,False,0.0,True,0.0,0,0,,,2025-01-13 02:18:50
268665681,Larissa,False,0.0,True,0.0,5,0,,,2025-01-13 02:18:51
385116789,Elaisa,False,39.0,True,4.739999771118164,3,11,,,2025-01-13 02:18:52
301873812,Adelson,False,52.0,True,4.789999961853027,5,3,,,2025-01-13 02:18:52
236341086,Josi,False,43.0,True,4.809999942779541,5,5,,,2025-01-13 02:18:52
503226026,Júlio César,True,24.0,True,4.960000038146973,1,10,,,2025-01-13 02:18:53
240175683,Nita,False,11.0,True,4.820000171661377,5,11,,,2025-01-13 02:18:55
169364884,Dalila,False,3.0,True,5.0,1,0,,,2025-01-13 02:19:05
407257231,Morgana Micaela,False,0.0,True,0.0,0,0,,,2025-01-13 02:19:07
263236296,Aline,True,10.0,True,5.0,2,5,,,2025-01-13 02:19:07
230148203,Candice,False,17.0,True,4.760000228881836,6,1,,,2025-01-13 02:19:08
588690469,Janieli,False,1.0,True,5.0,0,2,,,2025-01-13 02:19:08
23497844,Francisco,True,39.0,True,4.900000095367432,1,8,,,2025-01-13 02:19:09
16624550,Fernando,False,2.0,True,5.0,5,9,,,2025-01-13 02:19:09
18104687,Gisele Martins,False,13.0,True,5.0,5,4,,,2025-01-13 02:19:11
424069358,Kethilen,False,0.0,True,0.0,0,6,,,2025-01-13 02:19:14
73239240,Ricardo,False,15.0,True,5.0,7,2,,,2025-01-13 02:19:15
341129883,Hyanara,False,0.0,True,0.0,0,2,,,2025-01-13 02:19:15
56904992,Paulo,False,1.0,True,5.0,8,11,,,2025-01-13 02:19:15
18833195,Gabriela,False,27.0,True,4.929999828338623,5,10,,,2025-01-13 02:19:16
435177926,Lara,False,1.0,True,5.0,0,2,,,2025-01-13 02:19:18
199286942,Júlio,False,0.0,True,0.0,2,1,,,2025-01-13 02:19:22
13485904,Kelly,False,60.0,True,4.769999980926514,10,8,,,2025-01-13 02:19:24
11275759,Ana,False,1.0,True,5.0,0,2,,,2025-01-13 02:19:24
158609153,Lore,False,0.0,True,0.0,0,2,,,2025-01-13 02:19:24
560473060,Fernando,False,1.0,True,4.0,0,11,,,2025-01-13 02:19:25
596775682,Rafael,False,3.0,True,5.0,0,4,,,2025-01-13 02:19:27
210489555,Flavio,False,26.0,True,4.730000019073486,4,11,,,2025-01-13 02:19:30
153545834,Everton,True,53.0,True,4.980000019073486,7,2,,,2025-01-13 02:19:32
76169718,Alexandre,True,66.0,True,5.0,4,10,,,2025-01-13 02:19:33
29679077,Caty Barbara Kopper,False,5.0,True,4.800000190734863,1,2,,,2025-01-13 02:19:33
107189331,Daniela,False,1.0,True,5.0,0,0,,,2025-01-13 02:19:35
493214604,Andrea,False,15.0,True,5.0,2,0,,,2025-01-13 02:19:36
567751162,Rafaela,False,1.0,True,5.0,0,1,,,2025-01-13 02:19:38
332009380,Euembombinhas,False,238.0,True,4.239999771118164,4,11,,,2025-01-13 02:19:38
659097759,Susete,False,2.0,True,5.0,0,2,,,2025-01-13 02:19:40
155904224,Sidinei Algayer,True,40.0,True,4.900000095367432,6,2,,,2025-01-13 02:19:40
441988449,Hugo,False,14.0,True,5.0,2,11,,,2025-01-13 02:19:41
211409627,Thiago,False,1.0,True,5.0,2,7,,,2025-01-13 02:19:41
21967480,Bernardo,True,12.0,True,5.0,0,10,,,2025-01-13 02:19:44
429396669,Cristiane,False,13.0,True,5.0,3,2,,,2025-01-13 02:19:44
214711059,Carolina,False,4.0,True,4.75,0,2,,,2025-01-13 02:19:45
245407115,Anderson,False,249.0,True,4.78000020980835,5,10,,,2025-01-13 02:19:48
313535137,Roberto,False,0.0,False,0.0,3,3,,,2025-01-13 02:19:49
325072160,Luis,False,0.0,True,0.0,1,11,,,2025-01-13 02:19:53
285124301,Eduarda,True,137.0,True,4.900000095367432,2,0,,,2025-01-13 02:19:54
535662094,Rafa,False,2.0,True,5.0,0,10,,,2025-01-13 02:19:55
58923973,Amanda,False,1.0,True,5.0,8,0,,,2025-01-13 02:19:58
94398353,Alyne,True,9.0,True,4.889999866485596,0,5,,,2025-01-13 02:20:00
13707751,Diogo,True,386.0,True,4.889999866485596,8,9,,,2025-01-13 02:20:01
433363775,Paulo,False,45.0,True,4.889999866485596,3,0,,,2025-01-13 02:20:02
480949131,Edicleide,False,8.0,True,5.0,2,2,,,2025-01-13 02:20:05
544993958,Raphael,False,0.0,True,0.0,1,2,,,2025-01-13 02:20:05
538705262,Robisson,False,0.0,True,0.0,1,3,,,2025-01-13 02:20:07
501123541,Gabriel,False,0.0,True,0.0,1,10,,,2025-01-13 02:20:08
104839406,Mariê,False,4.0,True,4.5,1,0,,,2025-01-13 02:20:10
668078261,Léia,False,1.0,True,5.0,0,0,,,2025-01-13 02:20:11
495332996,Jhordan,False,8.0,True,4.75,2,0,,,2025-01-13 02:20:12
597186148,Ana Carla,False,1.0,True,5.0,0,4,,,2025-01-13 02:20:13
488113762,Jonathan,False,1.0,True,5.0,2,1,,,2025-01-13 02:20:14
657345734,Marlise,False,0.0,True,0.0,0,2,,,2025-01-13 02:20:15
427554362,Silvana,False,0.0,True,0.0,2,11,,,2025-01-13 02:20:18
574944097,Adeltraut Zoschke,False,2.0,True,5.0,0,7,,,2025-01-13 02:20:20
225453695,Ricardo,False,2.0,True,5.0,6,2,,,2025-01-13 02:20:22
237442674,Amanda,False,2.0,True,5.0,0,5,,,2025-01-13 02:20:23
221238016,Adriano,False,2.0,True,5.0,1,0,,,2025-01-13 02:20:24
427854454,Rose Francelino,False,7.0,True,4.860000133514404,0,2,,,2025-01-13 02:20:28
162548461,Marcelo Luis,False,0.0,True,0.0,0,2,,,2025-01-13 02:20:30
20508734,Dimas,True,199.0,True,4.909999847412109,10,2,,,2025-01-13 02:20:31
273378013,Graziele,False,5.0,True,5.0,5,5,,,2025-01-13 02:20:34
220079797,Graça,False,1.0,True,5.0,1,0,,,2025-01-13 02:20:36
123340570,Giselle,False,209.0,True,4.789999961853027,7,5,,,2025-01-13 02:20:37
4942353,Gildo,False,6.0,True,4.829999923706055,4,11,,,2025-01-13 02:20:37
482486219,Fabio,False,2.0,True,4.5,0,0,,,2025-01-13 02:20:39
46560089,Valkiria,False,14.0,True,4.360000133514404,9,2,,,2025-01-13 02:20:40
85757961,Marcelo,True,5.0,True,5.0,0,11,,,2025-01-13 02:20:40
516891604,Derwin,False,0.0,True,0.0,1,6,,,2025-01-13 02:20:42
243196670,Patrick,False,7.0,True,5.0,1,1,,,2025-01-13 02:20:42
139897629,Henrique,False,0.0,True,0.0,1,2,,,2025-01-13 02:20:44
104998943,Rafael,False,1.0,True,5.0,0,0,,,2025-01-13 02:20:46
548854887,Israel,False,3.0,True,5.0,1,1,,,2025-01-13 02:20:46
106754227,Claudio,False,15.0,True,4.929999828338623,6,4,,,2025-01-13 02:20:47
162684865,Mayara Christine,False,70.0,True,4.639999866485596,7,0,,,2025-01-13 02:20:47
207828972,Aline,False,0.0,True,0.0,0,3,,,2025-01-13 02:20:47
545247232,Caroline,False,4.0,True,4.75,1,2,,,2025-01-13 02:20:47
84924129,Fabiano,False,4.0,True,5.0,5,11,,,2025-01-13 02:20:48
441031449,Neide,False,0.0,True,0.0,2,0,,,2025-01-13 02:20:52
229551078,Vanissi,False,21.0,True,4.480000019073486,5,1,,,2025-01-13 02:20:52
662260185,Trans Falls Ltda.,False,0.0,True,0.0,0,1,,,2025-01-13 02:20:53
22334513,Flávia,False,67.0,True,4.909999847412109,10,1,,,2025-01-13 02:20:53
323705482,Luã,False,0.0,True,0.0,0,4,,,2025-01-13 02:20:53
245542902,Vanessa Cristina,False,0.0,True,0.0,5,10,,,2025-01-13 02:20:54
555702334,Fabiana,False,0.0,True,0.0,1,0,,,2025-01-13 02:20:54
398356920,Heloísa,True,24.0,True,5.0,1,6,,,2025-01-13 02:20:59
485070900,Nice,False,7.0,True,5.0,2,2,,,2025-01-13 02:21:01
475336436,Norberto,True,24.0,True,5.0,2,4,,,2025-01-13 02:21:02
158602376,Diego,True,33.0,True,4.909999847412109,3,11,,,2025-01-13 02:21:04
433996802,Joel,False,0.0,True,0.0,3,1,,,2025-01-13 02:21:04
667510099,Adelmo,False,0.0,True,0.0,0,0,,,2025-01-13 02:21:05
321845995,Juliana,False,0.0,True,0.0,5,0,,,2025-01-13 02:21:06
543173853,Vilson,False,0.0,True,0.0,1,2,,,2025-01-13 02:21:10
522224494,Rosiane Mafra,False,3.0,True,4.670000076293945,1,6,,,2025-01-13 02:21:13
103095966,Patrícia,False,36.0,True,4.559999942779541,3,4,,,2025-01-13 02:21:15
495867378,Luiz Fernando,False,0.0,True,0.0,0,5,,,2025-01-13 02:21:16
133147476,Gisiele,False,4.0,True,5.0,1,2,,,2025-01-13 02:21:16
662874216,Rubi,False,0.0,True,0.0,0,1,,,2025-01-13 02:21:18
497416968,Jociane,False,1.0,True,5.0,0,0,,,2025-01-13 02:21:20
407897673,Eder,False,0.0,True,0.0,1,3,,,2025-01-13 02:21:20
666551498,Alexandre,False,1.0,True,5.0,0,0,,,2025-01-13 02:21:21
230839862,Edcarlos,False,28.0,True,4.889999866485596,6,0,,,2025-01-13 02:21:23
55925003,Marisa,False,10.0,True,5.0,8,0,,,2025-01-13 02:21:24
660176941,Débora,False,0.0,True,0.0,0,2,,,2025-01-13 02:21:24
535450839,Josiani Pereira,False,4.0,True,5.0,1,3,,,2025-01-13 02:21:24
217616073,Fernanda,False,33.0,True,4.909999847412109,6,3,,,2025-01-13 02:21:25
6600028,Pamella Fritsch,True,989.0,True,4.369999885559082,11,2,,,2025-01-13 02:21:27
660421225,Eluiza,False,0.0,True,0.0,0,2,,,2025-01-13 02:21:28
309270973,Daniele,False,8.0,True,4.75,5,1,,,2025-01-13 02:21:28
540217131,René Antônio,False,7.0,True,4.0,1,3,,,2025-01-13 02:21:29
532564773,Valkiria,False,1.0,True,5.0,1,4,,,2025-01-13 02:21:29
327764459,Rovana,False,2.0,True,5.0,4,11,,,2025-01-13 02:21:31
5263146,Vitor,False,0.0,True,0.0,4,0,,,2025-01-13 02:21:33
377540034,Arnaldo,False,0.0,True,0.0,3,1,,,2025-01-13 02:21:34
664328008,Gelma,False,1.0,True,5.0,0,1,,,2025-01-13 02:21:36
423033523,Alberto,False,1.0,True,5.0,3,3,,,2025-01-13 02:21:37
296494797,Adilson Fernando,False,2.0,True,4.5,4,1,,,2025-01-13 02:21:39
119518729,Graci,True,29.0,True,5.0,2,5,,,2025-01-13 02:21:39
160894245,Claudia,False,1.0,True,4.0,1,0,,,2025-01-13 02:21:40
181894134,Micheline,False,0.0,True,0.0,1,1,,,2025-01-13 02:21:43
661555098,Romano,False,0.0,True,0.0,0,2,,,2025-01-13 02:21:43
120527456,Patrícia,False,0.0,True,0.0,1,1,,,2025-01-13 02:21:44
7009603,Melissa,False,2.0,True,5.0,0,2,,,2025-01-13 02:21:45
667448699,Venilson,False,0.0,True,0.0,0,0,,,2025-01-13 02:21:46
225630171,Pamela,False,1.0,True,5.0,0,1,,,2025-01-13 02:21:47
31482608,Thayse,False,21.0,True,5.0,7,0,,,2025-01-13 02:21:47
491515921,Maicon,False,0.0,True,0.0,0,0,,,2025-01-13 02:21:48
503099931,Marli,False,10.0,True,4.599999904632568,1,10,,,2025-01-13 02:21:49
171346802,Thiago,True,213.0,True,4.590000152587891,6,11,,,2025-01-13 02:21:50
321351102,Mariana,False,2.0,True,5.0,0,1,,,2025-01-13 02:21:50
438228053,Marineide,False,1.0,True,5.0,0,2,,,2025-01-13 02:21:50
335322010,Maiko,False,1.0,True,5.0,4,11,,,2025-01-13 02:21:51
376533155,Renata,False,38.0,True,4.920000076293945,4,1,,,2025-01-13 02:21:54
659470598,Gladys,False,3.0,True,4.670000076293945,0,1,,,2025-01-13 02:21:54
655304605,Yara,False,0.0,True,0.0,0,3,,,2025-01-13 02:21:54
233384371,Jucinei,False,0.0,True,0.0,1,1,,,2025-01-13 02:21:56
545403763,Ana Paula,False,3.0,True,5.0,0,1,,,2025-01-13 02:21:57
496386492,Marilda,False,6.0,True,5.0,1,11,,,2025-01-13 02:22:03
381606630,Micheli Janaina,False,0.0,True,0.0,0,0,,,2025-01-13 02:22:06
157541365,Nara,False,65.0,True,4.78000020980835,7,0,,,2025-01-13 02:22:09
268455389,Paulo,False,0.0,True,0.0,0,3,,,2025-01-13 02:22:14
466627759,André,False,0.0,True,0.0,2,3,,,2025-01-13 02:22:17
381771043,Clédsa,False,14.0,True,4.860000133514404,3,2,,,2025-01-13 02:22:18
435399234,Juliana,True,5.0,True,5.0,2,0,,,2025-01-13 02:22:18
431866320,Sirlane,False,3.0,True,5.0,3,1,,,2025-01-13 02:22:19
227004896,Rodrigo,False,5.0,True,4.800000190734863,1,3,,,2025-01-13 02:22:19
376199796,Deise,False,1.0,True,5.0,4,0,,,2025-01-13 02:22:19
157681969,Luciana,False,0.0,True,0.0,7,2,,,2025-01-13 02:22:21
324596091,Alceu,False,0.0,True,0.0,0,11,,,2025-01-13 02:22:22
46798051,Leo,False,21.0,True,4.760000228881836,8,9,,,2025-01-13 02:22:24
56718852,Márcia,False,50.0,True,4.659999847412109,8,11,,,2025-01-13 02:22:25
252039796,Luciano,False,4.0,True,4.75,0,11,,,2025-01-13 02:22:26
302395914,Maria,False,26.0,True,5.0,4,0,,,2025-01-13 02:22:26
480569054,Tatiana,False,1.0,True,4.0,2,2,,,2025-01-13 02:22:26
218514766,Marilete,False,1.0,True,5.0,5,6,,,2025-01-13 02:22:27
483303516,Kathrynne,False,0.0,True,0.0,0,2,,,2025-01-13 02:22:29
374182710,Vitoria,False,3.0,True,5.0,0,1,,,2025-01-13 02:22:30
491491053,Marco Robert,False,0.0,True,0.0,0,1,,,2025-01-13 02:22:34
228415150,Camila,False,0.0,True,0.0,1,5,,,2025-01-13 02:22:34
16676535,Glaucia Maria,False,1.0,True,5.0,0,7,,,2025-01-13 02:22:35
251197171,Jefson,False,1.0,True,5.0,1,2,,,2025-01-13 02:22:35
129305956,Raquel Sarita,False,19.0,True,4.840000152587891,3,6,,,2025-01-13 02:22:36
274071036,Evandro Mauricio,False,21.0,True,4.760000228881836,5,6,,,2025-01-13 02:22:37
153296376,Adriel,True,93.0,True,4.760000228881836,7,2,,,2025-01-13 02:22:39
27561390,Samuel,False,40.0,True,4.599999904632568,9,1,,,2025-01-13 02:22:43
316506408,Cinara,False,11.0,True,4.909999847412109,5,1,,,2025-01-13 02:22:44
107113095,Vania,False,2.0,True,5.0,4,1,,,2025-01-13 02:22:46
173888569,Norival,False,0.0,True,0.0,6,10,,,2025-01-13 02:22:47
357806736,Luiz Michael,True,23.0,True,4.829999923706055,1,3,,,2025-01-13 02:22:48
118497497,Leonardo,False,0.0,True,0.0,7,7,,,2025-01-13 02:22:48
497357882,Sergio,True,73.0,True,5.0,1,11,,,2025-01-13 02:22:49
375894315,Augusto,False,0.0,True,0.0,0,1,,,2025-01-13 02:22:50
253223494,Jeane,False,1.0,True,5.0,0,2,,,2025-01-13 02:22:51
373800187,Vitor Junior,False,2.0,True,5.0,4,2,,,2025-01-13 02:22:52
553225393,Cintia,True,17.0,True,4.880000114440918,1,0,,,2025-01-13 02:22:54
384933477,Paulo César,False,3.0,True,4.670000076293945,0,11,,,2025-01-13 02:22:54
215028507,Elisiane,False,1.0,True,5.0,0,1,,,2025-01-13 02:22:55
579053443,Hanibal,True,7.0,True,4.0,0,7,,,2025-01-13 02:22:55
319227148,Anfitrião Prime,False,5328.0,True,4.519999980926514,5,0,,,2025-01-13 02:22:56
153783398,Regina,False,2.0,True,5.0,0,9,,,2025-01-13 02:22:56
226613785,Ana Lucia,False,24.0,True,4.75,6,0,,,2025-01-13 02:22:57
28990103,Wiliam,True,44.0,True,4.929999828338623,5,11,,,2025-01-13 02:22:58
300576771,Nerise,False,0.0,True,0.0,5,3,,,2025-01-13 02:22:59
34364655,Marlon,False,5.0,True,5.0,0,9,,,2025-01-13 02:23:00
156213686,Andresa,False,41.0,True,4.829999923706055,6,11,,,2025-01-13 02:23:01
488084223,Alceu Osvaldo,False,3.0,True,4.670000076293945,2,1,,,2025-01-13 02:23:02
65249425,Helena,False,0.0,True,0.0,1,5,,,2025-01-13 02:23:03
121541734,Simone,False,0.0,True,0.0,7,9,,,2025-01-13 02:23:04
665018357,Mahayana,False,0.0,True,0.0,0,1,,,2025-01-13 02:23:04
297853996,Débora,False,2.0,True,4.5,4,0,,,2025-01-13 02:23:05
596612326,Indiara,False,1.0,True,5.0,0,4,,,2025-01-13 02:23:06
86117524,Joseane,False,6.0,True,5.0,1,0,,,2025-01-13 02:23:08
24551949,Julian,False,8.0,True,4.5,10,1,,,2025-01-13 02:23:08
310285601,Luca,True,118.0,True,4.889999866485596,4,0,,,2025-01-13 02:23:08
286900037,Patric,False,10.0,True,4.699999809265137,1,10,,,2025-01-13 02:23:08
160830266,Bruna,False,32.0,True,4.940000057220459,5,11,,,2025-01-13 02:23:09
431147135,Leonardo,False,8.0,True,5.0,1,4,,,2025-01-13 02:23:11
666208805,Fabiola,False,0.0,True,0.0,0,1,,,2025-01-13 02:23:11
78247164,Jonas,False,4.0,True,5.0,0,4,,,2025-01-13 02:23:11
190257351,Rosemary,False,0.0,True,0.0,6,7,,,2025-01-13 02:23:11
27187428,Mariana,False,2.0,True,5.0,0,2,,,2025-01-13 02:23:12
369701425,Juçara,True,28.0,True,4.820000171661377,4,2,,,2025-01-13 02:23:13
33151163,Paulo Vitor,True,79.0,True,4.940000057220459,7,10,,,2025-01-13 02:23:13
102285747,Luiz Carlos,False,49.0,True,4.670000076293945,8,2,,,2025-01-13 02:23:16
311724035,Vinicius,False,0.0,True,0.0,1,1,,,2025-01-13 02:23:16
76010800,Rafael,False,33.0,True,4.909999847412109,6,2,,,2025-01-13 02:23:17
323851619,Rose,False,5.0,True,5.0,4,11,,,2025-01-13 02:23:19
515721824,Andre,True,9.0,True,4.889999866485596,1,1,,,2025-01-13 02:23:19
525875366,Matheus,False,2.0,True,5.0,1,5,,,2025-01-13 02:23:21
663742929,Eolita,False,0.0,True,0.0,0,1,,,2025-01-13 02:23:22
269515817,Sinara,False,0.0,True,0.0,5,1,,,2025-01-13 02:23:23
106268855,Carla,False,6.0,True,5.0,5,2,,,2025-01-13 02:23:25
249305002,Marco Antonio,False,1.0,True,5.0,0,2,,,2025-01-13 02:23:26
332098557,Vânia,False,2.0,True,5.0,0,11,,,2025-01-13 02:23:27
663298353,Fabiano,False,0.0,True,0.0,0,1,,,2025-01-13 02:23:28
494072726,Alessandra,True,21.0,True,5.0,0,11,,,2025-01-13 02:23:28
244602273,Denis,False,0.0,True,0.0,3,2,,,2025-01-13 02:23:29
131316335,Fernando,False,24.0,True,4.960000038146973,6,5,,,2025-01-13 02:23:29
585855067,Juliano,False,3.0,True,5.0,0,6,,,2025-01-13 02:23:29
225434762,Silvania,False,17.0,True,4.940000057220459,6,1,,,2025-01-13 02:23:31
362289299,Joseane,False,50.0,True,4.800000190734863,3,2,,,2025-01-13 02:23:31
548287147,Paola,True,6.0,True,4.829999923706055,1,1,,,2025-01-13 02:23:31
165244282,Carolyn,False,2.0,True,5.0,4,0,,,2025-01-13 02:23:32
67112643,Isabela,False,8.0,True,4.75,5,0,,,2025-01-13 02:23:33
553502936,Marcia,False,0.0,True,0.0,1,0,,,2025-01-13 02:23:35
131896610,Paula,False,4.0,True,5.0,1,1,,,2025-01-13 02:23:37
546129988,Naim,False,3.0,True,4.0,1,2,,,2025-01-13 02:23:37
552760198,Laureci,False,2.0,True,5.0,1,0,,,2025-01-13 02:23:39
228403370,Ivana,False,6.0,True,4.5,4,0,,,2025-01-13 02:23:40
498882584,Pedro,False,5.0,True,5.0,1,11,,,2025-01-13 02:23:41
576561935,Eduardo,False,1.0,True,5.0,0,7,,,2025-01-13 02:23:41
108700429,Santiago,False,18.0,True,4.829999923706055,8,0,,,2025-01-13 02:23:41
586914991,Gisele Vargas,False,2.0,True,5.0,0,1,,,2025-01-13 02:23:43
502436119,Rosangela,False,3.0,True,4.670000076293945,1,10,,,2025-01-13 02:23:43
53704251,Elvira,True,59.0,True,4.809999942779541,9,0,,,2025-01-13 02:23:44
162244623,Altamir,False,15.0,True,4.929999828338623,3,2,,,2025-01-13 02:23:46
179577819,Ieda,False,13.0,True,5.0,6,9,,,2025-01-13 02:23:47
543245988,Irlneu Cardoso,False,1.0,True,5.0,1,2,,,2025-01-13 02:23:52
492905243,Ivan,False,1.0,True,5.0,0,3,,,2025-01-13 02:23:53
592891905,Keila,False,0.0,True,0.0,0,4,,,2025-01-13 02:23:56
485236907,Mariana,False,3.0,True,5.0,2,2,,,2025-01-13 02:23:57
332417693,Anna Gabriela,False,1.0,True,5.0,0,6,,,2025-01-13 02:23:58
104867797,Emmanuel,False,1.0,True,5.0,3,0,,,2025-01-13 02:23:58
383660491,Person,False,5.0,True,4.0,3,4,,,2025-01-13 02:23:59
57580549,Eliane,True,287.0,True,4.860000133514404,8,11,,,2025-01-13 02:24:02
106330361,Jaqueline,False,8.0,True,5.0,3,1,,,2025-01-13 02:24:04
549729407,Vanessa,False,3.0,True,5.0,1,1,,,2025-01-13 02:24:04
248287053,Thiago,False,8.0,True,4.75,1,0,,,2025-01-13 02:24:05
299061122,Isana,False,10.0,True,5.0,3,7,,,2025-01-13 02:24:06
429303042,Roseli,False,2.0,True,5.0,1,0,,,2025-01-13 02:24:11
549260873,Yasmin,False,1.0,True,5.0,1,1,,,2025-01-13 02:24:11
665857927,Douglas,False,0.0,True,0.0,0,1,,,2025-01-13 02:24:12
44291174,Ricardo Weg,True,346.0,True,4.929999828338623,6,2,,,2025-01-13 02:24:13
456024308,Angela,True,23.0,True,4.909999847412109,2,8,,,2025-01-13 02:24:14
483524395,Luiz,False,0.0,True,0.0,1,1,,,2025-01-13 02:24:16
398639276,Mauricio,False,3.0,True,5.0,2,0,,,2025-01-13 02:24:17
508829317,Rodrigo,False,3.0,True,4.670000076293945,1,2,,,2025-01-13 02:24:18
482395736,Amanda,False,4.0,True,5.0,2,3,,,2025-01-13 02:24:19
212119218,Anderson,False,0.0,True,0.0,2,5,,,2025-01-13 02:24:20
462941209,Janice,False,1.0,True,5.0,0,1,,,2025-01-13 02:24:21
377247370,Silvana,False,1.0,True,5.0,4,0,,,2025-01-13 02:24:25
407886456,Jackson,False,49.0,True,4.880000114440918,3,6,,,2025-01-13 02:24:26
265470211,Sidinei,False,14.0,True,4.860000133514404,5,1,,,2025-01-13 02:24:27
242553173,Tamires,False,4.0,True,5.0,5,1,,,2025-01-13 02:24:28
539028126,Suzana,False,3.0,True,5.0,1,3,,,2025-01-13 02:24:29
232534010,Marta,True,27.0,True,4.590000152587891,6,0,,,2025-01-13 02:24:31
659482338,Bruna,False,0.0,True,0.0,0,2,,,2025-01-13 02:24:33
77266046,Florencio,False,1.0,True,5.0,0,0,,,2025-01-13 02:24:36
659754862,Micheline,False,1.0,True,5.0,0,2,,,2025-01-13 02:24:37
437298914,Patricia,False,1.0,True,4.0,1,0,,,2025-01-13 02:24:39
431907730,Karla Rosalyn,False,15.0,True,4.869999885559082,3,1,,,2025-01-13 02:24:40
543686342,Lucas,False,0.0,True,0.0,1,2,,,2025-01-13 02:24:41
231172215,Sergio,False,14.0,True,4.789999961853027,6,0,,,2025-01-13 02:24:42
334916935,Matheus,False,3.0,True,5.0,1,0,,,2025-01-13 02:24:44
28705962,Haley,False,13.0,True,4.920000076293945,6,0,,,2025-01-13 02:24:45
498703342,Fernando,False,0.0,True,0.0,0,1,,,2025-01-13 02:24:46
668293903,Hecio Jose,False,1.0,True,5.0,0,0,,,2025-01-13 02:24:47
257657377,Velausen,True,11.0,True,5.0,1,11,,,2025-01-13 02:24:51
159132424,Lenita,False,0.0,True,0.0,7,0,,,2025-01-13 02:24:51
31226565,Carlos Luciano,False,10.0,True,4.900000095367432,2,5,,,2025-01-13 02:24:53
237876168,Renilda,True,29.0,True,5.0,5,11,,,2025-01-13 02:24:59
73707795,Rachel,True,220.0,True,4.980000019073486,7,0,,,2025-01-13 02:25:01
530739855,Joaquina,False,4.0,True,5.0,1,5,,,2025-01-13 02:25:06
364996446,Keyla Mara,False,10.0,True,5.0,3,1,,,2025-01-13 02:25:09
596690603,Joao Pedro,False,0.0,True,0.0,0,4,,,2025-01-13 02:25:09
144660561,Nicoly,False,1.0,True,4.0,6,5,,,2025-01-13 02:25:09
186585666,Maicon,True,68.0,True,4.989999771118164,6,8,,,2025-01-13 02:25:10
317532674,Santiago,False,15.0,True,4.599999904632568,3,6,,,2025-01-13 02:25:12
566105040,Muriel,False,0.0,True,0.0,0,3,,,2025-01-13 02:25:13
117763717,Jones Mário,True,11.0,True,5.0,7,10,,,2025-01-13 02:25:15
337026052,Airton,False,5.0,True,5.0,3,0,,,2025-01-13 02:25:16
149861001,Shayane,False,0.0,True,0.0,1,1,,,2025-01-13 02:25:17
318477256,Alessandro,True,38.0,True,4.820000171661377,5,0,,,2025-01-13 02:25:18
375147651,Juliana,False,42.0,True,4.690000057220459,4,2,,,2025-01-13 02:25:19
484803951,Aline Francieli,False,2.0,True,5.0,0,1,,,2025-01-13 02:25:21
431408124,Vanessa,False,0.0,True,0.0,0,1,,,2025-01-13 02:25:21
569312114,José Catarina,True,18.0,True,5.0,0,9,,,2025-01-13 02:25:24
567107459,Claudete,False,0.0,True,0.0,0,9,,,2025-01-13 02:25:24
9084471,Rodrigo,False,32.0,True,4.78000020980835,8,3,,,2025-01-13 02:25:24
659769956,Daniela,False,0.0,True,0.0,0,2,,,2025-01-13 02:25:24
102723242,Felipe,False,0.0,True,0.0,2,3,,,2025-01-13 02:25:26
162106468,Kleiton,False,131.0,True,4.769999980926514,7,0,,,2025-01-13 02:25:27
552617515,Máquio,False,1.0,True,5.0,1,0,,,2025-01-13 02:25:27
312939718,Maykon,False,19.0,True,4.739999771118164,5,1,,,2025-01-13 02:25:29
663226397,Regiane,False,0.0,True,0.0,0,1,,,2025-01-13 02:25:30
297111596,Julio Cesar,False,0.0,True,0.0,5,3,,,2025-01-13 02:25:31
381372027,Gustavo,False,1.0,True,5.0,1,2,,,2025-01-13 02:25:33
115154732,Lisiane,True,76.0,True,4.739999771118164,7,11,,,2025-01-13 02:25:37
112456042,Cláudia,True,14.0,True,4.710000038146973,6,11,,,2025-01-13 02:25:37
55102257,Moisés,True,53.0,True,5.0,1,4,,,2025-01-13 02:25:37
220694322,Roberto,False,0.0,True,0.0,6,2,,,2025-01-13 02:25:37
319665944,Adriana,False,9.0,True,4.21999979019165,2,5,,,2025-01-13 02:25:38
532178967,Mauro Bevilaqua,False,3.0,True,5.0,1,1,,,2025-01-13 02:25:39
167418369,Cristiane,False,1.0,True,5.0,0,10,,,2025-01-13 02:25:40
419818403,Liane,False,1.0,True,5.0,3,3,,,2025-01-13 02:25:41
49344444,Melissa,False,17.0,True,4.940000057220459,5,6,,,2025-01-13 02:25:42
420698857,Carolina,False,0.0,True,0.0,2,0,,,2025-01-13 02:25:44
668234945,Edmo,False,4.0,True,5.0,0,0,,,2025-01-13 02:25:46
171009827,Franciane,False,4.0,True,5.0,0,11,,,2025-01-13 02:25:47
166783222,Michele,False,16.0,True,5.0,5,2,,,2025-01-13 02:25:47
663942337,Jocimar,False,1.0,True,5.0,0,1,,,2025-01-13 02:25:48
662148418,Adriana,False,0.0,True,0.0,0,1,,,2025-01-13 02:25:49
534657144,Kellin,False,1.0,True,5.0,0,2,,,2025-01-13 02:25:49
329011622,Adair,False,7.0,True,5.0,4,11,,,2025-01-13 02:25:50
485417531,Janaina,False,5.0,True,5.0,2,2,,,2025-01-13 02:25:53
156633396,Tati,False,0.0,True,0.0,1,1,,,2025-01-13 02:25:54
541296980,Pedro,False,1.0,True,4.0,1,1,,,2025-01-13 02:25:55
529722001,Bruna,False,7.0,True,4.710000038146973,1,0,,,2025-01-13 02:25:58
138334153,Neli,False,28.0,True,4.960000038146973,7,3,,,2025-01-13 02:26:00
249951767,Thayse,True,116.0,True,4.96999979019165,4,0,,,2025-01-13 02:26:02
161742491,Gustavo,True,46.0,True,4.889999866485596,7,0,,,2025-01-13 02:26:05
425429201,Luciane Carla,False,0.0,True,0.0,2,5,,,2025-01-13 02:26:06
489908528,Thayse,True,19.0,True,5.0,2,1,,,2025-01-13 02:26:07
109364961,Luiz Alcides,True,54.0,True,4.909999847412109,8,0,,,2025-01-13 02:26:09
663203205,Katiuscia,False,2.0,True,5.0,0,1,,,2025-01-13 02:26:09
389604695,Liara,True,27.0,True,4.929999828338623,3,9,,,2025-01-13 02:26:10
429795319,Grazi,False,0.0,True,0.0,0,7,,,2025-01-13 02:26:11
148105677,Andre,False,0.0,True,0.0,0,1,,,2025-01-13 02:26:11
220626807,Carlos,False,0.0,True,0.0,1,1,,,2025-01-13 02:26:13
653857333,Sandra,False,1.0,True,5.0,0,3,,,2025-01-13 02:26:16
650602517,Day Motta,False,2.0,True,5.0,0,0,,,2025-01-13 02:26:20
655505735,Ana Teresinha,False,1.0,True,4.0,0,3,,,2025-01-13 02:26:23
166345971,Omaga,False,19.0,True,4.889999866485596,3,1,,,2025-01-13 02:26:24
35566716,Adrián Matias,False,49.0,True,4.570000171661377,9,1,,,2025-01-13 02:26:27
216958144,Vera Fatima,False,62.0,True,4.710000038146973,6,3,,,2025-01-13 02:26:28
154077834,Fetiesc,False,0.0,True,0.0,0,5,,,2025-01-13 02:26:28
528200178,Iam Design,False,0.0,True,0.0,1,5,,,2025-01-13 02:26:29
213219877,Gabriel,False,0.0,True,0.0,5,6,,,2025-01-13 02:26:29
111187545,Rui Miguel,False,0.0,True,0.0,5,4,,,2025-01-13 02:26:29
156106311,Francieli,False,8.0,True,5.0,1,11,,,2025-01-13 02:26:31
510357759,Marga Angela,True,47.0,True,4.980000019073486,1,8,,,2025-01-13 02:26:34
308168835,Adilson Rodrigues,False,14.0,True,4.789999961853027,5,2,,,2025-01-13 02:26:34
429416702,Nara,False,6.0,True,4.829999923706055,2,2,,,2025-01-13 02:26:36
169900731,Moacir,False,0.0,True,0.0,6,6,,,2025-01-13 02:26:36
426361261,Jaqueline Hahnemann,True,27.0,True,4.929999828338623,3,3,,,2025-01-13 02:26:38
227013163,Luciana,True,42.0,True,4.860000133514404,5,0,,,2025-01-13 02:26:38
41700892,Rapha,False,1.0,True,2.0,9,4,,,2025-01-13 02:26:40
271072651,Cadu,False,1.0,True,5.0,5,6,,,2025-01-13 02:26:42
437134351,Claudia Regina,False,6.0,True,4.670000076293945,3,0,,,2025-01-13 02:26:43
145439182,Jaida,False,2.0,True,5.0,0,2,,,2025-01-13 02:26:44
596915180,Douglas,True,11.0,True,5.0,0,3,,,2025-01-13 02:26:44
666136733,Roque,False,4.0,True,5.0,0,1,,,2025-01-13 02:26:44
391416979,Siluan,False,1.0,True,5.0,1,9,,,2025-01-13 02:26:45
491936568,Gisele,False,3.0,True,3.670000076293945,2,0,,,2025-01-13 02:26:47
487523223,Maira Cibele,False,13.0,True,4.769999980926514,2,0,,,2025-01-13 02:26:47
404481234,Ana Rúbia,False,0.0,True,0.0,3,2,,,2025-01-13 02:26:48
667775411,Ediana,False,1.0,True,5.0,0,0,,,2025-01-13 02:26:49
178028206,Kleber,True,105.0,True,4.989999771118164,5,5,,,2025-01-13 02:26:50
258679257,Wellinton,False,4.0,True,5.0,0,3,,,2025-01-13 02:26:52
200426049,Rosimara,False,0.0,True,0.0,0,2,,,2025-01-13 02:26:53
150183826,Samara,True,25.0,True,5.0,7,4,,,2025-01-13 02:26:54
259280631,Isaqueu,False,2.0,True,5.0,0,1,,,2025-01-13 02:26:56
462772427,Patricia,False,1.0,True,5.0,0,3,,,2025-01-13 02:26:57
103440878,Angelica,False,1.0,True,5.0,0,1,,,2025-01-13 02:27:01
9053350,Marcos Benatti,False,12.0,True,4.5,10,2,,,2025-01-13 02:27:02
274607875,Emerson,False,0.0,True,0.0,1,8,,,2025-01-13 02:27:02
667956158,Maristela,False,0.0,True,0.0,0,0,,,2025-01-13 02:27:05
193852558,Vandro,False,4.0,True,4.75,6,7,,,2025-01-13 02:27:06
589186275,Nelson,True,11.0,True,5.0,0,5,,,2025-01-13 02:27:06
485942934,Luciana,False,8.0,True,4.880000114440918,2,2,,,2025-01-13 02:27:07
120964560,Selma,True,223.0,True,4.949999809265137,5,2,,,2025-01-13 02:27:07
3062823,Leonardo,False,1.0,True,5.0,10,9,,,2025-01-13 02:27:07
439660269,Paola,False,20.0,True,4.800000190734863,2,0,,,2025-01-13 02:27:09
376213103,Luciano,False,2.0,True,4.5,3,2,,,2025-01-13 02:27:09
146316500,Luiz Antonio,False,1.0,True,5.0,1,11,,,2025-01-13 02:27:11
209357340,Samuel Lucas,False,0.0,True,0.0,1,11,,,2025-01-13 02:27:12
228914327,Eugenio Claudio,False,2.0,True,5.0,3,3,,,2025-01-13 02:27:14
662673899,Claudia,False,0.0,True,0.0,0,1,,,2025-01-13 02:27:15
435509246,Vanderlei,False,7.0,True,4.860000133514404,3,0,,,2025-01-13 02:27:16
404898794,Roselei Carls,False,11.0,True,4.820000171661377,3,6,,,2025-01-13 02:27:20
40991416,Tiago,False,0.0,True,0.0,8,4,,,2025-01-13 02:27:20
655515728,Sabrina,False,1.0,True,5.0,0,3,,,2025-01-13 02:27:22
366300202,Michael,False,0.0,True,0.0,3,2,,,2025-01-13 02:27:22
480836598,Paulo,False,33.0,True,4.210000038146973,2,2,,,2025-01-13 02:27:22
561945089,Pedro Francisco,False,0.0,True,0.0,0,2,,,2025-01-13 02:27:26
37074549,Fernando,True,30.0,True,4.829999923706055,9,5,,,2025-01-13 02:27:26
499195919,Cyntia,False,0.0,True,0.0,1,11,,,2025-01-13 02:27:26
667249617,Vini,False,0.0,True,0.0,0,0,,,2025-01-13 02:27:26
174629659,Silvania,False,1.0,True,5.0,1,1,,,2025-01-13 02:27:29
557036025,Jackson,False,0.0,True,0.0,0,11,,,2025-01-13 02:27:29
280075695,Ilmara,True,7.0,True,4.710000038146973,5,5,,,2025-01-13 02:27:30
280097990,Elisabeth,True,20.0,True,4.900000095367432,1,0,,,2025-01-13 02:27:31
285656313,Tavares,False,0.0,True,0.0,0,0,,,2025-01-13 02:27:32
488571961,Suelem,True,22.0,True,4.820000171661377,2,1,,,2025-01-13 02:27:35
129653205,Olaurita,False,2.0,True,4.0,2,7,,,2025-01-13 02:27:35
485047305,Fabiano,False,2.0,True,5.0,2,2,,,2025-01-13 02:27:43
93463825,Bianca,False,2.0,True,5.0,0,11,,,2025-01-13 02:27:46
554278783,Eduardo Raphael Nielsen,False,1.0,True,4.0,0,4,,,2025-01-13 02:27:50
491078440,Sueli,False,3.0,True,5.0,2,1,,,2025-01-13 02:27:51
52982144,Val,False,0.0,True,0.0,1,11,,,2025-01-13 02:27:51
287171574,Lucas,True,21.0,True,5.0,1,1,,,2025-01-13 02:27:52
529268905,Patricia,False,1.0,True,5.0,1,5,,,2025-01-13 02:27:54
113630743,Tânia Maria,True,23.0,True,4.829999923706055,7,11,,,2025-01-13 02:27:57
430043694,Rubem,False,1.0,True,5.0,3,2,,,2025-01-13 02:27:57
371795715,Renata Pech,True,44.0,True,4.840000152587891,4,3,,,2025-01-13 02:27:59
171984936,Ana Paula,False,3.0,True,4.670000076293945,6,11,,,2025-01-13 02:28:03
226638643,Rogerio,False,21.0,True,4.860000133514404,5,3,,,2025-01-13 02:28:03
493033982,Sônia Walfride,False,6.0,True,5.0,2,0,,,2025-01-13 02:28:03
163719561,Mauricio Gustavo,False,76.0,True,4.860000133514404,6,8,,,2025-01-13 02:28:04
155369575,Silvio,False,5.0,True,4.800000190734863,1,3,,,2025-01-13 02:28:04
238932071,Alexandra Bernadete,False,1.0,True,5.0,5,11,,,2025-01-13 02:28:06
546773227,Kenedy,False,2.0,True,5.0,0,11,,,2025-01-13 02:28:08
244993579,Waldir,False,0.0,True,0.0,2,11,,,2025-01-13 02:28:09
305696307,Higor,False,0.0,True,0.0,0,0,,,2025-01-13 02:28:13
435690796,Tiago,False,19.0,True,4.949999809265137,3,0,,,2025-01-13 02:28:14
219316956,Júlio Alberto,False,1.0,True,5.0,0,5,,,2025-01-13 02:28:15
495493144,Thalita,False,6.0,True,4.829999923706055,2,0,,,2025-01-13 02:28:16
553535120,Andréa,False,0.0,True,0.0,0,3,,,2025-01-13 02:28:17
483760167,Leandra,False,2.0,True,4.0,2,2,,,2025-01-13 02:28:17
236833168,Lutielen,True,27.0,True,4.960000038146973,5,11,,,2025-01-13 02:28:21
182050913,Paulo Ricardo,True,145.0,True,4.929999828338623,3,7,,,2025-01-13 02:28:22
371256840,Caroline,False,55.0,True,4.670000076293945,4,2,,,2025-01-13 02:28:23
658499208,Kleber,False,1.0,True,4.0,0,2,,,2025-01-13 02:28:23
305132451,Sergio,False,18.0,True,4.940000057220459,5,2,,,2025-01-13 02:28:23
92782985,Ursula,True,39.0,True,4.949999809265137,4,2,,,2025-01-13 02:28:24
442513612,Clemencia,False,4.0,True,5.0,1,2,,,2025-01-13 02:28:26
323641346,Luana,False,0.0,True,0.0,1,0,,,2025-01-13 02:28:26
526864320,Rosane,True,20.0,True,4.949999809265137,1,5,,,2025-01-13 02:28:28
389277279,Cristiane,False,7.0,True,4.860000133514404,1,1,,,2025-01-13 02:28:32
53499566,Lucas,False,15.0,True,5.0,1,10,,,2025-01-13 02:28:33
349286873,Meline,False,0.0,True,0.0,0,9,,,2025-01-13 02:28:33
429305362,Maicon,False,14.0,True,4.360000133514404,1,0,,,2025-01-13 02:28:35
412321792,Vanessa,False,3.0,True,5.0,0,7,,,2025-01-13 02:28:36
329276848,Rosmari,False,10.0,True,4.900000095367432,4,11,,,2025-01-13 02:28:41
291010584,Rosa Helena,False,5.0,True,5.0,3,1,,,2025-01-13 02:28:42
115375904,Christian,True,45.0,True,4.800000190734863,2,4,,,2025-01-13 02:28:42
50676918,Decio,False,4.0,True,4.25,6,2,,,2025-01-13 02:28:44
31885329,Luise,False,9.0,True,4.78000020980835,8,0,,,2025-01-13 02:28:46
266264213,Beatrice,False,23.0,True,5.0,2,0,,,2025-01-13 02:28:47
84811719,Franco José,False,0.0,True,0.0,0,1,,,2025-01-13 02:28:48
663137426,Ana,False,1.0,True,5.0,0,1,,,2025-01-13 02:28:49
253005568,Josue,False,7.0,True,5.0,2,1,,,2025-01-13 02:28:50
239069600,Jose Renato,False,0.0,True,0.0,0,11,,,2025-01-13 02:28:50
503752106,Mariê,False,0.0,True,0.0,0,11,,,2025-01-13 02:28:52
294065583,Rubiani,False,0.0,True,0.0,2,9,,,2025-01-13 02:28:52
173252898,Ana Luiza,False,2.0,True,5.0,0,1,,,2025-01-13 02:28:53
148104047,Angelo,True,43.0,True,4.809999942779541,7,3,,,2025-01-13 02:28:53
298904635,Jeane,False,5.0,True,5.0,0,2,,,2025-01-13 02:28:54
428530480,Luciana,True,24.0,True,4.880000114440918,2,4,,,2025-01-13 02:28:56
10735772,Ursula,False,55.0,True,4.929999828338623,9,0,,,2025-01-13 02:28:58
118409509,Poliana,True,31.0,True,5.0,1,10,,,2025-01-13 02:29:04
10884438,Ulisses,False,1.0,True,3.0,7,1,,,2025-01-13 02:29:05
433948228,Karina,False,4.0,True,5.0,3,1,,,2025-01-13 02:29:05
202862054,Nicolle,False,2.0,True,5.0,0,1,,,2025-01-13 02:29:06
138416888,Jociane,False,0.0,True,0.0,2,1,,,2025-01-13 02:29:07
171583124,Patrick,False,0.0,True,0.0,2,10,,,2025-01-13 02:29:08
89530790,Welynton,False,0.0,True,0.0,5,0,,,2025-01-13 02:29:11
106009433,Jeison,True,155.0,True,4.900000095367432,8,1,,,2025-01-13 02:29:14
499082910,Giseli,False,3.0,True,5.0,0,10,,,2025-01-13 02:29:15
659396593,Jhonatan,False,0.0,True,0.0,0,1,,,2025-01-13 02:29:17
659275139,Maria Aparecida Valentini,False,0.0,True,0.0,0,2,,,2025-01-13 02:29:18
554551418,Thamires,False,2.0,True,5.0,1,0,,,2025-01-13 02:29:18
538054323,Leonardo,False,1.0,True,5.0,0,0,,,2025-01-13 02:29:22
349810128,Vanessa,False,12.0,True,5.0,4,7,,,2025-01-13 02:29:22
43778102,Daniel,True,59.0,True,4.920000076293945,8,0,,,2025-01-13 02:29:23
454153739,Hebe,False,0.0,True,0.0,0,0,,,2025-01-13 02:29:27
10159650,Fabíola,True,42.0,True,4.880000114440918,11,1,,,2025-01-13 02:29:27
142978320,Andressa,True,11.0,True,5.0,6,2,,,2025-01-13 02:29:28
381347375,Vanderleia,False,11.0,True,4.269999980926514,4,0,,,2025-01-13 02:29:29
178454858,Gilmar,False,28.0,True,5.0,6,9,,,2025-01-13 02:29:29
584920080,Fernando Da,False,0.0,True,0.0,0,3,,,2025-01-13 02:29:31
370169853,Vania,False,15.0,True,4.929999828338623,4,0,,,2025-01-13 02:29:33
118671435,Janine,True,49.0,True,4.960000038146973,7,1,,,2025-01-13 02:29:35
381305522,Pamela Andrade,False,9.0,True,4.78000020980835,4,0,,,2025-01-13 02:29:35
507536174,Marcos,False,3.0,True,5.0,1,9,,,2025-01-13 02:29:36
592485372,Íghor,False,2.0,True,3.0,0,5,,,2025-01-13 02:29:36
23490099,Greyci Backes Bolzan,True,26.0,True,4.920000076293945,2,11,,,2025-01-13 02:29:37
151399458,Noemy,False,0.0,True,0.0,5,4,,,2025-01-13 02:29:38
662184419,Neusa Maria,False,0.0,True,0.0,0,1,,,2025-01-13 02:29:40
368341452,Franciele,False,2.0,True,5.0,1,0,,,2025-01-13 02:29:40
160557430,Ana Julia,False,2.0,True,4.5,1,4,,,2025-01-13 02:29:41
199793253,Caroline,False,22.0,True,4.860000133514404,6,6,,,2025-01-13 02:29:41
43698182,Ruan,False,42.0,True,4.880000114440918,6,9,,,2025-01-13 02:29:44
502527203,Katiani,False,10.0,True,4.800000190734863,1,10,,,2025-01-13 02:29:46
517416800,Giovana,False,0.0,True,0.0,1,7,,,2025-01-13 02:29:49
329907586,Leonardo,True,60.0,True,4.769999980926514,4,11,,,2025-01-13 02:29:51
559123309,Claudiana,False,1.0,True,5.0,0,11,,,2025-01-13 02:29:57
596330885,Patrícia,False,2.0,True,5.0,0,4,,,2025-01-13 02:29:58
172995530,Thalyta,False,0.0,True,0.0,0,0,,,2025-01-13 02:29:59
249492694,Nadiny Da Silva,False,0.0,True,0.0,0,10,,,2025-01-13 02:30:00
153773579,Eduarda,True,58.0,True,4.980000019073486,3,4,,,2025-01-13 02:30:04
543187577,Iride,False,0.0,True,0.0,0,0,,,2025-01-13 02:30:04
659602228,Karoliny R R Zimmermann,False,2.0,True,5.0,0,2,,,2025-01-13 02:30:04
346582211,Lair Eugenia,True,43.0,True,4.929999828338623,4,7,,,2025-01-13 02:30:05
230686227,Rosane Figueiredo,True,47.0,True,4.639999866485596,6,0,,,2025-01-13 02:30:06
433162432,Adriana,False,28.0,True,4.889999866485596,3,1,,,2025-01-13 02:30:07
23425701,Gabriela,True,185.0,True,4.900000095367432,9,10,,,2025-01-13 02:30:10
328765192,Maria Francisca,False,47.0,True,4.980000019073486,3,2,,,2025-01-13 02:30:11
217024658,Joniel,False,5.0,True,5.0,1,0,,,2025-01-13 02:30:14
442491043,Eraldo Paulo,False,7.0,True,5.0,2,11,,,2025-01-13 02:30:16
533159371,Rafael,False,5.0,True,5.0,1,4,,,2025-01-13 02:30:17
117542880,Thaíse,False,9.0,True,5.0,1,11,,,2025-01-13 02:30:18
147723620,Sydney Silva,False,2.0,True,5.0,0,1,,,2025-01-13 02:30:19
447273123,Adriana,True,36.0,True,4.96999979019165,2,10,,,2025-01-13 02:30:20
169160527,Gláucia,False,0.0,True,0.0,6,11,,,2025-01-13 02:30:20
424702301,Flavio,True,34.0,True,4.849999904632568,3,2,,,2025-01-13 02:30:20
432757385,Cleberson,True,24.0,True,5.0,3,1,,,2025-01-13 02:30:22
480354853,Paulo Adriano,True,15.0,True,4.929999828338623,2,3,,,2025-01-13 02:30:24
493556271,Rosane De Fatima,False,3.0,True,5.0,2,0,,,2025-01-13 02:30:25
107271093,Dailon,False,7.0,True,5.0,0,3,,,2025-01-13 02:30:27
193868620,Helio,True,41.0,True,5.0,5,11,,,2025-01-13 02:30:28
10345238,Carolina,True,23.0,True,4.829999923706055,11,1,,,2025-01-13 02:30:28
140421589,Norton,False,34.0,True,4.820000171661377,7,0,,,2025-01-13 02:30:28
443145137,Andressa,False,4.0,True,5.0,2,11,,,2025-01-13 02:30:35
81645144,Fabiane,True,9.0,True,5.0,1,0,,,2025-01-13 02:30:35
232698226,Marco,True,14.0,True,5.0,3,0,,,2025-01-13 02:30:36
374349951,Zauri,True,87.0,True,4.900000095367432,4,2,,,2025-01-13 02:30:37
426126179,Marina,False,4.0,True,5.0,1,0,,,2025-01-13 02:30:39
513098913,Ju,False,9.0,True,5.0,1,8,,,2025-01-13 02:30:41
596027465,Regis Cesario,False,2.0,True,5.0,0,1,,,2025-01-13 02:30:41
552458835,Cleide Maria,True,15.0,True,4.869999885559082,1,0,,,2025-01-13 02:30:41
103981192,Mayara,False,3.0,True,4.329999923706055,7,0,,,2025-01-13 02:30:44
270088654,Sandra,False,0.0,True,0.0,0,2,,,2025-01-13 02:30:44
593615527,Vitória Roberta,False,1.0,True,5.0,0,5,,,2025-01-13 02:30:45
336068611,Rafaela,False,0.0,True,0.0,0,10,,,2025-01-13 02:30:47
179052784,Juliana,False,3.0,True,4.329999923706055,5,0,,,2025-01-13 02:30:48
296809674,Luiz,True,53.0,True,4.980000019073486,5,3,,,2025-01-13 02:30:51
273774996,Samuel,False,39.0,True,4.619999885559082,5,2,,,2025-01-13 02:30:53
145863045,Cristina,False,2.0,True,5.0,0,3,,,2025-01-13 02:30:54
545104809,Cristiana,False,6.0,True,5.0,0,10,,,2025-01-13 02:30:54
127219435,Ronaldo,False,18.0,True,4.78000020980835,7,1,,,2025-01-13 02:30:55
369902333,Tiago,False,14.0,True,4.789999961853027,4,0,,,2025-01-13 02:30:55
123884090,Ricardo,False,6.0,True,4.829999923706055,6,11,,,2025-01-13 02:30:55
154304140,Alexandre,False,0.0,True,0.0,0,0,,,2025-01-13 02:30:56
562062085,Irondi,True,13.0,True,5.0,0,4,,,2025-01-13 02:30:56
428153687,Diego,False,6.0,True,4.5,2,1,,,2025-01-13 02:30:57
399381518,Bruna,False,2.0,True,5.0,0,0,,,2025-01-13 02:30:58
545793013,Luiz Gustavo,False,1.0,True,5.0,0,4,,,2025-01-13 02:30:59
158408860,Luiz,True,20.0,True,4.800000190734863,0,10,,,2025-01-13 02:31:00
233485538,Rosângela,False,3.0,True,5.0,1,1,,,2025-01-13 02:31:00
412552037,Taliziê,False,0.0,True,0.0,2,1,,,2025-01-13 02:31:02
282602332,Joselita,True,22.0,True,5.0,3,1,,,2025-01-13 02:31:04
371131601,Daniel,False,3.0,True,3.670000076293945,4,0,,,2025-01-13 02:31:04
371957461,Jonas,False,0.0,True,0.0,3,3,,,2025-01-13 02:31:05
171684111,Daniel,False,28.0,True,4.639999866485596,6,10,,,2025-01-13 02:31:05
401930390,Cassiano,False,7.0,True,4.710000038146973,3,7,,,2025-01-13 02:31:06
426677805,Jessica,False,0.0,True,0.0,2,7,,,2025-01-13 02:31:08
89024461,Emerson,False,6.0,True,4.670000076293945,1,1,,,2025-01-13 02:31:11
156871714,Rodrigo,False,2.0,True,5.0,0,3,,,2025-01-13 02:31:12
556894631,Everaldo,False,0.0,True,0.0,0,6,,,2025-01-13 02:31:12
654793174,Leonardo,False,2.0,True,5.0,0,1,,,2025-01-13 02:31:15
335354388,Valmor,False,11.0,True,4.639999866485596,4,11,,,2025-01-13 02:31:17
318699493,Daniela,False,10.0,True,5.0,5,0,,,2025-01-13 02:31:20
490118704,Joao Carlos,False,1.0,True,5.0,2,1,,,2025-01-13 02:31:21
515987068,Suelyn,False,1.0,True,5.0,0,11,,,2025-01-13 02:31:23
446108750,Leonardo,False,1.0,True,5.0,1,1,,,2025-01-13 02:31:25
226297333,Katiusci,False,18.0,True,4.829999923706055,6,1,,,2025-01-13 02:31:27
291557375,Lu,True,28.0,True,4.860000133514404,2,8,,,2025-01-13 02:31:28
667610809,Nataly Caroline,False,0.0,True,0.0,0,0,,,2025-01-13 02:31:31
423212079,Edson,False,47.0,True,4.769999980926514,3,3,,,2025-01-13 02:31:34
142707286,Tania.,False,202.0,True,4.820000171661377,6,0,,,2025-01-13 02:31:36
658653045,Aline,False,1.0,True,4.0,0,1,,,2025-01-13 02:31:36
430166147,Tiago,False,1.0,True,5.0,0,2,,,2025-01-13 02:31:36
556131046,Angelise,False,10.0,True,4.800000190734863,1,0,,,2025-01-13 02:31:39
10844679,Wilson,False,52.0,True,4.920000076293945,10,7,,,2025-01-13 02:31:39
281798836,Alyson,False,2.0,True,5.0,0,4,,,2025-01-13 02:31:42
166020592,Jack,False,2.0,True,5.0,7,0,,,2025-01-13 02:31:43
460032544,Eliane,True,28.0,True,5.0,2,7,,,2025-01-13 02:31:43
165888822,Fabiane,False,11.0,True,4.909999847412109,4,0,,,2025-01-13 02:31:44
22496850,Gustavo,False,3.0,True,5.0,8,3,,,2025-01-13 02:31:45
665883278,Alexsandra,False,0.0,True,0.0,0,1,,,2025-01-13 02:31:45
395417377,Flavio,False,8.0,True,5.0,3,1,,,2025-01-13 02:31:46
234523273,Anderson,False,1.0,True,5.0,2,0,,,2025-01-13 02:31:46
225934148,Roberto,False,3.0,True,5.0,4,0,,,2025-01-13 02:31:47
167526733,Alini,False,18.0,True,4.940000057220459,2,1,,,2025-01-13 02:31:50
379669641,Gabriela,False,0.0,True,0.0,1,1,,,2025-01-13 02:31:52
164424847,Cley,True,110.0,True,4.909999847412109,6,0,,,2025-01-13 02:31:52
127056551,Joelise,False,4.0,True,5.0,0,3,,,2025-01-13 02:31:54
382426693,Marcos,False,3.0,True,5.0,4,0,,,2025-01-13 02:31:55
74027937,Margareth,False,27.0,True,5.0,8,2,,,2025-01-13 02:31:57
528087020,Tarso,False,0.0,True,0.0,1,4,,,2025-01-13 02:31:57
543436410,Caio,False,1.0,True,5.0,1,2,,,2025-01-13 02:31:59
80485834,Giovani,False,0.0,True,0.0,1,10,,,2025-01-13 02:32:00
456021510,Gabriela,False,0.0,True,0.0,2,8,,,2025-01-13 02:32:02
668264142,Luis Ricardo,False,4.0,True,5.0,0,0,,,2025-01-13 02:32:02
232597970,Josiane Regina,False,21.0,True,4.670000076293945,6,0,,,2025-01-13 02:32:03
120072236,Robson,False,0.0,True,0.0,6,2,,,2025-01-13 02:32:04
54348143,Daniela,False,21.0,True,4.949999809265137,3,3,,,2025-01-13 02:32:06
61282268,Valesca,False,3.0,True,5.0,2,5,,,2025-01-13 02:32:08
416640660,Super Vou,True,2555.0,True,4.809999942779541,3,5,,,2025-01-13 02:32:09
372334210,Fernando,False,8.0,True,5.0,4,2,,,2025-01-13 02:32:09
201531634,Neusa,True,175.0,True,4.929999828338623,6,6,,,2025-01-13 02:32:11
665055953,Pamela Samanta Medeiros,False,0.0,True,0.0,0,0,,,2025-01-13 02:32:12
15497138,Garden Bnb,True,1908.0,True,4.880000114440918,10,3,,,2025-01-13 02:32:13
328037091,Viviana,False,0.0,True,0.0,1,1,,,2025-01-13 02:32:14
294386451,Midiã,False,0.0,True,0.0,3,1,,,2025-01-13 02:32:14
554250045,Joao Luís,False,0.0,True,0.0,0,11,,,2025-01-13 02:32:14
87293045,Camila,True,121.0,True,4.929999828338623,1,3,,,2025-01-13 02:32:15
412321216,Gilmar,False,4.0,True,4.75,2,1,,,2025-01-13 02:32:16
592886127,Mery Angela,False,1.0,True,5.0,0,4,,,2025-01-13 02:32:18
465936331,Camilla,False,3.0,True,1.6699999570846558,1,1,,,2025-01-13 02:32:20
235510737,Wallace,False,9.0,True,5.0,5,11,,,2025-01-13 02:32:24
166769833,Camila,False,0.0,True,0.0,0,1,,,2025-01-13 02:32:26
71341696,Jorge,False,12.0,True,5.0,7,11,,,2025-01-13 02:32:28
206024183,Sérgio,False,22.0,True,5.0,5,11,,,2025-01-13 02:32:31
170440405,Izabel,True,26.0,True,4.809999942779541,6,11,,,2025-01-13 02:32:32
171631709,Maisa,True,42.0,True,4.949999809265137,1,2,,,2025-01-13 02:32:33
549894408,Fernanda,False,0.0,True,0.0,0,3,,,2025-01-13 02:32:36
668387829,Margarete,False,0.0,True,0.0,0,0,,,2025-01-13 02:32:36
279203508,Fernando Roberto,False,6.0,True,5.0,5,3,,,2025-01-13 02:32:37
155401291,Catia,False,25.0,True,4.639999866485596,7,2,,,2025-01-13 02:32:37
571554300,Edmilson Francisco,False,1.0,True,5.0,0,2,,,2025-01-13 02:32:38
666690695,Ivan Carlos,False,0.0,True,0.0,0,1,,,2025-01-13 02:32:39
481761205,Alberto,False,2.0,True,5.0,0,11,,,2025-01-13 02:32:40
294425007,Gabriela,False,25.0,True,4.760000228881836,3,3,,,2025-01-13 02:32:43
40323622,Ana Flavia,True,157.0,True,4.889999866485596,8,7,,,2025-01-13 02:32:45
511327694,Amarildo,False,0.0,True,0.0,0,1,,,2025-01-13 02:32:46
41304732,Julia,False,6.0,True,5.0,9,4,,,2025-01-13 02:32:47
89390768,Rafael,False,3.0,True,4.670000076293945,1,0,,,2025-01-13 02:32:47
196148459,Joana,False,5.0,True,4.800000190734863,6,5,,,2025-01-13 02:32:48
152836334,Leila,False,1.0,True,5.0,0,11,,,2025-01-13 02:32:48
161022840,Natanael,True,37.0,True,4.889999866485596,7,1,,,2025-01-13 02:32:55
555712388,Claudia,False,1.0,True,5.0,1,0,,,2025-01-13 02:32:55
159847012,Alexandre,False,4.0,True,5.0,1,1,,,2025-01-13 02:32:55
162686113,Magali MM,False,13.0,True,5.0,7,0,,,2025-01-13 02:32:55
421309038,Andressa,False,0.0,True,0.0,0,11,,,2025-01-13 02:32:56
274096729,Mauri,False,1.0,True,5.0,0,4,,,2025-01-13 02:32:56
244632804,Flávia,False,1.0,True,4.0,5,10,,,2025-01-13 02:32:57
380442574,Virginia,True,20.0,True,4.800000190734863,1,4,,,2025-01-13 02:32:57
325083115,Luciana,False,3.0,True,4.329999923706055,2,2,,,2025-01-13 02:33:01
591203629,Kamily,False,0.0,True,0.0,0,2,,,2025-01-13 02:33:02
542689515,Bruno,False,0.0,True,0.0,0,2,,,2025-01-13 02:33:03
498410904,Décio,False,3.0,True,5.0,1,11,,,2025-01-13 02:33:03
342997828,Bruna,False,0.0,True,0.0,0,1,,,2025-01-13 02:33:05
309821176,Mery,False,18.0,True,4.71999979019165,5,1,,,2025-01-13 02:33:05
106005867,Teracy Malin,False,14.0,True,3.859999895095825,5,3,,,2025-01-13 02:33:05
479783411,Marcos,False,2.0,True,5.0,2,0,,,2025-01-13 02:33:08
174064388,Josiane Valéria,False,1.0,True,5.0,1,11,,,2025-01-13 02:33:09
171335633,Eduardo,False,0.0,True,0.0,0,2,,,2025-01-13 02:33:10
586338752,Ana Zoilde,False,0.0,True,0.0,0,6,,,2025-01-13 02:33:13
405655878,Luciane,False,0.0,True,0.0,0,1,,,2025-01-13 02:33:16
553813769,Fatima,False,4.0,True,5.0,1,0,,,2025-01-13 02:33:17
498584928,Roseli,False,0.0,True,0.0,1,7,,,2025-01-13 02:33:18
257934405,Rafaela,False,1.0,True,5.0,4,6,,,2025-01-13 02:33:19
110135903,Fábio,True,43.0,True,4.980000019073486,1,8,,,2025-01-13 02:33:23
488514783,Maria Gorete,True,21.0,True,4.900000095367432,2,1,,,2025-01-13 02:33:25
422988455,Thayammy,False,3.0,True,4.670000076293945,1,2,,,2025-01-13 02:33:28
24314149,Allex,False,1.0,True,5.0,2,1,,,2025-01-13 02:33:28
564369168,André Junior,True,12.0,True,5.0,0,9,,,2025-01-13 02:33:30
203549288,Renato,False,8.0,True,4.5,0,4,,,2025-01-13 02:33:32
668406052,Rafaela,False,0.0,True,0.0,0,0,,,2025-01-13 02:33:33
343719644,Ricardo,False,55.0,True,4.949999809265137,3,0,,,2025-01-13 02:33:33
165452233,Daniela,False,0.0,True,0.0,2,11,,,2025-01-13 02:33:33
926300,Dirce,False,48.0,True,4.960000038146973,13,5,,,2025-01-13 02:33:35
294098173,Marcia,False,13.0,True,4.849999904632568,5,4,,,2025-01-13 02:33:36
655187395,Hysadora,False,0.0,True,0.0,0,3,,,2025-01-13 02:33:40
657692599,Debora,True,11.0,True,5.0,0,2,,,2025-01-13 02:33:42
384880221,Michelle,False,10.0,True,4.699999809265137,3,10,,,2025-01-13 02:33:42
651518102,Marcos,False,0.0,True,0.0,0,1,,,2025-01-13 02:33:44
135376431,Vilmar,False,9.0,True,4.889999866485596,3,11,,,2025-01-13 02:33:44
407285273,Gustavo,False,0.0,True,0.0,0,7,,,2025-01-13 02:33:44
245099122,Kátia Regina,False,0.0,True,0.0,5,10,,,2025-01-13 02:33:45
136079481,André Rodolfo,True,62.0,True,4.849999904632568,5,4,,,2025-01-13 02:33:45
231172295,Dimas,False,52.0,True,4.940000057220459,5,5,,,2025-01-13 02:33:46
369569262,Gabriela,False,2.0,True,4.5,0,3,,,2025-01-13 02:33:46
537447268,Marcia,False,0.0,True,0.0,0,8,,,2025-01-13 02:33:50
107441214,Gian,False,0.0,True,0.0,1,1,,,2025-01-13 02:33:50
427257613,Alexandre,True,72.0,True,5.0,3,3,,,2025-01-13 02:33:54
535364923,Alvarino,True,5.0,True,5.0,1,3,,,2025-01-13 02:33:54
52525604,Gabriela,False,1.0,True,5.0,9,0,,,2025-01-13 02:33:54
125824389,Quartum,True,499.0,True,4.820000171661377,7,3,,,2025-01-13 02:33:54
454083931,Fernando,False,4.0,True,4.5,1,8,,,2025-01-13 02:33:55
375615711,Patricia,False,9.0,True,5.0,3,0,,,2025-01-13 02:33:55
477089238,Gerson Luiz,True,35.0,True,4.940000057220459,2,4,,,2025-01-13 02:33:57
545759490,Sergio,False,0.0,True,0.0,1,1,,,2025-01-13 02:33:58
194792368,William,False,4.0,True,5.0,1,0,,,2025-01-13 02:33:59
483708697,Nataly,False,3.0,True,5.0,2,2,,,2025-01-13 02:34:00
140443383,Everson,False,16.0,True,4.940000057220459,4,4,,,2025-01-13 02:34:00
326233746,Jean,False,0.0,True,0.0,5,0,,,2025-01-13 02:34:02
513264769,Grazielle,False,1.0,True,5.0,1,2,,,2025-01-13 02:34:03
233036522,Debora,False,2.0,True,4.5,6,0,,,2025-01-13 02:34:03
429578131,George,False,2.0,True,5.0,0,3,,,2025-01-13 02:34:04
185611592,Carlos,False,7.0,True,4.860000133514404,5,10,,,2025-01-13 02:34:04
211198643,Theresa,False,1.0,True,5.0,3,3,,,2025-01-13 02:34:06
232385898,Rozana,False,17.0,True,4.880000114440918,6,0,,,2025-01-13 02:34:06
661967771,Gabriel Felipe,False,1.0,True,3.0,0,1,,,2025-01-13 02:34:07
228954970,Matheus,False,22.0,True,4.769999980926514,5,10,,,2025-01-13 02:34:08
493048889,Juliana,False,1.0,True,4.0,2,0,,,2025-01-13 02:34:09
131466104,Angela,True,204.0,True,4.980000019073486,7,7,,,2025-01-13 02:34:11
480087454,Andressa,False,0.0,True,0.0,0,1,,,2025-01-13 02:34:13
482541826,Fabio,False,67.0,True,4.610000133514404,2,3,,,2025-01-13 02:34:13
434570639,Ademilson,False,2.0,True,5.0,2,5,,,2025-01-13 02:34:13
125337984,Graziane,True,39.0,True,4.900000095367432,4,1,,,2025-01-13 02:34:13
239715232,Sergio,False,24.0,True,4.670000076293945,5,11,,,2025-01-13 02:34:14
143699250,Eliomar Marcos,True,61.0,True,4.949999809265137,7,1,,,2025-01-13 02:34:14
544233823,Charles Juliano,False,0.0,True,0.0,1,2,,,2025-01-13 02:34:15
432871398,Dulce,True,11.0,True,5.0,3,1,,,2025-01-13 02:34:16
232585108,Cleber,False,19.0,True,4.949999809265137,5,7,,,2025-01-13 02:34:17
190067109,Claudio Cesar,True,110.0,True,4.840000152587891,6,6,,,2025-01-13 02:34:18
475121056,Juliana,False,0.0,True,0.0,2,3,,,2025-01-13 02:34:18
235552021,Liliane,False,7.0,True,5.0,2,10,,,2025-01-13 02:34:19
425473274,Letícia,False,12.0,True,4.920000076293945,3,2,,,2025-01-13 02:34:19
311476223,Fabiano,False,0.0,True,0.0,5,0,,,2025-01-13 02:34:20
191574816,Jair,False,5.0,True,4.599999904632568,6,4,,,2025-01-13 02:34:21
218078770,Osvaldo,False,31.0,True,4.940000057220459,6,3,,,2025-01-13 02:34:22
666830412,Clemair,False,0.0,True,0.0,0,1,,,2025-01-13 02:34:22
316565571,Luciana,False,5.0,True,5.0,5,1,,,2025-01-13 02:34:24
452666358,Laira,False,2.0,True,5.0,2,0,,,2025-01-13 02:34:25
367557872,Angela,False,5.0,True,5.0,1,1,,,2025-01-13 02:34:26
188535925,Miriele,False,4.0,True,4.75,2,10,,,2025-01-13 02:34:26
577872479,Dyana,False,0.0,True,0.0,0,7,,,2025-01-13 02:34:27
236053936,Nilva,False,14.0,True,4.139999866485596,6,0,,,2025-01-13 02:34:27
162389169,Fabiano,False,21.0,True,5.0,7,0,,,2025-01-13 02:34:29
30226390,Luiz,False,11.0,True,4.909999847412109,9,2,,,2025-01-13 02:34:31
42526517,Graziele,False,7.0,True,5.0,6,4,,,2025-01-13 02:34:31
595198454,Luciane,False,0.0,True,0.0,0,2,,,2025-01-13 02:34:36
547717764,Victor HUGO,False,10.0,True,5.0,1,1,,,2025-01-13 02:34:37
162574240,Vilson,False,17.0,True,5.0,7,0,,,2025-01-13 02:34:40
35023031,Dione,False,25.0,True,5.0,9,7,,,2025-01-13 02:34:41
452740822,Adelino,False,0.0,True,0.0,1,1,,,2025-01-13 02:34:42
120239479,Marjha,False,0.0,True,0.0,3,0,,,2025-01-13 02:34:42
165401176,Aline,False,0.0,True,0.0,0,3,,,2025-01-13 02:34:44
241110689,Leonardo,True,24.0,True,5.0,2,11,,,2025-01-13 02:34:45
278487875,Robson,True,58.0,True,4.929999828338623,5,1,,,2025-01-13 02:34:45
526150243,Kamila,False,0.0,True,0.0,0,0,,,2025-01-13 02:34:49
447598338,Jane Carla,False,1.0,True,5.0,0,1,,,2025-01-13 02:34:49
563141044,Mayara,False,0.0,True,0.0,0,1,,,2025-01-13 02:34:50
13830974,Emir,False,0.0,True,0.0,0,11,,,2025-01-13 02:34:51
326669607,Taisa,False,7.0,True,5.0,4,2,,,2025-01-13 02:34:53
435722159,Alexandre,False,0.0,True,0.0,0,4,,,2025-01-13 02:34:55
551446004,Mariane,False,0.0,True,0.0,0,7,,,2025-01-13 02:34:55
549618829,Said Jamal,False,2.0,True,5.0,0,10,,,2025-01-13 02:34:56
235171870,Multitemporada,False,238.0,True,4.71999979019165,5,7,,,2025-01-13 02:34:59
506292189,Cleverson,False,6.0,True,5.0,1,9,,,2025-01-13 02:35:02
12495996,Ricardo,False,9.0,True,4.78000020980835,4,0,,,2025-01-13 02:35:02
107248804,Solon,True,169.0,True,4.800000190734863,8,0,,,2025-01-13 02:35:05
420310155,Gabriel,False,3.0,True,5.0,0,2,,,2025-01-13 02:35:05
598548788,Pamella,False,1.0,True,4.0,0,2,,,2025-01-13 02:35:07
537010795,Elaine,False,0.0,True,0.0,1,3,,,2025-01-13 02:35:07
657527113,Marcio,False,1.0,True,5.0,0,2,,,2025-01-13 02:35:07
207639551,Jandir,False,2.0,True,5.0,0,7,,,2025-01-13 02:35:09
423171609,Ariel,False,0.0,True,0.0,1,0,,,2025-01-13 02:35:11
552000840,Oliene,False,1.0,True,5.0,1,0,,,2025-01-13 02:35:12
404070916,Daiany,False,6.0,True,4.829999923706055,1,9,,,2025-01-13 02:35:13
169531952,Camila,False,0.0,True,0.0,1,2,,,2025-01-13 02:35:14
589164711,Paulo,False,2.0,True,5.0,0,5,,,2025-01-13 02:35:14
653760193,Elisandra Moura Pires,False,0.0,True,0.0,0,1,,,2025-01-13 02:35:18
555044563,Bárbara,False,1.0,True,5.0,1,0,,,2025-01-13 02:35:23
598825789,Jose,False,0.0,True,0.0,0,4,,,2025-01-13 02:35:23
667653882,Samara,False,2.0,True,5.0,0,0,,,2025-01-13 02:35:24
315036089,Rodrigo,False,0.0,True,0.0,5,1,,,2025-01-13 02:35:26
559088996,Mauricio,False,1.0,True,5.0,0,1,,,2025-01-13 02:35:26
236385921,Wilmar,False,29.0,True,5.0,5,11,,,2025-01-13 02:35:27
492062922,Fernando,True,14.0,True,4.929999828338623,2,0,,,2025-01-13 02:35:28
224990158,Bruno,False,10.0,True,4.5,3,2,,,2025-01-13 02:35:29
147436857,Vinicios,False,37.0,True,4.809999942779541,7,3,,,2025-01-13 02:35:29
665034745,Gelton Souza De Abreu,False,1.0,True,3.0,0,1,,,2025-01-13 02:35:30
15890874,Genaro,True,507.0,True,4.820000171661377,6,2,,,2025-01-13 02:35:34
488110433,Giliandro,False,0.0,True,0.0,0,0,,,2025-01-13 02:35:34
173859664,Nagib,False,13.0,True,5.0,3,1,,,2025-01-13 02:35:36
511873383,Junior,False,4.0,True,5.0,1,1,,,2025-01-13 02:35:38
223430707,Gilmar,False,1.0,True,5.0,6,2,,,2025-01-13 02:35:38
211908900,Norma,False,1.0,True,5.0,1,0,,,2025-01-13 02:35:38
187547742,Claudete,True,74.0,True,4.920000076293945,6,1,,,2025-01-13 02:35:38
10550294,Thalia,True,503.0,True,4.869999885559082,6,4,,,2025-01-13 02:35:39
77577553,Ingrid,False,7.0,True,4.710000038146973,5,11,,,2025-01-13 02:35:44
102411265,Wall Paraiso,False,37.0,True,4.650000095367432,8,2,,,2025-01-13 02:35:45
290515686,Marcia,True,10.0,True,5.0,5,4,,,2025-01-13 02:35:45
146796136,Carina,False,2.0,True,5.0,1,11,,,2025-01-13 02:35:45
33233945,Thaise,False,38.0,True,4.820000171661377,9,7,,,2025-01-13 02:35:46
558184639,Odilon,False,0.0,True,0.0,0,11,,,2025-01-13 02:35:46
583707592,RÓGer,False,2.0,True,5.0,0,4,,,2025-01-13 02:35:50
306026832,Mayara,True,56.0,True,4.929999828338623,1,1,,,2025-01-13 02:35:50
299041806,Narciso,True,53.0,True,4.940000057220459,5,3,,,2025-01-13 02:35:52
231349656,Romilto,False,16.0,True,4.940000057220459,6,0,,,2025-01-13 02:35:53
4678179,Rodrigo,True,206.0,True,4.980000019073486,5,1,,,2025-01-13 02:35:54
321958177,Ana Paula,False,5.0,True,4.0,5,0,,,2025-01-13 02:35:54
502728316,Sandra,False,20.0,True,4.949999809265137,1,10,,,2025-01-13 02:35:54
316540946,Felipe,False,14.0,True,4.360000133514404,3,0,,,2025-01-13 02:35:55
160724693,Janete De Fátima Da Costa,False,0.0,True,0.0,1,5,,,2025-01-13 02:35:57
442511487,Leandro,True,39.0,True,4.96999979019165,2,0,,,2025-01-13 02:35:57
474851318,Elizeu Malaquias,False,5.0,True,4.599999904632568,1,4,,,2025-01-13 02:35:58
44507062,Heloisa,False,12.0,True,4.579999923706055,2,11,,,2025-01-13 02:35:59
656267968,Bia,False,2.0,True,5.0,0,2,,,2025-01-13 02:35:59
91999091,Camile,False,43.0,True,4.559999942779541,6,6,,,2025-01-13 02:35:59
43117008,Gabriel,True,111.0,True,5.0,6,2,,,2025-01-13 02:36:02
370021283,Carlos Antônio,False,0.0,True,0.0,4,3,,,2025-01-13 02:36:04
482274506,Adriane,False,1.0,True,5.0,2,3,,,2025-01-13 02:36:05
546199104,Talía,False,0.0,True,0.0,1,2,,,2025-01-13 02:36:06
201616042,Edison,True,31.0,True,5.0,0,10,,,2025-01-13 02:36:06
543175517,Virginia,False,0.0,True,0.0,0,2,,,2025-01-13 02:36:10
549766988,Susana,False,4.0,True,5.0,1,1,,,2025-01-13 02:36:11
665573189,Iago,False,0.0,True,0.0,0,1,,,2025-01-13 02:36:11
364423090,Rafael Fernando,False,17.0,True,4.940000057220459,4,3,,,2025-01-13 02:36:11
50656328,Adriano,True,249.0,True,4.949999809265137,9,1,,,2025-01-13 02:36:11
374285557,Thiago Cesar,False,10.0,True,4.900000095367432,1,11,,,2025-01-13 02:36:12
378773794,Kaly Stela Rauber,False,11.0,True,5.0,2,10,,,2025-01-13 02:36:13
448386175,Adri,True,55.0,True,4.849999904632568,2,10,,,2025-01-13 02:36:13
537252538,Lyllian,False,0.0,True,0.0,1,3,,,2025-01-13 02:36:14
558703188,Daglye Regina,False,0.0,True,0.0,0,4,,,2025-01-13 02:36:16
117019974,Osmar,False,82.0,True,4.949999809265137,7,7,,,2025-01-13 02:36:20
237648912,Gustavo Henrique,False,0.0,True,0.0,5,11,,,2025-01-13 02:36:21
277188310,Ana,True,11.0,True,5.0,1,0,,,2025-01-13 02:36:22
162434797,Aline,False,1.0,True,5.0,1,1,,,2025-01-13 02:36:24
199730961,Lucia Helena,False,2.0,True,5.0,5,1,,,2025-01-13 02:36:26
5726206,Milena & Fabio,True,75.0,True,4.909999847412109,5,10,,,2025-01-13 02:36:28
457964666,Maiara,False,1.0,True,1.0,0,2,,,2025-01-13 02:36:29
224034525,Luana,True,27.0,True,5.0,0,11,,,2025-01-13 02:36:30
452878441,Patrícia Xavier,False,0.0,True,0.0,0,8,,,2025-01-13 02:36:35
240428142,Natacha,False,7.0,True,5.0,4,5,,,2025-01-13 02:36:35
661202841,Ivonete,False,0.0,True,0.0,0,2,,,2025-01-13 02:36:36
178688636,Loiva,False,10.0,True,5.0,3,2,,,2025-01-13 02:36:38
162515735,Ilaine,False,7.0,True,5.0,2,0,,,2025-01-13 02:36:38
440313242,Marcelo,False,0.0,True,0.0,0,9,,,2025-01-13 02:36:39
305471791,Marcio Luiz,False,15.0,True,4.730000019073486,5,0,,,2025-01-13 02:36:39
407863529,Luiz Antonio,True,26.0,True,4.960000038146973,2,0,,,2025-01-13 02:36:40
429755156,Guilherme,False,1.0,True,5.0,0,2,,,2025-01-13 02:36:41
493784281,Brenda,False,1.0,True,5.0,2,0,,,2025-01-13 02:36:41
556482237,Gentil,False,2.0,True,5.0,0,11,,,2025-01-13 02:36:41
586076959,Saulo,False,1.0,True,5.0,0,6,,,2025-01-13 02:36:43
314486988,Ivanildo,False,1.0,True,5.0,1,2,,,2025-01-13 02:36:43
564178050,Luiz Eduardo,False,0.0,True,0.0,0,8,,,2025-01-13 02:36:46
597872958,Saveni,False,2.0,True,5.0,0,4,,,2025-01-13 02:36:46
504004972,Tatiana,False,0.0,True,0.0,1,10,,,2025-01-13 02:36:46
320802542,Alexandre,False,0.0,True,0.0,5,0,,,2025-01-13 02:36:47
29542904,Michele,False,5.0,True,5.0,4,11,,,2025-01-13 02:36:47
369855154,Thayse,False,8.0,True,4.25,4,3,,,2025-01-13 02:36:48
669525346,Franciele,False,0.0,True,0.0,0,0,,,2025-01-13 02:36:49
498206504,Murilo,False,0.0,True,0.0,1,11,,,2025-01-13 02:36:52
551866969,Nayla,False,3.0,True,4.670000076293945,1,0,,,2025-01-13 02:36:55
105561896,Sara,False,10.0,True,4.900000095367432,3,1,,,2025-01-13 02:36:56
106958083,Volnei,True,245.0,True,4.889999866485596,8,1,,,2025-01-13 02:36:56
384143262,Vera Lucia,False,8.0,True,4.880000114440918,4,0,,,2025-01-13 02:36:56
163037735,Natália,False,0.0,True,0.0,0,5,,,2025-01-13 02:36:58
101612155,Anderson,True,44.0,True,4.980000019073486,8,0,,,2025-01-13 02:36:59
593319778,Laurem,False,0.0,True,0.0,0,5,,,2025-01-13 02:37:00
575812087,Leonir Roque,False,1.0,True,5.0,0,1,,,2025-01-13 02:37:00
141152570,Maria Rosalba De,False,12.0,True,5.0,7,0,,,2025-01-13 02:37:00
157917672,Beatriz,False,4.0,True,4.75,2,2,,,2025-01-13 02:37:02
165252580,Camila,False,47.0,True,4.940000057220459,6,10,,,2025-01-13 02:37:03
307620413,Vanilson Vilmo,False,7.0,True,4.570000171661377,2,0,,,2025-01-13 02:37:03
84154181,Elisabete,False,37.0,True,4.809999942779541,7,0,,,2025-01-13 02:37:03
668061180,Simone,False,2.0,True,5.0,0,0,,,2025-01-13 02:37:04
480072934,Adriana,False,13.0,True,4.769999980926514,2,3,,,2025-01-13 02:37:05
489848976,Maria Zenoé,True,11.0,True,4.820000171661377,2,0,,,2025-01-13 02:37:07
228740317,Lucas,False,15.0,True,4.929999828338623,6,0,,,2025-01-13 02:37:07
346468115,Mariana,False,14.0,True,4.860000133514404,4,3,,,2025-01-13 02:37:09
521236208,Leonardo,False,0.0,True,0.0,0,0,,,2025-01-13 02:37:10
192187894,Jeferson,False,14.0,True,4.789999961853027,6,4,,,2025-01-13 02:37:13
8792221,Muriel,True,39.0,True,4.949999809265137,3,1,,,2025-01-13 02:37:15
232011444,Sarah,True,253.0,True,4.949999809265137,6,0,,,2025-01-13 02:37:17
258729677,Rosi Franco Imoveis,False,8.0,True,5.0,5,7,,,2025-01-13 02:37:22
311989525,Liz,True,21.0,True,4.760000228881836,3,0,,,2025-01-13 02:37:23
667688629,Rodrigo,False,1.0,True,5.0,0,0,,,2025-01-13 02:37:24
192654861,Susana,False,5.0,True,4.599999904632568,6,7,,,2025-01-13 02:37:30
584687328,João Laci,False,0.0,True,0.0,0,6,,,2025-01-13 02:37:30
55677212,Bruno,True,336.0,True,4.929999828338623,8,11,,,2025-01-13 02:37:30
110658212,Arthur,False,23.0,True,4.960000038146973,5,10,,,2025-01-13 02:37:32
66944699,Thais,True,57.0,True,4.809999942779541,7,2,,,2025-01-13 02:37:35
249711518,Maycon Alexandre,False,1.0,True,4.0,0,5,,,2025-01-13 02:37:35
396482969,Andressa,False,0.0,True,0.0,2,2,,,2025-01-13 02:37:37
663370500,Tainara,False,2.0,True,4.5,0,1,,,2025-01-13 02:37:38
170835881,Patricia,True,42.0,True,4.880000114440918,2,0,,,2025-01-13 02:37:38
414374814,Adriana,False,1.0,True,5.0,2,0,,,2025-01-13 02:37:41
66106937,Smart Stay,False,2850.0,True,4.590000152587891,7,0,,,2025-01-13 02:37:42
258784985,Juditi,False,5.0,True,5.0,4,11,,,2025-01-13 02:37:45
85390248,Lucas,False,2.0,True,5.0,3,0,,,2025-01-13 02:37:47
363548107,Vinicius,True,116.0,True,4.849999904632568,2,1,,,2025-01-13 02:37:48
442563020,Rosemar,False,1.0,True,5.0,1,3,,,2025-01-13 02:37:48
250182151,Fernando,False,7.0,True,5.0,5,9,,,2025-01-13 02:37:49
490112565,Chaiani,True,9.0,True,4.78000020980835,1,0,,,2025-01-13 02:37:49
550211326,Raquel,False,0.0,True,0.0,1,1,,,2025-01-13 02:37:51
99729320,Vinicius,False,1.0,True,5.0,8,2,,,2025-01-13 02:37:53
156654379,Jorge Roberto,False,1.0,True,5.0,7,2,,,2025-01-13 02:37:53
486881093,Rejane Martins,False,0.0,True,0.0,2,2,,,2025-01-13 02:37:56
2677455,Andrea,False,86.0,True,4.619999885559082,6,4,,,2025-01-13 02:37:57
536628505,Bárbara Vitória,True,34.0,True,4.909999847412109,1,4,,,2025-01-13 02:37:58
149083334,Luciano,False,3.0,True,4.0,2,8,,,2025-01-13 02:37:59
219453957,João Paulo,True,68.0,True,4.989999771118164,4,1,,,2025-01-13 02:38:00
326128329,Maria Carmelita,True,142.0,True,4.989999771118164,5,0,,,2025-01-13 02:38:00
241217291,Douglas,False,3.0,True,5.0,5,11,,,2025-01-13 02:38:01
203400373,Fabiano,False,3.0,True,5.0,6,5,,,2025-01-13 02:38:01
298807706,Joice,False,9.0,True,4.78000020980835,0,11,,,2025-01-13 02:38:01
542591363,Matheus,True,15.0,True,4.929999828338623,1,2,,,2025-01-13 02:38:05
112557986,Roberto,False,23.0,True,4.909999847412109,7,3,,,2025-01-13 02:38:06
135642628,Mirian Milan,False,0.0,True,0.0,0,0,,,2025-01-13 02:38:06
520572832,Tania,False,2.0,True,5.0,0,8,,,2025-01-13 02:38:07
234329543,Graziela,False,3.0,True,5.0,6,0,,,2025-01-13 02:38:07
551274033,Jeane,False,0.0,True,0.0,1,0,,,2025-01-13 02:38:07
304826382,Sandro,True,51.0,True,4.900000095367432,0,7,,,2025-01-13 02:38:09
383585154,Letícia,False,1.0,True,5.0,2,0,,,2025-01-13 02:38:09
506593553,Sandra,False,0.0,True,0.0,1,9,,,2025-01-13 02:38:09
500237003,Filomena Lucia,False,6.0,True,5.0,1,11,,,2025-01-13 02:38:09
667062343,Bruno,False,0.0,True,0.0,0,0,,,2025-01-13 02:38:09
512244889,Francielle,False,2.0,True,3.5,1,1,,,2025-01-13 02:38:10
554451618,Rafael,False,0.0,True,0.0,1,0,,,2025-01-13 02:38:11
195223639,Fernando,False,37.0,True,4.889999866485596,6,7,,,2025-01-13 02:38:11
308500508,Ketllyn,False,0.0,True,0.0,1,1,,,2025-01-13 02:38:12
86908741,Liane,False,7.0,True,5.0,4,6,,,2025-01-13 02:38:12
178581870,Fábio,False,3.0,True,4.670000076293945,5,10,,,2025-01-13 02:38:12
475340351,Roberta,False,3.0,True,5.0,0,7,,,2025-01-13 02:38:12
480134990,Marisa,False,8.0,True,5.0,2,3,,,2025-01-13 02:38:12
381365841,Lais,False,69.0,True,4.699999809265137,3,9,,,2025-01-13 02:38:13
167635374,Leticia,False,11.0,True,4.820000171661377,5,1,,,2025-01-13 02:38:14
135567436,Eduardo,False,0.0,True,0.0,0,2,,,2025-01-13 02:38:14
300449890,Milena,False,5.0,True,5.0,3,1,,,2025-01-13 02:38:15
503682887,Norvaldo,True,38.0,True,4.96999979019165,1,10,,,2025-01-13 02:38:16
13091719,Rene,False,7.0,True,4.860000133514404,10,10,,,2025-01-13 02:38:19
489316663,Guilherme,True,26.0,True,4.960000038146973,2,1,,,2025-01-13 02:38:23
487151326,Juliano Gleison,False,0.0,True,0.0,2,2,,,2025-01-13 02:38:24
308769795,Ana Claudia,False,2.0,True,5.0,5,1,,,2025-01-13 02:38:26
17686783,Eleandro,False,0.0,True,0.0,0,5,,,2025-01-13 02:38:26
417447381,Teresinha,False,1.0,True,4.0,3,5,,,2025-01-13 02:38:27
533844755,Jaqueline,True,41.0,True,4.800000190734863,1,4,,,2025-01-13 02:38:29
429150561,Fabio,False,9.0,True,5.0,2,3,,,2025-01-13 02:38:29
147932755,Glaucia,False,15.0,True,4.929999828338623,7,4,,,2025-01-13 02:38:29
175490464,Soraia,False,0.0,True,0.0,6,10,,,2025-01-13 02:38:30
410449179,Natanael,False,3.0,True,5.0,0,4,,,2025-01-13 02:38:31
423050816,Joao,False,8.0,True,4.75,3,2,,,2025-01-13 02:38:32
343852764,Bruno,False,11.0,True,4.909999847412109,4,1,,,2025-01-13 02:38:33
229032494,Eliana,False,38.0,True,4.710000038146973,6,1,,,2025-01-13 02:38:33
19675791,Carol E Lanai,False,12.0,True,5.0,7,7,,,2025-01-13 02:38:35
107701306,L. Elizabete,False,5.0,True,5.0,8,0,,,2025-01-13 02:38:38
154895292,Luciane,False,1.0,True,1.0,7,2,,,2025-01-13 02:38:38
227340794,Olavo,False,6.0,True,5.0,6,1,,,2025-01-13 02:38:38
49042224,Gustavo,False,1.0,True,5.0,3,5,,,2025-01-13 02:38:39
207611093,Patricia,False,0.0,True,0.0,6,5,,,2025-01-13 02:38:39
100030125,Wilmar,False,1.0,True,5.0,6,5,,,2025-01-13 02:38:40
253965768,Oruam,False,0.0,True,0.0,0,0,,,2025-01-13 02:38:40
225082922,Lua,False,2.0,True,5.0,0,11,,,2025-01-13 02:38:41
171259138,Juliano,False,19.0,True,4.369999885559082,6,11,,,2025-01-13 02:38:42
99479169,Nivea,False,15.0,True,4.599999904632568,7,8,,,2025-01-13 02:38:44
340165323,Antonio,False,21.0,True,4.949999809265137,4,10,,,2025-01-13 02:38:45
45666257,Daise,False,12.0,True,4.75,8,4,,,2025-01-13 02:38:46
498252978,Debora De Souza,False,5.0,True,4.400000095367432,1,11,,,2025-01-13 02:38:47
326499349,Taís,False,7.0,True,5.0,3,4,,,2025-01-13 02:38:49
267606175,Leandro,True,90.0,True,4.960000038146973,0,3,,,2025-01-13 02:38:49
143336765,Ivone,False,73.0,True,5.0,2,0,,,2025-01-13 02:38:50
440930162,Leticia,False,12.0,True,4.420000076293945,2,11,,,2025-01-13 02:38:51
235236091,Viviane Souza,False,52.0,True,4.829999923706055,3,7,,,2025-01-13 02:38:52
372708313,Rubens Fernando,False,1.0,True,3.0,2,2,,,2025-01-13 02:38:53
141510759,Glauco Alexandre,False,1.0,True,5.0,1,0,,,2025-01-13 02:38:53
597587200,Cleide,False,2.0,True,5.0,0,3,,,2025-01-13 02:38:54
269207574,Cassiano Brust,False,0.0,True,0.0,2,0,,,2025-01-13 02:38:54
256481618,Mayara,False,1.0,True,5.0,3,1,,,2025-01-13 02:38:55
484165208,Thiago,True,9.0,True,5.0,0,2,,,2025-01-13 02:38:55
165255751,Angela,False,8.0,True,5.0,2,3,,,2025-01-13 02:38:56
498050823,Gabriel,False,1.0,True,5.0,1,11,,,2025-01-13 02:38:58
27896667,Gustavo,False,19.0,True,4.889999866485596,6,1,,,2025-01-13 02:38:58
547975081,Letícia,False,1.0,True,5.0,0,1,,,2025-01-13 02:38:59
29487482,Renan,False,21.0,True,4.949999809265137,5,0,,,2025-01-13 02:39:00
498045842,Paulo Roberto,False,3.0,True,5.0,1,11,,,2025-01-13 02:39:00
92121131,Francisco,True,249.0,True,4.880000114440918,8,4,,,2025-01-13 02:39:01
560902874,Mayara,False,0.0,True,0.0,0,9,,,2025-01-13 02:39:01
420212447,Claudinei,False,5.0,True,5.0,0,1,,,2025-01-13 02:39:02
288338312,Aline Luci,False,1.0,True,5.0,4,3,,,2025-01-13 02:39:05
537607455,Maria Da Graça,False,1.0,True,5.0,1,3,,,2025-01-13 02:39:05
550380589,Andreia,False,1.0,True,5.0,1,1,,,2025-01-13 02:39:11
158685866,Adriano,False,12.0,True,4.920000076293945,3,6,,,2025-01-13 02:39:14
444160678,Marli,False,0.0,True,0.0,2,11,,,2025-01-13 02:39:14
157039479,Bruno,False,23.0,True,4.570000171661377,2,3,,,2025-01-13 02:39:18
304194186,Michelle,False,22.0,True,4.949999809265137,5,2,,,2025-01-13 02:39:19
659783763,Eliziane,False,1.0,True,5.0,0,2,,,2025-01-13 02:39:22
101640501,Silas,True,105.0,True,4.929999828338623,8,2,,,2025-01-13 02:39:23
231350078,Joao,False,0.0,True,0.0,6,0,,,2025-01-13 02:39:23
398749167,Renata,False,2.0,True,5.0,1,3,,,2025-01-13 02:39:27
290793972,Maritê,True,125.0,True,4.940000057220459,5,2,,,2025-01-13 02:39:28
260065519,Ísis,False,2.0,True,5.0,1,0,,,2025-01-13 02:39:29
56028705,Paulo César,False,1.0,True,5.0,1,0,,,2025-01-13 02:39:29
51648546,Gisele,False,17.0,True,4.059999942779541,8,0,,,2025-01-13 02:39:29
663683163,Kariellen,False,0.0,True,0.0,0,1,,,2025-01-13 02:39:29
157968114,Sheila,False,5.0,True,4.800000190734863,7,2,,,2025-01-13 02:39:31
101949914,Bárbara,False,40.0,True,4.849999904632568,3,0,,,2025-01-13 02:39:32
428028736,Lorenna,False,0.0,True,0.0,2,0,,,2025-01-13 02:39:33
439409703,Flavia,False,1.0,True,5.0,2,2,,,2025-01-13 02:39:34
225090146,Reinaldo,True,116.0,True,4.889999866485596,5,2,,,2025-01-13 02:39:34
491315588,Jaira,False,0.0,True,0.0,1,11,,,2025-01-13 02:39:35
661460684,Sueli Da Silva Cardoso,False,0.0,True,0.0,0,2,,,2025-01-13 02:39:36
229022288,Jose,False,13.0,True,5.0,6,1,,,2025-01-13 02:39:37
284732986,Camila,True,40.0,True,4.699999809265137,2,3,,,2025-01-13 02:39:38
178410302,Lucas,False,24.0,True,4.420000076293945,6,9,,,2025-01-13 02:39:39
120391588,Emanuel,True,24.0,True,4.920000076293945,2,8,,,2025-01-13 02:39:43
231644904,Deise Lúci,False,22.0,True,4.730000019073486,6,0,,,2025-01-13 02:39:43
316784417,Salette,True,37.0,True,4.96999979019165,3,2,,,2025-01-13 02:39:44
369655406,Gabriela,False,0.0,True,0.0,0,3,,,2025-01-13 02:39:47
426472149,Lucas,True,121.0,True,4.949999809265137,1,10,,,2025-01-13 02:39:47
239641571,Dienifer,False,3.0,True,5.0,5,11,,,2025-01-13 02:39:48
99057990,Moacir,False,3.0,True,5.0,1,2,,,2025-01-13 02:39:49
660315241,Julcimara,False,0.0,True,0.0,0,2,,,2025-01-13 02:39:51
533685568,Silvana,True,25.0,True,4.880000114440918,1,4,,,2025-01-13 02:39:52
190164451,Margareth,False,15.0,True,4.869999885559082,2,2,,,2025-01-13 02:39:53
188281524,Elaine,False,3.0,True,5.0,0,8,,,2025-01-13 02:39:55
231952365,Nycole,False,4.0,True,4.25,5,1,,,2025-01-13 02:39:55
276573022,João Ricardo,False,3.0,True,5.0,1,2,,,2025-01-13 02:39:56
229276388,Thomas E Bianca,False,11.0,True,4.909999847412109,6,1,,,2025-01-13 02:40:02
227820025,Rosane,False,4.0,True,5.0,2,11,,,2025-01-13 02:40:04
235960821,Rhafael,False,0.0,True,0.0,6,0,,,2025-01-13 02:40:05
652475730,Quetilin,False,3.0,True,4.670000076293945,0,3,,,2025-01-13 02:40:05
666548894,Debora Kelly Paiva,False,0.0,True,0.0,0,1,,,2025-01-13 02:40:06
165408593,Beatriz,False,0.0,True,0.0,7,0,,,2025-01-13 02:40:06
355765406,Yone,False,2.0,True,5.0,1,1,,,2025-01-13 02:40:08
308538169,Felipe,False,7.0,True,4.860000133514404,0,10,,,2025-01-13 02:40:09
218983650,Edinei,False,10.0,True,4.900000095367432,6,2,,,2025-01-13 02:40:09
152796126,Vanderli,False,1.0,True,5.0,2,11,,,2025-01-13 02:40:09
164170709,Glória,False,7.0,True,5.0,7,0,,,2025-01-13 02:40:11
558714655,Bene,False,0.0,True,0.0,0,11,,,2025-01-13 02:40:13
335855171,Sérgio,True,41.0,True,5.0,4,11,,,2025-01-13 02:40:13
415855541,Edgar,False,5.0,True,5.0,3,5,,,2025-01-13 02:40:13
533239688,Katiane,False,0.0,True,0.0,0,9,,,2025-01-13 02:40:13
231011747,Heide,True,27.0,True,4.929999828338623,4,1,,,2025-01-13 02:40:14
145304250,Nathália,False,0.0,True,0.0,0,1,,,2025-01-13 02:40:17
552442742,Paulo,False,3.0,True,5.0,1,0,,,2025-01-13 02:40:19
554649176,Patricia,False,3.0,True,5.0,1,0,,,2025-01-13 02:40:19
419220820,Flavia,False,10.0,True,5.0,3,4,,,2025-01-13 02:40:19
158051176,Vega,False,300.0,True,4.489999771118164,7,2,,,2025-01-13 02:40:21
180160342,Debora,False,4.0,True,5.0,2,0,,,2025-01-13 02:40:21
168120538,Ernesto,False,2.0,True,4.5,6,11,,,2025-01-13 02:40:22
572309409,Dyulia,False,1.0,True,5.0,0,2,,,2025-01-13 02:40:23
375302534,Marcel Giovanni,False,8.0,True,4.880000114440918,2,1,,,2025-01-13 02:40:27
478564918,Gustavo,False,6.0,True,5.0,2,2,,,2025-01-13 02:40:27
529277524,Rhayan,False,4.0,True,4.5,1,5,,,2025-01-13 02:40:28
29475010,Aline,True,17.0,True,5.0,0,5,,,2025-01-13 02:40:28
323343981,Giselegomessales,False,0.0,True,0.0,4,11,,,2025-01-13 02:40:30
566410696,Kellen Cristina,False,3.0,True,5.0,0,10,,,2025-01-13 02:40:32
30292433,Michelle,True,181.0,True,4.869999885559082,6,0,,,2025-01-13 02:40:34
218429540,Ivone,False,10.0,True,5.0,6,2,,,2025-01-13 02:40:34
330683989,A Luiz,False,81.0,True,4.960000038146973,4,0,,,2025-01-13 02:40:38
545991719,Fernanda,False,1.0,True,5.0,1,1,,,2025-01-13 02:40:39
550189679,Taty Gandor,False,0.0,True,0.0,0,2,,,2025-01-13 02:40:40
420142305,Gustavo,True,52.0,True,4.960000038146973,3,4,,,2025-01-13 02:40:42
163555140,Karen,False,1003.0,True,4.869999885559082,7,0,,,2025-01-13 02:40:43
546926457,Carla Luanda,False,1.0,True,5.0,1,1,,,2025-01-13 02:40:45
582437326,Aline,False,3.0,True,5.0,0,6,,,2025-01-13 02:40:45
192888631,Priscilla,False,132.0,True,4.929999828338623,6,7,,,2025-01-13 02:40:45
662062026,Luiz Antonio,False,7.0,True,5.0,0,1,,,2025-01-13 02:40:45
493553283,Marisa,False,0.0,True,0.0,0,11,,,2025-01-13 02:40:47
549335134,Juliana,True,8.0,True,5.0,1,1,,,2025-01-13 02:40:50
232233138,Fabiane,False,2.0,True,5.0,6,0,,,2025-01-13 02:40:53
225959170,Adelio,False,5.0,True,5.0,5,0,,,2025-01-13 02:40:54
488106109,Gisele,False,4.0,True,5.0,2,1,,,2025-01-13 02:40:57
398976001,Paulo,False,0.0,True,0.0,1,1,,,2025-01-13 02:40:57
455826755,Caroline,False,2.0,True,5.0,2,8,,,2025-01-13 02:41:03
160783538,Marquinho,False,7.0,True,5.0,4,0,,,2025-01-13 02:41:04
110204537,Elizete,False,8.0,True,4.5,7,11,,,2025-01-13 02:41:05
436330621,Denise,False,4.0,True,5.0,3,0,,,2025-01-13 02:41:08
308822794,Everson Luiz,False,25.0,True,4.880000114440918,5,0,,,2025-01-13 02:41:08
324595100,Jairo Dos Santos,False,10.0,True,4.900000095367432,5,0,,,2025-01-13 02:41:10
559816575,Pamela,False,0.0,True,0.0,0,7,,,2025-01-13 02:41:11
32786701,Barbara,False,3.0,True,5.0,4,1,,,2025-01-13 02:41:12
502467313,Ezequiel,False,3.0,True,5.0,0,1,,,2025-01-13 02:41:12
291609302,Gabriela Caroline,True,133.0,True,4.989999771118164,5,1,,,2025-01-13 02:41:13
300766564,Déa,False,0.0,True,0.0,2,1,,,2025-01-13 02:41:16
469614097,Mateus Fernando,False,0.0,True,0.0,2,0,,,2025-01-13 02:41:16
424751659,Marcelo Gianni,False,58.0,True,4.949999809265137,3,3,,,2025-01-13 02:41:16
110012306,Luis Gustavo,False,147.0,True,4.800000190734863,3,0,,,2025-01-13 02:41:17
253223204,Waleska,False,11.0,True,4.730000019073486,5,1,,,2025-01-13 02:41:17
227735361,Guilherme,True,383.0,True,4.75,5,4,,,2025-01-13 02:41:18
421919557,Ana Emília,False,8.0,True,5.0,3,2,,,2025-01-13 02:41:18
243707200,Aldry,False,12.0,True,4.920000076293945,5,10,,,2025-01-13 02:41:19
143734218,Adauton,True,208.0,True,4.550000190734863,5,11,,,2025-01-13 02:41:19
544446064,Debora,False,2.0,True,5.0,0,5,,,2025-01-13 02:41:20
158267412,Fausto,False,247.0,True,4.940000057220459,6,5,,,2025-01-13 02:41:20
168122034,Cecílio,True,33.0,True,4.909999847412109,6,11,,,2025-01-13 02:41:24
478014584,Miguel,False,0.0,True,0.0,1,3,,,2025-01-13 02:41:26
173095913,Broker Marcus Vinicius,False,56.0,True,4.840000152587891,6,11,,,2025-01-13 02:41:29
304326244,Roseli,False,1.0,True,5.0,5,2,,,2025-01-13 02:41:30
545089561,Lenita,False,6.0,True,5.0,1,2,,,2025-01-13 02:41:30
489739884,Jeferson,False,0.0,True,0.0,1,1,,,2025-01-13 02:41:30
329705343,Jane,False,4.0,True,5.0,4,11,,,2025-01-13 02:41:31
229240543,Mara,False,2.0,True,5.0,5,10,,,2025-01-13 02:41:32
296270545,Claudia,False,2.0,True,5.0,0,5,,,2025-01-13 02:41:33
348626533,Gefersson,False,1.0,True,5.0,0,1,,,2025-01-13 02:41:33
397135878,Mayara,False,0.0,True,0.0,0,1,,,2025-01-13 02:41:35
378326074,Ruan,False,10.0,True,5.0,4,1,,,2025-01-13 02:41:36
263894682,Célia,False,5.0,True,5.0,1,5,,,2025-01-13 02:41:37
434025161,Linésio,False,0.0,True,0.0,3,1,,,2025-01-13 02:41:38
314685367,Diovana,False,0.0,True,0.0,0,1,,,2025-01-13 02:41:38
537965072,Iago,False,3.0,True,5.0,1,3,,,2025-01-13 02:41:38
657351611,Eloise,False,5.0,True,5.0,0,2,,,2025-01-13 02:41:40
326420934,Paulo Fernando,True,121.0,True,4.840000152587891,5,0,,,2025-01-13 02:41:40
209153958,Maicon,True,45.0,True,5.0,1,10,,,2025-01-13 02:41:40
535122527,Diego,False,0.0,True,0.0,0,6,,,2025-01-13 02:41:41
203116788,Nayara,False,5.0,True,5.0,3,5,,,2025-01-13 02:41:41
60637188,Jaison,False,16.0,True,4.880000114440918,8,10,,,2025-01-13 02:41:42
227594061,Richard,False,30.0,True,4.5,5,4,,,2025-01-13 02:41:42
24743808,Nico,False,82.0,True,4.789999961853027,8,9,,,2025-01-13 02:41:43
209151883,Rudinei,False,2.0,True,5.0,6,4,,,2025-01-13 02:41:43
554398057,Solange,False,7.0,True,4.710000038146973,1,0,,,2025-01-13 02:41:45
264090279,Iran,False,6.0,True,5.0,5,2,,,2025-01-13 02:41:45
231649747,Juliana,False,7.0,True,4.860000133514404,6,0,,,2025-01-13 02:41:45
397869265,Caroline,False,4.0,True,4.75,3,8,,,2025-01-13 02:41:45
332627905,Vania,True,61.0,True,4.840000152587891,3,9,,,2025-01-13 02:41:46
15810104,Paulo,False,38.0,True,4.96999979019165,4,0,,,2025-01-13 02:41:47
385095021,Angela,False,28.0,True,4.820000171661377,3,11,,,2025-01-13 02:41:47
148119460,Ivanilde,False,9.0,True,4.889999866485596,7,4,,,2025-01-13 02:41:48
261580249,Fê,False,4.0,True,5.0,2,3,,,2025-01-13 02:41:48
523956382,Fran,False,4.0,True,5.0,1,6,,,2025-01-13 02:41:49
151161136,Josiele,False,16.0,True,4.75,7,2,,,2025-01-13 02:41:53
319889225,Vanessa,False,10.0,True,5.0,1,10,,,2025-01-13 02:41:53
349657300,Élcio,False,12.0,True,5.0,4,7,,,2025-01-13 02:41:55
229738159,Cacio,True,51.0,True,4.920000076293945,4,2,,,2025-01-13 02:41:57
365165683,Matheus,True,40.0,True,4.980000019073486,2,7,,,2025-01-13 02:41:58
382654895,Inara,False,0.0,True,0.0,4,0,,,2025-01-13 02:41:59
20366219,Samuel,False,8.0,True,4.880000114440918,1,1,,,2025-01-13 02:42:01
568697943,Fabiana,False,0.0,True,0.0,0,0,,,2025-01-13 02:42:01
532186286,Natalini,True,11.0,True,5.0,0,7,,,2025-01-13 02:42:01
233212126,Irineu,False,8.0,True,5.0,2,4,,,2025-01-13 02:42:01
16105306,Regina,False,9.0,True,4.559999942779541,3,2,,,2025-01-13 02:42:03
107753235,Angelica,False,39.0,True,4.539999961853027,6,0,,,2025-01-13 02:42:06
538829706,Bruna,False,1.0,True,5.0,1,3,,,2025-01-13 02:42:06
655451733,Rosane Dos Santos Generoso,False,2.0,True,5.0,0,2,,,2025-01-13 02:42:07
295108642,Willy,False,0.0,True,0.0,0,3,,,2025-01-13 02:42:08
482320632,Karen,False,3.0,True,4.670000076293945,2,0,,,2025-01-13 02:42:08
321462557,Alexandre,False,4.0,True,5.0,0,11,,,2025-01-13 02:42:11
105698234,Nathalia,False,4.0,True,5.0,1,11,,,2025-01-13 02:42:11
190172658,Matheus,False,8.0,True,4.880000114440918,3,11,,,2025-01-13 02:42:11
147375383,Mariana,False,15.0,True,4.730000019073486,7,4,,,2025-01-13 02:42:12
181283786,Valter Antônio,False,0.0,True,0.0,1,5,,,2025-01-13 02:42:13
215406852,Eder,False,3.0,True,5.0,0,1,,,2025-01-13 02:42:13
294279805,Sah,False,14.0,True,5.0,5,3,,,2025-01-13 02:42:16
278901567,Fernanda,False,0.0,True,0.0,0,1,,,2025-01-13 02:42:24
667605343,Hafez,False,0.0,True,0.0,0,0,,,2025-01-13 02:42:26
547013980,Alexandre,False,2.0,True,5.0,1,1,,,2025-01-13 02:42:26
371424235,Tiago,False,2.0,True,4.0,2,2,,,2025-01-13 02:42:30
382976439,Ana Cecilia,False,1.0,True,4.0,4,0,,,2025-01-13 02:42:30
669305103,Frederico,False,0.0,True,0.0,0,0,,,2025-01-13 02:42:31
547952997,Laide,False,6.0,True,5.0,1,1,,,2025-01-13 02:42:33
564530653,Clovis,False,0.0,True,0.0,0,6,,,2025-01-13 02:42:34
246761770,Geci,False,0.0,True,0.0,5,3,,,2025-01-13 02:42:34
381606331,Natália,False,2.0,True,5.0,4,0,,,2025-01-13 02:42:34
559455555,Janete,False,2.0,True,5.0,0,11,,,2025-01-13 02:42:35
286906295,Tiago,False,1.0,True,5.0,5,4,,,2025-01-13 02:42:35
128770488,Marcia,False,0.0,True,0.0,7,8,,,2025-01-13 02:42:35
94785537,Evelin,False,30.0,True,4.869999885559082,8,4,,,2025-01-13 02:42:37
38708367,Eliamar De Zanetti,True,42.0,True,4.739999771118164,8,2,,,2025-01-13 02:42:37
536004494,Jacqueline,True,10.0,True,5.0,1,4,,,2025-01-13 02:42:37
245132330,Leonardo,False,7.0,True,5.0,2,0,,,2025-01-13 02:42:38
579913957,Irineu Junior,False,8.0,True,4.75,0,7,,,2025-01-13 02:42:38
299606237,Jaime,False,8.0,True,4.880000114440918,5,2,,,2025-01-13 02:42:39
161767416,Hilario,False,24.0,True,4.920000076293945,6,0,,,2025-01-13 02:42:41
381604431,Paulo,False,1.0,True,5.0,1,0,,,2025-01-13 02:42:43
436951335,Israilander,False,8.0,True,4.25,2,5,,,2025-01-13 02:42:43
239484039,Ricardo,False,4.0,True,5.0,2,2,,,2025-01-13 02:42:44
436682532,Andréia,False,5.0,True,5.0,1,0,,,2025-01-13 02:42:46
192992782,Luísa,False,11.0,True,4.820000171661377,1,4,,,2025-01-13 02:42:46
237996840,Gabriel,False,2.0,True,5.0,5,10,,,2025-01-13 02:42:48
125705698,Wilson,False,7.0,True,4.860000133514404,1,1,,,2025-01-13 02:42:50
40289577,Aide,False,7.0,True,4.139999866485596,9,5,,,2025-01-13 02:42:50
289797859,Ariane,True,29.0,True,4.96999979019165,0,2,,,2025-01-13 02:42:51
452192631,Gustavo,True,22.0,True,4.909999847412109,1,0,,,2025-01-13 02:42:53
438621102,Luiz Henrique,False,0.0,True,0.0,2,6,,,2025-01-13 02:42:53
662637544,Tânia,False,0.0,True,0.0,0,1,,,2025-01-13 02:42:54
236042553,Dionete Angela,False,5.0,True,4.800000190734863,6,0,,,2025-01-13 02:42:55
268438066,Landes,False,33.0,True,4.96999979019165,5,6,,,2025-01-13 02:42:56
543825664,Franciele,False,0.0,True,0.0,1,2,,,2025-01-13 02:42:58
577615778,Magali Rose Da Silva,True,61.0,True,4.96999979019165,0,7,,,2025-01-13 02:42:59
80526805,Juliana,False,65.0,True,4.630000114440918,4,4,,,2025-01-13 02:42:59
162678666,Sergio,False,7.0,True,4.860000133514404,3,0,,,2025-01-13 02:43:00
374311060,Fernando,False,0.0,True,0.0,4,1,,,2025-01-13 02:43:02
383199167,Andresa,False,3.0,True,5.0,4,0,,,2025-01-13 02:43:02
113859732,Marcia,False,1.0,True,5.0,2,2,,,2025-01-13 02:43:03
229230321,Flavia,False,0.0,True,0.0,3,0,,,2025-01-13 02:43:04
126518059,Felipe,False,4.0,True,4.75,5,2,,,2025-01-13 02:43:06
325527342,Briani,True,225.0,True,4.730000019073486,5,0,,,2025-01-13 02:43:06
281127168,João Luis,False,3.0,True,5.0,0,0,,,2025-01-13 02:43:06
213534263,Rodrigo,False,1.0,True,5.0,1,0,,,2025-01-13 02:43:08
22570269,Mônica,False,36.0,True,4.71999979019165,5,9,,,2025-01-13 02:43:08
380780941,Bruno,False,2.0,True,4.5,4,0,,,2025-01-13 02:43:08
465450907,José Valdir,False,0.0,True,0.0,1,6,,,2025-01-13 02:43:09
442825290,Beto,False,0.0,True,0.0,2,11,,,2025-01-13 02:43:09
119300619,Wiliam,True,30.0,True,4.829999923706055,1,0,,,2025-01-13 02:43:09
377200160,Kariane,False,0.0,True,0.0,0,2,,,2025-01-13 02:43:10
386785808,Roberto,False,0.0,True,0.0,1,1,,,2025-01-13 02:43:13
664934430,Gedalva,False,0.0,True,0.0,0,1,,,2025-01-13 02:43:13
31856877,Felipe,True,72.0,True,4.960000038146973,3,4,,,2025-01-13 02:43:13
88028074,Everaldo,True,58.0,True,4.909999847412109,4,0,,,2025-01-13 02:43:15
433408048,Leandro,False,0.0,True,0.0,0,4,,,2025-01-13 02:43:16
480171025,Emanoelle,False,1.0,True,5.0,1,3,,,2025-01-13 02:43:16
373002269,Vanin,False,1.0,True,5.0,0,3,,,2025-01-13 02:43:17
528254274,Leila,False,3.0,True,4.670000076293945,1,5,,,2025-01-13 02:43:17
156165095,Aline,False,1.0,True,5.0,3,2,,,2025-01-13 02:43:19
341718421,Jonas,True,43.0,True,4.909999847412109,4,2,,,2025-01-13 02:43:20
79179066,Loren,True,18.0,True,4.889999866485596,0,5,,,2025-01-13 02:43:20
423069187,Greice,True,109.0,True,5.0,3,3,,,2025-01-13 02:43:21
310053678,Ana Lucia,True,213.0,True,4.889999866485596,5,1,,,2025-01-13 02:43:21
542270763,Kristiane,False,1.0,True,5.0,1,1,,,2025-01-13 02:43:21
547512468,Jhonny,False,0.0,True,0.0,1,1,,,2025-01-13 02:43:23
187152268,Cristine,False,5.0,True,5.0,6,8,,,2025-01-13 02:43:24
356926235,Aparecido,False,4.0,True,4.5,4,2,,,2025-01-13 02:43:24
39445866,Ivan,True,11.0,True,5.0,0,8,,,2025-01-13 02:43:26
303429324,Erasmo,False,2.0,True,4.5,5,2,,,2025-01-13 02:43:27
151919621,Gustavo,True,31.0,True,4.96999979019165,7,3,,,2025-01-13 02:43:28
87471056,Michele,False,1.0,True,5.0,0,11,,,2025-01-13 02:43:29
184451914,Liselde,True,17.0,True,4.940000057220459,2,6,,,2025-01-13 02:43:30
220704302,Ellen,True,39.0,True,4.900000095367432,6,1,,,2025-01-13 02:43:30
481564218,Marcelo,False,1.0,True,5.0,2,1,,,2025-01-13 02:43:31
152391768,Peter,False,20.0,True,4.949999809265137,3,11,,,2025-01-13 02:43:32
177228547,Felipe E Karolina,True,10.0,True,5.0,0,11,,,2025-01-13 02:43:33
303112828,Jaime,False,32.0,True,4.5,5,2,,,2025-01-13 02:43:33
180954666,Marcos,False,4.0,True,5.0,1,4,,,2025-01-13 02:43:34
481130369,Elisa,False,3.0,True,5.0,2,0,,,2025-01-13 02:43:34
230350086,Elenir,True,42.0,True,4.929999828338623,2,5,,,2025-01-13 02:43:35
419177053,Elesio,False,3.0,True,5.0,3,4,,,2025-01-13 02:43:36
251122607,Luana,False,8.0,True,4.5,2,1,,,2025-01-13 02:43:36
227612174,Tiago,False,0.0,True,0.0,0,0,,,2025-01-13 02:43:39
327092499,Josiane,False,7.0,True,4.139999866485596,2,5,,,2025-01-13 02:43:40
106820527,Kevin,False,57.0,True,4.960000038146973,3,11,,,2025-01-13 02:43:40
661009718,Discovery Negócios Imobiliários,False,1.0,True,5.0,0,2,,,2025-01-13 02:43:44
152170176,Lizandra,False,38.0,True,4.96999979019165,7,3,,,2025-01-13 02:43:44
111995006,Flávia,False,10.0,True,4.5,7,0,,,2025-01-13 02:43:46
153043758,Daiane,False,1.0,True,4.0,5,1,,,2025-01-13 02:43:46
466096049,Criss,False,6.0,True,4.5,0,11,,,2025-01-13 02:43:48
492846054,Ricardo,False,6.0,True,5.0,2,0,,,2025-01-13 02:43:48
554715462,Felipe,False,0.0,True,0.0,1,0,,,2025-01-13 02:43:48
109184469,Paty,True,278.0,True,4.860000133514404,6,11,,,2025-01-13 02:43:51
564513783,Greici Léia,False,0.0,True,0.0,0,10,,,2025-01-13 02:43:51
203365259,Bruna,False,1.0,True,5.0,1,1,,,2025-01-13 02:43:52
339844922,Verônica,False,1.0,True,5.0,0,3,,,2025-01-13 02:43:52
235012783,Renata,True,104.0,True,4.860000133514404,6,0,,,2025-01-13 02:43:53
654152251,Mônica Cristina,False,0.0,True,0.0,0,3,,,2025-01-13 02:43:53
91326176,Carlos Eduardo,False,4.0,True,5.0,6,4,,,2025-01-13 02:43:54
225143660,Tatiane,False,18.0,True,4.610000133514404,6,2,,,2025-01-13 02:43:55
663585391,Karen,False,0.0,True,0.0,0,1,,,2025-01-13 02:43:56
358696096,Ivone,False,1.0,True,5.0,0,4,,,2025-01-13 02:44:01
285615748,Raquel,False,1.0,True,5.0,0,0,,,2025-01-13 02:44:02
537106601,Maicon,False,7.0,True,4.860000133514404,1,3,,,2025-01-13 02:44:03
112626821,Eduardo,False,1.0,True,5.0,0,11,,,2025-01-13 02:44:06
225009501,Maria,False,40.0,True,5.0,6,2,,,2025-01-13 02:44:06
244534705,Denilda,True,197.0,True,4.929999828338623,5,10,,,2025-01-13 02:44:06
323789095,Daniel,False,131.0,True,4.46999979019165,5,0,,,2025-01-13 02:44:08
413985995,William,False,4.0,True,5.0,1,3,,,2025-01-13 02:44:08
539737694,Guilherme,False,4.0,True,5.0,1,3,,,2025-01-13 02:44:09
99610787,Natália,True,58.0,True,4.980000019073486,4,2,,,2025-01-13 02:44:10
426885428,Karoline,False,3.0,True,4.670000076293945,1,11,,,2025-01-13 02:44:11
655446947,Thais Cristina,False,0.0,True,0.0,0,0,,,2025-01-13 02:44:13
554202873,Rute Regina,False,2.0,True,4.5,0,1,,,2025-01-13 02:44:13
479754082,Maikler,False,10.0,True,5.0,2,1,,,2025-01-13 02:44:14
558514647,Eliana,False,0.0,True,0.0,0,11,,,2025-01-13 02:44:15
215724709,Rozelene,True,55.0,True,4.929999828338623,4,2,,,2025-01-13 02:44:17
665090893,Regina,False,1.0,True,3.0,0,1,,,2025-01-13 02:44:17
142304517,Mateus,False,9.0,True,5.0,0,2,,,2025-01-13 02:44:20
251980558,Andrea,False,0.0,True,0.0,0,4,,,2025-01-13 02:44:21
74618839,André Luiz,True,82.0,True,4.929999828338623,8,2,,,2025-01-13 02:44:23
197029123,Dámaris,True,126.0,True,4.789999961853027,5,2,,,2025-01-13 02:44:25
413017013,Caline,False,0.0,True,0.0,0,3,,,2025-01-13 02:44:25
555056664,Amanda,False,1.0,True,5.0,0,2,,,2025-01-13 02:44:27
551861623,Marcio Alexandre,False,3.0,True,4.670000076293945,1,0,,,2025-01-13 02:44:29
331769078,Miriam,False,6.0,True,5.0,1,10,,,2025-01-13 02:44:30
139478367,Adriana,False,31.0,True,5.0,7,6,,,2025-01-13 02:44:30
202600428,Martinho,True,71.0,True,4.960000038146973,5,4,,,2025-01-13 02:44:32
549742729,Lilian,False,2.0,True,5.0,1,1,,,2025-01-13 02:44:34
164952277,Eunice,False,25.0,True,4.960000038146973,7,0,,,2025-01-13 02:44:34
271855548,Schirlei,False,1.0,True,5.0,0,6,,,2025-01-13 02:44:36
472433291,Fabio,False,0.0,True,0.0,2,2,,,2025-01-13 02:44:36
488387857,Cleomir,False,0.0,True,0.0,0,4,,,2025-01-13 02:44:36
264282150,Dirceu,False,41.0,True,4.710000038146973,5,4,,,2025-01-13 02:44:37
152352055,Renê,False,0.0,True,0.0,7,2,,,2025-01-13 02:44:37
106051867,Lucas,False,22.0,True,5.0,5,1,,,2025-01-13 02:44:38
77681146,Antonio,False,144.0,True,4.829999923706055,8,6,,,2025-01-13 02:44:40
576104050,Graziela,False,2.0,True,5.0,0,1,,,2025-01-13 02:44:40
92806193,Nádia,False,0.0,True,0.0,7,2,,,2025-01-13 02:44:41
325303111,Karoliny,False,8.0,True,4.880000114440918,1,4,,,2025-01-13 02:44:42
484280876,Lorenzo,False,3.0,True,5.0,2,0,,,2025-01-13 02:44:43
103243197,Gerson,False,1.0,True,5.0,5,2,,,2025-01-13 02:44:44
567717951,Achei Itapema,True,10.0,True,4.900000095367432,0,7,,,2025-01-13 02:44:45
287334477,Lianara,True,16.0,True,5.0,2,0,,,2025-01-13 02:44:46
273331651,Edenilson,False,13.0,True,4.849999904632568,4,11,,,2025-01-13 02:44:49
368521605,Ana Lúcia,False,6.0,True,5.0,3,1,,,2025-01-13 02:44:49
389987204,Eduardo,False,2.0,True,5.0,1,1,,,2025-01-13 02:44:50
34806865,Denny Mello,False,1.0,True,5.0,8,1,,,2025-01-13 02:44:52
540895269,Cláudia,False,1.0,True,5.0,0,0,,,2025-01-13 02:44:54
445202588,Adriana,False,7.0,True,4.710000038146973,1,4,,,2025-01-13 02:44:57
101432487,Glacir,False,42.0,True,4.829999923706055,8,2,,,2025-01-13 02:44:58
288114147,Rosane,True,20.0,True,4.849999904632568,5,4,,,2025-01-13 02:44:59
26849113,Megan,False,0.0,True,0.0,0,0,,,2025-01-13 02:45:00
497677907,Victor Abrahao,False,7.0,True,5.0,1,11,,,2025-01-13 02:45:01
162405981,Kellen,False,1.0,True,3.0,7,0,,,2025-01-13 02:45:02
558277021,Higor,False,1.0,True,5.0,0,11,,,2025-01-13 02:45:02
661873585,Neusa,False,0.0,True,0.0,0,2,,,2025-01-13 02:45:02
38393697,Francine,False,1.0,True,5.0,0,2,,,2025-01-13 02:45:03
661088490,Junior,False,3.0,True,5.0,0,1,,,2025-01-13 02:45:06
265805292,Silvana,False,10.0,True,5.0,3,1,,,2025-01-13 02:45:07
326293155,Francieli,False,0.0,True,0.0,4,11,,,2025-01-13 02:45:09
310441201,Amanda Talita,False,1.0,True,5.0,5,1,,,2025-01-13 02:45:09
133754844,Andrei,False,3.0,True,5.0,0,2,,,2025-01-13 02:45:09
654160255,Sandra Helena,False,0.0,True,0.0,0,3,,,2025-01-13 02:45:11
230549767,Claudia,False,6.0,True,4.829999923706055,4,0,,,2025-01-13 02:45:11
113275089,Giovana,False,11.0,True,4.820000171661377,7,10,,,2025-01-13 02:45:13
657311884,Esline Souza,False,1.0,True,5.0,0,2,,,2025-01-13 02:45:14
201292310,Marcos,True,64.0,True,4.980000019073486,3,4,,,2025-01-13 02:45:15
563243548,Jean,False,4.0,True,4.5,0,10,,,2025-01-13 02:45:16
248697693,Andreia,False,29.0,True,4.860000133514404,4,2,,,2025-01-13 02:45:16
533354065,Juliana,False,0.0,True,0.0,0,1,,,2025-01-13 02:45:17
434091777,Jocelei,False,2.0,True,5.0,3,1,,,2025-01-13 02:45:17
235469516,Naira,False,0.0,True,0.0,5,3,,,2025-01-13 02:45:19
438193481,Demian,False,53.0,True,4.849999904632568,3,0,,,2025-01-13 02:45:22
528066209,Eloisa,False,1.0,True,5.0,1,5,,,2025-01-13 02:45:23
556848802,Jonatas,False,0.0,True,0.0,0,11,,,2025-01-13 02:45:24
307961896,Renato,False,0.0,True,0.0,0,0,,,2025-01-13 02:45:24
391427706,Monica,False,0.0,True,0.0,0,1,,,2025-01-13 02:45:25
87109099,Brunno,False,4.0,True,5.0,0,4,,,2025-01-13 02:45:28
175710937,Avelino,True,25.0,True,4.960000038146973,4,11,,,2025-01-13 02:45:30
660732563,Douglas Henrique,False,0.0,True,0.0,0,2,,,2025-01-13 02:45:31
139474155,Gabriel E Jaqueline,True,84.0,True,4.960000038146973,6,0,,,2025-01-13 02:45:31
63860112,Mauro José,False,3.0,True,4.670000076293945,3,2,,,2025-01-13 02:45:32
152518192,Cristiano Pereira De,False,1.0,True,5.0,4,1,,,2025-01-13 02:45:32
491458280,Ivânia,True,13.0,True,5.0,2,0,,,2025-01-13 02:45:32
263755589,Luana,False,0.0,True,0.0,0,2,,,2025-01-13 02:45:33
415730130,Thales,False,13.0,True,4.769999980926514,2,0,,,2025-01-13 02:45:35
131818585,Ana Cristina,False,2.0,True,5.0,0,1,,,2025-01-13 02:45:35
83542300,Luiza De Marillac,False,14.0,True,4.929999828338623,2,2,,,2025-01-13 02:45:37
515187929,Destino Checkin,False,387.0,True,4.659999847412109,1,7,,,2025-01-13 02:45:37
177501787,Leonardo,True,34.0,True,4.849999904632568,5,1,,,2025-01-13 02:45:37
527469085,Ana Paula,False,14.0,True,5.0,1,5,,,2025-01-13 02:45:39
540524272,Diogo,False,1.0,True,5.0,1,3,,,2025-01-13 02:45:40
472414791,Analia Belen,False,5.0,True,4.199999809265137,2,5,,,2025-01-13 02:45:41
552105336,Leila Sheila Dos Santos Silva,False,6.0,True,5.0,1,0,,,2025-01-13 02:45:42
100747811,Viviane,False,0.0,True,0.0,7,10,,,2025-01-13 02:45:44
228737392,Sady Ricardo,False,0.0,True,0.0,4,0,,,2025-01-13 02:45:44
367477498,Andrea,False,51.0,True,4.760000228881836,4,3,,,2025-01-13 02:45:48
280009660,Michael,False,0.0,True,0.0,2,1,,,2025-01-13 02:45:53
7932101,Luana,False,7.0,True,4.860000133514404,6,1,,,2025-01-13 02:45:54
378896003,Vivian Maria,False,12.0,True,5.0,0,5,,,2025-01-13 02:45:55
428394737,Luiz,False,0.0,True,0.0,2,4,,,2025-01-13 02:45:57
422667807,Gustavo,False,14.0,True,4.860000133514404,2,2,,,2025-01-13 02:45:57
107697812,Miguelina,False,4.0,True,4.0,5,2,,,2025-01-13 02:45:58
426809635,Irmgard,False,0.0,True,0.0,3,3,,,2025-01-13 02:46:00
45671121,Márcio,False,7.0,True,4.289999961853027,6,0,,,2025-01-13 02:46:02
377474773,Mariza,True,66.0,True,4.849999904632568,4,1,,,2025-01-13 02:46:04
327738954,Fabio,False,11.0,True,5.0,2,0,,,2025-01-13 02:46:04
399231387,Matheus,False,0.0,True,0.0,2,4,,,2025-01-13 02:46:04
17692445,Felipe,False,2.0,True,5.0,1,1,,,2025-01-13 02:46:05
75776806,Bruno,False,12.0,True,4.75,6,1,,,2025-01-13 02:46:06
477129691,Rafael,False,10.0,True,5.0,1,1,,,2025-01-13 02:46:06
661146047,Andressa,False,7.0,True,5.0,0,1,,,2025-01-13 02:46:08
486812874,Marcos,False,10.0,True,5.0,2,2,,,2025-01-13 02:46:08
656267813,Pablo,False,0.0,True,0.0,0,1,,,2025-01-13 02:46:10
221280627,Francis Miguel,False,60.0,True,4.820000171661377,6,2,,,2025-01-13 02:46:11
552322476,Maristela,False,0.0,True,0.0,1,0,,,2025-01-13 02:46:11
170359573,Kurt,False,18.0,True,4.78000020980835,5,11,,,2025-01-13 02:46:11
59078946,Claudia,True,96.0,True,4.940000057220459,4,7,,,2025-01-13 02:46:14
553527281,Maria Das Gracas,False,7.0,True,4.710000038146973,1,0,,,2025-01-13 02:46:15
515907658,Gabriela,False,0.0,True,0.0,0,0,,,2025-01-13 02:46:16
153822249,Francine,False,11.0,True,5.0,4,0,,,2025-01-13 02:46:17
501842600,Adriana,False,0.0,True,0.0,1,10,,,2025-01-13 02:46:21
457352273,Cristiane,False,0.0,True,0.0,0,3,,,2025-01-13 02:46:21
443659748,Tereza,False,0.0,True,0.0,2,0,,,2025-01-13 02:46:21
244081776,Jose Carlos,True,181.0,True,4.869999885559082,5,10,,,2025-01-13 02:46:22
475370954,André,False,60.0,True,4.880000114440918,1,10,,,2025-01-13 02:46:22
240247528,Alan,False,0.0,True,0.0,5,11,,,2025-01-13 02:46:22
542484669,Cintia Maria,True,19.0,True,4.840000152587891,1,2,,,2025-01-13 02:46:24
292647148,Ana Luiza,False,2.0,True,5.0,1,4,,,2025-01-13 02:46:28
55767125,Elton,False,3.0,True,5.0,1,0,,,2025-01-13 02:46:28
107450594,Matheus,False,4.0,True,5.0,1,8,,,2025-01-13 02:46:28
110451280,Cristiano,False,0.0,True,0.0,4,11,,,2025-01-13 02:46:29
666668353,Jackson,False,0.0,True,0.0,0,0,,,2025-01-13 02:46:32
472787508,Beatriz,False,0.0,True,0.0,2,5,,,2025-01-13 02:46:36
379350660,Rozimeri,False,0.0,True,0.0,4,1,,,2025-01-13 02:46:36
370796966,Vitória,False,0.0,True,0.0,0,0,,,2025-01-13 02:46:36
663283733,Leandro Constantino Ribeiro,False,0.0,True,0.0,0,1,,,2025-01-13 02:46:37
327662417,Richardt,False,8.0,True,5.0,3,2,,,2025-01-13 02:46:38
489087564,Henrique,False,0.0,True,0.0,2,1,,,2025-01-13 02:46:38
300639959,Luiz,False,0.0,True,0.0,0,3,,,2025-01-13 02:46:40
323002255,José,False,15.0,True,4.929999828338623,3,0,,,2025-01-13 02:46:43
439226063,Ana,False,1.0,True,1.0,2,11,,,2025-01-13 02:46:43
370216636,Leonardo,False,0.0,True,0.0,0,2,,,2025-01-13 02:46:43
263431587,Gustavo,True,16.0,True,4.940000057220459,2,1,,,2025-01-13 02:46:45
224061270,Sabrina,False,15.0,True,4.53000020980835,3,1,,,2025-01-13 02:46:46
367268318,Maria,False,0.0,True,0.0,2,0,,,2025-01-13 02:46:47
311775037,Tadeu Júnior,False,14.0,True,5.0,5,1,,,2025-01-13 02:46:49
271832634,Scheila,False,14.0,True,5.0,5,1,,,2025-01-13 02:46:50
245049761,Weslei,True,31.0,True,4.900000095367432,5,10,,,2025-01-13 02:46:51
544932480,Carla Cristina,False,0.0,True,0.0,1,2,,,2025-01-13 02:46:52
150811404,Grasiela,False,1.0,True,5.0,4,1,,,2025-01-13 02:46:54
437151086,Gabriela,False,19.0,True,5.0,2,11,,,2025-01-13 02:46:57
328958164,Keli,False,2.0,True,5.0,4,11,,,2025-01-13 02:47:01
371809688,Jessica,False,0.0,True,0.0,0,1,,,2025-01-13 02:47:02
484011503,Bárbara,False,1.0,True,5.0,0,1,,,2025-01-13 02:47:03
68384276,Paula,False,12.0,True,5.0,6,5,,,2025-01-13 02:47:03
376546706,Denner,False,0.0,True,0.0,0,4,,,2025-01-13 02:47:04
476290058,Perola,False,0.0,True,0.0,2,4,,,2025-01-13 02:47:05
186109158,Claudio,True,86.0,True,4.980000019073486,6,2,,,2025-01-13 02:47:05
275635094,Orlando,False,8.0,True,5.0,2,5,,,2025-01-13 02:47:06
137858264,Sheila,False,13.0,True,4.690000057220459,2,10,,,2025-01-13 02:47:07
56982344,Newton,False,7.0,True,5.0,8,11,,,2025-01-13 02:47:07
103411225,Ana,False,32.0,True,4.940000057220459,8,2,,,2025-01-13 02:47:07
665560632,Marelise,False,0.0,True,0.0,0,1,,,2025-01-13 02:47:07
177393041,Celso,True,16.0,True,4.880000114440918,3,10,,,2025-01-13 02:47:09
24724576,Eduardo,False,70.0,True,4.889999866485596,10,1,,,2025-01-13 02:47:11
404012447,Francielli,True,37.0,True,4.96999979019165,3,7,,,2025-01-13 02:47:12
66037993,Marcos,False,8.0,True,4.75,5,10,,,2025-01-13 02:47:13
657542226,Rigatti E Reategui Temporada,False,3.0,True,5.0,0,2,,,2025-01-13 02:47:13
557069225,Eduardo,False,2.0,True,5.0,0,11,,,2025-01-13 02:47:14
62167711,Marina,True,12.0,True,4.920000076293945,3,1,,,2025-01-13 02:47:14
551875844,Rafael,False,5.0,True,4.800000190734863,1,0,,,2025-01-13 02:47:14
478227237,Renata Kely,False,20.0,True,4.900000095367432,2,2,,,2025-01-13 02:47:14
317935811,Jocelene,False,12.0,True,5.0,1,7,,,2025-01-13 02:47:16
157642052,Igor,True,127.0,True,4.980000019073486,6,3,,,2025-01-13 02:47:18
419126412,Gabriely,False,1.0,True,5.0,0,1,,,2025-01-13 02:47:18
495863221,Bruna,False,4.0,True,5.0,2,0,,,2025-01-13 02:47:19
110336100,Fabiana,False,27.0,True,4.889999866485596,8,0,,,2025-01-13 02:47:19
107912956,Ludmila,False,11.0,True,5.0,1,4,,,2025-01-13 02:47:20
102628370,Pedro,False,0.0,True,0.0,0,3,,,2025-01-13 02:47:21
101494197,Joanita Y Daniel,True,377.0,True,4.860000133514404,7,11,,,2025-01-13 02:47:22
213618060,Robledo,False,0.0,True,0.0,1,6,,,2025-01-13 02:47:22
519527555,Paloma,False,2.0,True,5.0,0,11,,,2025-01-13 02:47:23
22398457,Josinaldo,True,883.0,True,4.920000076293945,8,0,,,2025-01-13 02:47:24
528833861,Andrino Gil De,False,8.0,True,4.880000114440918,1,5,,,2025-01-13 02:47:24
44156806,Letícia,True,103.0,True,4.900000095367432,8,1,,,2025-01-13 02:47:28
657701336,Priscila,False,1.0,True,5.0,0,2,,,2025-01-13 02:47:28
319605783,Lucineide,False,4.0,True,4.75,5,0,,,2025-01-13 02:47:29
594140999,Jocélia,False,3.0,True,5.0,0,5,,,2025-01-13 02:47:32
80260531,Dayro,True,49.0,True,4.900000095367432,5,3,,,2025-01-13 02:47:32
276008409,Janete,False,11.0,True,4.360000133514404,3,6,,,2025-01-13 02:47:33
33938471,Débora,False,4.0,True,5.0,5,0,,,2025-01-13 02:47:33
115334486,Rafael,False,0.0,True,0.0,0,0,,,2025-01-13 02:47:34
311658930,Silvia,False,0.0,True,0.0,4,11,,,2025-01-13 02:47:35
554717777,Edson André,False,0.0,True,0.0,1,0,,,2025-01-13 02:47:36
443077455,Marcelo,False,4.0,True,4.5,0,1,,,2025-01-13 02:47:36
150637261,Ester,False,20.0,True,4.5,1,0,,,2025-01-13 02:47:37
62929389,Tania,False,32.0,True,4.75,8,9,,,2025-01-13 02:47:39
163503547,Amanda,True,45.0,True,4.869999885559082,2,2,,,2025-01-13 02:47:39
111241128,Andressa,False,1.0,True,5.0,2,2,,,2025-01-13 02:47:40
319406007,Tainara,True,21.0,True,4.949999809265137,5,0,,,2025-01-13 02:47:41
247650256,Josie,False,10.0,True,4.800000190734863,4,11,,,2025-01-13 02:47:45
67622278,Teresinha,True,62.0,True,4.980000019073486,8,2,,,2025-01-13 02:47:46
8215414,Ana Amelia Marques,True,169.0,True,4.809999942779541,6,3,,,2025-01-13 02:47:47
594859963,Katherine,False,0.0,True,0.0,0,4,,,2025-01-13 02:47:48
441209799,Ivonete Aparecida,False,12.0,True,4.829999923706055,2,11,,,2025-01-13 02:47:49
481247844,Ana Elisete,True,20.0,True,4.849999904632568,2,3,,,2025-01-13 02:47:49
547874421,Letícia,False,0.0,True,0.0,1,1,,,2025-01-13 02:47:50
157832796,Leda Regina,True,134.0,True,4.869999885559082,7,2,,,2025-01-13 02:47:51
194347953,Lunardo,True,54.0,True,4.980000019073486,3,11,,,2025-01-13 02:47:51
399921056,Yuri,False,0.0,True,0.0,0,3,,,2025-01-13 02:47:52
551359662,Mai SC,False,2.0,True,4.0,1,0,,,2025-01-13 02:47:54
231183355,Fernanda,False,0.0,True,0.0,5,0,,,2025-01-13 02:47:54
107793279,Liliane,False,6.0,True,4.829999923706055,8,0,,,2025-01-13 02:47:56
356647485,Ivone,False,10.0,True,5.0,2,3,,,2025-01-13 02:47:57
217276208,Rosana,False,10.0,True,4.800000190734863,4,11,,,2025-01-13 02:47:58
228834571,Rodrigo,False,1.0,True,5.0,3,0,,,2025-01-13 02:47:58
118964009,Sandro,False,1.0,True,5.0,2,2,,,2025-01-13 02:47:58
341729619,Daniel,False,1.0,True,5.0,0,11,,,2025-01-13 02:47:58
540530843,Lucas,False,0.0,True,0.0,1,3,,,2025-01-13 02:48:00
210344039,Claudia,False,12.0,True,4.75,6,2,,,2025-01-13 02:48:01
231414872,Rita,False,16.0,True,4.690000057220459,6,0,,,2025-01-13 02:48:01
551991664,Marilia L,False,0.0,True,0.0,1,0,,,2025-01-13 02:48:03
499657943,Dercio,False,0.0,True,0.0,0,3,,,2025-01-13 02:48:04
310944442,Lisiani,False,6.0,True,4.329999923706055,5,1,,,2025-01-13 02:48:05
276800469,Camila,False,1.0,True,5.0,0,2,,,2025-01-13 02:48:06
551968522,Andréia Inês,False,2.0,True,5.0,0,11,,,2025-01-13 02:48:07
46167410,Luana,False,4.0,True,4.75,8,7,,,2025-01-13 02:48:07
321018928,Eduardo,True,13.0,True,4.849999904632568,3,1,,,2025-01-13 02:48:07
219082837,Regina,False,7.0,True,4.570000171661377,6,3,,,2025-01-13 02:48:08
192377194,Osni,False,15.0,True,5.0,2,1,,,2025-01-13 02:48:09
383909653,Solange Beatriz KIlarowski,True,94.0,True,4.949999809265137,4,0,,,2025-01-13 02:48:10
513008299,Thaís,False,3.0,True,5.0,1,2,,,2025-01-13 02:48:10
551342508,Daniel,True,16.0,True,5.0,1,0,,,2025-01-13 02:48:12
165620689,Cristina,False,1.0,True,5.0,2,10,,,2025-01-13 02:48:12
283760792,Matheus,False,2.0,True,5.0,2,8,,,2025-01-13 02:48:13
437109458,Christopher Andrei,False,9.0,True,5.0,2,0,,,2025-01-13 02:48:15
369153667,Lucas Gabriel Da,False,1.0,True,5.0,0,1,,,2025-01-13 02:48:15
114742068,Claudia,True,52.0,True,4.920000076293945,4,2,,,2025-01-13 02:48:17
545064569,Amanda,False,6.0,True,4.829999923706055,1,1,,,2025-01-13 02:48:17
521634670,Valéria,False,5.0,True,5.0,0,3,,,2025-01-13 02:48:19
662820731,Agustinho,False,1.0,True,5.0,0,1,,,2025-01-13 02:48:21
233813969,Loriana,False,4.0,True,4.0,6,0,,,2025-01-13 02:48:21
287180792,Amanda,False,14.0,True,4.789999961853027,5,4,,,2025-01-13 02:48:22
151166442,Guilherme,False,6.0,True,5.0,7,2,,,2025-01-13 02:48:22
549405449,Regina,False,1.0,True,5.0,1,1,,,2025-01-13 02:48:24
530648724,Jéssica,True,10.0,True,5.0,0,5,,,2025-01-13 02:48:25
555731183,Marcia,False,2.0,True,5.0,1,0,,,2025-01-13 02:48:26
515230409,Natielly,False,3.0,True,5.0,0,1,,,2025-01-13 02:48:29
11695736,Cintia,False,18.0,True,4.889999866485596,9,0,,,2025-01-13 02:48:29
302289127,Ana,False,0.0,True,0.0,5,2,,,2025-01-13 02:48:30
265350197,Alessandra,True,37.0,True,4.760000228881836,5,7,,,2025-01-13 02:48:31
394068856,Leandro,False,0.0,True,0.0,1,0,,,2025-01-13 02:48:32
82204432,Felipe,False,1.0,True,5.0,0,4,,,2025-01-13 02:48:32
665061269,Gilson,False,0.0,True,0.0,0,0,,,2025-01-13 02:48:32
302118000,Marcos,False,5.0,True,5.0,2,8,,,2025-01-13 02:48:33
269489781,Rosane,True,62.0,True,4.949999809265137,5,6,,,2025-01-13 02:48:34
404357828,Leticia,True,114.0,True,4.960000038146973,3,1,,,2025-01-13 02:48:34
446793136,Samuel,False,5.0,True,4.800000190734863,1,1,,,2025-01-13 02:48:35
660874522,Ingrid,False,1.0,True,2.0,0,2,,,2025-01-13 02:48:36
246441773,Edson,False,11.0,True,4.820000171661377,3,0,,,2025-01-13 02:48:37
476520828,Elisiana,False,5.0,True,5.0,2,4,,,2025-01-13 02:48:37
169664266,Gislene,False,11.0,True,4.820000171661377,6,11,,,2025-01-13 02:48:38
242932189,Daniel,True,30.0,True,4.929999828338623,5,10,,,2025-01-13 02:48:39
152893116,Wagner,True,101.0,True,4.949999809265137,5,3,,,2025-01-13 02:48:39
422065139,Luana,False,1.0,True,5.0,3,4,,,2025-01-13 02:48:40
316383519,Darlan Hermes,False,23.0,True,4.869999885559082,5,1,,,2025-01-13 02:48:42
425507942,Marcelo,False,5.0,True,5.0,3,3,,,2025-01-13 02:48:43
52781602,Anderson,True,69.0,True,4.739999771118164,9,0,,,2025-01-13 02:48:44
491652149,Jairo,False,3.0,True,3.3299999237060547,2,0,,,2025-01-13 02:48:45
327430438,Suzana,True,258.0,True,4.940000057220459,4,7,,,2025-01-13 02:48:47
492293062,Cami,False,0.0,True,0.0,2,0,,,2025-01-13 02:48:47
272553934,Eliana,False,0.0,True,0.0,5,5,,,2025-01-13 02:48:49
525483549,Decio,False,0.0,True,0.0,1,5,,,2025-01-13 02:48:49
547137917,Manu,False,1.0,True,5.0,1,0,,,2025-01-13 02:48:52
87984613,Francine,False,5.0,True,4.800000190734863,4,3,,,2025-01-13 02:48:52
437918164,Viviane,False,2.0,True,5.0,1,5,,,2025-01-13 02:48:52
367363772,Semiramis,False,22.0,True,4.730000019073486,3,1,,,2025-01-13 02:48:52
433015716,Celso,False,15.0,True,4.670000076293945,3,1,,,2025-01-13 02:48:52
445210833,Janaina,False,5.0,True,4.599999904632568,0,4,,,2025-01-13 02:48:56
667340741,Paula Adriana,False,1.0,True,5.0,0,0,,,2025-01-13 02:48:58
490064289,Ricardo,False,3.0,True,5.0,2,0,,,2025-01-13 02:48:59
658741691,Camila,True,15.0,True,4.53000020980835,0,2,,,2025-01-13 02:49:00
158703707,Marcia,False,20.0,True,4.900000095367432,7,1,,,2025-01-13 02:49:00
231695615,Eloi,False,0.0,True,0.0,6,0,,,2025-01-13 02:49:02
221238810,Deborae,False,0.0,True,0.0,0,3,,,2025-01-13 02:49:03
109217314,Ana Isaura,True,237.0,True,4.829999923706055,8,0,,,2025-01-13 02:49:04
176856095,Emanuel,False,3.0,True,5.0,5,3,,,2025-01-13 02:49:04
236481234,Juliana,False,6.0,True,4.829999923706055,5,11,,,2025-01-13 02:49:04
174889749,José Alexandre,False,4.0,True,5.0,6,10,,,2025-01-13 02:49:05
374676897,Lais,False,0.0,True,0.0,0,3,,,2025-01-13 02:49:05
114511450,Franciela,False,33.0,True,4.96999979019165,6,2,,,2025-01-13 02:49:05
363278732,Gabriella,False,1.0,True,5.0,0,2,,,2025-01-13 02:49:06
104274630,Michele Mari,False,10.0,True,4.300000190734863,8,1,,,2025-01-13 02:49:08
559881238,André Leonardo,True,19.0,True,5.0,0,11,,,2025-01-13 02:49:12
420082385,Luiz Henrique,False,0.0,True,0.0,0,2,,,2025-01-13 02:49:13
660359513,Eliane Fernanda,False,0.0,True,0.0,0,2,,,2025-01-13 02:49:14
144011166,Marceli,False,0.0,True,0.0,0,3,,,2025-01-13 02:49:15
21927304,Silvia Mara,False,46.0,True,4.980000019073486,6,8,,,2025-01-13 02:49:15
497964232,Eduardo,False,1.0,True,5.0,1,11,,,2025-01-13 02:49:16
594748975,Julia,False,1.0,True,5.0,0,0,,,2025-01-13 02:49:18
161496256,Gesiel,False,10.0,True,5.0,2,1,,,2025-01-13 02:49:18
50596828,Patricia,False,2.0,True,5.0,1,3,,,2025-01-13 02:49:19
498221257,Thiago Rodrigo,False,0.0,True,0.0,0,1,,,2025-01-13 02:49:19
366616428,Deivis,True,13.0,True,5.0,4,4,,,2025-01-13 02:49:20
363007942,Undécimoº,True,119.0,True,4.940000057220459,4,4,,,2025-01-13 02:49:20
662328564,Fernando Luiz,False,0.0,True,0.0,0,1,,,2025-01-13 02:49:20
243494106,Junior,False,123.0,True,4.519999980926514,5,7,,,2025-01-13 02:49:21
481819885,Ana Carolina Pellis,False,7.0,True,4.710000038146973,1,3,,,2025-01-13 02:49:22
369663582,Louise,False,8.0,True,4.880000114440918,1,1,,,2025-01-13 02:49:22
225008032,João Pedro,False,2.0,True,5.0,3,11,,,2025-01-13 02:49:23
11727789,Mario,False,0.0,True,0.0,3,0,,,2025-01-13 02:49:25
257244034,Gabriel,False,0.0,True,0.0,5,2,,,2025-01-13 02:49:27
28521333,Ney,True,175.0,True,4.96999979019165,8,1,,,2025-01-13 02:49:30
454876442,Ricardo,False,0.0,True,0.0,0,0,,,2025-01-13 02:49:31
430294957,Helen,False,51.0,True,4.820000171661377,3,2,,,2025-01-13 02:49:32
420868066,Cida,False,0.0,True,0.0,2,2,,,2025-01-13 02:49:32
553011833,Everson,False,0.0,True,0.0,1,0,,,2025-01-13 02:49:32
88653610,Karen,False,1.0,True,3.0,7,6,,,2025-01-13 02:49:33
324955349,Sandra Regina,False,5.0,True,4.199999809265137,3,3,,,2025-01-13 02:49:36
126768209,Mariléia Terezinha,False,0.0,True,0.0,2,5,,,2025-01-13 02:49:37
385831829,Christian,False,3.0,True,5.0,1,9,,,2025-01-13 02:49:41
103191161,Ernesto,False,14.0,True,5.0,3,9,,,2025-01-13 02:49:42
378674365,Sabrina,False,1.0,True,5.0,3,0,,,2025-01-13 02:49:43
414476763,Mariza,True,60.0,True,4.96999979019165,2,3,,,2025-01-13 02:49:45
593370025,Anderson,False,0.0,True,0.0,0,5,,,2025-01-13 02:49:46
245194685,Ana Claudia,False,3.0,True,5.0,0,11,,,2025-01-13 02:49:49
93488552,Carlos Henrique,False,3.0,True,5.0,3,1,,,2025-01-13 02:49:50
310877946,Marcos Ricardo,False,10.0,True,4.5,5,0,,,2025-01-13 02:49:51
201183053,Karlini,False,1.0,True,5.0,3,2,,,2025-01-13 02:49:53
169512508,Laine,False,6.0,True,4.829999923706055,0,9,,,2025-01-13 02:49:54
117825422,Matheus,False,1.0,True,5.0,0,5,,,2025-01-13 02:50:02
497496739,Daiane,False,5.0,True,5.0,1,1,,,2025-01-13 02:50:02
537722359,Neiva Aparecida,False,0.0,True,0.0,1,3,,,2025-01-13 02:50:03
323043033,Angelica Cristina,False,15.0,True,5.0,4,11,,,2025-01-13 02:50:03
133991722,Andreia,True,12.0,True,5.0,0,3,,,2025-01-13 02:50:05
294003146,Cinthia,True,5.0,True,5.0,2,1,,,2025-01-13 02:50:07
212961822,Nadia,False,13.0,True,5.0,6,4,,,2025-01-13 02:50:10
176755776,Paulo,False,3.0,True,4.329999923706055,6,10,,,2025-01-13 02:50:10
428654029,Alisson,False,2.0,True,4.0,2,2,,,2025-01-13 02:50:11
137095078,Rodrigo,True,2082.0,True,4.840000152587891,7,0,,,2025-01-13 02:50:11
150870032,Dalton,False,25.0,True,4.960000038146973,7,3,,,2025-01-13 02:50:12
169848306,Mione,False,5.0,True,5.0,6,11,,,2025-01-13 02:50:13
293117368,Ricardo,False,0.0,True,0.0,4,11,,,2025-01-13 02:50:13
548382436,Amábille,False,0.0,True,0.0,1,0,,,2025-01-13 02:50:14
337768918,José Roberto,False,3.0,True,5.0,4,10,,,2025-01-13 02:50:15
8347337,Vanessa,True,92.0,True,4.96999979019165,3,2,,,2025-01-13 02:50:16
63773778,Laudir,False,56.0,True,4.610000133514404,8,9,,,2025-01-13 02:50:16
84162292,Ricardo,True,84.0,True,4.940000057220459,8,2,,,2025-01-13 02:50:17
419526733,Korban,False,20.0,True,4.75,3,2,,,2025-01-13 02:50:17
163299010,Carlos,False,26.0,True,4.960000038146973,7,0,,,2025-01-13 02:50:18
102769914,Morgana Machado,False,6.0,True,5.0,5,3,,,2025-01-13 02:50:18
16563569,Debora,False,6.0,True,5.0,6,6,,,2025-01-13 02:50:19
464015594,Vilson,False,0.0,True,0.0,2,6,,,2025-01-13 02:50:19
9147556,Ana,False,19.0,True,5.0,3,4,,,2025-01-13 02:50:20
654847591,Alberto,False,1.0,True,5.0,0,2,,,2025-01-13 02:50:21
471823687,Jusara,False,11.0,True,4.909999847412109,2,4,,,2025-01-13 02:50:21
261891527,Donizetti,False,28.0,True,4.960000038146973,5,2,,,2025-01-13 02:50:22
337453477,Paula,False,9.0,True,4.78000020980835,3,11,,,2025-01-13 02:50:22
399995881,Ivani,False,21.0,True,4.710000038146973,3,7,,,2025-01-13 02:50:24
37612950,Mari E Henry,False,2.0,True,4.5,8,3,,,2025-01-13 02:50:25
230398122,Antonio,False,18.0,True,5.0,6,1,,,2025-01-13 02:50:25
1271087,Susana,False,12.0,True,4.829999923706055,6,5,,,2025-01-13 02:50:27
547841177,Dalton,False,12.0,True,4.420000076293945,1,1,,,2025-01-13 02:50:36
594224321,Emo,False,1.0,True,5.0,0,4,,,2025-01-13 02:50:36
274333034,Denise,False,23.0,True,4.650000095367432,5,5,,,2025-01-13 02:50:37
110598127,Marcio,False,0.0,True,0.0,1,11,,,2025-01-13 02:50:37
73068144,Andressa,False,26.0,True,4.619999885559082,6,9,,,2025-01-13 02:50:37
234165177,Angelo,True,210.0,True,4.880000114440918,6,0,,,2025-01-13 02:50:38
327796301,Julia,True,25.0,True,5.0,4,11,,,2025-01-13 02:50:38
432138676,Alan,False,5.0,True,5.0,3,1,,,2025-01-13 02:50:39
323719770,Ivonei,False,1.0,True,5.0,0,0,,,2025-01-13 02:50:39
262876896,Ana,True,211.0,True,4.889999866485596,5,6,,,2025-01-13 02:50:40
126304434,Luciana,False,8.0,True,4.380000114440918,6,10,,,2025-01-13 02:50:42
558894521,Home Club Brasil,True,17.0,True,5.0,0,11,,,2025-01-13 02:50:44
329978155,Shiriane,True,35.0,True,4.889999866485596,4,11,,,2025-01-13 02:50:46
301901319,Waltrick,False,4.0,True,5.0,5,3,,,2025-01-13 02:50:47
435937608,Jassanan,False,4.0,True,4.25,3,0,,,2025-01-13 02:50:47
31533493,Victor,False,9.0,True,5.0,7,6,,,2025-01-13 02:50:48
9506232,Eduardo,False,82.0,True,4.929999828338623,7,1,,,2025-01-13 02:50:49
487162615,Marcelo,False,6.0,True,5.0,2,1,,,2025-01-13 02:50:50
487966867,Mônica  Cristina,False,3.0,True,4.0,2,1,,,2025-01-13 02:50:51
141577297,Jéssica,False,6.0,True,5.0,4,2,,,2025-01-13 02:50:52
497239104,Ivan,False,5.0,True,5.0,1,3,,,2025-01-13 02:50:52
96045548,Eduardo,True,133.0,True,4.710000038146973,8,3,,,2025-01-13 02:50:52
247426018,Monique,False,0.0,True,0.0,0,4,,,2025-01-13 02:50:54
550084557,I.Host,False,2.0,True,5.0,1,1,,,2025-01-13 02:50:57
40414669,Diego,False,2.0,True,4.5,7,0,,,2025-01-13 02:51:00
490375097,Cleide,False,0.0,True,0.0,2,1,,,2025-01-13 02:51:00
310408468,Ana,False,0.0,False,0.0,5,1,,,2025-01-13 02:51:02
314323322,Neuza,False,1.0,True,4.0,5,0,,,2025-01-13 02:51:02
276868055,Amanda,False,0.0,True,0.0,2,1,,,2025-01-13 02:51:12
381155155,Roger,False,16.0,True,4.75,4,0,,,2025-01-13 02:51:14
302692995,Eleandro,False,14.0,True,4.139999866485596,5,2,,,2025-01-13 02:51:15
226154699,Darci,False,40.0,True,5.0,6,1,,,2025-01-13 02:51:15
156185272,Péricles,False,5.0,True,4.400000095367432,7,2,,,2025-01-13 02:51:16
68856770,Luiz,False,6.0,True,5.0,1,11,,,2025-01-13 02:51:16
126340158,Rafael,False,1.0,True,5.0,0,1,,,2025-01-13 02:51:17
443106950,Luís,True,61.0,True,4.769999980926514,2,11,,,2025-01-13 02:51:19
252615315,Rodrigo,True,31.0,True,4.809999942779541,2,0,,,2025-01-13 02:51:24
160740900,Celso,False,1.0,True,5.0,7,1,,,2025-01-13 02:51:27
159645951,Rafaela,False,7.0,True,4.860000133514404,5,1,,,2025-01-13 02:51:27
163295485,Anelise,False,29.0,True,4.900000095367432,7,0,,,2025-01-13 02:51:28
147971386,Denise,False,0.0,True,0.0,6,0,,,2025-01-13 02:51:32
334600171,Caio Falcão,True,50.0,True,4.679999828338623,4,11,,,2025-01-13 02:51:33
311796247,Patrícia,False,1.0,True,5.0,1,1,,,2025-01-13 02:51:33
183917202,Marilene,False,44.0,True,5.0,6,9,,,2025-01-13 02:51:40
172352844,Simone,False,2.0,True,5.0,6,11,,,2025-01-13 02:51:42
305459227,Graciela,False,4.0,True,5.0,5,2,,,2025-01-13 02:51:42
279110147,Matheus,False,2.0,True,5.0,3,2,,,2025-01-13 02:51:44
151714702,Helen,True,58.0,True,5.0,2,1,,,2025-01-13 02:51:48
63237197,Eduardo Rafael,False,8.0,True,5.0,5,1,,,2025-01-13 02:51:48
165032197,Franciele,True,73.0,True,4.949999809265137,7,0,,,2025-01-13 02:51:50
269073821,Silvane,False,20.0,True,4.849999904632568,5,6,,,2025-01-13 02:51:52
172649857,Cleber,False,3.0,True,5.0,6,11,,,2025-01-13 02:51:53
476847056,Go,True,28.0,True,4.679999828338623,2,4,,,2025-01-13 02:51:56
64180879,Adna,False,0.0,False,0.0,8,9,,,2025-01-13 02:52:00
159296280,Marcio Alexandre,False,2.0,True,5.0,7,1,,,2025-01-13 02:52:00
444290112,Bruna,False,1.0,True,5.0,2,9,,,2025-01-13 02:52:03
238439929,Lucas,False,0.0,True,0.0,5,11,,,2025-01-13 02:52:04
171165107,Mario,False,0.0,True,0.0,6,11,,,2025-01-13 02:52:05
379944942,Alexandre,False,5.0,True,4.400000095367432,4,0,,,2025-01-13 02:52:05
169498977,Ubiratan,False,1.0,True,5.0,0,1,,,2025-01-13 02:52:07
5351312,Romilda,False,2.0,True,5.0,3,9,,,2025-01-13 02:52:07
70155917,Aline,False,134.0,True,4.869999885559082,5,10,,,2025-01-13 02:52:08
156626657,Lenin,True,52.0,True,4.829999923706055,7,0,,,2025-01-13 02:52:09
154065865,Cibelly,False,0.0,True,0.0,1,10,,,2025-01-13 02:52:09
441951263,Rosimerik,False,0.0,True,0.0,2,11,,,2025-01-13 02:52:10
304829392,Thiago,False,100.0,True,4.800000190734863,5,1,,,2025-01-13 02:52:10
119948570,Edison,False,0.0,False,0.0,7,10,,,2025-01-13 02:52:14
541793275,Rozelen,False,1.0,True,5.0,1,1,,,2025-01-13 02:52:21
51088376,Cristiane Luize,True,752.0,True,4.900000095367432,9,1,,,2025-01-13 02:52:24
13202409,Juliana,False,4.0,True,4.5,2,10,,,2025-01-13 02:52:26
327326786,Kátia Regina,False,0.0,True,0.0,4,11,,,2025-01-13 02:52:26
144986192,Janari,False,6.0,True,4.670000076293945,7,5,,,2025-01-13 02:52:27
302546155,Junior,False,0.0,False,0.0,5,2,,,2025-01-13 02:52:27
201180165,Henrique,False,3.0,True,5.0,2,1,,,2025-01-13 02:52:28
456167521,Carolina,False,0.0,True,0.0,2,1,,,2025-01-13 02:52:32
316209609,Aleeh,False,0.0,False,0.0,5,1,,,2025-01-13 02:52:37
239106991,Sérgio Vinícius,False,5.0,True,4.800000190734863,5,11,,,2025-01-13 02:52:38
335554570,Angela L. B.,False,1.0,True,5.0,4,11,,,2025-01-13 02:52:38
156639454,Tairo,False,12.0,True,4.920000076293945,7,2,,,2025-01-13 02:52:39
237620710,Max,True,21.0,True,4.710000038146973,5,11,,,2025-01-13 02:52:39
284848826,Marcelo,False,0.0,True,0.0,5,5,,,2025-01-13 02:52:42
20614599,Bruno,False,557.0,True,4.46999979019165,9,7,,,2025-01-13 02:52:46
550983942,Cleide,False,1.0,True,5.0,1,0,,,2025-01-13 02:52:47
310758851,Rosnaldo,False,1.0,False,5.0,5,1,,,2025-01-13 02:52:48
31548062,Luciane,False,0.0,False,0.0,7,0,,,2025-01-13 02:52:53
128145790,Nana,False,0.0,True,0.0,6,11,,,2025-01-13 02:52:56
226907691,Claudia,True,413.0,True,4.889999866485596,6,1,,,2025-01-13 02:52:57
312800700,Tatiane,False,21.0,True,4.570000171661377,5,1,,,2025-01-13 02:52:58
371212109,Marcio,False,0.0,True,0.0,1,2,,,2025-01-13 02:52:59
383672699,Silvana,False,2.0,True,4.0,4,0,,,2025-01-13 02:53:01
235014147,Rubens Antonio,False,15.0,True,4.670000076293945,5,11,,,2025-01-13 02:53:02
174803251,Andre,False,26.0,True,4.809999942779541,5,9,,,2025-01-13 02:53:03
550581661,Marieli,False,0.0,True,0.0,1,0,,,2025-01-13 02:53:06
218950415,Zilda,False,0.0,True,0.0,6,3,,,2025-01-13 02:53:06
200196762,Sirley,False,59.0,True,4.929999828338623,5,10,,,2025-01-13 02:53:11
53067088,Fabiana,False,35.0,True,4.539999961853027,7,7,,,2025-01-13 02:53:17
234767530,Alice,False,9.0,True,5.0,6,0,,,2025-01-13 02:53:17
107934333,Vitória,False,0.0,True,0.0,8,0,,,2025-01-13 02:53:18
378513320,Felipe,True,157.0,True,4.96999979019165,3,4,,,2025-01-13 02:53:18
91274926,Amanda,False,2.0,True,5.0,6,2,,,2025-01-13 02:53:18
496371477,Paulo Schuffer,False,0.0,False,0.0,1,11,,,2025-01-13 02:53:19
658298171,Evanilda,False,0.0,True,0.0,0,1,,,2025-01-13 02:53:19
331093674,Telma,False,1.0,True,5.0,4,11,,,2025-01-13 02:53:23
436782052,Greice,False,3.0,True,4.0,3,0,,,2025-01-13 02:53:24
548247228,Sonia,True,6.0,True,5.0,1,0,,,2025-01-13 02:53:26
25409104,Filipe,False,1.0,True,5.0,7,0,,,2025-01-13 02:53:30
478531409,Beatriz Luiza,True,39.0,True,4.920000076293945,2,4,,,2025-01-13 02:53:33
157312550,Maximino,False,5.0,True,4.800000190734863,7,2,,,2025-01-13 02:53:36
307308667,Marcelo,False,1.0,True,5.0,5,2,,,2025-01-13 02:53:38
429492656,Rodrigo,False,9.0,True,4.889999866485596,3,2,,,2025-01-13 02:53:39
29172230,Ecil,False,1.0,False,5.0,8,0,,,2025-01-13 02:53:39
114054193,Sílvia,False,0.0,False,0.0,7,0,,,2025-01-13 02:53:42
296517732,Gabriela,True,23.0,True,4.78000020980835,3,0,,,2025-01-13 02:53:46
296160332,Andrelise,False,3.0,True,5.0,2,1,,,2025-01-13 02:53:46
161562406,Patricia,False,10.0,True,5.0,2,11,,,2025-01-13 02:53:47
171152571,Nilson,False,1.0,True,5.0,6,11,,,2025-01-13 02:53:52
147542704,Saul,False,5.0,True,5.0,5,11,,,2025-01-13 02:53:53
218296138,Roney,False,0.0,True,0.0,6,3,,,2025-01-13 02:53:57
358054692,Aline,True,67.0,True,4.96999979019165,4,5,,,2025-01-13 02:54:02
170624369,Leonardo,False,4.0,True,5.0,6,3,,,2025-01-13 02:54:03
430763915,Rosilene,False,11.0,True,4.909999847412109,1,5,,,2025-01-13 02:54:08
221339864,Osmar,False,5.0,True,5.0,6,2,,,2025-01-13 02:54:10
665407493,Susana,False,1.0,True,5.0,0,1,,,2025-01-13 02:54:11
110227534,William,False,2.0,True,5.0,5,1,,,2025-01-13 02:54:12
666542806,Eduardo,False,0.0,False,0.0,0,1,,,2025-01-13 02:54:12
141582310,Dirce Edite,False,3.0,True,5.0,1,0,,,2025-01-13 02:54:12
376277975,Josiane,False,6.0,True,5.0,4,1,,,2025-01-13 02:54:14
188954989,Rodrigo,False,3.0,True,4.0,5,11,,,2025-01-13 02:54:16
205493661,André,False,6.0,True,4.0,5,2,,,2025-01-13 02:54:16
167603448,Giane,False,3.0,True,5.0,5,0,,,2025-01-13 02:54:18
104618769,Natanea,False,1.0,True,5.0,6,7,,,2025-01-13 02:54:20
454119180,Heloisa,False,11.0,True,4.820000171661377,2,8,,,2025-01-13 02:54:20
133618567,Enrique,False,17.0,True,4.820000171661377,3,11,,,2025-01-13 02:54:21
200911738,Luiz Carlos,False,0.0,False,0.0,6,6,,,2025-01-13 02:54:23
460016257,Claudia,False,0.0,True,0.0,1,1,,,2025-01-13 02:54:24
215745467,Vera,False,1.0,True,4.0,6,3,,,2025-01-13 02:54:26
30659225,Yasmine Luize,False,6.0,True,4.329999923706055,9,8,,,2025-01-13 02:54:27
316228523,Léia,False,0.0,True,0.0,3,5,,,2025-01-13 02:54:29
485344872,Thiago,False,0.0,True,0.0,2,2,,,2025-01-13 02:54:29
31687536,Sueli,False,145.0,True,4.96999979019165,7,6,,,2025-01-13 02:54:30
70128625,Marco,False,17.0,True,5.0,7,3,,,2025-01-13 02:54:31
170418069,Rute,False,0.0,True,0.0,2,3,,,2025-01-13 02:54:31
223167651,Renato E Silvia,False,1.0,False,5.0,6,2,,,2025-01-13 02:54:33
369838265,Clayton,False,2.0,True,4.5,1,2,,,2025-01-13 02:54:38
172890178,Gerusa,False,7.0,True,4.139999866485596,5,3,,,2025-01-13 02:54:39
526961371,Franciele,False,0.0,True,0.0,0,7,,,2025-01-13 02:54:41
438100056,Silvia,False,13.0,True,4.849999904632568,3,0,,,2025-01-13 02:54:46
162121775,Kelli,False,201.0,True,4.889999866485596,7,1,,,2025-01-13 02:54:48
436309266,Ernesto,False,32.0,True,4.96999979019165,3,0,,,2025-01-13 02:54:49
448130590,George,False,2.0,True,5.0,2,2,,,2025-01-13 02:54:51
52975186,Janice,False,4.0,True,5.0,6,1,,,2025-01-13 02:54:53
157971721,Pamela,False,0.0,True,0.0,7,2,,,2025-01-13 02:54:53
7182017,João Paulo,False,17.0,True,4.760000228881836,5,0,,,2025-01-13 02:54:58
236312282,Emanuela,True,769.0,True,4.840000152587891,5,11,,,2025-01-13 02:54:58
302814591,Lorraine,False,7.0,True,4.429999828338623,5,2,,,2025-01-13 02:55:02
438804537,Dino,False,0.0,True,0.0,2,0,,,2025-01-13 02:55:03
326692828,Neide,False,53.0,True,4.889999866485596,5,0,,,2025-01-13 02:55:04
100509117,Vera Lúcia Leal Imhof,False,1.0,False,5.0,8,2,,,2025-01-13 02:55:06
110419832,Florencia Ryberg,False,50.0,True,4.760000228881836,7,4,,,2025-01-13 02:55:06
236787628,Odilon,True,17.0,True,4.880000114440918,2,4,,,2025-01-13 02:55:07
508746887,Anisio,False,0.0,True,0.0,1,3,,,2025-01-13 02:55:09
49471580,Katia Theodora,False,0.0,True,0.0,9,1,,,2025-01-13 02:55:10
28503369,João Ricardo,False,7.0,True,4.570000171661377,8,11,,,2025-01-13 02:55:12
85969786,Lucas,False,11.0,True,4.449999809265137,3,1,,,2025-01-13 02:55:12
314843421,Lina,False,1.0,True,5.0,5,1,,,2025-01-13 02:55:13
65400201,Giancarlo,False,0.0,True,0.0,5,0,,,2025-01-13 02:55:15
307294560,Mario Augusto,False,6.0,True,4.829999923706055,5,2,,,2025-01-13 02:55:15
200548183,Ivo Luis,False,2.0,True,4.5,6,3,,,2025-01-13 02:55:16
122049190,Cristiano,False,0.0,True,0.0,6,3,,,2025-01-13 02:55:16
12473626,Felipe,False,0.0,True,0.0,6,11,,,2025-01-13 02:55:16
483558435,Maria Inês,False,1.0,True,5.0,2,2,,,2025-01-13 02:55:19
219172555,Ana Paula,False,20.0,True,4.849999904632568,6,1,,,2025-01-13 02:55:21
103471234,Gelsi,False,7.0,True,4.860000133514404,8,1,,,2025-01-13 02:55:24
52640946,Isa,False,0.0,False,0.0,7,10,,,2025-01-13 02:55:25
492901416,Guilherme,False,3.0,True,4.670000076293945,2,0,,,2025-01-13 02:55:26
424719219,Jacinto,False,1.0,True,5.0,3,3,,,2025-01-13 02:55:28
534536593,Jocieli,False,0.0,True,0.0,1,4,,,2025-01-13 02:55:28
323350849,Valdemir,False,2.0,True,5.0,3,1,,,2025-01-13 02:55:29
231858635,Engjessica,False,0.0,False,0.0,6,0,,,2025-01-13 02:55:30
9008841,Gerardo,False,0.0,False,0.0,11,2,,,2025-01-13 02:55:41
25984866,Rangel,True,1609.0,True,4.820000171661377,8,0,,,2025-01-13 02:55:45
502628372,Lara,False,6.0,True,5.0,1,10,,,2025-01-13 02:55:47
2143734,Rubens,False,104.0,True,4.78000020980835,12,8,,,2025-01-13 02:55:48
548749167,Wilma,False,1.0,True,5.0,1,1,,,2025-01-13 02:55:49
383668072,Giuliana,False,7.0,True,4.429999828338623,4,0,,,2025-01-13 02:55:49
545209001,Janete,False,1.0,True,5.0,1,2,,,2025-01-13 02:55:54
665547200,Jean,False,1.0,True,5.0,0,0,,,2025-01-13 02:55:57
370324654,Janaina,False,2.0,True,5.0,4,0,,,2025-01-13 02:56:01
6144177,Carlos,False,10.0,True,4.900000095367432,8,11,,,2025-01-13 02:56:02
230714623,Larissa,False,2.0,True,4.0,3,2,,,2025-01-13 02:56:04
268888681,Filipe,False,6.0,True,4.829999923706055,5,0,,,2025-01-13 02:56:07
236317125,Eneida,False,16.0,True,4.75,6,0,,,2025-01-13 02:56:08
378147687,Claire,False,4.0,True,5.0,2,11,,,2025-01-13 02:56:09
443634362,Alessandra,False,0.0,True,0.0,2,10,,,2025-01-13 02:56:10
155927177,Cibele,False,0.0,True,0.0,7,2,,,2025-01-13 02:56:10
318023861,Denize,False,18.0,True,4.110000133514404,3,11,,,2025-01-13 02:56:12
326669451,Renato,False,0.0,True,0.0,4,11,,,2025-01-13 02:56:13
243485816,Pâmela,False,2.0,True,5.0,5,10,,,2025-01-13 02:56:16
285423629,Sanaa,False,0.0,True,0.0,5,4,,,2025-01-13 02:56:17
227684144,Solange,False,0.0,False,0.0,6,1,,,2025-01-13 02:56:18
220836478,Samuel,True,236.0,True,4.889999866485596,5,4,,,2025-01-13 02:56:18
370451668,Wanessa,False,1.0,True,5.0,3,2,,,2025-01-13 02:56:19
149094930,José Martins,False,17.0,True,4.809999942779541,7,4,,,2025-01-13 02:56:22
208338235,Simone,False,3.0,True,5.0,1,4,,,2025-01-13 02:56:23
544170159,Danielle,True,13.0,True,4.920000076293945,1,2,,,2025-01-13 02:56:25
328050396,Cassiane,True,38.0,True,4.949999809265137,3,2,,,2025-01-13 02:56:31
79277557,Nicolas,False,0.0,True,0.0,5,11,,,2025-01-13 02:56:34
230357643,Georgiana,False,0.0,False,0.0,0,5,,,2025-01-13 02:56:36
204983908,Fabiano,False,62.0,True,4.900000095367432,6,5,,,2025-01-13 02:56:36
112570505,Diogo,False,54.0,True,4.739999771118164,7,11,,,2025-01-13 02:56:37
102517845,Felipe,False,15.0,True,4.329999923706055,8,2,,,2025-01-13 02:56:40
123892374,Nita,False,2.0,True,5.0,5,1,,,2025-01-13 02:56:41
534893779,Edite,False,7.0,True,5.0,1,4,,,2025-01-13 02:56:44
114716988,Simone,False,3.0,True,4.329999923706055,2,1,,,2025-01-13 02:56:44
165852398,Carlos,False,5.0,True,4.800000190734863,7,0,,,2025-01-13 02:56:44
424262730,Giovana,True,9.0,True,4.559999942779541,1,3,,,2025-01-13 02:56:44
235967375,Edmilson,False,0.0,True,0.0,1,9,,,2025-01-13 02:56:49
376395680,Neiva,False,6.0,True,4.829999923706055,2,2,,,2025-01-13 02:56:49
201864289,Marines,False,5.0,True,5.0,2,1,,,2025-01-13 02:56:51
540250503,Pâmela Cristine,False,0.0,True,0.0,1,3,,,2025-01-13 02:56:54
1247067,Silviane,False,0.0,True,0.0,2,3,,,2025-01-13 02:56:56
133520764,Harwytz,True,98.0,True,4.789999961853027,7,7,,,2025-01-13 02:56:57
473676692,Eliene S,False,0.0,True,0.0,2,5,,,2025-01-13 02:56:58
241083890,Giovani Nelson Da,False,7.0,True,5.0,2,11,,,2025-01-13 02:57:00
315838328,Thiago,False,6.0,False,4.670000076293945,5,1,,,2025-01-13 02:57:02
588250573,Deivid Garcia,False,0.0,False,0.0,0,2,,,2025-01-13 02:57:03
339252141,Evandro,False,55.0,True,4.980000019073486,4,10,,,2025-01-13 02:57:05
109423636,Lucia Helena Sens Will,False,6.0,True,4.829999923706055,8,0,,,2025-01-13 02:57:05
208537149,Homeres,False,8.0,True,4.880000114440918,2,5,,,2025-01-13 02:57:06
234386130,Maryllin P C,False,1.0,True,5.0,6,0,,,2025-01-13 02:57:08
304300967,João Paulo,False,0.0,True,0.0,5,2,,,2025-01-13 02:57:08
550979697,Dejair,False,2.0,True,5.0,1,0,,,2025-01-13 02:57:10
652001400,Ione Maria,False,2.0,True,5.0,0,3,,,2025-01-13 02:57:11
666849674,Selma,False,0.0,True,0.0,0,1,,,2025-01-13 02:57:12
111483581,Marcos,False,61.0,True,5.0,6,8,,,2025-01-13 02:57:12
25087975,Anfitriões De Aluguel,False,9552.0,True,4.739999771118164,10,0,,,2025-01-13 02:57:17
497354810,Salvelina,False,0.0,True,0.0,1,11,,,2025-01-13 02:57:17
146684625,Simone,False,1.0,True,5.0,5,1,,,2025-01-13 02:57:18
27861348,Fabio Eduardo,False,20.0,True,4.75,7,8,,,2025-01-13 02:57:18
117691672,Claudio Nei,False,1.0,True,5.0,4,2,,,2025-01-13 02:57:18
432311882,Rafael,False,6.0,True,5.0,3,1,,,2025-01-13 02:57:19
438298228,Fernanda Melo,False,1.0,True,5.0,3,0,,,2025-01-13 02:57:23
475671481,Beatriz,False,2.0,False,5.0,2,0,,,2025-01-13 02:57:23
13675693,Tiago,True,642.0,True,4.800000190734863,7,3,,,2025-01-13 02:57:23
49540120,Rodrigo,False,48.0,True,4.670000076293945,6,5,,,2025-01-13 02:57:31
479218368,Carline,False,5.0,True,4.800000190734863,2,2,,,2025-01-13 02:57:32
331691478,George E Eliani,False,0.0,True,0.0,4,11,,,2025-01-13 02:57:32
158715358,Matheus,False,30.0,True,4.96999979019165,6,10,,,2025-01-13 02:57:35
175656422,Deair,False,6.0,True,5.0,5,0,,,2025-01-13 02:57:35
146541452,Alcibiades,False,10.0,True,4.400000095367432,5,11,,,2025-01-13 02:57:35
559617985,Éder Silvio,False,0.0,True,0.0,0,11,,,2025-01-13 02:57:37
58099520,Cleyton,False,2.0,True,5.0,0,0,,,2025-01-13 02:57:40
108336055,Antônio Carlos,False,26.0,True,4.730000019073486,8,0,,,2025-01-13 02:57:41
491964279,Mirian,False,1.0,True,4.0,2,0,,,2025-01-13 02:57:41
595919522,Angelica,False,26.0,True,4.849999904632568,0,4,,,2025-01-13 02:57:44
147972265,Karolyne,False,6.0,True,4.829999923706055,7,4,,,2025-01-13 02:57:46
375621325,Fabiano,False,1.0,True,5.0,4,1,,,2025-01-13 02:57:46
171862977,Florencia,False,5.0,True,4.800000190734863,6,11,,,2025-01-13 02:57:48
173624355,Maiquiton,False,0.0,True,0.0,1,10,,,2025-01-13 02:57:49
507514681,Jackson,False,1.0,True,5.0,1,9,,,2025-01-13 02:57:49
221430579,Neto,False,11.0,True,4.820000171661377,6,2,,,2025-01-13 02:57:49
306251639,Débora,True,30.0,True,4.869999885559082,3,1,,,2025-01-13 02:57:51
9054729,Filipe,False,4.0,True,5.0,5,1,,,2025-01-13 02:57:55
496620678,Marcia,False,7.0,True,5.0,1,11,,,2025-01-13 02:57:59
27255641,Marison,False,0.0,True,0.0,0,4,,,2025-01-13 02:58:00
10844239,Cristiano,True,49.0,True,4.840000152587891,7,10,,,2025-01-13 02:58:00
122056455,Ingrid,False,10.0,True,4.5,7,5,,,2025-01-13 02:58:03
116665407,Antônio Carlosdos,False,53.0,True,4.849999904632568,7,10,,,2025-01-13 02:58:03
156933100,Carla,False,0.0,True,0.0,7,1,,,2025-01-13 02:58:06
208056138,Charles,True,83.0,True,4.949999809265137,5,4,,,2025-01-13 02:58:07
445858382,Dilma,False,1.0,True,5.0,1,0,,,2025-01-13 02:58:09
552886795,Naomi,False,0.0,True,0.0,1,0,,,2025-01-13 02:58:11
590713819,Marcus Gabriel,False,0.0,True,0.0,0,0,,,2025-01-13 02:58:13
373059383,Giorgia,False,0.0,True,0.0,4,2,,,2025-01-13 02:58:14
227366158,Michel,False,3.0,True,5.0,0,0,,,2025-01-13 02:58:15
318589301,Leandro,True,57.0,True,4.960000038146973,5,0,,,2025-01-13 02:58:15
494673379,Clube Do,False,6.0,True,4.170000076293945,1,11,,,2025-01-13 02:58:15
664931086,Rose,False,0.0,True,0.0,0,1,,,2025-01-13 02:58:15
328593513,Débora,False,1.0,True,5.0,4,11,,,2025-01-13 02:58:15
156159180,Gilsemar,False,3.0,True,5.0,5,2,,,2025-01-13 02:58:17
103820177,Jonathan Rafael,False,26.0,True,4.849999904632568,8,1,,,2025-01-13 02:58:18
593474672,Portal Imóveis Itapema,False,3.0,True,5.0,0,5,,,2025-01-13 02:58:19
439614208,Eduardo,False,3.0,True,4.670000076293945,0,6,,,2025-01-13 02:58:21
272771814,Vanessa,True,70.0,True,4.889999866485596,5,6,,,2025-01-13 02:58:22
491058195,Willian,False,0.0,True,0.0,2,1,,,2025-01-13 02:58:24
245152291,David William,False,0.0,True,0.0,0,3,,,2025-01-13 02:58:24
175320187,Vitalino Ortiz,True,38.0,True,4.869999885559082,1,4,,,2025-01-13 02:58:25
300996669,Maria Eduarda,False,5.0,True,4.400000095367432,1,1,,,2025-01-13 02:58:26
108479878,Jarbas,False,233.0,True,4.909999847412109,8,0,,,2025-01-13 02:58:26
236336116,Fernanda,False,19.0,True,4.949999809265137,1,10,,,2025-01-13 02:58:27
218567001,Jose Lincoln,False,1.0,True,5.0,6,3,,,2025-01-13 02:58:27
223906801,Georges R.,False,3.0,True,5.0,1,4,,,2025-01-13 02:58:28
520070413,Rejane,False,0.0,True,0.0,1,0,,,2025-01-13 02:58:28
159561676,José,False,70.0,True,4.829999923706055,6,10,,,2025-01-13 02:58:30
157078457,Eduardo,True,85.0,True,4.920000076293945,4,3,,,2025-01-13 02:58:30
298545921,Toni Cleber,False,59.0,True,4.78000020980835,5,3,,,2025-01-13 02:58:33
40876651,Olair,False,8.0,True,4.630000114440918,9,5,,,2025-01-13 02:58:33
310945071,Bruna,False,0.0,True,0.0,5,1,,,2025-01-13 02:58:33
311642729,Henrique,False,46.0,True,4.71999979019165,5,0,,,2025-01-13 02:58:33
237073185,Maria Eduarda,False,4.0,True,5.0,2,2,,,2025-01-13 02:58:35
545255849,Magda,False,0.0,True,0.0,1,1,,,2025-01-13 02:58:38
456516350,Ana Lizis,False,9.0,True,4.440000057220459,2,4,,,2025-01-13 02:58:40
227777128,Seazone,False,41299.0,True,4.71999979019165,6,1,,,2025-01-13 02:58:40
46714863,Contesini,False,84.0,True,4.789999961853027,9,2,,,2025-01-13 02:58:41
280193449,Thaize Cristini,False,6.0,True,4.829999923706055,3,1,,,2025-01-13 02:58:41
545641830,Juceli,False,4.0,True,5.0,0,7,,,2025-01-13 02:58:42
321172190,Ieda,False,0.0,False,0.0,5,0,,,2025-01-13 02:58:44
389650375,Gabriela,False,0.0,True,0.0,3,0,,,2025-01-13 02:58:45
466908044,Michelle Laurenti,False,52.0,True,4.940000057220459,2,6,,,2025-01-13 02:58:46
99716513,Cristina,False,20.0,True,4.300000190734863,8,2,,,2025-01-13 02:58:47
61447280,Gerson José,True,36.0,True,5.0,6,11,,,2025-01-13 02:58:47
130014999,Juliano,False,176.0,True,4.840000152587891,6,2,,,2025-01-13 02:58:48
378227749,Jacir,False,11.0,True,4.820000171661377,4,1,,,2025-01-13 02:58:48
534678827,Murilo,False,15.0,True,4.730000019073486,1,4,,,2025-01-13 02:58:50
157399374,José Flávio,True,469.0,True,4.929999828338623,7,2,,,2025-01-13 02:58:50
500157182,Erlaine,True,15.0,True,4.869999885559082,1,11,,,2025-01-13 02:58:50
242300676,Fernanda,False,0.0,True,0.0,0,0,,,2025-01-13 02:58:50
323925012,Jefferson,False,1.0,True,5.0,5,0,,,2025-01-13 02:58:52
491824858,Ivanês,False,9.0,True,5.0,2,0,,,2025-01-13 02:58:52
366457353,Aline,False,0.0,True,0.0,0,0,,,2025-01-13 02:58:52
487827246,Marcia Regina,True,18.0,True,5.0,2,1,,,2025-01-13 02:58:52
227595936,Meu Paraiso,False,39.0,True,4.820000171661377,6,0,,,2025-01-13 02:58:52
552289167,Graziane,False,12.0,True,4.579999923706055,1,0,,,2025-01-13 02:58:55
665625031,Driele,False,1.0,True,5.0,0,0,,,2025-01-13 02:58:55
178241975,Luiz Fernando,True,7.0,True,5.0,6,7,,,2025-01-13 02:58:56
450791086,Talyta,False,0.0,True,0.0,1,3,,,2025-01-13 02:58:57
180499490,Franciele,False,1.0,True,5.0,0,1,,,2025-01-13 02:58:59
192636688,Bianca,False,0.0,True,0.0,5,2,,,2025-01-13 02:58:59
82821456,Evandro Ricardo,False,2.0,True,4.0,5,3,,,2025-01-13 02:59:02
115900186,Casa Porto - Creci 27884,True,190.0,True,4.900000095367432,6,5,,,2025-01-13 02:59:03
443294267,Paula,False,4.0,True,5.0,2,0,,,2025-01-13 02:59:03
489737906,Lv Negócios,False,17.0,True,4.650000095367432,2,1,,,2025-01-13 02:59:04
4320103,Aluguel Praia Itapema,False,11.0,True,4.179999828338623,12,1,,,2025-01-13 02:59:04
24729125,Ketlen,False,38.0,True,4.889999866485596,6,2,,,2025-01-13 02:59:05
145049953,Susy Carb,True,40.0,True,4.949999809265137,7,4,,,2025-01-13 02:59:05
461891399,Andréa Antonio,False,21.0,True,4.619999885559082,2,3,,,2025-01-13 02:59:07
550548134,Mari,False,0.0,True,0.0,1,1,,,2025-01-13 02:59:07
169054020,André Luiz Steil,False,0.0,True,0.0,6,11,,,2025-01-13 03:00:04
256515113,João,False,0.0,True,0.0,4,11,,,2025-01-13 03:00:50
104163128,Sabrina,True,233.0,True,4.820000171661377,8,1,,,2025-01-13 03:01:31
