airbnb_listing_id,capture_day,aquisition_date,stay_min,stay_max,n_stays
1002341236260011015,2025-01-20,2025-01-20 13:22:53,2025-01-30,2025-04-20,54
1002785860497857801,2025-01-06,2025-01-06 13:28:38,2025-01-23,2025-03-03,32
1002785860497857801,2025-01-06,2025-01-06 13:53:07,2025-03-04,2025-03-07,4
1002785860497857801,2025-01-06,2025-01-06 14:08:55,2025-03-08,2025-04-06,30
1002785860497857801,2025-01-07,2025-01-07 13:25:06,2025-01-23,2025-04-07,67
1002785860497857801,2025-01-20,2025-01-20 13:27:44,2025-02-10,2025-03-04,18
1002785860497857801,2025-01-20,2025-01-20 13:49:45,2025-03-05,2025-04-20,47
1004496327455456339,2025-01-06,2025-01-06 13:25:13,2025-01-10,2025-04-05,67
1004496327455456339,2025-01-07,2025-01-07 13:28:02,2025-01-10,2025-03-18,49
1004496327455456339,2025-01-07,2025-01-07 14:41:55,2025-03-19,2025-03-21,3
1004496327455456339,2025-01-07,2025-01-07 14:45:59,2025-03-22,2025-04-06,16
1004496327455456339,2025-01-20,2025-01-20 13:26:42,2025-01-31,2025-04-19,79
1004910078575857573,2025-01-06,2025-01-06 13:27:55,2025-01-19,2025-03-16,27
1004910078575857573,2025-01-07,2025-01-07 13:25:05,2025-01-19,2025-03-16,27
1004910078575857573,2025-01-20,2025-01-20 13:27:07,2025-01-28,2025-03-10,19
1005860682746801029,2025-01-07,2025-01-07 13:27:25,2025-01-30,2025-04-07,62
1005860682746801029,2025-01-20,2025-01-20 14:12:07,2025-02-10,2025-04-20,66
1005958896607152946,2025-01-06,2025-01-06 13:25:45,2025-01-10,2025-03-21,45
1005958896607152946,2025-01-06,2025-01-06 14:01:54,2025-03-22,2025-03-31,10
1005958896607152946,2025-01-07,2025-01-07 13:28:22,2025-01-25,2025-03-31,53
1005958896607152946,2025-01-20,2025-01-20 13:25:41,2025-01-25,2025-03-31,53
1006396584243125090,2025-01-06,2025-01-06 13:27:15,2025-01-17,2025-04-06,69
1006396584243125090,2025-01-07,2025-01-07 13:25:06,2025-01-17,2025-04-07,67
1006396584243125090,2025-01-20,2025-01-20 13:26:15,2025-01-25,2025-04-20,72
1008029204257210230,2025-01-06,2025-01-06 13:26:09,2025-01-21,2025-03-31,63
1008029204257210230,2025-01-07,2025-01-07 13:25:09,2025-01-21,2025-03-31,62
1008029204257210230,2025-01-20,2025-01-20 13:27:23,2025-01-25,2025-03-31,53
1011115904222911872,2025-01-06,2025-01-06 13:27:06,2025-01-14,2025-04-06,68
1011115904222911872,2025-01-07,2025-01-07 13:25:07,2025-01-14,2025-04-07,69
1011115904222911872,2025-01-20,2025-01-20 13:24:53,2025-01-29,2025-04-17,67
1011714999685071594,2025-01-06,2025-01-06 13:25:27,2025-03-24,2025-04-06,14
1011714999685071594,2025-01-07,2025-01-07 13:27:27,2025-03-24,2025-04-07,15
1011714999685071594,2025-01-20,2025-01-20 13:27:12,2025-03-24,2025-04-20,28
1014245162199655907,2025-01-06,2025-01-06 13:25:26,2025-03-06,2025-04-06,32
1014245162199655907,2025-01-07,2025-01-07 13:24:58,2025-03-06,2025-04-07,33
1014245162199655907,2025-01-20,2025-01-20 13:27:13,2025-03-06,2025-04-17,43
1015691857467598452,2025-01-06,2025-01-06 13:25:28,2025-01-20,2025-03-31,55
1015691857467598452,2025-01-07,2025-01-07 13:25:47,2025-01-20,2025-03-31,55
1015691857467598452,2025-01-20,2025-01-20 13:27:02,2025-01-20,2025-03-31,55
1016100494032497541,2025-01-06,2025-01-06 13:23:21,2025-01-07,2025-04-06,78
1019041007385326527,2025-01-07,2025-01-07 13:23:54,2025-02-17,2025-04-07,43
1019453731090411731,2025-01-06,2025-01-06 13:25:45,2025-01-26,2025-04-06,67
1019453731090411731,2025-01-07,2025-01-07 13:27:46,2025-01-26,2025-04-07,72
1019453731090411731,2025-01-20,2025-01-20 13:24:38,2025-02-10,2025-04-20,66
1019756845213291605,2025-01-20,2025-01-20 13:21:22,2025-01-23,2025-04-20,72
1021217453140595481,2025-01-06,2025-01-06 13:24:52,2025-01-07,2025-04-06,46
1023885231203292759,2025-01-06,2025-01-06 13:27:48,2025-01-26,2025-04-06,66
1023885231203292759,2025-01-07,2025-01-07 13:25:00,2025-01-26,2025-04-07,67
1023885231203292759,2025-01-20,2025-01-20 13:26:08,2025-01-31,2025-04-20,70
1024067179174522246,2025-01-06,2025-01-06 13:22:07,2025-01-26,2025-04-05,70
1025356251415331533,2025-01-06,2025-01-06 13:27:56,2025-01-17,2025-04-06,25
1025356251415331533,2025-01-07,2025-01-07 13:25:09,2025-01-17,2025-04-07,26
1025356251415331533,2025-01-20,2025-01-20 13:28:05,2025-01-29,2025-04-20,29
10266012,2025-01-07,2025-01-07 13:22:38,2025-02-01,2025-04-07,58
1028988415727336651,2025-01-06,2025-01-06 13:25:17,2025-01-17,2025-01-19,3
1028988415727336651,2025-01-06,2025-01-06 14:35:36,2025-01-26,2025-04-06,67
1030981527494824971,2025-01-06,2025-01-06 13:29:24,2025-03-15,2025-04-03,20
1030981527494824971,2025-01-06,2025-01-06 13:52:06,2025-04-04,2025-04-06,3
1030981527494824971,2025-01-07,2025-01-07 13:25:11,2025-03-15,2025-04-07,24
1030981527494824971,2025-01-20,2025-01-20 13:29:25,2025-02-07,2025-03-25,13
1030981527494824971,2025-01-20,2025-01-20 14:33:28,2025-03-26,2025-03-26,1
1030981527494824971,2025-01-20,2025-01-20 14:42:01,2025-03-27,2025-04-08,13
1031938290013047428,2025-01-06,2025-01-06 13:26:31,2025-01-15,2025-04-06,68
1031938290013047428,2025-01-07,2025-01-07 13:29:28,2025-01-15,2025-03-15,46
1031938290013047428,2025-01-07,2025-01-07 13:53:52,2025-03-16,2025-04-07,23
1031938290013047428,2025-01-20,2025-01-20 13:24:43,2025-01-31,2025-04-20,80
1032037416009523135,2025-01-20,2025-01-20 13:22:51,2025-01-24,2025-03-05,37
1033202997223117530,2025-01-20,2025-01-20 13:25:17,2025-01-23,2025-02-16,2
1033202997223117530,2025-01-20,2025-01-20 14:22:19,2025-02-17,2025-02-19,3
1033202997223117530,2025-01-20,2025-01-20 14:38:42,2025-02-20,2025-03-15,24
10340400,2025-01-06,2025-01-06 13:26:19,2025-03-06,2025-03-19,6
10340400,2025-01-07,2025-01-07 13:25:07,2025-03-06,2025-03-19,6
10340400,2025-01-20,2025-01-20 13:26:12,2025-03-06,2025-03-19,6
1034873975277447845,2025-01-06,2025-01-06 13:25:25,2025-02-13,2025-04-06,47
1034873975277447845,2025-01-07,2025-01-07 13:27:39,2025-01-19,2025-04-07,49
1034873975277447845,2025-01-20,2025-01-20 13:27:04,2025-03-01,2025-04-20,51
1035628196408986358,2025-01-06,2025-01-06 13:29:22,2025-01-31,2025-04-06,29
1035628196408986358,2025-01-07,2025-01-07 13:25:15,2025-01-31,2025-04-07,30
1035628196408986358,2025-01-20,2025-01-20 13:24:46,2025-01-31,2025-04-20,43
1036955655225647222,2025-01-07,2025-01-07 13:23:24,2025-01-13,2025-04-07,70
1037004838842410100,2025-01-20,2025-01-20 13:21:33,2025-01-28,2025-03-31,35
1037047027853581998,2025-01-06,2025-01-06 13:25:23,2025-01-08,2025-03-31,43
1037047027853581998,2025-01-07,2025-01-07 13:27:26,2025-01-08,2025-03-31,43
1037047027853581998,2025-01-20,2025-01-20 13:28:40,2025-02-15,2025-03-04,9
1039235354309448898,2025-01-06,2025-01-06 13:25:21,2025-01-21,2025-04-06,64
1039235354309448898,2025-01-07,2025-01-07 13:25:13,2025-01-21,2025-04-07,65
1039235354309448898,2025-01-20,2025-01-20 14:32:59,2025-01-21,2025-04-17,60
1042032092670718662,2025-01-06,2025-01-06 13:28:06,2025-01-27,2025-04-05,23
1042032092670718662,2025-01-07,2025-01-07 14:01:15,2025-01-27,2025-04-06,24
1042032092670718662,2025-01-20,2025-01-20 13:28:37,2025-02-07,2025-03-08,5
1042032092670718662,2025-01-20,2025-01-20 13:51:09,2025-03-17,2025-04-11,20
1043497443334655968,2025-01-20,2025-01-20 13:52:34,2025-03-06,2025-03-17,8
1043497443334655968,2025-01-20,2025-01-20 14:22:34,2025-03-18,2025-04-20,34
1043599286749467076,2025-01-06,2025-01-06 13:22:38,2025-01-29,2025-03-31,62
1044223371798078486,2025-01-06,2025-01-06 13:23:24,2025-01-07,2025-04-06,70
1044458170286255125,2025-01-06,2025-01-06 13:29:11,2025-02-12,2025-03-10,18
1044458170286255125,2025-01-06,2025-01-06 13:51:02,2025-03-11,2025-04-06,27
1044458170286255125,2025-01-07,2025-01-07 13:48:43,2025-02-12,2025-04-07,46
1044458170286255125,2025-01-20,2025-01-20 14:39:20,2025-02-12,2025-02-16,5
1044458170286255125,2025-01-20,2025-01-20 14:44:59,2025-02-17,2025-04-16,42
1045077329214831775,2025-01-20,2025-01-20 13:23:17,2025-03-20,2025-04-19,31
1045459185575382038,2025-01-06,2025-01-06 13:52:13,2025-01-12,2025-04-06,79
1045459185575382038,2025-01-07,2025-01-07 13:28:25,2025-01-12,2025-04-07,80
1045459185575382038,2025-01-20,2025-01-20 13:25:35,2025-01-22,2025-04-20,89
1045520246239520927,2025-01-07,2025-01-07 13:25:24,2025-01-30,2025-04-06,67
1045520246239520927,2025-01-20,2025-01-20 13:52:06,2025-01-30,2025-04-20,81
1045592510645908121,2025-01-06,2025-01-06 13:22:09,2025-01-09,2025-04-06,65
1045916135727198441,2025-01-06,2025-01-06 13:50:08,2025-02-21,2025-04-06,45
1045916135727198441,2025-01-07,2025-01-07 13:25:18,2025-02-21,2025-04-07,46
1045916135727198441,2025-01-20,2025-01-20 13:27:05,2025-02-21,2025-04-20,59
1046547202929220520,2025-01-06,2025-01-06 13:29:19,2025-01-29,2025-01-29,1
1046547202929220520,2025-01-06,2025-01-06 13:49:58,2025-02-11,2025-04-06,44
1046547202929220520,2025-01-07,2025-01-07 14:31:56,2025-01-29,2025-04-07,46
1046547202929220520,2025-01-20,2025-01-20 13:27:07,2025-01-29,2025-04-20,56
1047723626454445067,2025-01-06,2025-01-06 13:29:22,2025-01-10,2025-01-20,11
1047723626454445067,2025-01-06,2025-01-06 13:50:49,2025-01-21,2025-01-30,10
1047723626454445067,2025-01-06,2025-01-06 14:21:51,2025-01-31,2025-04-06,66
1047723626454445067,2025-01-07,2025-01-07 13:48:33,2025-01-07,2025-04-07,91
1047723626454445067,2025-01-20,2025-01-20 13:24:52,2025-01-20,2025-04-20,91
1048804459244346908,2025-01-06,2025-01-06 13:25:28,2025-01-07,2025-04-06,68
1048804459244346908,2025-01-07,2025-01-07 13:25:25,2025-01-31,2025-04-07,67
1048804459244346908,2025-01-20,2025-01-20 13:28:56,2025-01-31,2025-02-14,5
1048804459244346908,2025-01-20,2025-01-20 13:53:13,2025-02-15,2025-02-15,1
1048804459244346908,2025-01-20,2025-01-20 14:11:17,2025-02-16,2025-04-20,64
1049417084065072931,2025-01-06,2025-01-06 13:27:48,2025-01-20,2025-01-31,12
1049417084065072931,2025-01-07,2025-01-07 13:25:20,2025-01-26,2025-01-31,6
1050857413300266721,2025-01-06,2025-01-06 13:29:17,2025-01-15,2025-01-30,7
1050857413300266721,2025-01-06,2025-01-06 13:53:34,2025-01-31,2025-03-19,27
1050857413300266721,2025-01-06,2025-01-06 14:22:47,2025-03-20,2025-03-23,4
1050857413300266721,2025-01-06,2025-01-06 14:37:26,2025-03-24,2025-04-02,10
1050857413300266721,2025-01-07,2025-01-07 13:25:18,2025-01-15,2025-04-02,48
1050857413300266721,2025-01-20,2025-01-20 13:27:26,2025-01-28,2025-04-02,54
1052110098791057231,2025-01-06,2025-01-06 13:26:48,2025-01-08,2025-04-06,39
1052110098791057231,2025-01-07,2025-01-07 13:27:54,2025-01-08,2025-04-07,40
1052110098791057231,2025-01-20,2025-01-20 13:53:00,2025-02-28,2025-04-10,12
1052110098791057231,2025-01-20,2025-01-20 14:23:56,2025-04-11,2025-04-20,10
1052490589225547467,2025-01-06,2025-01-06 13:29:29,2025-02-13,2025-02-20,8
1052490589225547467,2025-01-06,2025-01-06 13:51:28,2025-02-21,2025-04-06,45
1052490589225547467,2025-01-07,2025-01-07 13:29:02,2025-02-13,2025-02-14,2
1052490589225547467,2025-01-07,2025-01-07 13:48:49,2025-02-15,2025-02-16,2
1052490589225547467,2025-01-07,2025-01-07 14:35:27,2025-02-17,2025-02-17,1
1052490589225547467,2025-01-07,2025-01-07 14:43:35,2025-02-18,2025-04-07,49
1052490589225547467,2025-01-20,2025-01-20 13:27:39,2025-02-13,2025-04-20,67
1053030252161966865,2025-01-20,2025-01-20 13:24:08,2025-01-28,2025-04-16,79
1053030252161966865,2025-01-20,2025-01-20 13:59:11,2025-04-17,2025-04-20,4
1053132609735844516,2025-01-06,2025-01-06 13:28:16,2025-02-27,2025-03-09,11
1053132609735844516,2025-01-07,2025-01-07 14:11:44,2025-02-27,2025-03-02,4
1053132609735844516,2025-01-07,2025-01-07 14:23:09,2025-03-03,2025-03-09,7
1053132609735844516,2025-01-20,2025-01-20 13:28:08,2025-02-27,2025-03-04,6
1053132609735844516,2025-01-20,2025-01-20 13:52:15,2025-03-05,2025-03-09,5
1053425333694349352,2025-01-07,2025-01-07 13:23:31,2025-01-13,2025-04-07,48
1053522951026570547,2025-01-06,2025-01-06 13:25:29,2025-01-26,2025-04-06,71
1053522951026570547,2025-01-07,2025-01-07 13:27:23,2025-01-26,2025-04-07,72
1053522951026570547,2025-01-20,2025-01-20 14:22:30,2025-01-25,2025-01-25,1
1053522951026570547,2025-01-20,2025-01-20 14:40:55,2025-01-26,2025-04-20,64
1053625763515857065,2025-01-20,2025-01-20 13:25:10,2025-02-05,2025-02-08,4
1053625763515857065,2025-01-20,2025-01-20 14:47:32,2025-02-09,2025-04-20,68
1053851019443958006,2025-01-06,2025-01-06 13:28:08,2025-01-21,2025-04-06,76
1053851019443958006,2025-01-07,2025-01-07 13:25:25,2025-01-21,2025-04-07,77
1053851019443958006,2025-01-20,2025-01-20 13:28:49,2025-01-21,2025-01-24,4
1053851019443958006,2025-01-20,2025-01-20 13:52:21,2025-01-25,2025-01-28,4
1053851019443958006,2025-01-20,2025-01-20 14:22:28,2025-01-29,2025-02-04,7
1053851019443958006,2025-01-20,2025-01-20 14:44:03,2025-02-05,2025-02-08,4
1053851019443958006,2025-01-20,2025-01-20 14:49:38,2025-02-09,2025-04-20,71
1054265461023254222,2025-01-06,2025-01-06 13:52:13,2025-01-11,2025-01-11,1
1054265461023254222,2025-01-06,2025-01-06 14:10:15,2025-01-12,2025-04-06,52
1054265461023254222,2025-01-07,2025-01-07 13:49:02,2025-01-11,2025-01-23,4
1054265461023254222,2025-01-07,2025-01-07 13:59:09,2025-01-24,2025-01-26,3
1054265461023254222,2025-01-07,2025-01-07 14:23:09,2025-01-27,2025-01-27,1
1054265461023254222,2025-01-07,2025-01-07 14:36:24,2025-01-28,2025-01-28,1
1054265461023254222,2025-01-07,2025-01-07 14:49:33,2025-01-29,2025-04-07,46
1054265461023254222,2025-01-20,2025-01-20 13:24:58,2025-01-29,2025-04-16,58
1055163452693752832,2025-01-06,2025-01-06 13:29:07,2025-01-22,2025-01-22,1
1055163452693752832,2025-01-06,2025-01-06 13:49:22,2025-01-23,2025-04-06,50
1055163452693752832,2025-01-07,2025-01-07 13:49:55,2025-01-22,2025-01-22,1
1055163452693752832,2025-01-07,2025-01-07 14:29:08,2025-01-23,2025-02-12,4
1055163452693752832,2025-01-07,2025-01-07 14:44:33,2025-02-13,2025-04-07,46
1055163452693752832,2025-01-20,2025-01-20 13:27:03,2025-01-22,2025-04-20,71
1056816282920055514,2025-01-06,2025-01-06 13:48:45,2025-01-11,2025-03-31,63
1056816282920055514,2025-01-07,2025-01-07 13:50:36,2025-01-11,2025-03-31,63
1056816282920055514,2025-01-20,2025-01-20 13:28:00,2025-02-17,2025-03-31,43
1056827534457537585,2025-01-06,2025-01-06 13:51:20,2025-01-19,2025-04-05,77
1056827534457537585,2025-01-06,2025-01-06 14:07:42,2025-04-06,2025-04-06,1
1056827534457537585,2025-01-07,2025-01-07 13:28:57,2025-01-20,2025-01-20,1
1056827534457537585,2025-01-07,2025-01-07 13:48:45,2025-01-21,2025-01-22,2
1056827534457537585,2025-01-07,2025-01-07 14:21:32,2025-01-23,2025-04-07,75
1056827534457537585,2025-01-20,2025-01-20 13:28:00,2025-01-26,2025-04-20,79
1057137469420115073,2025-01-06,2025-01-06 13:27:53,2025-01-08,2025-04-06,57
1057137469420115073,2025-01-07,2025-01-07 13:26:15,2025-01-08,2025-04-07,58
1057137469420115073,2025-01-20,2025-01-20 13:29:00,2025-01-25,2025-01-27,3
1057137469420115073,2025-01-20,2025-01-20 13:54:22,2025-02-03,2025-02-04,2
1057137469420115073,2025-01-20,2025-01-20 14:13:06,2025-02-05,2025-02-06,2
1057137469420115073,2025-01-20,2025-01-20 14:25:41,2025-02-07,2025-04-20,62
1057964852411462810,2025-01-06,2025-01-06 13:25:35,2025-02-03,2025-04-06,63
1057964852411462810,2025-01-07,2025-01-07 13:27:52,2025-02-03,2025-04-07,64
1057964852411462810,2025-01-20,2025-01-20 13:52:49,2025-02-03,2025-02-03,1
1057964852411462810,2025-01-20,2025-01-20 14:10:51,2025-02-04,2025-02-11,8
1057964852411462810,2025-01-20,2025-01-20 14:24:55,2025-02-12,2025-04-20,68
1058193595817353204,2025-01-06,2025-01-06 13:29:30,2025-02-27,2025-02-28,2
1058193595817353204,2025-01-06,2025-01-06 13:52:20,2025-03-10,2025-04-04,26
1058193595817353204,2025-01-07,2025-01-07 13:25:19,2025-02-27,2025-04-04,28
1058193595817353204,2025-01-20,2025-01-20 13:27:36,2025-02-09,2025-04-20,33
1058777213156843238,2025-01-06,2025-01-06 13:29:30,2025-02-02,2025-04-04,8
1058777213156843238,2025-01-06,2025-01-06 13:51:30,2025-04-05,2025-04-06,2
1058777213156843238,2025-01-07,2025-01-07 13:25:20,2025-02-02,2025-04-07,11
1058777213156843238,2025-01-20,2025-01-20 13:27:36,2025-02-02,2025-04-16,26
1060712994513047104,2025-01-06,2025-01-06 13:29:17,2025-01-11,2025-01-12,2
1060712994513047104,2025-01-06,2025-01-06 14:07:02,2025-01-13,2025-04-06,62
1060712994513047104,2025-01-07,2025-01-07 13:25:18,2025-01-11,2025-04-07,65
1060712994513047104,2025-01-20,2025-01-20 13:25:10,2025-01-26,2025-04-20,59
1062221285605590578,2025-01-07,2025-01-07 13:29:38,2025-01-13,2025-02-03,6
1062221285605590578,2025-01-07,2025-01-07 13:50:41,2025-02-04,2025-04-07,63
1062221285605590578,2025-01-20,2025-01-20 13:24:55,2025-02-14,2025-04-20,66
1062615116593634676,2025-01-06,2025-01-06 13:48:48,2025-01-15,2025-01-16,2
1062615116593634676,2025-01-06,2025-01-06 14:35:22,2025-01-29,2025-04-06,50
1062615116593634676,2025-01-07,2025-01-07 13:50:38,2025-01-15,2025-04-07,53
1062615116593634676,2025-01-20,2025-01-20 13:26:19,2025-02-18,2025-04-20,45
1063807278503566143,2025-01-06,2025-01-06 13:25:29,2025-01-29,2025-04-06,54
1063807278503566143,2025-01-07,2025-01-07 13:25:26,2025-01-29,2025-04-07,57
1063807278503566143,2025-01-20,2025-01-20 13:28:51,2025-01-29,2025-03-06,7
1063807278503566143,2025-01-20,2025-01-20 13:52:29,2025-03-07,2025-03-08,2
1063807278503566143,2025-01-20,2025-01-20 14:14:08,2025-03-09,2025-04-17,40
1066545050089987954,2025-01-06,2025-01-06 14:06:37,2025-01-14,2025-01-14,1
1066545050089987954,2025-01-06,2025-01-06 14:30:15,2025-01-15,2025-01-16,2
1066545050089987954,2025-01-06,2025-01-06 14:37:35,2025-01-29,2025-04-06,55
1066545050089987954,2025-01-07,2025-01-07 13:29:05,2025-01-14,2025-01-16,3
1066545050089987954,2025-01-07,2025-01-07 13:49:11,2025-01-29,2025-02-01,4
1066545050089987954,2025-01-07,2025-01-07 14:29:26,2025-02-02,2025-04-07,52
1066545050089987954,2025-01-20,2025-01-20 13:24:54,2025-02-02,2025-04-20,69
1067320906990424780,2025-01-06,2025-01-06 13:53:38,2025-02-12,2025-04-01,42
1067320906990424780,2025-01-06,2025-01-06 14:23:17,2025-04-02,2025-04-06,5
1067320906990424780,2025-01-07,2025-01-07 13:25:21,2025-02-12,2025-04-07,48
1067320906990424780,2025-01-20,2025-01-20 13:25:57,2025-02-12,2025-04-20,61
1070343877574441166,2025-01-06,2025-01-06 13:25:30,2025-01-13,2025-04-02,7
1070343877574441166,2025-01-07,2025-01-07 13:25:28,2025-01-13,2025-04-02,7
1070343877574441166,2025-01-20,2025-01-20 13:29:22,2025-01-24,2025-04-02,11
1070343877574441166,2025-01-20,2025-01-20 13:53:39,2025-04-10,2025-04-10,1
1070343877574441166,2025-01-20,2025-01-20 14:14:06,2025-04-11,2025-04-17,7
1074031328011239995,2025-01-07,2025-01-07 13:26:03,2025-01-08,2025-04-06,89
1074031328011239995,2025-01-20,2025-01-20 13:27:20,2025-01-21,2025-01-22,2
1074031328011239995,2025-01-20,2025-01-20 13:58:24,2025-01-23,2025-01-26,4
1074031328011239995,2025-01-20,2025-01-20 14:20:04,2025-01-27,2025-04-19,83
1074829679064875721,2025-01-06,2025-01-06 14:21:31,2025-04-01,2025-04-06,6
1075444278753674442,2025-01-07,2025-01-07 13:25:10,2025-01-30,2025-03-02,9
1075444278753674442,2025-01-07,2025-01-07 14:00:31,2025-03-03,2025-04-07,36
1075503699104403085,2025-01-20,2025-01-20 13:59:43,2025-02-11,2025-02-13,3
1075503699104403085,2025-01-20,2025-01-20 14:37:34,2025-02-14,2025-02-15,2
1075503699104403085,2025-01-20,2025-01-20 14:48:56,2025-02-16,2025-04-20,64
1077396104359577731,2025-01-06,2025-01-06 13:25:31,2025-02-11,2025-04-06,19
1077396104359577731,2025-01-07,2025-01-07 13:28:20,2025-02-11,2025-04-07,20
1081972140987250431,2025-01-06,2025-01-06 13:27:45,2025-01-30,2025-04-06,49
1081972140987250431,2025-01-07,2025-01-07 13:25:30,2025-01-30,2025-04-07,50
1081972140987250431,2025-01-20,2025-01-20 13:28:54,2025-01-30,2025-01-31,2
1081972140987250431,2025-01-20,2025-01-20 13:52:35,2025-02-01,2025-02-03,3
1081972140987250431,2025-01-20,2025-01-20 14:10:34,2025-02-20,2025-04-20,58
1082133757143221839,2025-01-06,2025-01-06 13:29:27,2025-01-27,2025-01-27,1
1082133757143221839,2025-01-06,2025-01-06 13:54:40,2025-01-28,2025-01-31,4
1082133757143221839,2025-01-07,2025-01-07 13:28:06,2025-01-27,2025-01-31,5
1082133757143221839,2025-01-20,2025-01-20 13:28:19,2025-01-29,2025-01-29,1
1082133757143221839,2025-01-20,2025-01-20 13:50:14,2025-01-30,2025-02-12,14
1082746592587689161,2025-01-06,2025-01-06 13:25:38,2025-01-09,2025-02-15,12
1082746592587689161,2025-01-06,2025-01-06 13:58:14,2025-02-16,2025-03-31,32
1083196219974177016,2025-01-06,2025-01-06 13:25:31,2025-01-20,2025-02-02,4
1083196219974177016,2025-01-06,2025-01-06 13:57:49,2025-02-03,2025-04-06,53
1083301106167776779,2025-01-06,2025-01-06 13:26:51,2025-03-06,2025-04-06,20
1083301106167776779,2025-01-07,2025-01-07 13:30:32,2025-03-06,2025-03-08,3
1083301106167776779,2025-01-07,2025-01-07 13:53:29,2025-03-09,2025-03-29,9
1083301106167776779,2025-01-07,2025-01-07 14:08:14,2025-03-30,2025-04-07,9
1083301106167776779,2025-01-20,2025-01-20 13:52:45,2025-03-06,2025-04-16,30
1083424325445690046,2025-01-06,2025-01-06 13:24:31,2025-02-12,2025-04-06,54
1083633025910461931,2025-01-06,2025-01-06 13:25:45,2025-02-11,2025-02-25,6
1083633025910461931,2025-01-06,2025-01-06 13:58:22,2025-02-26,2025-03-29,32
1083633025910461931,2025-01-06,2025-01-06 14:36:32,2025-03-30,2025-03-30,1
1083633025910461931,2025-01-06,2025-01-06 14:46:02,2025-03-31,2025-04-06,7
1084601543056055517,2025-01-07,2025-01-07 13:24:35,2025-02-04,2025-02-07,4
1084601543056055517,2025-01-07,2025-01-07 14:00:46,2025-02-08,2025-04-07,59
1085437829031467755,2025-01-07,2025-01-07 14:08:09,2025-02-25,2025-02-25,1
1085437829031467755,2025-01-07,2025-01-07 14:37:50,2025-02-26,2025-04-07,31
1085437829031467755,2025-01-20,2025-01-20 14:20:46,2025-02-25,2025-02-26,2
1085437829031467755,2025-01-20,2025-01-20 14:35:54,2025-02-27,2025-02-28,2
1085437829031467755,2025-01-20,2025-01-20 14:46:36,2025-03-01,2025-03-02,2
1085437829031467755,2025-01-20,2025-01-20 14:53:29,2025-03-03,2025-04-01,20
1085437829031467755,2025-01-20,2025-01-20 14:57:43,2025-04-02,2025-04-02,1
1085437829031467755,2025-01-20,2025-01-20 15:05:29,2025-04-03,2025-04-03,1
1085437829031467755,2025-01-20,2025-01-20 15:06:43,2025-04-04,2025-04-04,1
1085437829031467755,2025-01-20,2025-01-20 15:06:45,2025-04-05,2025-04-20,16
1086855144095843601,2025-01-06,2025-01-06 13:25:43,2025-01-23,2025-01-24,2
1086855144095843601,2025-01-06,2025-01-06 14:36:39,2025-01-25,2025-03-31,66
1088251024341369589,2025-01-06,2025-01-06 13:25:49,2025-02-05,2025-02-07,3
1088251024341369589,2025-01-07,2025-01-07 13:28:31,2025-02-05,2025-02-06,2
1088251024341369589,2025-01-07,2025-01-07 13:48:13,2025-02-07,2025-02-07,1
1088251024341369589,2025-01-20,2025-01-20 14:15:45,2025-01-25,2025-02-07,14
1091408953130822622,2025-01-07,2025-01-07 13:59:34,2025-01-13,2025-01-14,2
1091408953130822622,2025-01-07,2025-01-07 14:22:53,2025-01-15,2025-04-07,46
10982940,2025-01-20,2025-01-20 13:58:00,2025-01-23,2025-01-31,9
10982940,2025-01-20,2025-01-20 14:46:14,2025-02-14,2025-02-17,4
10982940,2025-01-20,2025-01-20 14:53:09,2025-02-18,2025-03-01,12
10982940,2025-01-20,2025-01-20 14:57:35,2025-03-02,2025-03-05,4
10982940,2025-01-20,2025-01-20 15:00:47,2025-03-06,2025-04-20,46
1100720037663116812,2025-01-06,2025-01-06 13:51:16,2025-01-20,2025-01-22,3
1100720037663116812,2025-01-06,2025-01-06 14:09:54,2025-01-23,2025-04-06,43
1100720037663116812,2025-01-07,2025-01-07 14:22:29,2025-01-20,2025-04-07,47
1100720037663116812,2025-01-20,2025-01-20 13:26:19,2025-01-24,2025-04-15,62
1100991386372756521,2025-01-06,2025-01-06 13:59:42,2025-01-13,2025-04-06,81
1100991386372756521,2025-01-07,2025-01-07 13:29:02,2025-01-13,2025-01-14,2
1100991386372756521,2025-01-07,2025-01-07 13:50:36,2025-01-15,2025-04-07,79
1100991386372756521,2025-01-20,2025-01-20 13:29:21,2025-01-21,2025-03-16,55
1100991386372756521,2025-01-20,2025-01-20 13:54:57,2025-03-17,2025-03-18,2
1100991386372756521,2025-01-20,2025-01-20 14:12:40,2025-03-19,2025-04-20,33
11044577,2025-01-07,2025-01-07 13:25:07,2025-01-30,2025-01-31,2
11044577,2025-01-07,2025-01-07 14:00:10,2025-02-01,2025-02-02,2
11044577,2025-01-07,2025-01-07 14:25:01,2025-02-03,2025-04-07,51
1111626053814730010,2025-01-06,2025-01-06 13:25:37,2025-01-31,2025-04-06,56
1111626053814730010,2025-01-07,2025-01-07 13:28:51,2025-01-31,2025-01-31,1
1111626053814730010,2025-01-07,2025-01-07 14:18:05,2025-02-01,2025-02-28,14
1111626053814730010,2025-01-07,2025-01-07 14:28:27,2025-03-01,2025-03-03,3
1111626053814730010,2025-01-07,2025-01-07 14:48:05,2025-03-04,2025-04-07,35
1111626053814730010,2025-01-20,2025-01-20 13:28:56,2025-01-31,2025-02-03,4
1111626053814730010,2025-01-20,2025-01-20 13:52:39,2025-02-04,2025-02-25,5
1111626053814730010,2025-01-20,2025-01-20 14:10:47,2025-02-26,2025-03-01,4
1111626053814730010,2025-01-20,2025-01-20 14:32:01,2025-03-02,2025-03-04,3
1111626053814730010,2025-01-20,2025-01-20 14:39:21,2025-03-05,2025-03-11,7
1111626053814730010,2025-01-20,2025-01-20 14:45:21,2025-03-12,2025-03-14,3
1111626053814730010,2025-01-20,2025-01-20 14:51:58,2025-03-15,2025-04-20,37
1124052077567202180,2025-01-06,2025-01-06 13:54:21,2025-03-26,2025-03-30,5
1124052077567202180,2025-01-06,2025-01-06 14:12:25,2025-03-31,2025-04-05,6
1124052077567202180,2025-01-07,2025-01-07 13:29:23,2025-04-03,2025-04-06,4
1124052077567202180,2025-01-20,2025-01-20 14:01:19,2025-04-09,2025-04-16,8
1125970477826966385,2025-01-06,2025-01-06 13:29:27,2025-01-08,2025-01-08,1
1125970477826966385,2025-01-06,2025-01-06 13:50:42,2025-01-09,2025-04-06,53
1125970477826966385,2025-01-07,2025-01-07 13:49:13,2025-01-08,2025-02-16,5
1125970477826966385,2025-01-07,2025-01-07 14:06:54,2025-02-17,2025-04-07,50
1125970477826966385,2025-01-20,2025-01-20 13:28:39,2025-02-15,2025-02-17,3
1125970477826966385,2025-01-20,2025-01-20 14:19:55,2025-02-18,2025-02-24,7
1125970477826966385,2025-01-20,2025-01-20 14:36:40,2025-02-25,2025-04-20,55
1131810056799937593,2025-01-06,2025-01-06 13:28:08,2025-01-20,2025-04-06,67
1131810056799937593,2025-01-07,2025-01-07 14:36:16,2025-01-20,2025-04-07,68
1131810056799937593,2025-01-20,2025-01-20 13:29:16,2025-02-04,2025-02-04,1
1131810056799937593,2025-01-20,2025-01-20 14:11:20,2025-02-05,2025-02-08,4
1131810056799937593,2025-01-20,2025-01-20 14:42:51,2025-02-09,2025-04-20,67
1137698308528017474,2025-01-06,2025-01-06 13:28:16,2025-02-03,2025-04-06,39
1137698308528017474,2025-01-07,2025-01-07 13:29:35,2025-02-03,2025-02-04,2
1137698308528017474,2025-01-07,2025-01-07 14:31:24,2025-02-05,2025-04-07,38
1137698308528017474,2025-01-20,2025-01-20 14:12:07,2025-02-03,2025-02-03,1
1137698308528017474,2025-01-20,2025-01-20 14:24:00,2025-02-04,2025-02-04,1
1137698308528017474,2025-01-20,2025-01-20 14:35:28,2025-02-05,2025-04-20,51
1139831117529014384,2025-01-06,2025-01-06 13:29:27,2025-01-24,2025-02-18,20
1139831117529014384,2025-01-06,2025-01-06 13:52:07,2025-02-19,2025-02-19,1
1139831117529014384,2025-01-06,2025-01-06 14:07:55,2025-02-20,2025-03-06,15
1139831117529014384,2025-01-06,2025-01-06 14:25:51,2025-03-07,2025-03-14,8
1139831117529014384,2025-01-06,2025-01-06 14:39:16,2025-03-15,2025-04-06,23
1139831117529014384,2025-01-07,2025-01-07 14:18:42,2025-01-24,2025-04-07,68
1139831117529014384,2025-01-20,2025-01-20 13:28:25,2025-01-28,2025-04-20,78
1147824179020677628,2025-01-06,2025-01-06 13:29:03,2025-01-21,2025-03-05,10
1147824179020677628,2025-01-06,2025-01-06 14:06:50,2025-03-06,2025-04-05,25
1147824179020677628,2025-01-07,2025-01-07 13:53:01,2025-01-21,2025-04-06,36
1147824179020677628,2025-01-20,2025-01-20 13:29:59,2025-02-18,2025-03-08,9
1147824179020677628,2025-01-20,2025-01-20 13:56:41,2025-03-18,2025-04-19,33
11508986,2025-01-06,2025-01-06 13:25:45,2025-02-13,2025-02-15,3
11508986,2025-01-06,2025-01-06 13:58:24,2025-02-24,2025-02-24,1
11508986,2025-01-06,2025-01-06 14:21:15,2025-02-25,2025-03-08,9
1153493820067017135,2025-01-06,2025-01-06 13:25:41,2025-02-06,2025-04-06,43
1153493820067017135,2025-01-07,2025-01-07 13:29:19,2025-02-06,2025-02-07,2
1153493820067017135,2025-01-07,2025-01-07 13:51:09,2025-02-08,2025-04-07,42
1153493820067017135,2025-01-20,2025-01-20 13:53:59,2025-02-06,2025-02-06,1
1153493820067017135,2025-01-20,2025-01-20 13:59:28,2025-02-07,2025-02-08,2
1153493820067017135,2025-01-20,2025-01-20 14:21:20,2025-02-09,2025-03-04,7
1153493820067017135,2025-01-20,2025-01-20 14:36:43,2025-03-05,2025-04-20,47
1153552657765472365,2025-01-06,2025-01-06 13:29:02,2025-02-04,2025-02-06,3
1153552657765472365,2025-01-06,2025-01-06 13:51:15,2025-03-02,2025-04-06,18
1153552657765472365,2025-01-07,2025-01-07 14:42:46,2025-02-04,2025-03-03,5
1153552657765472365,2025-01-07,2025-01-07 14:47:34,2025-03-04,2025-04-01,11
1153552657765472365,2025-01-07,2025-01-07 14:50:07,2025-04-02,2025-04-07,6
1153552657765472365,2025-01-20,2025-01-20 13:29:53,2025-02-04,2025-02-04,1
1153552657765472365,2025-01-20,2025-01-20 14:22:30,2025-02-05,2025-03-04,5
1153552657765472365,2025-01-20,2025-01-20 14:45:00,2025-03-05,2025-04-20,29
11567423,2025-01-06,2025-01-06 13:29:27,2025-01-20,2025-01-23,4
11567423,2025-01-06,2025-01-06 13:50:52,2025-01-24,2025-01-24,1
11567423,2025-01-06,2025-01-06 14:07:20,2025-01-25,2025-02-12,13
11567423,2025-01-06,2025-01-06 14:23:41,2025-02-13,2025-04-06,35
11567423,2025-01-07,2025-01-07 13:29:10,2025-01-20,2025-01-21,2
11567423,2025-01-07,2025-01-07 14:32:20,2025-01-22,2025-04-07,52
11567423,2025-01-20,2025-01-20 13:28:22,2025-01-25,2025-02-06,7
11567423,2025-01-20,2025-01-20 13:52:10,2025-02-07,2025-04-20,55
1161796266594364332,2025-01-06,2025-01-06 13:51:39,2025-02-27,2025-03-04,6
1161796266594364332,2025-01-07,2025-01-07 13:59:52,2025-02-27,2025-03-04,6
1161796266594364332,2025-01-07,2025-01-07 14:23:06,2025-04-07,2025-04-07,1
1161796266594364332,2025-01-20,2025-01-20 13:28:35,2025-03-23,2025-03-25,3
1161796266594364332,2025-01-20,2025-01-20 14:09:30,2025-03-26,2025-04-16,22
1161927707286622818,2025-01-06,2025-01-06 13:28:50,2025-01-14,2025-01-14,1
1161927707286622818,2025-01-06,2025-01-06 13:48:50,2025-02-09,2025-04-06,25
1161927707286622818,2025-01-07,2025-01-07 13:29:22,2025-01-14,2025-02-09,2
1161927707286622818,2025-01-07,2025-01-07 14:18:50,2025-02-27,2025-03-10,4
1161927707286622818,2025-01-07,2025-01-07 14:43:11,2025-03-11,2025-04-07,21
1161927707286622818,2025-01-20,2025-01-20 13:29:38,2025-01-25,2025-03-10,6
1161927707286622818,2025-01-20,2025-01-20 14:33:20,2025-03-23,2025-04-17,26
1163772289534164479,2025-01-06,2025-01-06 14:10:27,2025-01-09,2025-04-06,54
1163772289534164479,2025-01-07,2025-01-07 14:06:05,2025-01-09,2025-04-07,55
1163772289534164479,2025-01-20,2025-01-20 13:28:21,2025-01-22,2025-04-20,62
1171049670344322120,2025-01-20,2025-01-20 13:59:20,2025-02-19,2025-04-20,61
1173260792743932663,2025-01-06,2025-01-06 13:51:42,2025-01-25,2025-01-29,5
1173260792743932663,2025-01-06,2025-01-06 14:07:30,2025-01-30,2025-03-05,30
1173260792743932663,2025-01-07,2025-01-07 13:29:32,2025-01-25,2025-01-30,6
1173260792743932663,2025-01-07,2025-01-07 14:06:31,2025-01-31,2025-02-01,2
1173260792743932663,2025-01-07,2025-01-07 14:19:05,2025-02-02,2025-02-25,20
1173260792743932663,2025-01-20,2025-01-20 13:50:19,2025-01-25,2025-02-28,31
1174263938200349649,2025-01-06,2025-01-06 13:30:10,2025-01-13,2025-01-24,3
1174263938200349649,2025-01-06,2025-01-06 14:11:57,2025-01-25,2025-02-03,10
1174263938200349649,2025-01-06,2025-01-06 14:24:36,2025-02-04,2025-02-04,1
1174263938200349649,2025-01-06,2025-01-06 14:33:32,2025-02-05,2025-04-06,61
1174263938200349649,2025-01-07,2025-01-07 13:29:15,2025-01-13,2025-01-13,1
1174263938200349649,2025-01-07,2025-01-07 13:53:49,2025-01-21,2025-02-05,14
1174263938200349649,2025-01-07,2025-01-07 14:37:17,2025-02-06,2025-04-07,61
1174263938200349649,2025-01-20,2025-01-20 13:28:33,2025-01-21,2025-01-28,6
1174263938200349649,2025-01-20,2025-01-20 13:51:10,2025-01-29,2025-02-05,8
1174263938200349649,2025-01-20,2025-01-20 14:26:19,2025-02-06,2025-02-12,7
1174263938200349649,2025-01-20,2025-01-20 14:35:17,2025-02-13,2025-04-20,67
1179103047052148475,2025-01-06,2025-01-06 14:11:34,2025-01-29,2025-04-06,33
1179103047052148475,2025-01-07,2025-01-07 13:29:15,2025-01-29,2025-01-30,2
1179103047052148475,2025-01-07,2025-01-07 13:50:58,2025-02-12,2025-04-07,32
1179103047052148475,2025-01-20,2025-01-20 13:29:24,2025-01-29,2025-02-13,4
1179103047052148475,2025-01-20,2025-01-20 13:53:29,2025-03-09,2025-04-20,32
1181723518413479765,2025-01-20,2025-01-20 13:26:29,2025-01-25,2025-04-20,86
1181933658424522281,2025-01-06,2025-01-06 14:22:21,2025-01-19,2025-01-19,1
1181933658424522281,2025-01-06,2025-01-06 14:36:32,2025-01-27,2025-04-06,62
1181933658424522281,2025-01-07,2025-01-07 14:20:44,2025-01-19,2025-04-07,64
1181933658424522281,2025-01-20,2025-01-20 13:28:29,2025-01-27,2025-02-20,10
1181933658424522281,2025-01-20,2025-01-20 13:51:51,2025-02-21,2025-04-20,55
1181944920258781413,2025-01-06,2025-01-06 13:49:01,2025-01-15,2025-01-18,4
1181944920258781413,2025-01-06,2025-01-06 14:08:07,2025-01-26,2025-04-06,69
1181944920258781413,2025-01-07,2025-01-07 13:49:51,2025-01-15,2025-01-16,2
1181944920258781413,2025-01-07,2025-01-07 14:21:05,2025-01-26,2025-04-07,66
1181944920258781413,2025-01-20,2025-01-20 13:33:14,2025-01-26,2025-04-20,75
1181971107577983158,2025-01-06,2025-01-06 13:48:55,2025-01-16,2025-01-17,2
1181971107577983158,2025-01-06,2025-01-06 14:09:34,2025-01-24,2025-04-06,63
1181971107577983158,2025-01-07,2025-01-07 13:53:24,2025-01-16,2025-03-10,38
1181971107577983158,2025-01-07,2025-01-07 14:10:29,2025-03-11,2025-03-12,2
1181971107577983158,2025-01-07,2025-01-07 14:34:09,2025-03-13,2025-04-07,26
1181971107577983158,2025-01-20,2025-01-20 13:33:14,2025-01-31,2025-04-20,69
1182018398755268829,2025-01-06,2025-01-06 13:53:14,2025-01-14,2025-01-16,3
1182018398755268829,2025-01-06,2025-01-06 14:22:03,2025-01-24,2025-02-01,6
1182018398755268829,2025-01-06,2025-01-06 14:33:43,2025-02-14,2025-04-06,50
1182018398755268829,2025-01-07,2025-01-07 13:49:15,2025-01-16,2025-01-26,4
1182018398755268829,2025-01-07,2025-01-07 14:06:04,2025-01-30,2025-02-01,3
1182018398755268829,2025-01-07,2025-01-07 14:18:46,2025-02-14,2025-03-03,16
1182018398755268829,2025-01-07,2025-01-07 14:42:27,2025-03-04,2025-04-07,35
1182018398755268829,2025-01-20,2025-01-20 14:34:39,2025-01-26,2025-04-20,61
1182028381058524086,2025-01-06,2025-01-06 13:29:33,2025-01-14,2025-01-15,2
1182028381058524086,2025-01-06,2025-01-06 14:21:02,2025-01-25,2025-04-06,52
1182028381058524086,2025-01-07,2025-01-07 13:29:26,2025-01-14,2025-01-26,4
1182028381058524086,2025-01-07,2025-01-07 13:50:54,2025-01-27,2025-04-07,51
1182028381058524086,2025-01-20,2025-01-20 13:28:36,2025-02-05,2025-02-10,3
1182028381058524086,2025-01-20,2025-01-20 13:51:07,2025-02-18,2025-04-07,17
1182028381058524086,2025-01-20,2025-01-20 14:26:19,2025-04-08,2025-04-14,7
1182028381058524086,2025-01-20,2025-01-20 14:38:52,2025-04-15,2025-04-20,6
1182040498646675653,2025-01-06,2025-01-06 13:29:00,2025-01-13,2025-03-08,27
1182040498646675653,2025-01-06,2025-01-06 14:07:04,2025-03-09,2025-04-06,29
1182040498646675653,2025-01-07,2025-01-07 13:49:30,2025-01-13,2025-04-07,57
1182040498646675653,2025-01-20,2025-01-20 14:12:29,2025-01-25,2025-02-12,4
1182040498646675653,2025-01-20,2025-01-20 14:33:41,2025-02-13,2025-02-18,6
1182040498646675653,2025-01-20,2025-01-20 14:41:28,2025-03-08,2025-04-16,40
1182043782165637473,2025-01-06,2025-01-06 13:53:09,2025-01-19,2025-04-06,61
1182043782165637473,2025-01-07,2025-01-07 13:29:11,2025-01-22,2025-01-29,2
1182043782165637473,2025-01-07,2025-01-07 14:05:59,2025-01-30,2025-01-31,2
1182043782165637473,2025-01-07,2025-01-07 14:31:52,2025-02-01,2025-03-11,28
1182043782165637473,2025-01-07,2025-01-07 14:39:12,2025-03-12,2025-03-19,8
1182043782165637473,2025-01-07,2025-01-07 14:46:59,2025-03-20,2025-04-07,19
1182043782165637473,2025-01-20,2025-01-20 13:53:37,2025-01-22,2025-04-20,72
1182070530301053205,2025-01-06,2025-01-06 13:51:40,2025-01-15,2025-01-29,6
1182070530301053205,2025-01-06,2025-01-06 14:07:43,2025-01-30,2025-02-27,18
1182070530301053205,2025-01-06,2025-01-06 14:30:38,2025-02-28,2025-02-28,1
1182070530301053205,2025-01-06,2025-01-06 14:37:11,2025-03-01,2025-03-01,1
1182070530301053205,2025-01-06,2025-01-06 14:44:23,2025-03-02,2025-03-06,5
1182070530301053205,2025-01-06,2025-01-06 14:48:45,2025-03-07,2025-03-22,16
1182070530301053205,2025-01-06,2025-01-06 14:50:25,2025-03-23,2025-03-25,3
1182070530301053205,2025-01-06,2025-01-06 14:52:51,2025-03-26,2025-04-06,12
1182070530301053205,2025-01-07,2025-01-07 14:06:21,2025-01-15,2025-01-21,3
1182070530301053205,2025-01-07,2025-01-07 14:19:26,2025-02-14,2025-04-07,53
1182070530301053205,2025-01-20,2025-01-20 13:54:48,2025-02-14,2025-02-17,4
1182070530301053205,2025-01-20,2025-01-20 13:59:17,2025-02-18,2025-03-04,5
1182070530301053205,2025-01-20,2025-01-20 14:38:49,2025-03-05,2025-04-20,47
1182188163181410725,2025-01-20,2025-01-20 14:48:26,2025-01-24,2025-04-20,82
1183418487997408853,2025-01-06,2025-01-06 13:51:49,2025-01-29,2025-04-06,48
1183418487997408853,2025-01-07,2025-01-07 13:29:23,2025-01-29,2025-01-29,1
1183418487997408853,2025-01-07,2025-01-07 13:51:58,2025-01-30,2025-04-07,48
1183418487997408853,2025-01-20,2025-01-20 13:29:40,2025-01-29,2025-01-29,1
1183418487997408853,2025-01-20,2025-01-20 13:54:03,2025-01-30,2025-01-31,2
1183418487997408853,2025-01-20,2025-01-20 14:24:06,2025-02-08,2025-02-26,7
1183418487997408853,2025-01-20,2025-01-20 14:33:20,2025-02-27,2025-02-27,1
1183418487997408853,2025-01-20,2025-01-20 14:44:46,2025-02-28,2025-03-01,2
1183418487997408853,2025-01-20,2025-01-20 14:52:15,2025-03-02,2025-03-08,7
1183418487997408853,2025-01-20,2025-01-20 14:54:21,2025-03-09,2025-04-20,43
1184078920130796920,2025-01-20,2025-01-20 14:02:14,2025-02-05,2025-04-19,70
1184152596221501552,2025-01-06,2025-01-06 13:51:05,2025-01-22,2025-04-06,61
1184152596221501552,2025-01-07,2025-01-07 13:29:15,2025-01-22,2025-02-02,7
1184152596221501552,2025-01-07,2025-01-07 14:25:01,2025-02-12,2025-02-14,3
1184152596221501552,2025-01-07,2025-01-07 14:36:57,2025-02-15,2025-02-18,4
1184152596221501552,2025-01-07,2025-01-07 14:44:20,2025-02-19,2025-04-07,48
1184152596221501552,2025-01-20,2025-01-20 14:12:26,2025-01-22,2025-01-22,1
1184152596221501552,2025-01-20,2025-01-20 14:24:27,2025-01-23,2025-04-20,73
1187061700423806804,2025-01-06,2025-01-06 14:06:38,2025-01-12,2025-01-30,5
1187061700423806804,2025-01-06,2025-01-06 14:30:14,2025-01-31,2025-01-31,1
1187061700423806804,2025-01-06,2025-01-06 14:36:44,2025-02-01,2025-04-06,55
1187061700423806804,2025-01-07,2025-01-07 13:29:26,2025-01-12,2025-01-28,3
1187061700423806804,2025-01-07,2025-01-07 13:49:59,2025-01-29,2025-04-07,59
1187061700423806804,2025-01-20,2025-01-20 13:29:42,2025-01-28,2025-01-29,2
1187061700423806804,2025-01-20,2025-01-20 13:53:59,2025-01-30,2025-04-20,71
1187558666042801587,2025-01-06,2025-01-06 13:52:41,2025-01-23,2025-03-10,25
1187558666042801587,2025-01-06,2025-01-06 14:10:24,2025-03-11,2025-04-06,27
1187558666042801587,2025-01-07,2025-01-07 13:49:30,2025-01-23,2025-01-23,1
1187558666042801587,2025-01-07,2025-01-07 14:06:21,2025-01-24,2025-01-25,2
1187558666042801587,2025-01-07,2025-01-07 14:20:06,2025-01-26,2025-04-07,50
1187558666042801587,2025-01-20,2025-01-20 13:29:56,2025-01-23,2025-04-20,64
1187772975255244525,2025-01-06,2025-01-06 14:10:40,2025-01-28,2025-02-21,9
1187772975255244525,2025-01-06,2025-01-06 14:23:21,2025-02-22,2025-02-26,5
1187772975255244525,2025-01-06,2025-01-06 14:38:17,2025-02-27,2025-04-06,39
1187772975255244525,2025-01-07,2025-01-07 13:29:40,2025-01-28,2025-01-29,2
1187772975255244525,2025-01-07,2025-01-07 14:19:08,2025-02-05,2025-04-07,52
1187772975255244525,2025-01-20,2025-01-20 13:28:34,2025-01-28,2025-02-05,3
1187772975255244525,2025-01-20,2025-01-20 13:50:45,2025-02-06,2025-04-20,60
1188323084225041810,2025-01-06,2025-01-06 13:53:18,2025-01-10,2025-01-10,1
1188323084225041810,2025-01-06,2025-01-06 14:23:11,2025-01-30,2025-02-03,5
1188323084225041810,2025-01-06,2025-01-06 14:31:58,2025-02-13,2025-02-13,1
1188323084225041810,2025-01-06,2025-01-06 14:39:38,2025-02-14,2025-04-06,52
1188323084225041810,2025-01-07,2025-01-07 13:29:42,2025-01-10,2025-01-10,1
1188323084225041810,2025-01-07,2025-01-07 13:52:20,2025-01-30,2025-01-31,2
1188323084225041810,2025-01-07,2025-01-07 14:07:03,2025-02-01,2025-02-17,8
1188323084225041810,2025-01-07,2025-01-07 14:19:32,2025-02-18,2025-02-20,3
1188323084225041810,2025-01-07,2025-01-07 14:36:46,2025-02-21,2025-04-07,46
1188323084225041810,2025-01-20,2025-01-20 13:51:22,2025-01-30,2025-04-20,66
1188339469325210376,2025-01-06,2025-01-06 13:58:54,2025-01-12,2025-01-12,1
1188339469325210376,2025-01-06,2025-01-06 14:22:34,2025-01-28,2025-03-26,47
1188339469325210376,2025-01-06,2025-01-06 14:36:48,2025-03-27,2025-03-27,1
1188339469325210376,2025-01-06,2025-01-06 14:48:00,2025-03-28,2025-04-06,10
1188339469325210376,2025-01-07,2025-01-07 13:49:23,2025-01-12,2025-04-07,60
1188339469325210376,2025-01-20,2025-01-20 13:32:50,2025-02-02,2025-04-20,67
1188476386889166335,2025-01-06,2025-01-06 13:29:36,2025-01-10,2025-02-01,5
1188476386889166335,2025-01-06,2025-01-06 13:52:00,2025-02-02,2025-04-06,59
1188476386889166335,2025-01-07,2025-01-07 13:29:32,2025-01-10,2025-01-10,1
1188476386889166335,2025-01-07,2025-01-07 14:19:02,2025-01-20,2025-02-04,7
1188476386889166335,2025-01-07,2025-01-07 14:38:43,2025-02-05,2025-04-07,57
1188476386889166335,2025-01-20,2025-01-20 14:00:49,2025-01-31,2025-04-20,64
1189331897618015345,2025-01-06,2025-01-06 13:29:37,2025-01-11,2025-01-31,7
1189331897618015345,2025-01-06,2025-01-06 14:09:08,2025-02-01,2025-04-06,65
1189331897618015345,2025-01-07,2025-01-07 13:29:33,2025-01-11,2025-01-11,1
1189331897618015345,2025-01-07,2025-01-07 14:36:31,2025-01-26,2025-01-27,2
1189331897618015345,2025-01-07,2025-01-07 14:43:25,2025-01-28,2025-01-29,2
1189331897618015345,2025-01-07,2025-01-07 14:52:10,2025-01-30,2025-01-30,1
1189331897618015345,2025-01-07,2025-01-07 14:53:55,2025-01-31,2025-02-02,3
1189331897618015345,2025-01-07,2025-01-07 14:55:35,2025-02-03,2025-02-03,1
1189331897618015345,2025-01-07,2025-01-07 14:56:11,2025-02-04,2025-02-04,1
1189331897618015345,2025-01-07,2025-01-07 14:59:29,2025-02-05,2025-02-12,8
1189331897618015345,2025-01-07,2025-01-07 14:59:39,2025-02-13,2025-02-24,12
1189331897618015345,2025-01-07,2025-01-07 14:59:49,2025-02-25,2025-04-07,42
1189331897618015345,2025-01-20,2025-01-20 13:53:08,2025-02-07,2025-04-20,62
1191261348067720296,2025-01-06,2025-01-06 13:59:25,2025-01-17,2025-02-18,8
1191261348067720296,2025-01-06,2025-01-06 14:36:35,2025-02-19,2025-02-20,2
1191261348067720296,2025-01-06,2025-01-06 14:45:29,2025-02-23,2025-04-06,43
1191261348067720296,2025-01-07,2025-01-07 13:29:21,2025-01-17,2025-02-18,8
1191261348067720296,2025-01-07,2025-01-07 13:49:50,2025-02-19,2025-02-25,5
1191261348067720296,2025-01-07,2025-01-07 14:08:38,2025-02-26,2025-04-07,41
1191261348067720296,2025-01-20,2025-01-20 13:29:57,2025-02-15,2025-02-25,7
1191261348067720296,2025-01-20,2025-01-20 13:58:37,2025-02-26,2025-03-05,8
1191261348067720296,2025-01-20,2025-01-20 14:35:55,2025-03-06,2025-04-20,46
1191386301072209798,2025-01-06,2025-01-06 13:30:15,2025-01-19,2025-01-29,3
1191386301072209798,2025-01-06,2025-01-06 13:54:08,2025-01-30,2025-04-06,52
1191386301072209798,2025-01-07,2025-01-07 13:29:45,2025-01-19,2025-01-28,2
1191386301072209798,2025-01-07,2025-01-07 13:51:17,2025-01-29,2025-04-07,54
1191386301072209798,2025-01-20,2025-01-20 13:50:00,2025-01-28,2025-04-17,69
1192836728602105901,2025-01-06,2025-01-06 13:28:56,2025-01-14,2025-01-14,1
1192836728602105901,2025-01-06,2025-01-06 14:22:43,2025-01-25,2025-01-25,1
1192836728602105901,2025-01-06,2025-01-06 14:36:40,2025-01-26,2025-01-26,1
1192836728602105901,2025-01-06,2025-01-06 14:57:40,2025-02-12,2025-04-06,54
1192836728602105901,2025-01-07,2025-01-07 13:49:49,2025-01-14,2025-01-14,1
1192836728602105901,2025-01-07,2025-01-07 14:06:22,2025-01-25,2025-02-13,4
1192836728602105901,2025-01-07,2025-01-07 14:33:19,2025-02-14,2025-04-07,53
1192836728602105901,2025-01-20,2025-01-20 13:32:05,2025-01-29,2025-04-20,74
1193347652334673191,2025-01-06,2025-01-06 13:30:15,2025-02-02,2025-02-04,3
1193347652334673191,2025-01-06,2025-01-06 14:00:11,2025-02-05,2025-02-06,2
1193347652334673191,2025-01-06,2025-01-06 14:23:00,2025-02-07,2025-02-19,13
1193347652334673191,2025-01-06,2025-01-06 14:39:29,2025-02-20,2025-02-20,1
1193347652334673191,2025-01-06,2025-01-06 14:44:38,2025-02-21,2025-03-19,20
1193347652334673191,2025-01-06,2025-01-06 14:48:41,2025-03-20,2025-04-06,18
1193347652334673191,2025-01-07,2025-01-07 13:29:45,2025-02-02,2025-02-04,3
1193347652334673191,2025-01-07,2025-01-07 13:51:25,2025-02-05,2025-02-08,4
1193347652334673191,2025-01-07,2025-01-07 14:19:16,2025-02-09,2025-04-07,51
1193347652334673191,2025-01-20,2025-01-20 13:53:29,2025-02-14,2025-03-04,19
1193347652334673191,2025-01-20,2025-01-20 14:12:22,2025-03-05,2025-03-18,7
1193347652334673191,2025-01-20,2025-01-20 14:24:38,2025-03-19,2025-03-21,3
1193347652334673191,2025-01-20,2025-01-20 14:42:31,2025-03-22,2025-04-15,25
1193414131980072087,2025-01-06,2025-01-06 13:30:18,2025-01-11,2025-01-25,5
1193414131980072087,2025-01-06,2025-01-06 13:53:29,2025-02-01,2025-02-01,1
1193414131980072087,2025-01-06,2025-01-06 14:23:08,2025-02-02,2025-03-25,34
1193414131980072087,2025-01-06,2025-01-06 14:33:04,2025-03-26,2025-04-06,12
1193414131980072087,2025-01-07,2025-01-07 13:29:09,2025-01-12,2025-04-07,52
1193414131980072087,2025-01-20,2025-01-20 14:21:26,2025-02-03,2025-04-20,56
1193496259129259761,2025-01-06,2025-01-06 13:51:44,2025-01-22,2025-01-23,2
1193496259129259761,2025-01-06,2025-01-06 13:59:44,2025-01-24,2025-01-25,2
1193496259129259761,2025-01-06,2025-01-06 14:22:46,2025-01-29,2025-02-02,5
1193496259129259761,2025-01-06,2025-01-06 14:46:15,2025-02-03,2025-02-04,2
1193496259129259761,2025-01-06,2025-01-06 14:52:13,2025-02-05,2025-04-06,61
1193496259129259761,2025-01-07,2025-01-07 13:49:58,2025-01-22,2025-01-22,1
1193496259129259761,2025-01-07,2025-01-07 14:07:12,2025-01-23,2025-03-27,61
1193496259129259761,2025-01-07,2025-01-07 14:20:11,2025-03-28,2025-04-07,11
1193496259129259761,2025-01-20,2025-01-20 13:28:38,2025-01-22,2025-02-13,10
1193496259129259761,2025-01-20,2025-01-20 13:52:37,2025-02-14,2025-02-18,5
1193496259129259761,2025-01-20,2025-01-20 14:10:40,2025-02-19,2025-02-20,2
1193496259129259761,2025-01-20,2025-01-20 14:41:49,2025-02-21,2025-02-22,2
1193496259129259761,2025-01-20,2025-01-20 14:46:13,2025-02-23,2025-04-20,57
1193657356522503551,2025-01-06,2025-01-06 13:26:21,2025-01-21,2025-01-24,4
1193657356522503551,2025-01-06,2025-01-06 13:59:48,2025-01-25,2025-01-26,2
1193657356522503551,2025-01-06,2025-01-06 14:36:41,2025-01-27,2025-03-23,56
1193657356522503551,2025-01-06,2025-01-06 14:47:29,2025-03-24,2025-03-31,8
1195858349379362032,2025-01-06,2025-01-06 13:51:03,2025-01-11,2025-01-11,1
1195858349379362032,2025-01-06,2025-01-06 14:07:16,2025-01-12,2025-04-06,54
1195858349379362032,2025-01-07,2025-01-07 14:06:24,2025-01-29,2025-01-29,1
1195858349379362032,2025-01-07,2025-01-07 14:19:02,2025-01-30,2025-04-07,49
1195858349379362032,2025-01-20,2025-01-20 13:28:45,2025-02-09,2025-02-09,1
1195858349379362032,2025-01-20,2025-01-20 13:51:52,2025-02-10,2025-02-16,7
1195858349379362032,2025-01-20,2025-01-20 14:31:37,2025-02-17,2025-04-20,40
1197121947398131654,2025-01-06,2025-01-06 14:09:36,2025-01-07,2025-04-06,59
1197121947398131654,2025-01-07,2025-01-07 13:29:21,2025-01-20,2025-01-21,2
1197121947398131654,2025-01-07,2025-01-07 13:50:26,2025-01-22,2025-04-07,57
1197121947398131654,2025-01-20,2025-01-20 14:42:35,2025-01-22,2025-04-20,50
1197195878719681680,2025-01-06,2025-01-06 13:28:53,2025-01-12,2025-01-12,1
1197195878719681680,2025-01-06,2025-01-06 13:48:55,2025-01-21,2025-02-01,8
1197195878719681680,2025-01-06,2025-01-06 14:06:40,2025-02-02,2025-04-06,53
1197195878719681680,2025-01-07,2025-01-07 13:29:23,2025-01-12,2025-01-12,1
1197195878719681680,2025-01-07,2025-01-07 13:50:38,2025-01-21,2025-04-07,62
1197195878719681680,2025-01-20,2025-01-20 13:29:47,2025-01-21,2025-02-22,7
1197195878719681680,2025-01-20,2025-01-20 13:54:06,2025-02-23,2025-02-28,6
1197195878719681680,2025-01-20,2025-01-20 14:00:17,2025-03-01,2025-04-20,51
1198703061430420363,2025-01-06,2025-01-06 14:08:15,2025-02-26,2025-02-26,1
1198703061430420363,2025-01-06,2025-01-06 14:22:26,2025-02-27,2025-04-06,25
1198703061430420363,2025-01-07,2025-01-07 14:45:31,2025-02-26,2025-04-07,27
1198703061430420363,2025-01-20,2025-01-20 13:28:36,2025-02-26,2025-03-06,5
1198703061430420363,2025-01-20,2025-01-20 14:09:20,2025-03-17,2025-03-17,1
1198703061430420363,2025-01-20,2025-01-20 14:21:49,2025-03-18,2025-03-18,1
1198703061430420363,2025-01-20,2025-01-20 14:33:28,2025-03-19,2025-04-20,33
1199996219082185363,2025-01-06,2025-01-06 13:53:18,2025-01-23,2025-01-24,2
1199996219082185363,2025-01-06,2025-01-06 14:09:36,2025-01-25,2025-01-25,1
1199996219082185363,2025-01-06,2025-01-06 14:31:13,2025-01-26,2025-01-28,3
1199996219082185363,2025-01-06,2025-01-06 14:42:32,2025-01-29,2025-04-06,49
1199996219082185363,2025-01-07,2025-01-07 13:29:28,2025-01-23,2025-01-29,7
1199996219082185363,2025-01-07,2025-01-07 13:50:09,2025-01-30,2025-04-07,49
1199996219082185363,2025-01-20,2025-01-20 13:28:26,2025-01-27,2025-01-28,2
1199996219082185363,2025-01-20,2025-01-20 13:50:08,2025-01-29,2025-04-10,46
1199996219082185363,2025-01-20,2025-01-20 14:09:31,2025-04-11,2025-04-16,6
1203075817950465589,2025-01-07,2025-01-07 14:23:17,2025-01-30,2025-02-16,9
1203075817950465589,2025-01-07,2025-01-07 14:34:27,2025-02-17,2025-04-07,50
1203075817950465589,2025-01-20,2025-01-20 13:28:31,2025-01-30,2025-02-01,3
1203075817950465589,2025-01-20,2025-01-20 13:53:45,2025-02-02,2025-04-20,25
1203140233522044896,2025-01-06,2025-01-06 13:59:49,2025-01-12,2025-01-13,2
1203140233522044896,2025-01-06,2025-01-06 14:22:45,2025-01-14,2025-01-31,8
1203140233522044896,2025-01-06,2025-01-06 14:36:53,2025-02-01,2025-02-02,2
1203140233522044896,2025-01-06,2025-01-06 14:54:29,2025-02-03,2025-02-16,14
1203140233522044896,2025-01-06,2025-01-06 14:57:53,2025-02-17,2025-04-05,48
1203140233522044896,2025-01-07,2025-01-07 13:29:38,2025-01-12,2025-01-14,3
1203140233522044896,2025-01-07,2025-01-07 13:53:44,2025-01-15,2025-04-06,72
1203140233522044896,2025-01-20,2025-01-20 13:28:30,2025-01-30,2025-02-08,3
1203140233522044896,2025-01-20,2025-01-20 13:50:19,2025-02-09,2025-04-19,70
12067632,2025-01-06,2025-01-06 13:30:36,2025-02-14,2025-03-04,13
12067632,2025-01-06,2025-01-06 13:54:05,2025-03-05,2025-03-05,1
12067632,2025-01-06,2025-01-06 14:11:48,2025-03-06,2025-03-10,5
12067632,2025-01-06,2025-01-06 14:24:55,2025-03-21,2025-03-31,11
12067632,2025-01-07,2025-01-07 14:07:11,2025-02-14,2025-03-31,30
12067632,2025-01-20,2025-01-20 13:28:44,2025-02-14,2025-03-14,14
1207335703563012811,2025-01-06,2025-01-06 13:29:02,2025-01-13,2025-02-01,4
1207335703563012811,2025-01-06,2025-01-06 14:23:31,2025-02-02,2025-02-03,2
1207335703563012811,2025-01-06,2025-01-06 14:42:53,2025-02-04,2025-02-04,1
1207335703563012811,2025-01-06,2025-01-06 14:46:26,2025-02-05,2025-02-06,2
1207335703563012811,2025-01-06,2025-01-06 14:52:44,2025-02-07,2025-03-20,42
1207335703563012811,2025-01-06,2025-01-06 14:53:19,2025-03-21,2025-03-22,2
1207335703563012811,2025-01-06,2025-01-06 14:53:27,2025-03-23,2025-03-23,1
1207335703563012811,2025-01-06,2025-01-06 14:53:56,2025-03-24,2025-04-06,14
1207335703563012811,2025-01-07,2025-01-07 13:49:30,2025-01-13,2025-04-07,69
1207335703563012811,2025-01-20,2025-01-20 14:14:32,2025-01-31,2025-04-20,74
1207338410880339003,2025-01-06,2025-01-06 13:32:25,2025-01-25,2025-04-06,72
1207338410880339003,2025-01-07,2025-01-07 13:50:09,2025-01-25,2025-04-07,72
1207338410880339003,2025-01-20,2025-01-20 13:29:29,2025-01-25,2025-02-01,8
1207338410880339003,2025-01-20,2025-01-20 14:44:32,2025-02-02,2025-04-20,75
1207383031689344642,2025-01-06,2025-01-06 13:33:14,2025-01-12,2025-04-05,62
1207383031689344642,2025-01-07,2025-01-07 13:29:18,2025-01-12,2025-01-15,4
1207383031689344642,2025-01-07,2025-01-07 13:49:34,2025-01-16,2025-04-06,59
1207383031689344642,2025-01-20,2025-01-20 13:29:34,2025-01-21,2025-01-21,1
1207383031689344642,2025-01-20,2025-01-20 14:23:57,2025-01-22,2025-02-09,4
1207383031689344642,2025-01-20,2025-01-20 14:33:22,2025-02-10,2025-02-10,1
1207383031689344642,2025-01-20,2025-01-20 14:39:54,2025-02-11,2025-02-12,2
1207383031689344642,2025-01-20,2025-01-20 14:48:25,2025-02-13,2025-04-19,59
1207864392976162235,2025-01-06,2025-01-06 13:30:43,2025-01-13,2025-01-18,6
1207864392976162235,2025-01-06,2025-01-06 14:22:33,2025-01-19,2025-01-19,1
1207864392976162235,2025-01-06,2025-01-06 14:33:37,2025-01-20,2025-04-06,64
1207864392976162235,2025-01-07,2025-01-07 13:50:08,2025-01-13,2025-04-07,85
1207864392976162235,2025-01-20,2025-01-20 13:52:50,2025-01-22,2025-01-23,2
1207864392976162235,2025-01-20,2025-01-20 14:01:31,2025-01-24,2025-04-20,72
1207881809440158991,2025-01-06,2025-01-06 13:50:16,2025-01-19,2025-04-06,78
1207881809440158991,2025-01-07,2025-01-07 13:29:21,2025-01-23,2025-01-29,7
1207881809440158991,2025-01-07,2025-01-07 13:49:49,2025-01-30,2025-02-02,4
1207881809440158991,2025-01-07,2025-01-07 14:06:30,2025-02-03,2025-02-03,1
1207881809440158991,2025-01-07,2025-01-07 14:47:37,2025-02-04,2025-02-08,5
1207881809440158991,2025-01-07,2025-01-07 14:53:24,2025-02-09,2025-04-07,58
1207881809440158991,2025-01-20,2025-01-20 13:29:42,2025-01-29,2025-02-03,6
1207881809440158991,2025-01-20,2025-01-20 14:44:40,2025-02-04,2025-04-20,76
1207940918769840398,2025-01-06,2025-01-06 13:33:16,2025-01-24,2025-04-06,63
1207940918769840398,2025-01-07,2025-01-07 13:29:19,2025-01-24,2025-01-24,1
1207940918769840398,2025-01-07,2025-01-07 13:52:17,2025-01-25,2025-04-07,63
1207940918769840398,2025-01-20,2025-01-20 13:29:35,2025-02-02,2025-02-17,6
1207940918769840398,2025-01-20,2025-01-20 13:54:16,2025-02-18,2025-02-18,1
1207940918769840398,2025-01-20,2025-01-20 14:24:25,2025-02-19,2025-04-20,61
1207992119242235910,2025-01-06,2025-01-06 13:29:05,2025-01-11,2025-01-12,2
1207992119242235910,2025-01-06,2025-01-06 13:51:05,2025-01-25,2025-04-06,72
1207992119242235910,2025-01-07,2025-01-07 13:51:09,2025-01-12,2025-04-07,74
1207992119242235910,2025-01-20,2025-01-20 13:54:26,2025-01-23,2025-01-26,2
1207992119242235910,2025-01-20,2025-01-20 14:27:41,2025-01-30,2025-04-20,71
1208704132667695539,2025-01-06,2025-01-06 13:30:03,2025-01-10,2025-01-10,1
1208704132667695539,2025-01-06,2025-01-06 13:53:12,2025-01-11,2025-01-11,1
1208704132667695539,2025-01-06,2025-01-06 14:22:01,2025-01-12,2025-01-13,2
1208704132667695539,2025-01-06,2025-01-06 14:31:06,2025-01-25,2025-04-06,69
1208704132667695539,2025-01-07,2025-01-07 13:29:10,2025-01-10,2025-01-26,6
1208704132667695539,2025-01-07,2025-01-07 13:49:16,2025-01-27,2025-04-07,71
1208704132667695539,2025-01-20,2025-01-20 13:29:38,2025-01-20,2025-01-20,1
1208704132667695539,2025-01-20,2025-01-20 14:12:11,2025-01-21,2025-01-21,1
1208704132667695539,2025-01-20,2025-01-20 14:24:09,2025-01-22,2025-01-24,3
1208704132667695539,2025-01-20,2025-01-20 14:44:50,2025-01-25,2025-01-25,1
1208704132667695539,2025-01-20,2025-01-20 14:50:17,2025-01-26,2025-04-20,85
1208718899534488031,2025-01-06,2025-01-06 13:30:16,2025-01-21,2025-01-25,5
1208718899534488031,2025-01-06,2025-01-06 13:53:27,2025-01-26,2025-01-30,5
1208718899534488031,2025-01-06,2025-01-06 14:12:46,2025-01-31,2025-04-06,66
1208718899534488031,2025-01-07,2025-01-07 14:06:27,2025-01-21,2025-04-07,72
1208718899534488031,2025-01-20,2025-01-20 13:53:32,2025-01-21,2025-04-20,75
1208735754877396448,2025-01-06,2025-01-06 13:29:08,2025-01-08,2025-01-21,4
1208735754877396448,2025-01-06,2025-01-06 13:49:32,2025-01-22,2025-04-06,65
1208735754877396448,2025-01-07,2025-01-07 13:49:59,2025-01-08,2025-02-03,7
1208735754877396448,2025-01-07,2025-01-07 14:06:23,2025-02-04,2025-04-07,63
1208735754877396448,2025-01-20,2025-01-20 13:29:52,2025-01-20,2025-01-20,1
1208735754877396448,2025-01-20,2025-01-20 13:55:16,2025-01-21,2025-02-19,12
1208735754877396448,2025-01-20,2025-01-20 14:12:49,2025-02-20,2025-02-28,9
1208735754877396448,2025-01-20,2025-01-20 14:24:53,2025-03-05,2025-04-20,47
1208746927423730353,2025-01-06,2025-01-06 13:29:05,2025-01-12,2025-01-28,3
1208746927423730353,2025-01-06,2025-01-06 13:49:21,2025-01-29,2025-04-06,62
1208746927423730353,2025-01-07,2025-01-07 13:52:18,2025-01-12,2025-03-24,52
1208746927423730353,2025-01-07,2025-01-07 14:07:20,2025-03-25,2025-03-25,1
1208746927423730353,2025-01-07,2025-01-07 14:30:53,2025-03-26,2025-04-07,13
1208746927423730353,2025-01-20,2025-01-20 13:54:31,2025-01-31,2025-01-31,1
1208746927423730353,2025-01-20,2025-01-20 14:12:54,2025-02-01,2025-02-16,8
1208746927423730353,2025-01-20,2025-01-20 14:25:18,2025-02-17,2025-02-21,5
1208746927423730353,2025-01-20,2025-01-20 14:37:07,2025-02-22,2025-04-20,58
1208757710030861160,2025-01-06,2025-01-06 13:30:03,2025-01-24,2025-01-31,8
1208757710030861160,2025-01-06,2025-01-06 14:21:59,2025-02-01,2025-02-16,16
1208757710030861160,2025-01-06,2025-01-06 14:37:05,2025-02-17,2025-02-18,2
1208757710030861160,2025-01-06,2025-01-06 14:42:23,2025-02-19,2025-04-06,47
1208757710030861160,2025-01-07,2025-01-07 13:29:14,2025-01-24,2025-01-28,5
1208757710030861160,2025-01-07,2025-01-07 13:49:32,2025-01-29,2025-01-29,1
1208757710030861160,2025-01-07,2025-01-07 14:19:30,2025-01-30,2025-04-07,65
1208757710030861160,2025-01-20,2025-01-20 14:12:08,2025-02-18,2025-02-21,4
1208757710030861160,2025-01-20,2025-01-20 14:33:18,2025-02-22,2025-02-27,6
1208757710030861160,2025-01-20,2025-01-20 14:39:52,2025-02-28,2025-04-20,52
1208757855935244741,2025-01-06,2025-01-06 13:29:06,2025-01-13,2025-01-13,1
1208757855935244741,2025-01-06,2025-01-06 13:49:20,2025-01-14,2025-04-06,67
1208757855935244741,2025-01-07,2025-01-07 13:29:21,2025-01-13,2025-02-01,4
1208757855935244741,2025-01-07,2025-01-07 13:51:26,2025-02-02,2025-04-07,65
1208757855935244741,2025-01-20,2025-01-20 13:54:21,2025-01-31,2025-02-19,3
1208757855935244741,2025-01-20,2025-01-20 14:33:41,2025-02-20,2025-02-22,3
1208757855935244741,2025-01-20,2025-01-20 14:44:56,2025-02-23,2025-04-20,57
1209010210831577821,2025-01-06,2025-01-06 13:27:15,2025-01-19,2025-04-05,77
1213824251801309412,2025-01-06,2025-01-06 13:53:31,2025-01-14,2025-02-16,9
1213824251801309412,2025-01-06,2025-01-06 14:25:49,2025-02-17,2025-04-06,49
1213824251801309412,2025-01-07,2025-01-07 13:29:39,2025-01-14,2025-01-15,2
1213824251801309412,2025-01-07,2025-01-07 13:50:45,2025-02-10,2025-04-07,57
1213824251801309412,2025-01-20,2025-01-20 13:28:39,2025-02-10,2025-02-13,4
1213824251801309412,2025-01-20,2025-01-20 13:52:51,2025-02-14,2025-04-20,66
1214464056304542513,2025-01-06,2025-01-06 13:29:05,2025-01-21,2025-01-24,4
1214464056304542513,2025-01-06,2025-01-06 13:49:27,2025-01-25,2025-02-10,5
1214464056304542513,2025-01-06,2025-01-06 14:06:53,2025-02-11,2025-02-12,2
1214464056304542513,2025-01-06,2025-01-06 14:20:50,2025-02-13,2025-02-16,4
1214464056304542513,2025-01-06,2025-01-06 14:32:14,2025-02-17,2025-04-06,49
1214464056304542513,2025-01-07,2025-01-07 13:50:38,2025-01-21,2025-04-07,65
1214464056304542513,2025-01-20,2025-01-20 13:30:55,2025-01-30,2025-04-20,74
1216602433904805187,2025-01-06,2025-01-06 13:53:23,2025-01-15,2025-04-06,70
1216602433904805187,2025-01-07,2025-01-07 13:29:27,2025-01-15,2025-01-22,3
1216602433904805187,2025-01-07,2025-01-07 14:07:18,2025-01-23,2025-04-07,68
1216602433904805187,2025-01-20,2025-01-20 13:28:43,2025-01-21,2025-02-16,6
1216602433904805187,2025-01-20,2025-01-20 14:11:08,2025-02-17,2025-02-17,1
1216602433904805187,2025-01-20,2025-01-20 14:40:34,2025-02-18,2025-02-25,8
1216602433904805187,2025-01-20,2025-01-20 14:48:54,2025-02-26,2025-04-20,48
1218889785346856352,2025-01-07,2025-01-07 13:27:09,2025-01-14,2025-02-27,30
1219597802580113056,2025-01-06,2025-01-06 13:30:14,2025-01-09,2025-01-27,4
1219597802580113056,2025-01-06,2025-01-06 13:53:23,2025-01-28,2025-04-06,60
1219597802580113056,2025-01-07,2025-01-07 13:29:23,2025-01-25,2025-01-25,1
1219597802580113056,2025-01-07,2025-01-07 13:49:46,2025-01-26,2025-04-07,63
1219597802580113056,2025-01-20,2025-01-20 13:28:28,2025-01-25,2025-01-25,1
1219597802580113056,2025-01-20,2025-01-20 13:50:10,2025-02-01,2025-04-20,62
1219655958873769070,2025-01-06,2025-01-06 13:30:18,2025-01-21,2025-01-21,1
1219655958873769070,2025-01-06,2025-01-06 14:10:02,2025-01-22,2025-01-28,3
1219655958873769070,2025-01-06,2025-01-06 14:24:13,2025-01-29,2025-04-06,59
1219655958873769070,2025-01-07,2025-01-07 13:49:46,2025-01-21,2025-04-07,64
1219655958873769070,2025-01-20,2025-01-20 13:29:57,2025-01-28,2025-02-04,3
1219655958873769070,2025-01-20,2025-01-20 13:51:05,2025-02-05,2025-04-20,64
1226846054624436877,2025-01-06,2025-01-06 13:30:10,2025-01-11,2025-01-11,1
1226846054624436877,2025-01-06,2025-01-06 13:53:22,2025-01-12,2025-01-12,1
1226846054624436877,2025-01-06,2025-01-06 14:09:38,2025-01-13,2025-02-03,6
1226846054624436877,2025-01-06,2025-01-06 14:23:10,2025-02-04,2025-04-06,62
1226846054624436877,2025-01-07,2025-01-07 13:50:24,2025-01-19,2025-04-07,72
1226846054624436877,2025-01-20,2025-01-20 13:28:34,2025-01-30,2025-01-30,1
1226846054624436877,2025-01-20,2025-01-20 13:50:44,2025-01-31,2025-04-12,59
1226846054624436877,2025-01-20,2025-01-20 14:26:19,2025-04-13,2025-04-13,1
1226846054624436877,2025-01-20,2025-01-20 14:45:42,2025-04-14,2025-04-16,3
1226846054624436877,2025-01-20,2025-01-20 14:49:10,2025-04-17,2025-04-18,2
1226846054624436877,2025-01-20,2025-01-20 14:51:53,2025-04-19,2025-04-20,2
1226856286781952840,2025-01-06,2025-01-06 13:30:20,2025-01-11,2025-01-11,1
1226856286781952840,2025-01-06,2025-01-06 13:53:31,2025-01-19,2025-01-28,3
1226856286781952840,2025-01-06,2025-01-06 14:10:03,2025-01-29,2025-01-29,1
1226856286781952840,2025-01-06,2025-01-06 14:22:28,2025-01-30,2025-01-30,1
1226856286781952840,2025-01-06,2025-01-06 14:31:21,2025-01-31,2025-04-06,66
1226856286781952840,2025-01-07,2025-01-07 13:29:27,2025-01-11,2025-01-19,2
1226856286781952840,2025-01-07,2025-01-07 14:06:23,2025-01-27,2025-04-07,71
1226856286781952840,2025-01-20,2025-01-20 13:28:33,2025-02-06,2025-02-07,2
1226856286781952840,2025-01-20,2025-01-20 13:52:54,2025-02-08,2025-04-20,67
1229942592150628971,2025-01-06,2025-01-06 13:59:52,2025-02-21,2025-04-06,25
1233370107101543516,2025-01-06,2025-01-06 13:53:18,2025-01-31,2025-02-02,3
1233370107101543516,2025-01-06,2025-01-06 14:22:53,2025-02-18,2025-03-02,8
1233370107101543516,2025-01-06,2025-01-06 14:34:19,2025-03-03,2025-04-06,35
1233370107101543516,2025-01-07,2025-01-07 13:50:14,2025-01-31,2025-04-07,47
1233370107101543516,2025-01-20,2025-01-20 13:51:20,2025-02-18,2025-03-20,12
1233370107101543516,2025-01-20,2025-01-20 14:10:11,2025-03-21,2025-04-20,31
1233973103621276698,2025-01-06,2025-01-06 13:29:29,2025-01-20,2025-02-01,3
1233973103621276698,2025-01-06,2025-01-06 13:54:52,2025-02-14,2025-03-08,23
1233973103621276698,2025-01-06,2025-01-06 14:11:36,2025-03-09,2025-03-11,3
1233973103621276698,2025-01-06,2025-01-06 14:32:52,2025-03-12,2025-03-14,3
1233973103621276698,2025-01-06,2025-01-06 14:38:19,2025-03-15,2025-03-24,10
1233973103621276698,2025-01-06,2025-01-06 14:43:26,2025-03-25,2025-04-06,13
1233973103621276698,2025-01-07,2025-01-07 13:29:24,2025-01-20,2025-02-14,4
1233973103621276698,2025-01-07,2025-01-07 13:52:09,2025-02-19,2025-04-07,43
1233973103621276698,2025-01-20,2025-01-20 14:15:53,2025-01-31,2025-04-20,53
1233994658216308874,2025-01-06,2025-01-06 13:53:24,2025-01-09,2025-04-06,46
1233994658216308874,2025-01-07,2025-01-07 13:29:27,2025-01-29,2025-02-01,4
1233994658216308874,2025-01-07,2025-01-07 14:07:18,2025-02-08,2025-04-07,43
1233994658216308874,2025-01-20,2025-01-20 13:51:18,2025-01-29,2025-04-20,48
1234084273027568746,2025-01-06,2025-01-06 13:30:21,2025-01-17,2025-01-17,1
1234084273027568746,2025-01-06,2025-01-06 14:09:55,2025-01-27,2025-04-06,45
1234084273027568746,2025-01-07,2025-01-07 13:29:30,2025-01-17,2025-03-11,20
1234084273027568746,2025-01-07,2025-01-07 14:06:40,2025-03-12,2025-03-19,8
1234084273027568746,2025-01-07,2025-01-07 14:29:18,2025-03-20,2025-04-07,19
1234084273027568746,2025-01-20,2025-01-20 13:28:33,2025-01-27,2025-03-14,14
1234084273027568746,2025-01-20,2025-01-20 14:11:07,2025-03-15,2025-03-15,1
1234084273027568746,2025-01-20,2025-01-20 14:23:04,2025-03-16,2025-03-17,2
1234084273027568746,2025-01-20,2025-01-20 14:32:09,2025-03-18,2025-04-20,34
12359560,2025-01-06,2025-01-06 13:53:27,2025-02-13,2025-02-16,4
12359560,2025-01-06,2025-01-06 14:10:02,2025-02-17,2025-02-19,3
12359560,2025-01-06,2025-01-06 14:22:32,2025-02-20,2025-03-11,8
12359560,2025-01-06,2025-01-06 14:31:28,2025-03-16,2025-03-16,1
12359560,2025-01-06,2025-01-06 14:43:50,2025-03-17,2025-03-25,9
12359560,2025-01-06,2025-01-06 14:48:28,2025-03-26,2025-04-06,12
12359560,2025-01-07,2025-01-07 13:29:32,2025-02-13,2025-02-13,1
12359560,2025-01-07,2025-01-07 13:50:12,2025-02-14,2025-04-07,37
12359560,2025-01-20,2025-01-20 14:09:27,2025-03-09,2025-04-01,6
12359560,2025-01-20,2025-01-20 14:39:49,2025-04-02,2025-04-20,19
1236367599770739400,2025-01-20,2025-01-20 13:29:39,2025-01-26,2025-04-20,59
1238321506456103932,2025-01-06,2025-01-06 13:29:03,2025-02-04,2025-02-09,6
1238321506456103932,2025-01-06,2025-01-06 13:49:18,2025-02-10,2025-04-06,56
1238321506456103932,2025-01-07,2025-01-07 13:52:25,2025-02-04,2025-02-04,1
1238321506456103932,2025-01-07,2025-01-07 14:09:02,2025-02-05,2025-04-07,59
1238321506456103932,2025-01-20,2025-01-20 13:31:07,2025-02-04,2025-04-20,76
1242002119123644781,2025-01-06,2025-01-06 13:30:56,2025-01-07,2025-02-07,32
1242002119123644781,2025-01-06,2025-01-06 14:01:52,2025-02-08,2025-04-06,58
1242713378625026725,2025-01-06,2025-01-06 13:30:31,2025-01-15,2025-01-25,6
1242713378625026725,2025-01-06,2025-01-06 13:53:32,2025-01-26,2025-01-26,1
1242713378625026725,2025-01-06,2025-01-06 14:33:13,2025-01-27,2025-04-06,61
1242713378625026725,2025-01-07,2025-01-07 13:29:28,2025-01-15,2025-01-28,9
1242713378625026725,2025-01-07,2025-01-07 13:51:53,2025-01-29,2025-04-07,60
1242713378625026725,2025-01-20,2025-01-20 13:28:33,2025-01-31,2025-02-14,4
1242713378625026725,2025-01-20,2025-01-20 13:54:34,2025-02-15,2025-02-22,8
1242713378625026725,2025-01-20,2025-01-20 14:13:21,2025-02-23,2025-03-04,10
1242713378625026725,2025-01-20,2025-01-20 14:25:15,2025-03-05,2025-04-20,47
1247028916537033972,2025-01-07,2025-01-07 13:25:23,2025-01-12,2025-01-26,9
1247028916537033972,2025-01-07,2025-01-07 14:02:50,2025-01-27,2025-04-07,66
1248514191377483703,2025-01-06,2025-01-06 14:09:30,2025-01-12,2025-01-13,2
1248514191377483703,2025-01-06,2025-01-06 14:22:03,2025-01-14,2025-02-04,7
1248514191377483703,2025-01-06,2025-01-06 14:37:34,2025-02-05,2025-02-26,22
1248514191377483703,2025-01-06,2025-01-06 14:44:14,2025-02-27,2025-04-06,39
1248514191377483703,2025-01-07,2025-01-07 13:29:12,2025-01-12,2025-01-12,1
1248514191377483703,2025-01-07,2025-01-07 14:18:35,2025-01-13,2025-01-13,1
1248514191377483703,2025-01-07,2025-01-07 14:31:51,2025-01-14,2025-02-25,31
1248514191377483703,2025-01-07,2025-01-07 14:48:20,2025-02-26,2025-03-01,4
1248514191377483703,2025-01-07,2025-01-07 14:50:52,2025-03-02,2025-03-07,6
1248514191377483703,2025-01-07,2025-01-07 14:52:48,2025-03-08,2025-03-20,13
1248514191377483703,2025-01-07,2025-01-07 14:54:18,2025-03-21,2025-03-22,2
1248514191377483703,2025-01-07,2025-01-07 14:55:02,2025-03-23,2025-03-23,1
1248514191377483703,2025-01-07,2025-01-07 14:56:28,2025-03-24,2025-03-25,2
1248514191377483703,2025-01-07,2025-01-07 14:56:53,2025-03-26,2025-04-07,13
1248514191377483703,2025-01-20,2025-01-20 13:28:33,2025-01-27,2025-02-11,2
1248514191377483703,2025-01-20,2025-01-20 13:50:40,2025-02-12,2025-03-09,26
1248514191377483703,2025-01-20,2025-01-20 14:09:19,2025-03-10,2025-03-12,3
1248514191377483703,2025-01-20,2025-01-20 14:21:34,2025-03-13,2025-04-06,25
1248514191377483703,2025-01-20,2025-01-20 14:33:54,2025-04-07,2025-04-20,14
1248685472424986601,2025-01-06,2025-01-06 13:27:00,2025-02-01,2025-04-06,38
12490354,2025-01-06,2025-01-06 13:29:29,2025-02-02,2025-02-02,1
12490354,2025-01-06,2025-01-06 13:51:00,2025-02-03,2025-02-04,2
12490354,2025-01-06,2025-01-06 14:07:14,2025-02-05,2025-04-05,60
1249371220066552412,2025-01-06,2025-01-06 13:30:24,2025-01-29,2025-04-06,55
1249371220066552412,2025-01-07,2025-01-07 14:06:26,2025-01-29,2025-01-29,1
1249371220066552412,2025-01-07,2025-01-07 14:19:06,2025-02-02,2025-02-02,1
1249371220066552412,2025-01-07,2025-01-07 14:49:16,2025-02-03,2025-02-04,2
1249371220066552412,2025-01-07,2025-01-07 14:54:05,2025-02-05,2025-02-17,3
1249371220066552412,2025-01-07,2025-01-07 14:57:04,2025-02-18,2025-02-18,1
1249371220066552412,2025-01-07,2025-01-07 14:57:13,2025-02-19,2025-02-19,1
1249371220066552412,2025-01-07,2025-01-07 14:57:20,2025-02-20,2025-04-07,47
1249371220066552412,2025-01-20,2025-01-20 13:52:31,2025-01-29,2025-04-20,69
1249385754807434824,2025-01-06,2025-01-06 13:29:30,2025-01-24,2025-01-24,1
1249385754807434824,2025-01-06,2025-01-06 13:51:04,2025-01-25,2025-04-06,63
1249385754807434824,2025-01-07,2025-01-07 13:29:22,2025-01-24,2025-01-24,1
1249385754807434824,2025-01-07,2025-01-07 14:06:14,2025-01-25,2025-04-07,64
1249385754807434824,2025-01-20,2025-01-20 13:29:53,2025-02-07,2025-02-24,8
1249385754807434824,2025-01-20,2025-01-20 14:24:27,2025-02-25,2025-02-25,1
1249385754807434824,2025-01-20,2025-01-20 14:33:35,2025-02-26,2025-02-27,2
1249385754807434824,2025-01-20,2025-01-20 14:40:07,2025-02-28,2025-02-28,1
1249385754807434824,2025-01-20,2025-01-20 14:45:45,2025-03-01,2025-03-07,7
1249385754807434824,2025-01-20,2025-01-20 14:52:27,2025-03-08,2025-03-10,3
1249385754807434824,2025-01-20,2025-01-20 14:54:28,2025-03-11,2025-04-20,41
1249919049392818339,2025-01-06,2025-01-06 13:29:30,2025-01-10,2025-01-13,4
1249919049392818339,2025-01-06,2025-01-06 13:51:21,2025-01-14,2025-04-06,73
1249919049392818339,2025-01-07,2025-01-07 13:29:22,2025-01-17,2025-01-25,2
1249919049392818339,2025-01-07,2025-01-07 13:49:45,2025-01-26,2025-04-07,69
1249919049392818339,2025-01-20,2025-01-20 13:29:53,2025-01-25,2025-01-25,1
1249919049392818339,2025-01-20,2025-01-20 14:12:22,2025-01-31,2025-04-20,73
1250122800440869898,2025-01-06,2025-01-06 13:52:40,2025-01-13,2025-04-06,84
1250122800440869898,2025-01-07,2025-01-07 13:49:50,2025-01-13,2025-04-07,70
1254384361135492137,2025-01-06,2025-01-06 13:29:40,2025-01-14,2025-02-04,11
1254384361135492137,2025-01-06,2025-01-06 13:52:30,2025-02-05,2025-02-06,2
1254384361135492137,2025-01-06,2025-01-06 14:08:07,2025-02-07,2025-02-11,5
1254384361135492137,2025-01-06,2025-01-06 14:24:38,2025-02-12,2025-04-06,54
1254384361135492137,2025-01-07,2025-01-07 13:51:58,2025-01-14,2025-04-07,73
1254384361135492137,2025-01-20,2025-01-20 13:30:02,2025-01-30,2025-02-05,7
1254384361135492137,2025-01-20,2025-01-20 14:25:51,2025-02-06,2025-04-20,74
1254489827996538747,2025-01-07,2025-01-07 13:27:58,2025-01-12,2025-04-07,74
1257312272803306995,2025-01-06,2025-01-06 14:09:55,2025-01-12,2025-04-06,68
1257312272803306995,2025-01-07,2025-01-07 13:49:49,2025-01-12,2025-01-12,1
1257312272803306995,2025-01-07,2025-01-07 14:06:18,2025-01-17,2025-02-03,5
1257312272803306995,2025-01-07,2025-01-07 14:19:02,2025-02-04,2025-02-04,1
1257312272803306995,2025-01-07,2025-01-07 14:36:56,2025-02-05,2025-02-07,3
1257312272803306995,2025-01-07,2025-01-07 14:44:12,2025-02-08,2025-02-12,5
1257312272803306995,2025-01-07,2025-01-07 14:50:37,2025-02-13,2025-04-07,54
1257312272803306995,2025-01-20,2025-01-20 13:29:48,2025-01-24,2025-01-24,1
1257312272803306995,2025-01-20,2025-01-20 13:54:04,2025-01-25,2025-01-26,2
1257312272803306995,2025-01-20,2025-01-20 14:33:15,2025-02-10,2025-04-20,70
1259534245145609058,2025-01-06,2025-01-06 13:53:31,2025-01-15,2025-04-06,46
1259534245145609058,2025-01-07,2025-01-07 13:53:01,2025-02-01,2025-04-07,43
1259534245145609058,2025-01-20,2025-01-20 13:32:05,2025-01-28,2025-04-20,54
1260073533686146608,2025-01-06,2025-01-06 13:29:24,2025-01-20,2025-01-22,3
1260073533686146608,2025-01-06,2025-01-06 13:51:29,2025-01-26,2025-02-16,10
1260073533686146608,2025-01-06,2025-01-06 14:10:00,2025-02-17,2025-04-06,49
1260073533686146608,2025-01-07,2025-01-07 14:23:06,2025-01-20,2025-01-29,7
1260073533686146608,2025-01-07,2025-01-07 14:38:35,2025-02-12,2025-04-07,55
1260073533686146608,2025-01-20,2025-01-20 13:32:58,2025-01-26,2025-04-20,63
1262982199583014782,2025-01-06,2025-01-06 13:29:19,2025-01-20,2025-01-20,1
1262982199583014782,2025-01-06,2025-01-06 13:50:29,2025-01-28,2025-04-06,59
1262982199583014782,2025-01-07,2025-01-07 13:29:22,2025-01-20,2025-01-30,4
1262982199583014782,2025-01-07,2025-01-07 13:49:49,2025-01-31,2025-04-07,57
1262982199583014782,2025-01-20,2025-01-20 13:29:49,2025-01-20,2025-01-20,1
1262982199583014782,2025-01-20,2025-01-20 13:54:06,2025-01-28,2025-04-20,75
1263128865886946817,2025-01-06,2025-01-06 13:53:29,2025-01-12,2025-01-19,2
1263128865886946817,2025-01-06,2025-01-06 14:11:26,2025-01-20,2025-01-24,5
1263128865886946817,2025-01-06,2025-01-06 14:32:35,2025-01-25,2025-04-06,72
1263128865886946817,2025-01-07,2025-01-07 13:30:05,2025-01-12,2025-01-12,1
1263128865886946817,2025-01-07,2025-01-07 13:52:56,2025-01-19,2025-01-20,2
1263128865886946817,2025-01-07,2025-01-07 14:07:52,2025-01-21,2025-04-07,77
1263128865886946817,2025-01-20,2025-01-20 13:51:58,2025-01-30,2025-02-05,7
1263128865886946817,2025-01-20,2025-01-20 14:09:49,2025-02-06,2025-04-20,69
1264729892004302735,2025-01-20,2025-01-20 13:28:36,2025-02-19,2025-04-19,35
1265161823691467042,2025-01-06,2025-01-06 13:51:55,2025-01-12,2025-04-06,68
1265161823691467042,2025-01-07,2025-01-07 14:18:50,2025-01-12,2025-02-02,5
1265161823691467042,2025-01-07,2025-01-07 14:29:09,2025-02-03,2025-02-08,6
1265161823691467042,2025-01-07,2025-01-07 14:46:33,2025-02-09,2025-02-14,6
1265161823691467042,2025-01-07,2025-01-07 14:53:02,2025-02-15,2025-04-07,52
1265161823691467042,2025-01-20,2025-01-20 13:32:47,2025-01-20,2025-04-20,69
1265295313956605287,2025-01-06,2025-01-06 13:53:31,2025-01-11,2025-01-16,2
1265295313956605287,2025-01-06,2025-01-06 14:11:03,2025-02-03,2025-02-04,2
1265295313956605287,2025-01-06,2025-01-06 14:23:35,2025-02-05,2025-02-06,2
1265295313956605287,2025-01-06,2025-01-06 14:37:47,2025-02-07,2025-02-08,2
1265295313956605287,2025-01-06,2025-01-06 14:43:36,2025-02-09,2025-04-06,57
1265295313956605287,2025-01-07,2025-01-07 13:30:10,2025-01-16,2025-02-03,2
1265295313956605287,2025-01-07,2025-01-07 13:53:12,2025-02-04,2025-02-06,3
1265295313956605287,2025-01-07,2025-01-07 14:20:48,2025-02-07,2025-02-10,4
1265295313956605287,2025-01-07,2025-01-07 14:33:51,2025-02-11,2025-04-07,56
1265295313956605287,2025-01-20,2025-01-20 13:51:01,2025-02-03,2025-02-17,11
1265295313956605287,2025-01-20,2025-01-20 14:10:22,2025-02-18,2025-04-20,62
1265370363028714118,2025-01-06,2025-01-06 13:29:05,2025-01-12,2025-01-13,2
1265370363028714118,2025-01-06,2025-01-06 13:49:16,2025-01-14,2025-04-06,68
1265370363028714118,2025-01-07,2025-01-07 13:52:13,2025-01-12,2025-04-07,71
1265370363028714118,2025-01-20,2025-01-20 13:30:18,2025-02-02,2025-04-20,60
1266717192483343855,2025-01-20,2025-01-20 13:26:53,2025-02-18,2025-04-20,62
1267332355220608617,2025-01-07,2025-01-07 14:04:39,2025-01-29,2025-02-01,4
1267332355220608617,2025-01-07,2025-01-07 14:26:06,2025-02-02,2025-02-03,2
1267332355220608617,2025-01-07,2025-01-07 14:46:23,2025-02-04,2025-02-04,1
1267332355220608617,2025-01-07,2025-01-07 14:57:58,2025-02-05,2025-04-07,62
1268755217310742256,2025-01-06,2025-01-06 13:27:25,2025-01-21,2025-04-06,37
1268889705366032062,2025-01-06,2025-01-06 13:30:32,2025-01-06,2025-01-11,6
1268889705366032062,2025-01-06,2025-01-06 13:53:33,2025-01-12,2025-01-16,5
1268889705366032062,2025-01-06,2025-01-06 14:11:38,2025-01-17,2025-04-06,53
1268889705366032062,2025-01-07,2025-01-07 13:29:12,2025-01-07,2025-04-07,64
1269623861253689862,2025-01-06,2025-01-06 14:10:37,2025-01-26,2025-01-26,1
1269623861253689862,2025-01-06,2025-01-06 14:23:39,2025-01-27,2025-01-27,1
1269623861253689862,2025-01-06,2025-01-06 14:35:43,2025-02-07,2025-03-30,42
1269623861253689862,2025-01-06,2025-01-06 14:40:50,2025-03-31,2025-04-02,3
1269623861253689862,2025-01-06,2025-01-06 14:44:48,2025-04-03,2025-04-03,1
1269623861253689862,2025-01-06,2025-01-06 14:47:28,2025-04-04,2025-04-06,3
1269623861253689862,2025-01-07,2025-01-07 13:49:17,2025-01-26,2025-04-07,45
1269623861253689862,2025-01-20,2025-01-20 14:21:37,2025-01-26,2025-01-26,1
1269623861253689862,2025-01-20,2025-01-20 14:31:36,2025-01-27,2025-04-20,57
1269636598524749154,2025-01-06,2025-01-06 13:54:22,2025-01-27,2025-01-29,3
1269636598524749154,2025-01-06,2025-01-06 14:23:33,2025-01-30,2025-01-31,2
1269636598524749154,2025-01-06,2025-01-06 14:34:34,2025-02-09,2025-04-06,57
1269636598524749154,2025-01-07,2025-01-07 14:08:21,2025-01-27,2025-04-07,63
1269636598524749154,2025-01-20,2025-01-20 13:28:41,2025-02-17,2025-02-22,6
1269636598524749154,2025-01-20,2025-01-20 14:38:47,2025-02-23,2025-02-23,1
1269636598524749154,2025-01-20,2025-01-20 14:43:55,2025-02-24,2025-02-27,4
1269636598524749154,2025-01-20,2025-01-20 14:48:05,2025-02-28,2025-02-28,1
1269636598524749154,2025-01-20,2025-01-20 14:51:05,2025-03-01,2025-03-01,1
1269636598524749154,2025-01-20,2025-01-20 14:55:57,2025-03-02,2025-04-20,50
1271171762063321920,2025-01-20,2025-01-20 13:55:16,2025-02-02,2025-02-02,1
1271171762063321920,2025-01-20,2025-01-20 14:25:07,2025-02-03,2025-02-10,8
1271171762063321920,2025-01-20,2025-01-20 14:45:20,2025-02-11,2025-02-11,1
1271171762063321920,2025-01-20,2025-01-20 14:48:57,2025-02-12,2025-02-15,4
1271171762063321920,2025-01-20,2025-01-20 14:53:48,2025-02-16,2025-04-20,42
1272260793182499350,2025-01-20,2025-01-20 13:54:10,2025-02-27,2025-03-17,12
1272260793182499350,2025-01-20,2025-01-20 14:12:22,2025-03-18,2025-03-18,1
1272260793182499350,2025-01-20,2025-01-20 14:24:29,2025-03-19,2025-03-20,2
1272260793182499350,2025-01-20,2025-01-20 14:44:51,2025-03-21,2025-03-21,1
1272260793182499350,2025-01-20,2025-01-20 14:57:07,2025-03-22,2025-04-19,29
1272537775161574422,2025-01-06,2025-01-06 13:53:35,2025-01-27,2025-01-27,1
1272537775161574422,2025-01-06,2025-01-06 14:10:40,2025-01-28,2025-04-06,41
1272537775161574422,2025-01-07,2025-01-07 13:50:42,2025-01-27,2025-01-27,1
1272537775161574422,2025-01-07,2025-01-07 14:06:31,2025-01-28,2025-01-28,1
1272537775161574422,2025-01-07,2025-01-07 14:30:20,2025-01-29,2025-02-01,4
1272537775161574422,2025-01-07,2025-01-07 14:37:31,2025-02-02,2025-04-07,37
1272537775161574422,2025-01-20,2025-01-20 13:28:42,2025-01-27,2025-02-21,6
1272537775161574422,2025-01-20,2025-01-20 13:52:56,2025-02-22,2025-02-27,6
1272537775161574422,2025-01-20,2025-01-20 14:11:12,2025-02-28,2025-03-02,3
1272537775161574422,2025-01-20,2025-01-20 14:33:57,2025-03-03,2025-04-20,39
1274055523929375490,2025-01-06,2025-01-06 13:29:12,2025-01-08,2025-01-12,2
1274055523929375490,2025-01-06,2025-01-06 14:30:23,2025-01-13,2025-04-06,75
1274055523929375490,2025-01-07,2025-01-07 13:29:20,2025-01-08,2025-01-12,2
1274055523929375490,2025-01-07,2025-01-07 14:06:12,2025-01-13,2025-01-27,10
1274055523929375490,2025-01-07,2025-01-07 14:18:50,2025-01-28,2025-01-31,4
1274055523929375490,2025-01-07,2025-01-07 14:38:58,2025-02-01,2025-04-07,62
1274055523929375490,2025-01-20,2025-01-20 13:30:44,2025-01-31,2025-02-01,2
1274055523929375490,2025-01-20,2025-01-20 14:12:25,2025-02-02,2025-02-17,5
1274055523929375490,2025-01-20,2025-01-20 14:26:17,2025-02-18,2025-04-20,62
1274533646308060247,2025-01-06,2025-01-06 13:28:59,2025-01-25,2025-01-29,5
1274533646308060247,2025-01-06,2025-01-06 14:08:42,2025-01-30,2025-04-06,67
1274533646308060247,2025-01-07,2025-01-07 13:29:22,2025-01-25,2025-01-29,5
1274533646308060247,2025-01-07,2025-01-07 14:19:00,2025-01-30,2025-04-07,68
1274533646308060247,2025-01-20,2025-01-20 13:54:20,2025-01-25,2025-01-25,1
1274533646308060247,2025-01-20,2025-01-20 14:12:24,2025-01-26,2025-04-20,80
1274679812745645557,2025-01-06,2025-01-06 14:09:31,2025-01-14,2025-01-14,1
1274679812745645557,2025-01-06,2025-01-06 14:22:11,2025-01-21,2025-01-27,4
1274679812745645557,2025-01-06,2025-01-06 14:31:16,2025-01-28,2025-02-06,10
1274679812745645557,2025-01-06,2025-01-06 14:37:07,2025-02-07,2025-04-06,59
1274679812745645557,2025-01-07,2025-01-07 13:49:20,2025-01-14,2025-04-07,68
1274679812745645557,2025-01-20,2025-01-20 13:29:20,2025-01-21,2025-01-22,2
1274679812745645557,2025-01-20,2025-01-20 14:11:30,2025-01-29,2025-04-20,66
1276789839775235217,2025-01-07,2025-01-07 13:28:17,2025-02-02,2025-04-07,43
1277103969415516416,2025-01-20,2025-01-20 13:30:21,2025-02-03,2025-04-20,54
1277671971539993475,2025-01-20,2025-01-20 13:29:00,2025-03-04,2025-04-18,30
1280559161534348023,2025-01-06,2025-01-06 13:29:16,2025-01-13,2025-01-30,6
1280559161534348023,2025-01-06,2025-01-06 13:49:58,2025-01-31,2025-02-17,8
1280559161534348023,2025-01-06,2025-01-06 14:07:03,2025-02-18,2025-04-06,48
1280559161534348023,2025-01-07,2025-01-07 13:49:44,2025-01-13,2025-04-07,63
1280559161534348023,2025-01-20,2025-01-20 13:33:42,2025-01-20,2025-04-20,85
1282577030741754149,2025-01-06,2025-01-06 14:08:44,2025-01-19,2025-04-06,56
1282577030741754149,2025-01-07,2025-01-07 13:50:35,2025-01-17,2025-04-07,59
1282577030741754149,2025-01-20,2025-01-20 13:31:04,2025-01-29,2025-04-20,67
1282585098065467787,2025-01-06,2025-01-06 13:29:07,2025-01-12,2025-01-12,1
1282585098065467787,2025-01-06,2025-01-06 13:49:24,2025-01-26,2025-04-06,50
1282585098065467787,2025-01-07,2025-01-07 14:06:21,2025-01-12,2025-02-10,4
1282585098065467787,2025-01-07,2025-01-07 14:20:28,2025-02-11,2025-04-07,48
1282585098065467787,2025-01-20,2025-01-20 13:31:30,2025-01-26,2025-04-20,64
1283982403734255309,2025-01-06,2025-01-06 13:28:56,2025-01-30,2025-02-09,4
1283982403734255309,2025-01-06,2025-01-06 13:49:05,2025-02-17,2025-02-19,3
1283982403734255309,2025-01-06,2025-01-06 14:07:01,2025-02-20,2025-02-21,2
1283982403734255309,2025-01-06,2025-01-06 14:21:22,2025-02-22,2025-02-22,1
1283982403734255309,2025-01-06,2025-01-06 14:31:22,2025-02-23,2025-03-21,27
1283982403734255309,2025-01-06,2025-01-06 14:37:25,2025-03-22,2025-03-26,5
1283982403734255309,2025-01-06,2025-01-06 14:45:26,2025-03-27,2025-04-06,11
1283982403734255309,2025-01-07,2025-01-07 13:49:39,2025-01-30,2025-04-07,54
1283982403734255309,2025-01-20,2025-01-20 13:31:05,2025-01-30,2025-04-20,62
1284110666632259028,2025-01-06,2025-01-06 13:30:28,2025-01-14,2025-04-06,58
1284110666632259028,2025-01-07,2025-01-07 13:30:11,2025-01-14,2025-02-02,5
1284110666632259028,2025-01-07,2025-01-07 13:52:26,2025-02-03,2025-02-03,1
1284110666632259028,2025-01-07,2025-01-07 14:38:42,2025-02-14,2025-04-07,53
1284110666632259028,2025-01-20,2025-01-20 14:32:27,2025-01-20,2025-04-20,73
1285538056394050628,2025-01-06,2025-01-06 13:30:13,2025-01-06,2025-01-13,3
1285538056394050628,2025-01-06,2025-01-06 13:53:21,2025-01-14,2025-01-15,2
1285538056394050628,2025-01-06,2025-01-06 14:22:10,2025-01-16,2025-01-16,1
1285538056394050628,2025-01-06,2025-01-06 14:37:24,2025-01-17,2025-01-18,2
1285538056394050628,2025-01-06,2025-01-06 14:44:22,2025-01-22,2025-02-12,22
1285538056394050628,2025-01-06,2025-01-06 14:47:29,2025-02-13,2025-04-06,53
1285538056394050628,2025-01-07,2025-01-07 13:29:21,2025-01-07,2025-01-07,1
1285538056394050628,2025-01-07,2025-01-07 13:52:18,2025-01-13,2025-03-16,60
1285538056394050628,2025-01-07,2025-01-07 14:07:25,2025-03-17,2025-04-07,22
1285538056394050628,2025-01-20,2025-01-20 13:28:37,2025-01-22,2025-01-28,7
1285538056394050628,2025-01-20,2025-01-20 13:51:22,2025-01-29,2025-04-20,76
1286394668026043637,2025-01-07,2025-01-07 13:25:55,2025-01-13,2025-04-07,85
1292815457899461748,2025-01-06,2025-01-06 14:23:00,2025-01-12,2025-03-05,24
1292815457899461748,2025-01-06,2025-01-06 14:32:44,2025-03-06,2025-03-09,4
1292815457899461748,2025-01-06,2025-01-06 14:38:25,2025-03-10,2025-03-12,3
1292815457899461748,2025-01-06,2025-01-06 14:46:57,2025-03-13,2025-04-06,25
1292815457899461748,2025-01-07,2025-01-07 13:29:16,2025-01-12,2025-02-22,5
1292815457899461748,2025-01-07,2025-01-07 13:49:34,2025-02-23,2025-02-25,3
1292815457899461748,2025-01-07,2025-01-07 14:18:51,2025-02-26,2025-02-27,2
1292815457899461748,2025-01-07,2025-01-07 14:28:58,2025-03-05,2025-04-07,34
1292815457899461748,2025-01-20,2025-01-20 13:50:54,2025-01-20,2025-04-20,49
12931525,2025-01-06,2025-01-06 13:29:05,2025-01-15,2025-03-08,3
12931525,2025-01-06,2025-01-06 13:51:31,2025-03-09,2025-04-06,29
12931525,2025-01-07,2025-01-07 13:51:21,2025-01-15,2025-04-07,33
12931525,2025-01-20,2025-01-20 13:34:14,2025-03-07,2025-04-20,45
1297930390704189766,2025-01-06,2025-01-06 14:10:00,2025-01-10,2025-02-27,29
1297930390704189766,2025-01-06,2025-01-06 14:22:39,2025-02-28,2025-03-01,2
1297930390704189766,2025-01-06,2025-01-06 14:31:29,2025-03-02,2025-03-21,20
1297930390704189766,2025-01-06,2025-01-06 14:38:51,2025-03-22,2025-04-06,16
1297930390704189766,2025-01-07,2025-01-07 13:29:28,2025-01-10,2025-01-10,1
1297930390704189766,2025-01-07,2025-01-07 13:52:30,2025-01-19,2025-04-07,67
1297930390704189766,2025-01-20,2025-01-20 13:28:35,2025-01-28,2025-02-19,10
1297930390704189766,2025-01-20,2025-01-20 13:51:21,2025-02-20,2025-02-21,2
1297930390704189766,2025-01-20,2025-01-20 14:09:24,2025-02-22,2025-04-20,58
1297930815921503919,2025-01-06,2025-01-06 14:09:58,2025-01-20,2025-01-30,6
1297930815921503919,2025-01-06,2025-01-06 14:34:41,2025-02-10,2025-04-06,56
1297930815921503919,2025-01-07,2025-01-07 13:29:28,2025-01-20,2025-01-27,3
1297930815921503919,2025-01-07,2025-01-07 13:50:06,2025-01-28,2025-04-07,60
1297930815921503919,2025-01-20,2025-01-20 13:28:42,2025-01-27,2025-01-28,2
1297930815921503919,2025-01-20,2025-01-20 14:09:29,2025-01-29,2025-02-11,4
1297930815921503919,2025-01-20,2025-01-20 14:21:45,2025-02-12,2025-02-12,1
1297930815921503919,2025-01-20,2025-01-20 14:38:46,2025-02-13,2025-02-19,7
1297930815921503919,2025-01-20,2025-01-20 14:46:29,2025-02-20,2025-04-20,60
1303745304497797235,2025-01-06,2025-01-06 13:53:21,2025-01-17,2025-02-08,14
1303745304497797235,2025-01-06,2025-01-06 14:22:21,2025-02-09,2025-02-13,5
1303745304497797235,2025-01-06,2025-01-06 14:31:21,2025-02-14,2025-02-14,1
1303745304497797235,2025-01-06,2025-01-06 14:38:07,2025-02-15,2025-02-17,3
1303745304497797235,2025-01-06,2025-01-06 14:45:17,2025-02-18,2025-03-20,31
1303745304497797235,2025-01-06,2025-01-06 14:47:58,2025-03-21,2025-03-21,1
1303745304497797235,2025-01-06,2025-01-06 14:52:58,2025-03-22,2025-04-06,16
1303745304497797235,2025-01-07,2025-01-07 13:29:15,2025-01-17,2025-01-17,1
1303745304497797235,2025-01-07,2025-01-07 13:53:01,2025-01-18,2025-04-07,71
1303745304497797235,2025-01-20,2025-01-20 13:51:54,2025-02-01,2025-02-03,3
1303745304497797235,2025-01-20,2025-01-20 14:21:54,2025-02-04,2025-02-04,1
1303745304497797235,2025-01-20,2025-01-20 14:32:18,2025-02-05,2025-02-25,12
1303745304497797235,2025-01-20,2025-01-20 14:42:51,2025-02-26,2025-04-20,54
1304403734260231676,2025-01-06,2025-01-06 13:30:08,2025-01-06,2025-01-06,1
1304403734260231676,2025-01-06,2025-01-06 13:53:16,2025-01-11,2025-01-19,9
1304403734260231676,2025-01-06,2025-01-06 14:11:03,2025-01-20,2025-01-23,4
1304403734260231676,2025-01-06,2025-01-06 14:32:05,2025-01-24,2025-03-02,38
1304403734260231676,2025-01-06,2025-01-06 14:42:58,2025-03-03,2025-04-06,35
1304403734260231676,2025-01-07,2025-01-07 13:29:18,2025-01-11,2025-01-11,1
1304403734260231676,2025-01-07,2025-01-07 13:50:26,2025-01-12,2025-04-07,86
1304403734260231676,2025-01-20,2025-01-20 13:29:09,2025-01-21,2025-02-03,3
1304403734260231676,2025-01-20,2025-01-20 14:11:58,2025-02-04,2025-04-20,65
1304433283397417052,2025-01-06,2025-01-06 13:33:11,2025-01-14,2025-04-06,52
1304433283397417052,2025-01-07,2025-01-07 13:29:59,2025-01-14,2025-02-17,7
1304433283397417052,2025-01-07,2025-01-07 14:09:35,2025-02-18,2025-04-07,46
1304433283397417052,2025-01-20,2025-01-20 13:28:39,2025-01-22,2025-02-21,10
1304433283397417052,2025-01-20,2025-01-20 13:53:53,2025-02-25,2025-04-20,55
1307990676918354925,2025-01-06,2025-01-06 13:29:05,2025-01-13,2025-01-17,2
1307990676918354925,2025-01-06,2025-01-06 13:49:16,2025-01-18,2025-04-06,71
1307990676918354925,2025-01-07,2025-01-07 14:18:49,2025-01-13,2025-01-17,2
1307990676918354925,2025-01-07,2025-01-07 14:28:58,2025-01-18,2025-04-07,72
1307990676918354925,2025-01-20,2025-01-20 13:32:20,2025-01-28,2025-04-20,79
1311575286815584867,2025-01-20,2025-01-20 13:33:29,2025-01-26,2025-04-20,82
1312949509621922876,2025-01-06,2025-01-06 14:09:44,2025-01-16,2025-01-16,1
1312949509621922876,2025-01-06,2025-01-06 14:22:10,2025-01-17,2025-01-18,2
1312949509621922876,2025-01-06,2025-01-06 14:44:44,2025-01-19,2025-01-29,2
1312949509621922876,2025-01-06,2025-01-06 14:49:26,2025-01-30,2025-04-06,67
1312949509621922876,2025-01-07,2025-01-07 13:29:24,2025-01-16,2025-01-19,4
1312949509621922876,2025-01-07,2025-01-07 14:06:26,2025-01-29,2025-02-11,14
1312949509621922876,2025-01-07,2025-01-07 14:36:56,2025-02-12,2025-02-19,8
1312949509621922876,2025-01-07,2025-01-07 14:42:36,2025-02-20,2025-02-26,7
1312949509621922876,2025-01-07,2025-01-07 14:46:49,2025-02-27,2025-02-28,2
1312949509621922876,2025-01-07,2025-01-07 14:51:56,2025-03-01,2025-03-01,1
1312949509621922876,2025-01-07,2025-01-07 14:53:22,2025-03-02,2025-04-07,37
1312949509621922876,2025-01-20,2025-01-20 13:28:38,2025-01-29,2025-02-17,6
1312949509621922876,2025-01-20,2025-01-20 14:12:59,2025-02-18,2025-04-03,45
1312949509621922876,2025-01-20,2025-01-20 14:28:47,2025-04-04,2025-04-20,17
1313064371372817918,2025-01-06,2025-01-06 14:09:47,2025-01-09,2025-01-14,6
1313064371372817918,2025-01-06,2025-01-06 14:37:13,2025-01-15,2025-04-06,78
1313064371372817918,2025-01-07,2025-01-07 13:29:30,2025-01-09,2025-01-12,4
1313064371372817918,2025-01-07,2025-01-07 13:50:12,2025-01-13,2025-04-07,81
1313064371372817918,2025-01-20,2025-01-20 14:38:40,2025-01-26,2025-01-30,5
1313064371372817918,2025-01-20,2025-01-20 14:48:48,2025-01-31,2025-01-31,1
1313064371372817918,2025-01-20,2025-01-20 14:53:16,2025-02-01,2025-04-20,77
1314095834089788250,2025-01-20,2025-01-20 13:50:46,2025-02-01,2025-04-19,78
1315954985293478319,2025-01-06,2025-01-06 13:29:15,2025-01-09,2025-01-11,3
1315954985293478319,2025-01-06,2025-01-06 13:49:47,2025-01-12,2025-04-06,85
1315954985293478319,2025-01-07,2025-01-07 13:29:42,2025-01-09,2025-01-10,2
1315954985293478319,2025-01-07,2025-01-07 13:52:24,2025-01-11,2025-04-07,87
1315954985293478319,2025-01-20,2025-01-20 13:31:38,2025-01-24,2025-01-30,7
1315954985293478319,2025-01-20,2025-01-20 13:54:26,2025-01-31,2025-04-20,76
1317427472349939673,2025-01-06,2025-01-06 13:29:13,2025-01-06,2025-01-06,1
1317427472349939673,2025-01-06,2025-01-06 13:49:41,2025-01-07,2025-04-06,90
1318315111310867765,2025-01-20,2025-01-20 13:31:08,2025-01-29,2025-04-19,81
1318376138623084691,2025-01-20,2025-01-20 13:51:16,2025-01-26,2025-02-03,9
1318376138623084691,2025-01-20,2025-01-20 14:32:26,2025-02-04,2025-02-09,6
1318376138623084691,2025-01-20,2025-01-20 14:39:25,2025-02-10,2025-02-13,4
1318376138623084691,2025-01-20,2025-01-20 14:51:13,2025-02-14,2025-02-15,2
1318376138623084691,2025-01-20,2025-01-20 14:55:15,2025-02-16,2025-02-17,2
1318376138623084691,2025-01-20,2025-01-20 14:56:36,2025-02-18,2025-04-20,62
1320994692912931266,2025-01-06,2025-01-06 13:30:38,2025-01-06,2025-01-06,1
1320994692912931266,2025-01-06,2025-01-06 13:53:31,2025-01-07,2025-01-20,8
1320994692912931266,2025-01-06,2025-01-06 14:24:12,2025-01-21,2025-04-06,76
1320994692912931266,2025-01-07,2025-01-07 13:51:14,2025-01-07,2025-04-07,84
1320994692912931266,2025-01-20,2025-01-20 13:28:36,2025-01-20,2025-01-21,2
1320994692912931266,2025-01-20,2025-01-20 13:50:55,2025-02-03,2025-04-20,77
1320995339425720277,2025-01-06,2025-01-06 13:53:39,2025-01-12,2025-01-15,4
1320995339425720277,2025-01-06,2025-01-06 14:22:38,2025-01-16,2025-01-19,4
1320995339425720277,2025-01-06,2025-01-06 14:32:27,2025-01-25,2025-04-06,65
1320995339425720277,2025-01-07,2025-01-07 13:29:29,2025-01-12,2025-01-14,3
1320995339425720277,2025-01-07,2025-01-07 13:52:40,2025-01-15,2025-04-07,71
1320995339425720277,2025-01-20,2025-01-20 13:51:03,2025-02-05,2025-02-05,1
1320995339425720277,2025-01-20,2025-01-20 14:12:43,2025-02-06,2025-04-12,46
1320995339425720277,2025-01-20,2025-01-20 14:26:06,2025-04-13,2025-04-16,4
1320995339425720277,2025-01-20,2025-01-20 14:37:58,2025-04-17,2025-04-20,4
1321022086036905023,2025-01-06,2025-01-06 14:10:18,2025-01-13,2025-04-06,77
1321022086036905023,2025-01-07,2025-01-07 13:29:29,2025-01-13,2025-02-02,9
1321022086036905023,2025-01-07,2025-01-07 13:50:19,2025-02-03,2025-02-06,4
1321022086036905023,2025-01-07,2025-01-07 14:10:25,2025-02-07,2025-03-06,28
1321022086036905023,2025-01-07,2025-01-07 14:22:00,2025-03-07,2025-03-12,6
1321022086036905023,2025-01-07,2025-01-07 14:32:03,2025-03-13,2025-03-29,17
1321022086036905023,2025-01-07,2025-01-07 14:39:23,2025-03-30,2025-04-07,9
1321022086036905023,2025-01-20,2025-01-20 13:28:38,2025-01-27,2025-01-29,3
1321022086036905023,2025-01-20,2025-01-20 13:51:57,2025-01-30,2025-02-08,10
1321022086036905023,2025-01-20,2025-01-20 14:09:49,2025-02-09,2025-04-20,71
1321134786322096510,2025-01-06,2025-01-06 13:53:33,2025-01-23,2025-01-24,2
1321134786322096510,2025-01-06,2025-01-06 14:10:00,2025-01-25,2025-01-29,5
1321134786322096510,2025-01-06,2025-01-06 14:23:59,2025-01-30,2025-03-31,61
1321134786322096510,2025-01-06,2025-01-06 14:36:10,2025-04-01,2025-04-06,6
1321134786322096510,2025-01-07,2025-01-07 13:29:35,2025-01-23,2025-01-23,1
1321134786322096510,2025-01-07,2025-01-07 13:53:26,2025-01-24,2025-04-07,74
1321134786322096510,2025-01-20,2025-01-20 13:51:09,2025-02-15,2025-04-20,65
1329787295308110610,2025-01-20,2025-01-20 13:31:07,2025-02-09,2025-04-20,71
1333504785474035960,2025-01-20,2025-01-20 13:31:07,2025-01-29,2025-04-20,82
13522176,2025-01-06,2025-01-06 13:27:12,2025-02-10,2025-04-06,32
14872547,2025-01-07,2025-01-07 13:29:47,2025-01-27,2025-03-31,64
14884678,2025-01-07,2025-01-07 13:50:43,2025-03-10,2025-04-07,29
14884678,2025-01-20,2025-01-20 13:31:17,2025-03-10,2025-04-20,42
15024197,2025-01-07,2025-01-07 13:28:12,2025-01-30,2025-02-16,18
15500038,2025-01-06,2025-01-06 14:09:53,2025-01-15,2025-03-31,68
15500038,2025-01-06,2025-01-06 14:22:47,2025-04-01,2025-04-02,2
15500038,2025-01-06,2025-01-06 14:31:37,2025-04-03,2025-04-06,4
15500038,2025-01-07,2025-01-07 13:52:42,2025-01-15,2025-01-23,9
15500038,2025-01-07,2025-01-07 14:31:01,2025-01-24,2025-04-07,66
15500038,2025-01-20,2025-01-20 13:33:32,2025-02-15,2025-04-20,59
15523493,2025-01-06,2025-01-06 13:30:40,2025-01-27,2025-02-20,15
15523493,2025-01-06,2025-01-06 13:53:36,2025-02-21,2025-02-21,1
15523493,2025-01-06,2025-01-06 14:10:04,2025-02-22,2025-04-06,33
15523493,2025-01-07,2025-01-07 13:29:30,2025-01-27,2025-02-15,10
15523493,2025-01-07,2025-01-07 14:06:33,2025-02-16,2025-02-17,2
15523493,2025-01-07,2025-01-07 14:29:19,2025-02-18,2025-02-18,1
15523493,2025-01-07,2025-01-07 14:46:16,2025-02-19,2025-02-23,5
15523493,2025-01-07,2025-01-07 14:49:19,2025-02-24,2025-04-07,32
15523493,2025-01-20,2025-01-20 13:28:51,2025-01-28,2025-01-30,3
15523493,2025-01-20,2025-01-20 14:10:19,2025-02-17,2025-02-17,1
15523493,2025-01-20,2025-01-20 14:33:37,2025-02-18,2025-04-15,45
15549803,2025-01-06,2025-01-06 13:53:59,2025-01-13,2025-01-13,1
15549803,2025-01-06,2025-01-06 14:26:15,2025-01-14,2025-04-05,30
15549803,2025-01-07,2025-01-07 14:07:08,2025-01-13,2025-02-01,11
15549803,2025-01-07,2025-01-07 14:38:23,2025-03-17,2025-04-06,21
15549803,2025-01-20,2025-01-20 13:30:10,2025-01-26,2025-03-21,12
15549803,2025-01-20,2025-01-20 13:54:25,2025-03-22,2025-03-26,5
15549803,2025-01-20,2025-01-20 14:13:10,2025-03-27,2025-03-31,5
15549803,2025-01-20,2025-01-20 14:35:09,2025-04-01,2025-04-01,1
15549803,2025-01-20,2025-01-20 14:42:05,2025-04-02,2025-04-14,13
15549803,2025-01-20,2025-01-20 14:49:54,2025-04-15,2025-04-19,5
15732070,2025-01-07,2025-01-07 13:29:48,2025-01-28,2025-01-31,4
15732070,2025-01-07,2025-01-07 14:06:45,2025-02-01,2025-03-31,59
15732070,2025-01-20,2025-01-20 13:31:09,2025-02-01,2025-03-31,37
15754075,2025-01-06,2025-01-06 13:32:50,2025-01-28,2025-03-31,37
15754075,2025-01-07,2025-01-07 13:51:16,2025-01-28,2025-03-31,37
15754075,2025-01-20,2025-01-20 13:51:47,2025-01-28,2025-01-31,4
15754075,2025-01-20,2025-01-20 14:01:01,2025-02-17,2025-03-08,10
15754075,2025-01-20,2025-01-20 14:23:25,2025-03-09,2025-03-31,23
15791567,2025-01-07,2025-01-07 13:26:18,2025-02-16,2025-04-07,35
15909831,2025-01-06,2025-01-06 13:30:47,2025-02-02,2025-02-03,2
15909831,2025-01-06,2025-01-06 13:53:37,2025-02-04,2025-02-04,1
15909831,2025-01-06,2025-01-06 14:23:40,2025-02-05,2025-04-06,61
15909831,2025-01-07,2025-01-07 13:29:53,2025-02-02,2025-02-02,1
15909831,2025-01-07,2025-01-07 13:54:17,2025-02-03,2025-04-07,59
15909831,2025-01-20,2025-01-20 13:29:12,2025-02-09,2025-02-10,2
15909831,2025-01-20,2025-01-20 14:23:14,2025-02-11,2025-04-20,63
15934309,2025-01-06,2025-01-06 13:31:24,2025-02-10,2025-04-06,56
15934309,2025-01-07,2025-01-07 13:29:33,2025-02-10,2025-02-12,3
15934309,2025-01-07,2025-01-07 13:50:50,2025-02-13,2025-02-13,1
15934309,2025-01-07,2025-01-07 14:06:33,2025-02-14,2025-04-07,53
15934309,2025-01-20,2025-01-20 13:51:58,2025-02-19,2025-02-22,4
15934309,2025-01-20,2025-01-20 14:09:52,2025-02-23,2025-02-28,6
15934309,2025-01-20,2025-01-20 14:32:12,2025-03-01,2025-03-04,4
15934309,2025-01-20,2025-01-20 14:48:08,2025-03-05,2025-04-20,47
15980018,2025-01-06,2025-01-06 13:35:00,2025-03-30,2025-04-06,8
15980018,2025-01-07,2025-01-07 13:52:40,2025-03-30,2025-04-07,9
15980018,2025-01-20,2025-01-20 13:52:22,2025-03-30,2025-04-09,11
15980018,2025-01-20,2025-01-20 14:10:39,2025-04-10,2025-04-11,2
15980018,2025-01-20,2025-01-20 14:22:51,2025-04-12,2025-04-13,2
15980018,2025-01-20,2025-01-20 14:42:04,2025-04-14,2025-04-20,7
15980108,2025-01-07,2025-01-07 13:29:41,2025-02-09,2025-02-13,5
15980108,2025-01-07,2025-01-07 13:50:51,2025-03-05,2025-04-07,34
16017693,2025-01-06,2025-01-06 13:55:56,2025-01-26,2025-03-31,36
16017693,2025-01-07,2025-01-07 14:07:02,2025-01-26,2025-01-26,1
16017693,2025-01-07,2025-01-07 14:19:40,2025-01-27,2025-02-05,10
16017693,2025-01-07,2025-01-07 14:29:37,2025-02-15,2025-03-31,25
16017693,2025-01-20,2025-01-20 13:29:14,2025-01-26,2025-01-26,1
16017693,2025-01-20,2025-01-20 13:56:35,2025-01-27,2025-03-31,35
16105751,2025-01-06,2025-01-06 13:29:34,2025-01-29,2025-03-21,4
16105751,2025-01-06,2025-01-06 13:51:44,2025-03-22,2025-03-29,8
16105751,2025-01-06,2025-01-06 14:09:05,2025-03-30,2025-04-06,8
16105751,2025-01-07,2025-01-07 14:08:03,2025-01-29,2025-04-07,21
16105751,2025-01-20,2025-01-20 13:34:56,2025-01-29,2025-03-22,5
16105751,2025-01-20,2025-01-20 13:55:52,2025-03-23,2025-04-17,26
16177778,2025-01-06,2025-01-06 13:30:46,2025-02-03,2025-04-06,63
16177778,2025-01-07,2025-01-07 13:29:56,2025-01-19,2025-01-23,5
16177778,2025-01-07,2025-01-07 13:53:53,2025-01-24,2025-03-03,39
16177778,2025-01-07,2025-01-07 14:09:13,2025-03-04,2025-03-04,1
16177778,2025-01-07,2025-01-07 14:38:27,2025-03-05,2025-04-07,34
16177778,2025-01-20,2025-01-20 13:28:50,2025-01-21,2025-01-24,4
16177778,2025-01-20,2025-01-20 13:52:24,2025-01-25,2025-04-20,86
16253828,2025-01-06,2025-01-06 13:35:09,2025-01-29,2025-02-09,12
16253828,2025-01-06,2025-01-06 14:34:18,2025-02-18,2025-04-05,47
16253828,2025-01-07,2025-01-07 14:06:33,2025-01-29,2025-04-06,60
16253828,2025-01-20,2025-01-20 14:11:07,2025-01-29,2025-01-29,1
16253828,2025-01-20,2025-01-20 14:42:37,2025-01-30,2025-04-19,72
16270332,2025-01-07,2025-01-07 13:26:44,2025-01-16,2025-03-10,54
16321793,2025-01-06,2025-01-06 13:29:13,2025-01-18,2025-01-19,2
16321793,2025-01-06,2025-01-06 13:51:53,2025-02-01,2025-04-06,58
16321793,2025-01-07,2025-01-07 13:29:47,2025-01-18,2025-02-02,4
16321793,2025-01-07,2025-01-07 14:29:21,2025-02-03,2025-04-07,57
16321793,2025-01-20,2025-01-20 13:31:12,2025-02-01,2025-04-20,72
16350860,2025-01-20,2025-01-20 13:28:58,2025-02-03,2025-04-20,65
16451544,2025-01-06,2025-01-06 13:31:23,2025-03-05,2025-04-06,17
16451544,2025-01-07,2025-01-07 13:29:41,2025-03-05,2025-03-24,4
16451544,2025-01-07,2025-01-07 13:50:58,2025-03-25,2025-04-07,14
16451544,2025-01-20,2025-01-20 13:28:51,2025-03-05,2025-03-29,9
16451544,2025-01-20,2025-01-20 13:52:31,2025-03-30,2025-04-04,6
16451544,2025-01-20,2025-01-20 14:10:28,2025-04-05,2025-04-20,16
16527828,2025-01-20,2025-01-20 13:51:52,2025-01-24,2025-01-31,8
16527828,2025-01-20,2025-01-20 14:31:34,2025-02-01,2025-02-07,7
16527828,2025-01-20,2025-01-20 14:43:50,2025-02-08,2025-02-11,4
16527828,2025-01-20,2025-01-20 14:50:22,2025-02-12,2025-04-20,68
16570256,2025-01-06,2025-01-06 13:52:32,2025-02-09,2025-03-31,41
16570256,2025-01-06,2025-01-06 14:02:49,2025-04-01,2025-04-05,5
16570256,2025-01-06,2025-01-06 14:25:34,2025-04-06,2025-04-06,1
16586622,2025-01-06,2025-01-06 13:31:25,2025-01-31,2025-04-06,66
16586622,2025-01-07,2025-01-07 13:50:41,2025-01-31,2025-04-07,48
16586622,2025-01-20,2025-01-20 13:28:41,2025-01-31,2025-02-04,5
16586622,2025-01-20,2025-01-20 13:51:22,2025-02-27,2025-04-20,46
16618715,2025-01-06,2025-01-06 13:35:01,2025-01-09,2025-03-12,49
16618715,2025-01-06,2025-01-06 13:57:33,2025-03-13,2025-04-05,24
16618715,2025-01-07,2025-01-07 13:29:42,2025-01-09,2025-01-10,2
16618715,2025-01-07,2025-01-07 14:08:30,2025-01-15,2025-04-07,73
16618715,2025-01-20,2025-01-20 14:01:00,2025-02-08,2025-02-09,2
16618715,2025-01-20,2025-01-20 14:12:27,2025-02-15,2025-04-20,65
16644316,2025-01-06,2025-01-06 13:30:34,2025-01-06,2025-04-06,67
16662563,2025-01-06,2025-01-06 13:29:39,2025-01-29,2025-01-29,1
16662563,2025-01-06,2025-01-06 14:21:30,2025-01-30,2025-01-31,2
16662563,2025-01-06,2025-01-06 14:30:49,2025-02-01,2025-03-31,59
16662563,2025-01-07,2025-01-07 13:29:45,2025-01-29,2025-01-31,3
16662563,2025-01-07,2025-01-07 13:54:02,2025-02-01,2025-03-31,59
16662563,2025-01-20,2025-01-20 13:31:20,2025-01-29,2025-03-31,62
16730935,2025-01-20,2025-01-20 13:30:04,2025-01-21,2025-03-15,54
16730935,2025-01-20,2025-01-20 14:02:15,2025-03-16,2025-04-19,35
16992951,2025-01-06,2025-01-06 13:29:38,2025-01-21,2025-01-22,2
16992951,2025-01-06,2025-01-06 13:52:03,2025-01-23,2025-01-29,7
16992951,2025-01-06,2025-01-06 14:07:48,2025-01-30,2025-04-06,48
16992951,2025-01-07,2025-01-07 13:30:11,2025-01-26,2025-02-19,12
16992951,2025-01-07,2025-01-07 14:08:11,2025-02-20,2025-03-08,11
16992951,2025-01-07,2025-01-07 14:20:34,2025-03-09,2025-03-12,4
16992951,2025-01-07,2025-01-07 14:30:05,2025-03-13,2025-03-13,1
16992951,2025-01-07,2025-01-07 14:46:51,2025-03-14,2025-04-07,25
16992951,2025-01-20,2025-01-20 13:34:58,2025-01-26,2025-03-19,30
16992951,2025-01-20,2025-01-20 13:56:51,2025-03-20,2025-04-05,17
16992951,2025-01-20,2025-01-20 14:30:26,2025-04-06,2025-04-20,15
17013106,2025-01-06,2025-01-06 13:27:44,2025-01-14,2025-04-06,59
17034886,2025-01-06,2025-01-06 13:29:04,2025-01-06,2025-04-06,46
17294276,2025-01-06,2025-01-06 13:31:24,2025-01-30,2025-03-31,40
17294276,2025-01-07,2025-01-07 13:29:40,2025-01-30,2025-02-24,5
17294276,2025-01-07,2025-01-07 14:07:28,2025-02-25,2025-03-31,35
17294276,2025-01-20,2025-01-20 13:29:15,2025-01-30,2025-04-14,4
17294276,2025-01-20,2025-01-20 14:11:22,2025-04-15,2025-04-18,4
17294276,2025-01-20,2025-01-20 14:23:33,2025-04-19,2025-04-20,2
17511306,2025-01-06,2025-01-06 13:29:39,2025-01-24,2025-04-06,62
17570590,2025-01-06,2025-01-06 13:31:25,2025-01-12,2025-04-06,54
17570590,2025-01-20,2025-01-20 13:53:00,2025-02-01,2025-02-01,1
17570590,2025-01-20,2025-01-20 14:24:10,2025-02-02,2025-02-24,4
17570590,2025-01-20,2025-01-20 14:49:46,2025-02-25,2025-04-20,55
18395333,2025-01-06,2025-01-06 13:29:34,2025-02-09,2025-04-04,51
18395333,2025-01-06,2025-01-06 14:09:01,2025-04-05,2025-04-05,1
18395333,2025-01-06,2025-01-06 14:21:52,2025-04-06,2025-04-06,1
18395333,2025-01-07,2025-01-07 13:29:43,2025-02-09,2025-02-13,5
18395333,2025-01-07,2025-01-07 13:53:28,2025-02-14,2025-04-07,49
18395333,2025-01-20,2025-01-20 13:34:28,2025-02-09,2025-02-28,15
18395333,2025-01-20,2025-01-20 13:56:32,2025-03-05,2025-04-17,44
18505349,2025-01-06,2025-01-06 13:29:59,2025-03-15,2025-03-19,5
18505349,2025-01-06,2025-01-06 13:53:08,2025-03-20,2025-03-23,4
18505349,2025-01-06,2025-01-06 14:10:22,2025-03-24,2025-04-06,8
18505349,2025-01-07,2025-01-07 13:29:45,2025-03-15,2025-03-17,3
18505349,2025-01-07,2025-01-07 13:53:28,2025-03-18,2025-04-07,15
18505349,2025-01-20,2025-01-20 13:54:51,2025-03-15,2025-04-13,30
18506998,2025-01-06,2025-01-06 13:29:22,2025-03-04,2025-03-31,4
18506998,2025-01-06,2025-01-06 13:53:38,2025-04-01,2025-04-06,6
18506998,2025-01-07,2025-01-07 13:29:51,2025-03-04,2025-04-05,9
18506998,2025-01-07,2025-01-07 14:09:17,2025-04-06,2025-04-07,2
18506998,2025-01-20,2025-01-20 13:34:12,2025-03-04,2025-04-02,6
18506998,2025-01-20,2025-01-20 13:58:23,2025-04-03,2025-04-16,14
18735821,2025-01-06,2025-01-06 13:30:56,2025-02-10,2025-03-16,23
18735821,2025-01-06,2025-01-06 14:01:36,2025-03-17,2025-04-06,21
1977915,2025-01-06,2025-01-06 13:31:26,2025-02-13,2025-04-06,53
1977915,2025-01-07,2025-01-07 13:52:14,2025-02-13,2025-02-13,1
1977915,2025-01-07,2025-01-07 14:07:09,2025-02-14,2025-02-15,2
1977915,2025-01-07,2025-01-07 14:19:36,2025-02-16,2025-02-16,1
1977915,2025-01-07,2025-01-07 14:32:34,2025-02-17,2025-04-07,50
1977915,2025-01-20,2025-01-20 14:01:19,2025-02-28,2025-03-04,5
1977915,2025-01-20,2025-01-20 14:23:14,2025-03-05,2025-03-09,5
1977915,2025-01-20,2025-01-20 14:34:56,2025-03-10,2025-04-20,42
20555680,2025-01-20,2025-01-20 14:02:03,2025-04-01,2025-04-02,2
20555680,2025-01-20,2025-01-20 14:24:18,2025-04-03,2025-04-19,17
20618105,2025-01-06,2025-01-06 13:31:35,2025-01-13,2025-03-06,44
20618105,2025-01-07,2025-01-07 13:52:00,2025-01-13,2025-03-06,44
20618105,2025-01-20,2025-01-20 14:01:09,2025-01-27,2025-01-27,1
20618105,2025-01-20,2025-01-20 14:44:31,2025-01-28,2025-03-06,38
20863370,2025-01-20,2025-01-20 13:31:57,2025-03-19,2025-03-22,4
20863370,2025-01-20,2025-01-20 14:05:21,2025-03-23,2025-04-13,14
20943549,2025-01-06,2025-01-06 13:53:45,2025-01-25,2025-02-01,8
20943549,2025-01-06,2025-01-06 14:31:44,2025-02-10,2025-03-04,10
20943549,2025-01-06,2025-01-06 14:37:39,2025-03-05,2025-04-06,33
20943549,2025-01-07,2025-01-07 13:34:29,2025-01-25,2025-02-01,8
20943549,2025-01-07,2025-01-07 13:52:59,2025-02-10,2025-03-13,19
20943549,2025-01-07,2025-01-07 14:20:13,2025-03-14,2025-03-15,2
20943549,2025-01-07,2025-01-07 14:37:07,2025-03-16,2025-04-07,23
20943549,2025-01-20,2025-01-20 13:58:30,2025-02-10,2025-04-20,57
21025393,2025-01-06,2025-01-06 13:50:09,2025-02-15,2025-04-06,22
21025393,2025-01-07,2025-01-07 14:22:46,2025-02-15,2025-02-19,5
21025393,2025-01-07,2025-01-07 14:31:45,2025-02-20,2025-02-25,6
21025393,2025-01-07,2025-01-07 14:44:59,2025-02-26,2025-02-28,3
21025393,2025-01-07,2025-01-07 14:48:34,2025-03-01,2025-04-04,6
21025393,2025-01-07,2025-01-07 14:56:21,2025-04-05,2025-04-07,3
21025393,2025-01-20,2025-01-20 13:34:09,2025-02-15,2025-02-23,9
21025393,2025-01-20,2025-01-20 13:54:43,2025-02-24,2025-04-20,27
21077682,2025-01-06,2025-01-06 13:29:14,2025-01-09,2025-04-06,56
21077682,2025-01-07,2025-01-07 13:31:04,2025-01-30,2025-01-31,2
21077682,2025-01-07,2025-01-07 14:05:00,2025-02-01,2025-02-01,1
21077682,2025-01-07,2025-01-07 14:26:57,2025-02-02,2025-04-07,51
21091876,2025-01-06,2025-01-06 13:30:54,2025-01-08,2025-01-08,1
21091876,2025-01-06,2025-01-06 14:01:04,2025-01-09,2025-04-06,76
21091876,2025-01-07,2025-01-07 13:32:21,2025-01-09,2025-04-07,77
21091876,2025-01-20,2025-01-20 13:34:16,2025-01-22,2025-01-23,2
21091876,2025-01-20,2025-01-20 13:56:51,2025-01-24,2025-04-20,75
21103486,2025-01-06,2025-01-06 13:30:43,2025-01-22,2025-01-26,5
21103486,2025-01-06,2025-01-06 14:00:47,2025-01-27,2025-04-06,58
21103486,2025-01-07,2025-01-07 13:32:35,2025-01-22,2025-04-07,64
21103486,2025-01-20,2025-01-20 13:29:15,2025-02-21,2025-03-06,9
21103486,2025-01-20,2025-01-20 14:23:30,2025-03-07,2025-04-20,32
21103807,2025-01-07,2025-01-07 13:30:32,2025-01-27,2025-01-27,1
21103807,2025-01-07,2025-01-07 14:25:00,2025-01-28,2025-04-07,70
21280090,2025-01-06,2025-01-06 13:33:45,2025-01-16,2025-04-06,50
21280090,2025-01-07,2025-01-07 13:30:07,2025-01-16,2025-02-17,7
21280090,2025-01-07,2025-01-07 13:53:13,2025-02-18,2025-03-12,18
21280090,2025-01-07,2025-01-07 14:24:10,2025-03-13,2025-04-07,26
21280090,2025-01-20,2025-01-20 14:11:13,2025-02-14,2025-02-14,1
21280090,2025-01-20,2025-01-20 14:23:06,2025-02-15,2025-02-18,4
21280090,2025-01-20,2025-01-20 14:23:13,2025-02-19,2025-02-23,3
21280090,2025-01-20,2025-01-20 14:32:48,2025-02-24,2025-03-07,7
21280090,2025-01-20,2025-01-20 14:44:34,2025-03-08,2025-03-11,4
21280090,2025-01-20,2025-01-20 14:57:41,2025-03-12,2025-04-20,38
21295667,2025-01-06,2025-01-06 14:10:33,2025-02-27,2025-04-06,39
21295667,2025-01-07,2025-01-07 13:31:04,2025-02-27,2025-04-07,40
21295667,2025-01-20,2025-01-20 13:35:08,2025-02-27,2025-03-03,5
21295667,2025-01-20,2025-01-20 13:57:39,2025-03-04,2025-04-20,48
21324331,2025-01-06,2025-01-06 14:21:18,2025-02-05,2025-03-10,29
21324331,2025-01-06,2025-01-06 14:36:53,2025-03-20,2025-03-24,5
21324331,2025-01-07,2025-01-07 13:33:43,2025-02-05,2025-03-24,34
21324331,2025-01-20,2025-01-20 14:25:30,2025-02-05,2025-02-09,5
21324331,2025-01-20,2025-01-20 14:34:39,2025-02-11,2025-03-24,20
21397811,2025-01-06,2025-01-06 14:00:38,2025-01-27,2025-04-06,58
21397811,2025-01-07,2025-01-07 13:31:12,2025-01-27,2025-04-07,59
21397811,2025-01-20,2025-01-20 13:29:21,2025-01-27,2025-02-13,10
21397811,2025-01-20,2025-01-20 13:53:26,2025-02-18,2025-02-18,1
21397811,2025-01-20,2025-01-20 14:11:36,2025-02-19,2025-02-19,1
21397811,2025-01-20,2025-01-20 14:23:41,2025-02-20,2025-02-20,1
21397811,2025-01-20,2025-01-20 14:32:38,2025-02-21,2025-03-01,9
21397811,2025-01-20,2025-01-20 14:48:24,2025-03-02,2025-03-06,5
21397811,2025-01-20,2025-01-20 14:51:35,2025-03-07,2025-03-08,2
21397811,2025-01-20,2025-01-20 14:54:32,2025-03-09,2025-04-16,39
21436592,2025-01-07,2025-01-07 14:06:41,2025-01-12,2025-03-31,67
21454457,2025-01-06,2025-01-06 13:29:59,2025-02-19,2025-04-02,6
21454457,2025-01-06,2025-01-06 14:31:01,2025-04-03,2025-04-06,4
21454457,2025-01-07,2025-01-07 14:03:10,2025-02-19,2025-04-07,11
21454457,2025-01-20,2025-01-20 13:58:13,2025-02-19,2025-04-20,8
21545686,2025-01-06,2025-01-06 13:31:37,2025-02-03,2025-02-11,9
21545686,2025-01-06,2025-01-06 14:03:15,2025-02-17,2025-04-06,49
21545686,2025-01-07,2025-01-07 13:31:11,2025-02-03,2025-04-07,59
21545686,2025-01-20,2025-01-20 14:11:27,2025-02-17,2025-02-20,4
21545686,2025-01-20,2025-01-20 14:26:49,2025-02-21,2025-04-20,59
21552865,2025-01-06,2025-01-06 13:31:38,2025-01-16,2025-03-05,29
21552865,2025-01-07,2025-01-07 13:31:12,2025-01-16,2025-03-05,29
21552865,2025-01-20,2025-01-20 13:30:50,2025-01-25,2025-02-09,3
21552865,2025-01-20,2025-01-20 13:57:32,2025-02-10,2025-02-15,6
21552865,2025-01-20,2025-01-20 14:40:41,2025-02-16,2025-03-05,18
21607605,2025-01-20,2025-01-20 14:23:20,2025-01-25,2025-04-17,47
21632405,2025-01-06,2025-01-06 13:29:42,2025-02-13,2025-03-17,15
21632405,2025-01-06,2025-01-06 13:52:35,2025-03-18,2025-03-19,2
21632405,2025-01-06,2025-01-06 14:08:10,2025-03-20,2025-04-05,17
21632405,2025-01-07,2025-01-07 13:30:47,2025-02-13,2025-04-06,35
21632405,2025-01-20,2025-01-20 13:34:33,2025-01-29,2025-01-29,1
21632405,2025-01-20,2025-01-20 14:23:43,2025-01-30,2025-01-31,2
21632405,2025-01-20,2025-01-20 14:39:07,2025-02-01,2025-04-13,44
21632405,2025-01-20,2025-01-20 14:48:51,2025-04-14,2025-04-16,3
21662762,2025-01-06,2025-01-06 13:53:39,2025-01-30,2025-02-01,3
21662762,2025-01-06,2025-01-06 14:13:50,2025-02-02,2025-02-14,3
21662762,2025-01-06,2025-01-06 14:25:33,2025-02-24,2025-04-06,23
21662762,2025-01-07,2025-01-07 13:32:24,2025-01-30,2025-02-03,5
21662762,2025-01-07,2025-01-07 14:04:23,2025-02-14,2025-02-25,3
21662762,2025-01-07,2025-01-07 14:27:17,2025-02-26,2025-03-12,6
21662762,2025-01-07,2025-01-07 14:38:27,2025-03-13,2025-04-07,16
21662762,2025-01-20,2025-01-20 13:57:27,2025-01-30,2025-04-17,31
21695053,2025-01-06,2025-01-06 13:34:53,2025-01-22,2025-03-14,45
21695053,2025-01-06,2025-01-06 13:56:13,2025-03-15,2025-04-06,23
21695053,2025-01-07,2025-01-07 13:34:43,2025-01-22,2025-03-25,56
21695053,2025-01-07,2025-01-07 14:08:32,2025-03-26,2025-04-07,13
21695053,2025-01-20,2025-01-20 13:29:50,2025-01-28,2025-04-20,76
21734892,2025-01-06,2025-01-06 13:32:11,2025-02-12,2025-04-06,54
21734892,2025-01-07,2025-01-07 13:53:24,2025-02-12,2025-02-12,1
21734892,2025-01-07,2025-01-07 14:08:01,2025-02-13,2025-04-07,54
21734892,2025-01-20,2025-01-20 14:11:14,2025-02-12,2025-02-28,8
21734892,2025-01-20,2025-01-20 14:23:14,2025-03-01,2025-03-03,3
21734892,2025-01-20,2025-01-20 14:34:53,2025-03-04,2025-04-20,48
21743476,2025-01-06,2025-01-06 13:30:31,2025-02-10,2025-02-23,14
21743476,2025-01-06,2025-01-06 14:00:32,2025-02-24,2025-02-27,4
21743476,2025-01-06,2025-01-06 14:23:18,2025-02-28,2025-03-01,2
21743476,2025-01-06,2025-01-06 14:36:57,2025-03-02,2025-03-02,1
21743476,2025-01-06,2025-01-06 14:48:27,2025-03-03,2025-04-06,35
21780661,2025-01-06,2025-01-06 13:31:22,2025-01-28,2025-01-28,1
21780661,2025-01-06,2025-01-06 14:25:43,2025-01-29,2025-04-06,62
22047595,2025-01-06,2025-01-06 14:08:20,2025-02-08,2025-04-06,46
22047595,2025-01-07,2025-01-07 13:30:53,2025-02-08,2025-04-07,47
22047595,2025-01-20,2025-01-20 13:34:39,2025-02-08,2025-02-11,4
22047595,2025-01-20,2025-01-20 14:01:34,2025-02-24,2025-02-27,4
22047595,2025-01-20,2025-01-20 14:13:04,2025-02-28,2025-03-03,4
22047595,2025-01-20,2025-01-20 14:45:19,2025-03-04,2025-03-08,5
22047595,2025-01-20,2025-01-20 14:51:54,2025-03-09,2025-04-20,43
22190101,2025-01-06,2025-01-06 13:31:30,2025-02-24,2025-03-19,14
22190101,2025-01-06,2025-01-06 13:52:12,2025-03-20,2025-03-20,1
22190101,2025-01-06,2025-01-06 14:24:39,2025-03-21,2025-03-22,2
22190101,2025-01-06,2025-01-06 14:37:57,2025-03-23,2025-03-23,1
22190101,2025-01-06,2025-01-06 14:48:17,2025-03-24,2025-04-06,14
22190101,2025-01-07,2025-01-07 13:31:07,2025-02-24,2025-04-07,33
22190101,2025-01-20,2025-01-20 13:34:23,2025-02-24,2025-03-16,11
22190101,2025-01-20,2025-01-20 13:57:23,2025-03-17,2025-04-20,35
22191680,2025-01-06,2025-01-06 13:34:26,2025-01-25,2025-01-25,1
22191680,2025-01-06,2025-01-06 14:33:12,2025-01-26,2025-04-06,68
22191680,2025-01-07,2025-01-07 13:33:06,2025-01-25,2025-04-07,70
22191680,2025-01-20,2025-01-20 14:04:48,2025-01-28,2025-02-20,16
22191680,2025-01-20,2025-01-20 14:25:04,2025-02-21,2025-02-21,1
22191680,2025-01-20,2025-01-20 14:41:35,2025-02-22,2025-04-17,52
22223346,2025-01-06,2025-01-06 14:03:07,2025-02-23,2025-03-01,7
22223346,2025-01-06,2025-01-06 14:24:28,2025-03-09,2025-04-06,21
22231120,2025-01-20,2025-01-20 13:31:27,2025-01-31,2025-02-01,2
22231120,2025-01-20,2025-01-20 14:03:28,2025-02-02,2025-02-02,1
22231120,2025-01-20,2025-01-20 14:24:18,2025-02-03,2025-02-04,2
22231120,2025-01-20,2025-01-20 14:38:53,2025-02-05,2025-02-05,1
22231120,2025-01-20,2025-01-20 14:56:41,2025-02-06,2025-04-20,74
22243318,2025-01-06,2025-01-06 13:33:35,2025-02-02,2025-04-06,38
22243318,2025-01-07,2025-01-07 13:33:53,2025-02-02,2025-04-07,39
22243318,2025-01-20,2025-01-20 13:29:15,2025-02-15,2025-02-17,3
22243318,2025-01-20,2025-01-20 14:12:49,2025-02-18,2025-04-20,31
22245880,2025-01-06,2025-01-06 13:34:41,2025-01-25,2025-01-25,1
22245880,2025-01-06,2025-01-06 14:11:18,2025-01-26,2025-04-02,45
22245880,2025-01-06,2025-01-06 14:23:57,2025-04-03,2025-04-06,4
22245880,2025-01-07,2025-01-07 13:33:54,2025-01-25,2025-04-07,51
22245880,2025-01-20,2025-01-20 14:22:32,2025-01-28,2025-04-20,69
22306996,2025-01-06,2025-01-06 14:01:51,2025-03-22,2025-04-06,16
22306996,2025-01-07,2025-01-07 14:19:35,2025-03-22,2025-04-07,17
22306996,2025-01-20,2025-01-20 14:32:18,2025-03-29,2025-03-30,2
22306996,2025-01-20,2025-01-20 14:39:19,2025-03-31,2025-04-20,21
22307401,2025-01-06,2025-01-06 14:24:43,2025-02-24,2025-02-27,4
22307401,2025-01-06,2025-01-06 14:46:54,2025-03-15,2025-04-06,23
22335276,2025-01-06,2025-01-06 13:30:51,2025-01-22,2025-02-01,4
22335276,2025-01-06,2025-01-06 14:02:26,2025-02-02,2025-04-05,63
22383070,2025-01-20,2025-01-20 14:25:23,2025-01-27,2025-04-20,40
22421016,2025-01-06,2025-01-06 13:31:31,2025-02-15,2025-02-18,4
22421016,2025-01-06,2025-01-06 14:07:55,2025-02-19,2025-02-21,3
22421016,2025-01-06,2025-01-06 14:24:21,2025-02-22,2025-02-23,2
22421016,2025-01-07,2025-01-07 13:31:09,2025-02-15,2025-02-23,9
22421016,2025-01-20,2025-01-20 13:57:04,2025-02-15,2025-02-23,9
22421421,2025-01-06,2025-01-06 13:34:51,2025-01-14,2025-01-15,2
22421421,2025-01-06,2025-01-06 14:04:46,2025-01-16,2025-04-06,40
22421421,2025-01-07,2025-01-07 13:30:23,2025-01-14,2025-02-19,11
22421421,2025-01-07,2025-01-07 13:54:07,2025-02-20,2025-04-02,27
22421421,2025-01-07,2025-01-07 14:21:00,2025-04-03,2025-04-03,1
22421421,2025-01-07,2025-01-07 14:30:17,2025-04-04,2025-04-05,2
22421421,2025-01-07,2025-01-07 14:47:00,2025-04-06,2025-04-07,2
22421421,2025-01-20,2025-01-20 13:29:12,2025-01-24,2025-01-24,1
22421421,2025-01-20,2025-01-20 13:55:49,2025-02-11,2025-04-20,45
22421606,2025-01-06,2025-01-06 13:34:51,2025-01-12,2025-01-19,2
22421606,2025-01-06,2025-01-06 14:25:26,2025-01-20,2025-03-05,15
22421606,2025-01-06,2025-01-06 14:37:41,2025-03-06,2025-03-12,2
22421606,2025-01-06,2025-01-06 14:52:33,2025-03-13,2025-03-14,2
22421606,2025-01-06,2025-01-06 14:56:06,2025-03-15,2025-03-27,6
22421606,2025-01-06,2025-01-06 14:59:40,2025-03-28,2025-04-06,10
22421606,2025-01-07,2025-01-07 13:30:24,2025-01-12,2025-02-04,4
22421606,2025-01-07,2025-01-07 14:07:15,2025-02-11,2025-02-13,3
22421606,2025-01-07,2025-01-07 14:19:39,2025-02-14,2025-04-07,36
22421606,2025-01-20,2025-01-20 13:53:09,2025-01-20,2025-04-17,40
22428497,2025-01-07,2025-01-07 13:30:44,2025-02-03,2025-03-05,8
22428497,2025-01-07,2025-01-07 14:25:16,2025-03-06,2025-03-13,8
22428497,2025-01-07,2025-01-07 14:46:41,2025-03-14,2025-04-06,24
22514231,2025-01-06,2025-01-06 13:31:17,2025-01-10,2025-01-10,1
22514231,2025-01-06,2025-01-06 14:03:53,2025-02-07,2025-02-07,1
22514231,2025-01-06,2025-01-06 14:38:07,2025-02-08,2025-03-07,10
22514231,2025-01-06,2025-01-06 14:47:04,2025-03-08,2025-03-08,1
22514231,2025-01-06,2025-01-06 14:54:00,2025-03-09,2025-04-06,23
22648075,2025-01-20,2025-01-20 13:30:49,2025-02-02,2025-02-04,3
22648075,2025-01-20,2025-01-20 14:02:55,2025-02-05,2025-04-16,62
22739656,2025-01-06,2025-01-06 14:02:33,2025-01-27,2025-02-14,6
22739656,2025-01-06,2025-01-06 14:12:16,2025-02-15,2025-04-06,51
22739656,2025-01-07,2025-01-07 13:34:41,2025-01-27,2025-03-02,22
22739656,2025-01-07,2025-01-07 13:53:16,2025-03-03,2025-04-07,36
22739656,2025-01-20,2025-01-20 13:29:15,2025-01-24,2025-02-15,10
22739656,2025-01-20,2025-01-20 13:53:21,2025-02-16,2025-02-23,8
22739656,2025-01-20,2025-01-20 14:25:45,2025-02-24,2025-03-10,7
22739656,2025-01-20,2025-01-20 14:37:44,2025-03-11,2025-04-20,41
22810332,2025-01-06,2025-01-06 13:32:22,2025-02-15,2025-04-06,51
22810332,2025-01-07,2025-01-07 14:07:40,2025-02-15,2025-03-06,20
22810332,2025-01-07,2025-01-07 14:21:56,2025-03-07,2025-04-07,32
22810332,2025-01-20,2025-01-20 13:29:37,2025-02-15,2025-02-16,2
22810332,2025-01-20,2025-01-20 14:24:06,2025-02-17,2025-02-18,2
22810332,2025-01-20,2025-01-20 14:33:13,2025-02-19,2025-03-03,13
22810332,2025-01-20,2025-01-20 14:39:53,2025-03-04,2025-04-20,48
22901902,2025-01-06,2025-01-06 13:33:55,2025-01-19,2025-01-29,11
22901902,2025-01-06,2025-01-06 13:53:57,2025-01-30,2025-01-30,1
22901902,2025-01-06,2025-01-06 14:10:42,2025-01-31,2025-02-11,12
22901902,2025-01-06,2025-01-06 14:24:56,2025-02-12,2025-04-06,54
22901902,2025-01-07,2025-01-07 14:03:02,2025-01-19,2025-03-07,48
22901902,2025-01-07,2025-01-07 14:24:54,2025-03-08,2025-04-07,31
22901902,2025-01-20,2025-01-20 13:29:23,2025-01-30,2025-01-30,1
22901902,2025-01-20,2025-01-20 14:13:41,2025-01-31,2025-04-20,80
23023313,2025-01-06,2025-01-06 14:07:51,2025-01-22,2025-04-05,54
23023313,2025-01-07,2025-01-07 13:31:09,2025-01-22,2025-04-06,55
23023313,2025-01-20,2025-01-20 13:35:18,2025-01-22,2025-01-31,7
23023313,2025-01-20,2025-01-20 13:57:39,2025-02-01,2025-02-02,2
23023313,2025-01-20,2025-01-20 14:13:38,2025-02-20,2025-02-22,3
23023313,2025-01-20,2025-01-20 14:25:25,2025-02-23,2025-02-25,3
23023313,2025-01-20,2025-01-20 14:34:35,2025-02-26,2025-04-19,53
23068512,2025-01-07,2025-01-07 14:25:55,2025-01-13,2025-02-27,19
23078040,2025-01-20,2025-01-20 14:02:06,2025-02-09,2025-02-28,7
23078040,2025-01-20,2025-01-20 14:22:31,2025-03-04,2025-03-15,12
23078040,2025-01-20,2025-01-20 14:49:22,2025-03-16,2025-03-19,4
23078040,2025-01-20,2025-01-20 14:55:12,2025-03-20,2025-04-19,31
23108026,2025-01-06,2025-01-06 13:31:18,2025-01-07,2025-01-28,6
23108026,2025-01-06,2025-01-06 14:02:29,2025-01-29,2025-01-29,1
23108026,2025-01-06,2025-01-06 14:38:24,2025-01-30,2025-02-06,8
23108026,2025-01-06,2025-01-06 14:47:39,2025-02-07,2025-04-06,59
23263225,2025-01-20,2025-01-20 13:33:32,2025-01-24,2025-02-03,11
23299596,2025-01-06,2025-01-06 13:31:50,2025-01-15,2025-02-06,17
23299596,2025-01-06,2025-01-06 14:03:36,2025-02-18,2025-03-28,19
23343001,2025-01-06,2025-01-06 14:02:33,2025-01-20,2025-01-26,7
23343001,2025-01-06,2025-01-06 14:12:37,2025-01-27,2025-02-21,26
23343001,2025-01-06,2025-01-06 14:26:20,2025-02-22,2025-03-31,38
23343001,2025-01-07,2025-01-07 13:31:18,2025-01-20,2025-03-31,71
23343001,2025-01-20,2025-01-20 13:29:36,2025-01-22,2025-01-23,2
23343001,2025-01-20,2025-01-20 14:23:59,2025-01-24,2025-01-26,3
23343001,2025-01-20,2025-01-20 14:33:30,2025-01-27,2025-02-08,13
23343001,2025-01-20,2025-01-20 14:44:56,2025-02-09,2025-03-31,51
23390752,2025-01-07,2025-01-07 14:04:01,2025-01-20,2025-01-21,2
23390752,2025-01-07,2025-01-07 14:25:26,2025-01-22,2025-04-07,76
23779860,2025-01-20,2025-01-20 13:30:51,2025-01-25,2025-01-31,7
23779860,2025-01-20,2025-01-20 14:22:33,2025-03-24,2025-03-28,5
23779860,2025-01-20,2025-01-20 14:50:54,2025-03-29,2025-04-17,20
23787711,2025-01-06,2025-01-06 14:01:30,2025-01-06,2025-04-05,90
24171739,2025-01-06,2025-01-06 13:32:40,2025-03-22,2025-04-05,15
24171739,2025-01-07,2025-01-07 13:33:51,2025-03-22,2025-04-06,16
24171739,2025-01-20,2025-01-20 13:29:34,2025-03-01,2025-04-01,10
24171739,2025-01-20,2025-01-20 13:53:53,2025-04-02,2025-04-04,3
24171739,2025-01-20,2025-01-20 14:12:29,2025-04-05,2025-04-16,12
25104649,2025-01-06,2025-01-06 14:08:41,2025-01-06,2025-04-06,56
25104649,2025-01-07,2025-01-07 13:31:38,2025-01-28,2025-04-07,56
25165914,2025-01-06,2025-01-06 13:35:27,2025-01-08,2025-04-06,73
25165914,2025-01-07,2025-01-07 13:31:21,2025-01-08,2025-04-07,74
25165914,2025-01-20,2025-01-20 14:11:52,2025-01-21,2025-02-04,10
25165914,2025-01-20,2025-01-20 14:25:55,2025-02-05,2025-02-06,2
25165914,2025-01-20,2025-01-20 14:40:57,2025-02-07,2025-04-20,73
25918412,2025-01-07,2025-01-07 14:02:46,2025-02-03,2025-02-08,6
25918412,2025-01-07,2025-01-07 14:38:57,2025-02-09,2025-04-07,58
26026295,2025-01-06,2025-01-06 13:53:53,2025-01-21,2025-04-06,22
26026295,2025-01-07,2025-01-07 13:31:52,2025-01-21,2025-04-07,23
26026295,2025-01-20,2025-01-20 13:53:33,2025-01-21,2025-01-22,2
26026295,2025-01-20,2025-01-20 14:11:56,2025-02-12,2025-03-06,8
26026295,2025-01-20,2025-01-20 14:32:58,2025-03-26,2025-04-01,7
26026295,2025-01-20,2025-01-20 14:39:40,2025-04-02,2025-04-11,10
26197944,2025-01-06,2025-01-06 14:09:51,2025-02-05,2025-03-31,55
26197944,2025-01-07,2025-01-07 13:31:40,2025-02-05,2025-03-31,45
26197944,2025-01-20,2025-01-20 13:36:13,2025-02-05,2025-03-06,13
26197944,2025-01-20,2025-01-20 14:15:07,2025-03-07,2025-03-08,2
26197944,2025-01-20,2025-01-20 14:35:10,2025-03-09,2025-04-20,43
26334990,2025-01-06,2025-01-06 14:31:37,2025-01-31,2025-02-03,4
26334990,2025-01-06,2025-01-06 14:37:25,2025-02-04,2025-04-06,49
26334990,2025-01-07,2025-01-07 13:31:50,2025-01-31,2025-04-07,54
26334990,2025-01-20,2025-01-20 14:23:56,2025-01-31,2025-02-01,2
26334990,2025-01-20,2025-01-20 14:41:48,2025-02-02,2025-04-20,46
26570136,2025-01-06,2025-01-06 13:35:03,2025-01-16,2025-01-30,7
26570136,2025-01-06,2025-01-06 13:55:47,2025-01-31,2025-02-11,6
26570136,2025-01-06,2025-01-06 14:04:37,2025-02-12,2025-02-20,9
26570136,2025-01-06,2025-01-06 14:46:54,2025-02-21,2025-04-06,45
26570136,2025-01-07,2025-01-07 13:34:12,2025-01-16,2025-04-07,68
26570136,2025-01-20,2025-01-20 13:31:01,2025-02-02,2025-02-04,3
26570136,2025-01-20,2025-01-20 13:54:23,2025-02-10,2025-02-12,3
26570136,2025-01-20,2025-01-20 14:12:34,2025-02-17,2025-02-17,1
26570136,2025-01-20,2025-01-20 14:24:45,2025-02-18,2025-02-23,6
26570136,2025-01-20,2025-01-20 14:46:17,2025-02-24,2025-04-20,50
26708551,2025-01-06,2025-01-06 14:26:28,2025-01-14,2025-02-16,10
26708551,2025-01-06,2025-01-06 14:34:16,2025-02-17,2025-04-06,47
26708551,2025-01-07,2025-01-07 13:35:39,2025-01-14,2025-03-04,25
26708551,2025-01-07,2025-01-07 13:57:51,2025-03-05,2025-04-07,33
26708551,2025-01-20,2025-01-20 13:31:02,2025-02-02,2025-02-09,5
26708551,2025-01-20,2025-01-20 14:25:02,2025-02-16,2025-02-19,4
26708551,2025-01-20,2025-01-20 14:53:20,2025-02-20,2025-04-20,51
26839303,2025-01-06,2025-01-06 13:29:46,2025-01-24,2025-01-26,3
26839303,2025-01-06,2025-01-06 14:10:27,2025-01-27,2025-04-06,38
26839303,2025-01-07,2025-01-07 14:11:15,2025-01-24,2025-01-24,1
26839303,2025-01-07,2025-01-07 14:22:37,2025-01-25,2025-01-30,6
26839303,2025-01-07,2025-01-07 14:38:17,2025-01-31,2025-02-03,4
26839303,2025-01-07,2025-01-07 14:43:29,2025-02-04,2025-04-07,31
26839303,2025-01-20,2025-01-20 13:35:14,2025-01-26,2025-01-30,5
26839303,2025-01-20,2025-01-20 13:57:14,2025-01-31,2025-04-17,41
26895628,2025-01-06,2025-01-06 13:55:43,2025-02-13,2025-04-06,30
26895628,2025-01-07,2025-01-07 13:31:38,2025-02-13,2025-04-07,31
26895628,2025-01-20,2025-01-20 13:35:21,2025-02-17,2025-02-17,1
26895628,2025-01-20,2025-01-20 14:36:46,2025-02-18,2025-04-16,35
26898492,2025-01-07,2025-01-07 13:32:36,2025-02-13,2025-04-07,38
27022969,2025-01-06,2025-01-06 13:29:49,2025-01-08,2025-01-10,3
27022969,2025-01-06,2025-01-06 13:52:50,2025-01-11,2025-01-11,1
27022969,2025-01-06,2025-01-06 14:21:35,2025-01-12,2025-02-28,48
27022969,2025-01-07,2025-01-07 13:34:54,2025-01-09,2025-02-28,51
27022969,2025-01-20,2025-01-20 14:15:51,2025-01-21,2025-03-08,47
27201205,2025-01-06,2025-01-06 14:12:47,2025-01-23,2025-04-04,23
27201205,2025-01-06,2025-01-06 14:25:12,2025-04-05,2025-04-06,2
27201205,2025-01-07,2025-01-07 13:31:52,2025-01-23,2025-04-07,26
27201205,2025-01-20,2025-01-20 14:23:49,2025-02-26,2025-03-30,7
27201205,2025-01-20,2025-01-20 14:50:18,2025-03-31,2025-04-14,15
27201205,2025-01-20,2025-01-20 14:50:48,2025-04-15,2025-04-16,2
27338096,2025-01-06,2025-01-06 13:32:01,2025-01-08,2025-01-10,3
27338096,2025-01-06,2025-01-06 14:03:57,2025-01-11,2025-01-13,3
27338096,2025-01-06,2025-01-06 14:27:07,2025-01-14,2025-04-06,83
27704027,2025-01-06,2025-01-06 13:55:05,2025-01-27,2025-04-06,70
27704027,2025-01-07,2025-01-07 13:34:53,2025-01-27,2025-01-27,1
27704027,2025-01-07,2025-01-07 14:04:22,2025-01-28,2025-03-24,56
27704027,2025-01-07,2025-01-07 14:27:50,2025-03-25,2025-04-07,14
27704027,2025-01-20,2025-01-20 13:29:29,2025-01-28,2025-02-02,6
27704027,2025-01-20,2025-01-20 13:53:43,2025-02-03,2025-02-09,7
27704027,2025-01-20,2025-01-20 14:13:27,2025-02-10,2025-02-12,3
27704027,2025-01-20,2025-01-20 14:25:52,2025-02-13,2025-02-14,2
27704027,2025-01-20,2025-01-20 14:41:13,2025-02-15,2025-02-24,10
27704027,2025-01-20,2025-01-20 14:45:46,2025-02-25,2025-04-20,51
27718978,2025-01-06,2025-01-06 13:29:46,2025-03-09,2025-03-29,5
27718978,2025-01-06,2025-01-06 13:52:46,2025-03-30,2025-04-02,4
27718978,2025-01-06,2025-01-06 14:10:16,2025-04-03,2025-04-06,4
27718978,2025-01-07,2025-01-07 14:22:16,2025-03-09,2025-03-09,1
27718978,2025-01-07,2025-01-07 14:31:06,2025-03-10,2025-03-31,6
27718978,2025-01-07,2025-01-07 14:47:30,2025-04-01,2025-04-03,3
27718978,2025-01-07,2025-01-07 14:53:20,2025-04-04,2025-04-07,4
27718978,2025-01-20,2025-01-20 13:58:55,2025-03-29,2025-04-17,14
27910707,2025-01-07,2025-01-07 13:34:20,2025-01-14,2025-04-06,81
27981528,2025-01-06,2025-01-06 13:34:19,2025-01-15,2025-01-15,1
27981528,2025-01-06,2025-01-06 14:10:28,2025-01-16,2025-01-16,1
27981528,2025-01-06,2025-01-06 14:26:10,2025-01-17,2025-03-05,48
27981528,2025-01-07,2025-01-07 13:33:21,2025-01-16,2025-03-05,49
27981528,2025-01-20,2025-01-20 13:29:29,2025-01-21,2025-01-22,2
27981528,2025-01-20,2025-01-20 13:53:34,2025-02-01,2025-04-20,44
28071688,2025-01-06,2025-01-06 13:34:22,2025-02-28,2025-02-28,1
28071688,2025-01-06,2025-01-06 14:10:28,2025-03-01,2025-03-02,2
28071688,2025-01-06,2025-01-06 14:22:53,2025-03-03,2025-03-03,1
28071688,2025-01-06,2025-01-06 14:32:17,2025-03-04,2025-03-20,9
28071688,2025-01-06,2025-01-06 14:39:13,2025-03-21,2025-04-05,16
28071688,2025-01-07,2025-01-07 13:33:45,2025-02-28,2025-04-07,30
28071688,2025-01-20,2025-01-20 14:11:50,2025-02-28,2025-04-19,41
28075525,2025-01-06,2025-01-06 13:52:53,2025-02-26,2025-04-05,28
28075525,2025-01-07,2025-01-07 13:35:03,2025-02-26,2025-02-26,1
28075525,2025-01-07,2025-01-07 14:09:58,2025-02-27,2025-03-20,11
28075525,2025-01-07,2025-01-07 14:30:24,2025-03-21,2025-03-26,6
28075525,2025-01-07,2025-01-07 14:37:37,2025-03-27,2025-04-06,11
28075525,2025-01-20,2025-01-20 13:35:27,2025-03-24,2025-03-24,1
28075525,2025-01-20,2025-01-20 14:13:50,2025-03-25,2025-03-31,7
28075525,2025-01-20,2025-01-20 14:26:38,2025-04-01,2025-04-09,9
28075525,2025-01-20,2025-01-20 14:40:17,2025-04-16,2025-04-19,4
28155872,2025-01-07,2025-01-07 14:06:31,2025-03-13,2025-04-06,25
28160414,2025-01-06,2025-01-06 13:35:06,2025-02-19,2025-02-19,1
28160414,2025-01-06,2025-01-06 13:54:28,2025-02-20,2025-02-24,5
28160414,2025-01-06,2025-01-06 14:14:06,2025-02-25,2025-04-06,41
28160414,2025-01-07,2025-01-07 13:31:52,2025-02-19,2025-04-07,48
28160414,2025-01-20,2025-01-20 13:56:08,2025-02-19,2025-03-09,15
28160414,2025-01-20,2025-01-20 14:13:10,2025-03-10,2025-04-20,42
28366360,2025-01-06,2025-01-06 13:35:23,2025-01-10,2025-01-23,2
28366360,2025-01-06,2025-01-06 13:57:42,2025-01-24,2025-04-06,57
28366360,2025-01-07,2025-01-07 13:34:43,2025-01-10,2025-01-30,9
28366360,2025-01-07,2025-01-07 13:53:12,2025-01-31,2025-02-01,2
28366360,2025-01-07,2025-01-07 14:20:21,2025-02-02,2025-02-02,1
28366360,2025-01-07,2025-01-07 14:29:57,2025-02-03,2025-04-07,48
28366360,2025-01-20,2025-01-20 14:33:29,2025-01-23,2025-01-27,5
28366360,2025-01-20,2025-01-20 14:40:54,2025-01-28,2025-02-01,5
28366360,2025-01-20,2025-01-20 14:45:58,2025-02-02,2025-02-02,1
28366360,2025-01-20,2025-01-20 14:53:02,2025-02-03,2025-04-20,55
28410850,2025-01-06,2025-01-06 13:55:17,2025-03-15,2025-03-15,1
28410850,2025-01-06,2025-01-06 14:23:56,2025-03-16,2025-03-16,1
28410850,2025-01-06,2025-01-06 14:32:53,2025-03-17,2025-03-17,1
28410850,2025-01-06,2025-01-06 14:47:36,2025-03-18,2025-03-19,2
28410850,2025-01-06,2025-01-06 14:53:03,2025-03-20,2025-04-05,17
28410850,2025-01-07,2025-01-07 13:31:26,2025-03-15,2025-04-06,23
28410850,2025-01-20,2025-01-20 14:11:54,2025-01-26,2025-01-27,2
28410850,2025-01-20,2025-01-20 14:33:08,2025-01-28,2025-02-07,9
28410850,2025-01-20,2025-01-20 14:39:44,2025-02-08,2025-04-19,65
28429135,2025-01-20,2025-01-20 13:35:09,2025-02-17,2025-04-20,63
28932247,2025-01-06,2025-01-06 13:35:02,2025-02-04,2025-02-08,5
28932247,2025-01-06,2025-01-06 13:54:20,2025-02-09,2025-02-10,2
28932247,2025-01-06,2025-01-06 14:32:21,2025-02-11,2025-04-06,42
28932247,2025-01-07,2025-01-07 14:04:28,2025-02-04,2025-02-04,1
28932247,2025-01-07,2025-01-07 14:27:24,2025-02-05,2025-04-07,49
28987242,2025-01-07,2025-01-07 13:33:33,2025-03-01,2025-04-07,19
28987242,2025-01-20,2025-01-20 13:33:13,2025-03-01,2025-04-16,28
29008738,2025-01-06,2025-01-06 13:55:11,2025-01-15,2025-01-17,3
29008738,2025-01-06,2025-01-06 14:23:54,2025-01-31,2025-02-24,11
29008738,2025-01-06,2025-01-06 14:33:01,2025-02-25,2025-02-25,1
29008738,2025-01-06,2025-01-06 14:43:25,2025-02-26,2025-04-06,30
29008738,2025-01-07,2025-01-07 13:31:25,2025-01-15,2025-04-07,46
29008738,2025-01-20,2025-01-20 13:33:13,2025-01-31,2025-04-17,45
29114516,2025-01-06,2025-01-06 14:12:05,2025-02-17,2025-03-21,6
29114516,2025-01-06,2025-01-06 14:24:31,2025-03-22,2025-04-06,16
29114516,2025-01-07,2025-01-07 13:34:36,2025-02-17,2025-04-07,23
29114516,2025-01-20,2025-01-20 14:35:17,2025-02-17,2025-04-20,36
29145061,2025-01-06,2025-01-06 13:35:27,2025-01-08,2025-04-05,56
29302246,2025-01-06,2025-01-06 13:32:37,2025-01-22,2025-04-06,58
29341170,2025-01-20,2025-01-20 13:37:06,2025-01-29,2025-02-09,8
29341170,2025-01-20,2025-01-20 14:06:14,2025-02-22,2025-02-28,7
29341170,2025-01-20,2025-01-20 14:56:57,2025-03-01,2025-03-31,31
2951220,2025-01-20,2025-01-20 13:36:57,2025-01-26,2025-01-30,5
2951220,2025-01-20,2025-01-20 14:05:56,2025-01-31,2025-02-07,8
2951220,2025-01-20,2025-01-20 14:26:05,2025-02-08,2025-04-20,72
29739100,2025-01-07,2025-01-07 13:31:59,2025-01-22,2025-04-07,76
29739100,2025-01-20,2025-01-20 14:04:31,2025-01-31,2025-01-31,1
29739100,2025-01-20,2025-01-20 14:39:10,2025-02-01,2025-03-09,26
29739100,2025-01-20,2025-01-20 14:45:20,2025-03-10,2025-03-27,18
29739100,2025-01-20,2025-01-20 14:49:45,2025-03-28,2025-04-20,24
29761442,2025-01-06,2025-01-06 13:34:47,2025-02-09,2025-02-10,2
29761442,2025-01-06,2025-01-06 14:10:38,2025-02-11,2025-03-12,7
29761442,2025-01-06,2025-01-06 14:23:16,2025-03-13,2025-03-14,2
29761442,2025-01-07,2025-01-07 13:31:26,2025-02-09,2025-02-10,2
29761442,2025-01-07,2025-01-07 14:06:11,2025-02-11,2025-03-14,9
29761442,2025-01-20,2025-01-20 13:30:37,2025-02-16,2025-03-14,6
29800671,2025-01-06,2025-01-06 14:03:56,2025-01-21,2025-01-21,1
29800671,2025-01-06,2025-01-06 14:11:01,2025-02-06,2025-02-06,1
29800671,2025-01-06,2025-01-06 14:26:50,2025-02-07,2025-03-07,29
29800671,2025-01-07,2025-01-07 13:33:57,2025-01-21,2025-03-07,31
29800671,2025-01-20,2025-01-20 13:34:08,2025-01-21,2025-04-20,75
29870406,2025-01-06,2025-01-06 14:04:48,2025-01-09,2025-01-13,5
29870406,2025-01-06,2025-01-06 14:23:37,2025-01-14,2025-01-15,2
29870406,2025-01-06,2025-01-06 14:32:51,2025-01-26,2025-01-27,2
29870406,2025-01-06,2025-01-06 14:38:23,2025-01-28,2025-01-28,1
29870406,2025-01-06,2025-01-06 14:49:01,2025-01-29,2025-04-06,66
29870406,2025-01-07,2025-01-07 13:36:06,2025-01-09,2025-01-27,9
29870406,2025-01-07,2025-01-07 13:55:27,2025-01-28,2025-04-07,68
29870406,2025-01-20,2025-01-20 14:12:10,2025-01-26,2025-01-30,5
29870406,2025-01-20,2025-01-20 14:33:15,2025-01-31,2025-01-31,1
29870406,2025-01-20,2025-01-20 14:42:25,2025-02-01,2025-04-16,59
30032994,2025-01-06,2025-01-06 13:29:53,2025-01-17,2025-01-19,3
30032994,2025-01-06,2025-01-06 14:10:58,2025-01-20,2025-04-05,53
30032994,2025-01-07,2025-01-07 13:31:42,2025-01-17,2025-04-06,57
30032994,2025-01-20,2025-01-20 13:35:55,2025-02-03,2025-02-04,2
30032994,2025-01-20,2025-01-20 13:59:24,2025-02-05,2025-02-06,2
30032994,2025-01-20,2025-01-20 14:15:06,2025-02-07,2025-02-07,1
30032994,2025-01-20,2025-01-20 14:27:31,2025-02-16,2025-03-31,26
30085847,2025-01-06,2025-01-06 14:11:13,2025-01-08,2025-04-06,74
30085847,2025-01-07,2025-01-07 13:31:59,2025-01-07,2025-04-07,76
30085847,2025-01-20,2025-01-20 13:29:55,2025-01-29,2025-01-30,2
30085847,2025-01-20,2025-01-20 13:54:13,2025-01-31,2025-04-20,63
30098696,2025-01-06,2025-01-06 13:32:11,2025-01-23,2025-02-01,10
30105402,2025-01-06,2025-01-06 13:54:19,2025-01-20,2025-01-21,2
30105402,2025-01-06,2025-01-06 14:11:05,2025-01-22,2025-01-30,9
30105402,2025-01-06,2025-01-06 14:23:34,2025-01-31,2025-01-31,1
30105402,2025-01-06,2025-01-06 14:40:35,2025-02-01,2025-04-06,65
30105402,2025-01-07,2025-01-07 13:32:19,2025-01-20,2025-04-07,78
30105402,2025-01-20,2025-01-20 13:29:55,2025-01-21,2025-01-22,2
30105402,2025-01-20,2025-01-20 13:55:44,2025-01-23,2025-04-20,85
30153564,2025-01-06,2025-01-06 14:21:46,2025-02-03,2025-04-05,40
30153564,2025-01-07,2025-01-07 13:31:44,2025-02-03,2025-04-07,42
30153564,2025-01-20,2025-01-20 13:35:47,2025-02-13,2025-02-27,5
30153564,2025-01-20,2025-01-20 13:58:48,2025-02-28,2025-02-28,1
30153564,2025-01-20,2025-01-20 14:14:20,2025-03-01,2025-04-20,38
30209117,2025-01-07,2025-01-07 13:31:53,2025-01-21,2025-03-31,42
30271062,2025-01-07,2025-01-07 13:30:59,2025-01-22,2025-01-22,1
30271062,2025-01-07,2025-01-07 14:04:12,2025-01-23,2025-01-24,2
30271062,2025-01-07,2025-01-07 14:44:38,2025-01-25,2025-01-27,3
30271062,2025-01-07,2025-01-07 14:58:00,2025-01-28,2025-04-07,70
30332330,2025-01-06,2025-01-06 13:54:34,2025-01-27,2025-02-02,7
30332330,2025-01-06,2025-01-06 14:11:22,2025-02-10,2025-02-10,1
30332330,2025-01-06,2025-01-06 14:24:01,2025-02-11,2025-04-06,38
30332330,2025-01-07,2025-01-07 13:32:20,2025-01-27,2025-04-07,47
30332330,2025-01-20,2025-01-20 13:35:42,2025-02-10,2025-02-10,1
30332330,2025-01-20,2025-01-20 14:26:37,2025-02-11,2025-02-24,4
30332330,2025-01-20,2025-01-20 14:40:09,2025-02-25,2025-03-11,5
30332330,2025-01-20,2025-01-20 14:56:33,2025-03-12,2025-04-16,36
30354217,2025-01-07,2025-01-07 14:04:40,2025-01-18,2025-01-29,2
30354217,2025-01-07,2025-01-07 14:26:12,2025-01-30,2025-03-17,4
30354217,2025-01-07,2025-01-07 14:38:40,2025-03-18,2025-04-07,21
30402651,2025-01-06,2025-01-06 13:34:28,2025-01-07,2025-03-31,63
30402651,2025-01-07,2025-01-07 13:32:06,2025-01-11,2025-03-31,59
30402651,2025-01-20,2025-01-20 13:30:42,2025-01-22,2025-03-31,48
30491733,2025-01-06,2025-01-06 13:35:56,2025-01-27,2025-02-01,6
30491733,2025-01-06,2025-01-06 13:59:31,2025-02-09,2025-04-06,42
30491733,2025-01-07,2025-01-07 13:33:01,2025-01-27,2025-04-07,49
30491733,2025-01-20,2025-01-20 13:30:36,2025-02-18,2025-04-20,48
30493854,2025-01-06,2025-01-06 13:56:37,2025-02-19,2025-03-31,41
30493854,2025-01-07,2025-01-07 13:33:38,2025-02-19,2025-03-31,41
30493854,2025-01-20,2025-01-20 13:30:37,2025-02-28,2025-03-31,32
30494198,2025-01-06,2025-01-06 13:35:16,2025-01-06,2025-01-07,2
30494198,2025-01-06,2025-01-06 14:27:05,2025-01-08,2025-01-08,1
30494198,2025-01-06,2025-01-06 14:40:09,2025-01-09,2025-01-24,6
30494198,2025-01-06,2025-01-06 14:44:35,2025-01-25,2025-02-01,3
30494198,2025-01-06,2025-01-06 14:49:45,2025-02-02,2025-02-02,1
30494198,2025-01-06,2025-01-06 14:50:55,2025-02-03,2025-04-05,62
30494198,2025-01-07,2025-01-07 13:33:44,2025-01-07,2025-01-09,3
30494198,2025-01-07,2025-01-07 14:07:20,2025-01-20,2025-01-20,1
30494198,2025-01-07,2025-01-07 14:36:53,2025-01-21,2025-01-24,4
30494198,2025-01-07,2025-01-07 14:42:28,2025-01-25,2025-04-06,67
30494198,2025-01-20,2025-01-20 13:30:43,2025-01-26,2025-04-19,59
30519162,2025-01-07,2025-01-07 13:34:00,2025-01-07,2025-04-07,91
30560948,2025-01-06,2025-01-06 13:55:06,2025-01-14,2025-01-19,6
30560948,2025-01-06,2025-01-06 14:32:35,2025-01-20,2025-01-27,8
30560948,2025-01-06,2025-01-06 14:38:03,2025-01-28,2025-01-30,3
30560948,2025-01-06,2025-01-06 14:43:10,2025-01-31,2025-03-19,36
30560948,2025-01-06,2025-01-06 14:46:37,2025-03-20,2025-03-20,1
30560948,2025-01-06,2025-01-06 14:50:03,2025-03-21,2025-03-22,2
30560948,2025-01-06,2025-01-06 14:51:27,2025-03-23,2025-03-23,1
30560948,2025-01-06,2025-01-06 14:53:06,2025-03-24,2025-03-24,1
30560948,2025-01-06,2025-01-06 14:55:31,2025-03-25,2025-04-06,13
30560948,2025-01-07,2025-01-07 13:35:36,2025-01-14,2025-04-07,72
30560948,2025-01-20,2025-01-20 13:32:29,2025-02-01,2025-04-20,67
30617740,2025-01-20,2025-01-20 13:34:50,2025-02-09,2025-04-20,71
30756202,2025-01-07,2025-01-07 13:36:36,2025-01-11,2025-01-24,4
30756202,2025-01-07,2025-01-07 14:09:08,2025-01-25,2025-03-14,49
30756202,2025-01-07,2025-01-07 14:28:33,2025-03-15,2025-04-06,23
30785010,2025-01-06,2025-01-06 13:35:14,2025-01-10,2025-02-19,5
30785010,2025-01-06,2025-01-06 13:58:24,2025-02-20,2025-02-27,8
30785010,2025-01-06,2025-01-06 14:14:42,2025-02-28,2025-04-06,31
30785010,2025-01-07,2025-01-07 13:32:27,2025-01-10,2025-02-24,10
30785010,2025-01-07,2025-01-07 14:07:23,2025-02-25,2025-02-25,1
30785010,2025-01-07,2025-01-07 14:19:52,2025-02-26,2025-04-07,34
30785010,2025-01-20,2025-01-20 13:34:21,2025-02-17,2025-04-20,50
30795921,2025-01-06,2025-01-06 13:35:04,2025-03-16,2025-04-06,22
30910938,2025-01-06,2025-01-06 13:34:58,2025-02-15,2025-02-15,1
30910938,2025-01-06,2025-01-06 13:54:09,2025-02-16,2025-04-06,41
30910938,2025-01-07,2025-01-07 13:52:41,2025-02-15,2025-02-20,6
30910938,2025-01-07,2025-01-07 14:07:18,2025-02-21,2025-04-07,37
30910938,2025-01-20,2025-01-20 13:33:43,2025-02-15,2025-04-17,51
30910938,2025-01-20,2025-01-20 13:54:43,2025-04-18,2025-04-20,3
30922946,2025-01-06,2025-01-06 13:32:15,2025-01-12,2025-03-04,38
30922946,2025-01-06,2025-01-06 14:05:35,2025-03-05,2025-03-05,1
30922946,2025-01-06,2025-01-06 14:27:21,2025-03-06,2025-04-06,32
31055581,2025-01-06,2025-01-06 13:35:48,2025-02-15,2025-02-15,1
31055581,2025-01-06,2025-01-06 14:03:48,2025-02-16,2025-02-18,3
31055581,2025-01-06,2025-01-06 14:11:54,2025-02-19,2025-02-22,4
31055581,2025-01-06,2025-01-06 14:25:56,2025-02-23,2025-02-27,5
31055581,2025-01-06,2025-01-06 14:36:53,2025-03-06,2025-04-06,32
31055581,2025-01-07,2025-01-07 13:33:21,2025-02-15,2025-04-07,46
31055581,2025-01-20,2025-01-20 13:30:37,2025-01-23,2025-04-20,69
31059537,2025-01-06,2025-01-06 13:33:46,2025-01-11,2025-04-06,68
31059537,2025-01-07,2025-01-07 13:34:46,2025-01-11,2025-04-07,54
31059537,2025-01-20,2025-01-20 13:35:36,2025-01-23,2025-02-22,5
31059537,2025-01-20,2025-01-20 13:58:25,2025-02-23,2025-04-16,53
31069380,2025-01-06,2025-01-06 13:33:47,2025-01-14,2025-03-09,21
31069380,2025-01-07,2025-01-07 13:34:46,2025-01-14,2025-03-09,21
31069380,2025-01-20,2025-01-20 13:35:37,2025-02-10,2025-02-12,3
31069380,2025-01-20,2025-01-20 14:00:54,2025-02-13,2025-03-09,16
31084342,2025-01-07,2025-01-07 13:33:07,2025-01-13,2025-04-07,53
31115702,2025-01-07,2025-01-07 13:31:29,2025-02-02,2025-02-08,7
31115702,2025-01-07,2025-01-07 14:05:22,2025-02-09,2025-03-05,6
31115702,2025-01-07,2025-01-07 14:29:02,2025-03-06,2025-04-07,33
31122806,2025-01-06,2025-01-06 13:36:06,2025-01-07,2025-01-31,25
31141252,2025-01-07,2025-01-07 13:31:20,2025-02-17,2025-04-07,38
31167122,2025-01-07,2025-01-07 13:31:18,2025-01-13,2025-01-13,1
31167122,2025-01-07,2025-01-07 14:04:34,2025-01-14,2025-04-02,79
31167122,2025-01-07,2025-01-07 14:27:56,2025-04-03,2025-04-07,5
31169655,2025-01-20,2025-01-20 14:41:11,2025-01-30,2025-04-20,65
31278015,2025-01-20,2025-01-20 13:36:16,2025-02-24,2025-02-25,2
31278015,2025-01-20,2025-01-20 14:04:54,2025-02-26,2025-02-27,2
31278015,2025-01-20,2025-01-20 14:39:02,2025-02-28,2025-03-14,15
31278015,2025-01-20,2025-01-20 14:50:14,2025-03-15,2025-04-12,29
31278015,2025-01-20,2025-01-20 14:56:32,2025-04-13,2025-04-20,8
31284638,2025-01-06,2025-01-06 13:31:52,2025-01-31,2025-03-01,20
31284638,2025-01-07,2025-01-07 13:33:40,2025-01-31,2025-04-06,27
31284638,2025-01-20,2025-01-20 13:35:43,2025-01-31,2025-02-02,3
31284638,2025-01-20,2025-01-20 13:58:38,2025-02-13,2025-04-03,21
31284638,2025-01-20,2025-01-20 14:14:21,2025-04-04,2025-04-04,1
31284638,2025-01-20,2025-01-20 14:25:48,2025-04-05,2025-04-07,3
31284638,2025-01-20,2025-01-20 14:34:51,2025-04-08,2025-04-19,12
31380471,2025-01-06,2025-01-06 13:35:25,2025-01-16,2025-04-06,64
31380471,2025-01-07,2025-01-07 13:33:19,2025-01-16,2025-04-07,65
31380471,2025-01-20,2025-01-20 13:35:39,2025-02-06,2025-02-26,4
31380471,2025-01-20,2025-01-20 14:14:13,2025-02-27,2025-03-03,5
31380471,2025-01-20,2025-01-20 14:41:08,2025-03-04,2025-03-24,21
31380471,2025-01-20,2025-01-20 14:45:54,2025-03-25,2025-03-27,3
31380471,2025-01-20,2025-01-20 14:52:08,2025-03-28,2025-04-20,24
31397917,2025-01-07,2025-01-07 13:31:37,2025-01-30,2025-03-18,15
31430342,2025-01-07,2025-01-07 13:36:02,2025-02-08,2025-02-11,4
31430342,2025-01-07,2025-01-07 14:07:55,2025-02-12,2025-04-07,55
31441134,2025-01-07,2025-01-07 14:10:48,2025-01-07,2025-01-10,4
31441134,2025-01-07,2025-01-07 14:42:41,2025-01-11,2025-03-16,65
31441134,2025-01-07,2025-01-07 14:49:51,2025-03-17,2025-04-06,21
31441134,2025-01-20,2025-01-20 13:35:50,2025-01-20,2025-01-30,11
31441134,2025-01-20,2025-01-20 13:58:54,2025-01-31,2025-03-19,48
31441134,2025-01-20,2025-01-20 14:14:53,2025-03-20,2025-03-21,2
31441134,2025-01-20,2025-01-20 14:26:01,2025-03-22,2025-04-19,29
31454750,2025-01-20,2025-01-20 13:32:30,2025-01-20,2025-02-08,11
31454750,2025-01-20,2025-01-20 14:24:09,2025-02-09,2025-02-11,3
31454750,2025-01-20,2025-01-20 14:48:21,2025-02-12,2025-02-13,2
31454750,2025-01-20,2025-01-20 14:54:35,2025-02-14,2025-02-14,1
31454750,2025-01-20,2025-01-20 14:58:22,2025-02-15,2025-04-05,42
31511990,2025-01-20,2025-01-20 14:25:54,2025-01-25,2025-01-28,4
31511990,2025-01-20,2025-01-20 14:49:12,2025-01-29,2025-04-20,82
31530689,2025-01-06,2025-01-06 13:29:55,2025-01-17,2025-02-12,17
31530689,2025-01-06,2025-01-06 13:53:13,2025-02-13,2025-02-15,3
31530689,2025-01-06,2025-01-06 14:23:33,2025-02-16,2025-04-06,50
31530689,2025-01-07,2025-01-07 13:35:00,2025-01-19,2025-02-06,9
31530689,2025-01-07,2025-01-07 13:53:55,2025-02-07,2025-02-09,3
31530689,2025-01-07,2025-01-07 14:20:38,2025-02-10,2025-04-07,57
31530689,2025-01-20,2025-01-20 13:35:56,2025-01-26,2025-01-29,4
31530689,2025-01-20,2025-01-20 13:59:28,2025-01-30,2025-01-30,1
31530689,2025-01-20,2025-01-20 14:16:57,2025-01-31,2025-04-20,69
31543199,2025-01-06,2025-01-06 13:31:20,2025-02-27,2025-04-06,30
31543199,2025-01-07,2025-01-07 13:55:02,2025-02-27,2025-04-07,31
31543199,2025-01-20,2025-01-20 13:35:39,2025-02-27,2025-02-28,2
31543199,2025-01-20,2025-01-20 14:14:13,2025-03-01,2025-04-20,42
31560419,2025-01-06,2025-01-06 14:27:23,2025-02-04,2025-04-05,33
31560419,2025-01-07,2025-01-07 13:34:44,2025-02-04,2025-02-04,1
31560419,2025-01-07,2025-01-07 13:53:47,2025-02-05,2025-02-09,5
31560419,2025-01-07,2025-01-07 14:08:31,2025-03-10,2025-03-16,7
31560419,2025-01-07,2025-01-07 14:37:23,2025-03-17,2025-03-24,8
31560419,2025-01-07,2025-01-07 14:43:02,2025-03-25,2025-03-26,2
31560419,2025-01-07,2025-01-07 14:47:13,2025-03-27,2025-04-06,11
31560419,2025-01-20,2025-01-20 13:30:47,2025-03-10,2025-04-19,41
31682871,2025-01-06,2025-01-06 14:04:19,2025-01-30,2025-02-28,10
31682871,2025-01-06,2025-01-06 14:25:44,2025-03-01,2025-03-05,5
31682871,2025-01-06,2025-01-06 14:46:51,2025-03-06,2025-03-08,3
31682871,2025-01-06,2025-01-06 14:53:12,2025-03-09,2025-03-31,23
31682871,2025-01-07,2025-01-07 13:53:47,2025-01-30,2025-02-26,8
31682871,2025-01-07,2025-01-07 14:47:02,2025-02-27,2025-03-31,33
31682871,2025-01-20,2025-01-20 13:30:48,2025-02-11,2025-03-31,38
31859744,2025-01-06,2025-01-06 14:21:52,2025-02-03,2025-02-14,12
31859744,2025-01-06,2025-01-06 14:33:30,2025-02-15,2025-04-06,51
31859744,2025-01-07,2025-01-07 13:53:42,2025-02-03,2025-02-09,7
31859744,2025-01-07,2025-01-07 14:08:30,2025-02-10,2025-02-11,2
31859744,2025-01-07,2025-01-07 14:22:59,2025-02-12,2025-04-07,55
31859744,2025-01-20,2025-01-20 13:35:50,2025-02-11,2025-02-11,1
31859744,2025-01-20,2025-01-20 13:58:46,2025-02-12,2025-02-13,2
31859744,2025-01-20,2025-01-20 14:14:20,2025-02-14,2025-04-20,66
31945494,2025-01-06,2025-01-06 13:34:32,2025-02-03,2025-04-06,59
31945494,2025-01-07,2025-01-07 13:34:56,2025-02-03,2025-02-17,8
31945494,2025-01-07,2025-01-07 14:22:18,2025-02-18,2025-04-07,45
31945494,2025-01-20,2025-01-20 14:27:40,2025-02-16,2025-04-17,53
31972121,2025-01-06,2025-01-06 13:33:21,2025-01-30,2025-04-06,59
32134287,2025-01-07,2025-01-07 13:33:38,2025-01-07,2025-04-07,84
32185033,2025-01-06,2025-01-06 13:32:09,2025-01-25,2025-04-06,33
32185033,2025-01-07,2025-01-07 13:33:40,2025-01-25,2025-04-07,34
32185033,2025-01-20,2025-01-20 14:14:20,2025-01-29,2025-04-14,37
32234626,2025-01-06,2025-01-06 13:35:44,2025-02-03,2025-03-06,7
32234626,2025-01-06,2025-01-06 13:55:31,2025-03-07,2025-03-13,7
32234626,2025-01-06,2025-01-06 14:11:52,2025-03-14,2025-03-17,4
32234626,2025-01-06,2025-01-06 14:24:14,2025-03-18,2025-03-18,1
32234626,2025-01-06,2025-01-06 14:35:56,2025-03-19,2025-03-27,9
32234626,2025-01-06,2025-01-06 14:52:44,2025-03-28,2025-04-06,10
32371924,2025-01-06,2025-01-06 13:30:47,2025-01-25,2025-04-06,20
32371924,2025-01-07,2025-01-07 14:31:32,2025-01-25,2025-04-07,21
32371924,2025-01-20,2025-01-20 13:35:54,2025-03-20,2025-04-19,31
32443120,2025-01-20,2025-01-20 13:35:33,2025-02-25,2025-02-25,1
32443120,2025-01-20,2025-01-20 14:04:15,2025-02-26,2025-03-09,12
32486859,2025-01-06,2025-01-06 13:35:29,2025-01-10,2025-03-06,9
32486859,2025-01-06,2025-01-06 13:57:15,2025-03-07,2025-04-06,31
32486859,2025-01-07,2025-01-07 13:34:44,2025-01-10,2025-02-24,5
32486859,2025-01-07,2025-01-07 13:53:57,2025-02-25,2025-03-10,8
32486859,2025-01-07,2025-01-07 14:22:45,2025-03-11,2025-04-07,28
32486859,2025-01-20,2025-01-20 13:34:25,2025-02-15,2025-03-09,10
32486859,2025-01-20,2025-01-20 13:54:59,2025-03-10,2025-03-16,7
32486859,2025-01-20,2025-01-20 14:25:57,2025-03-17,2025-04-16,31
32585103,2025-01-06,2025-01-06 13:55:03,2025-01-28,2025-04-06,48
32585103,2025-01-07,2025-01-07 14:09:45,2025-01-28,2025-04-07,49
32585103,2025-01-20,2025-01-20 13:30:53,2025-02-16,2025-04-15,38
32592683,2025-01-06,2025-01-06 13:35:20,2025-01-22,2025-02-10,4
32592683,2025-01-06,2025-01-06 14:11:39,2025-02-11,2025-02-11,1
32592683,2025-01-06,2025-01-06 14:36:07,2025-02-12,2025-02-23,5
32592683,2025-01-06,2025-01-06 14:40:38,2025-02-24,2025-04-06,25
32592683,2025-01-07,2025-01-07 13:52:46,2025-01-22,2025-02-10,4
32592683,2025-01-07,2025-01-07 14:11:04,2025-02-11,2025-04-07,32
32592683,2025-01-20,2025-01-20 13:30:53,2025-01-22,2025-04-20,56
32600458,2025-01-06,2025-01-06 13:36:24,2025-01-19,2025-03-31,37
32600458,2025-01-06,2025-01-06 14:12:25,2025-04-01,2025-04-01,1
32600458,2025-01-06,2025-01-06 14:24:51,2025-04-02,2025-04-06,5
32600458,2025-01-07,2025-01-07 13:52:51,2025-01-19,2025-01-21,3
32600458,2025-01-07,2025-01-07 14:07:36,2025-01-22,2025-01-22,1
32600458,2025-01-07,2025-01-07 14:20:06,2025-01-23,2025-02-21,4
32600458,2025-01-07,2025-01-07 14:44:30,2025-02-22,2025-04-07,36
32600458,2025-01-20,2025-01-20 13:35:45,2025-03-04,2025-03-20,11
32600458,2025-01-20,2025-01-20 13:58:49,2025-03-21,2025-03-22,2
32600458,2025-01-20,2025-01-20 14:53:18,2025-03-23,2025-03-23,1
32600458,2025-01-20,2025-01-20 14:54:58,2025-03-24,2025-04-16,24
32606991,2025-01-06,2025-01-06 13:35:28,2025-01-24,2025-01-29,6
32606991,2025-01-06,2025-01-06 13:55:17,2025-01-30,2025-01-30,1
32606991,2025-01-06,2025-01-06 14:11:39,2025-01-31,2025-02-02,3
32606991,2025-01-06,2025-01-06 14:26:39,2025-02-13,2025-04-06,53
32606991,2025-01-07,2025-01-07 13:34:41,2025-01-24,2025-02-13,11
32606991,2025-01-07,2025-01-07 13:53:06,2025-02-14,2025-04-07,53
32606991,2025-01-20,2025-01-20 13:33:41,2025-01-24,2025-04-20,61
3263701,2025-01-06,2025-01-06 13:33:10,2025-02-08,2025-04-06,22
3263701,2025-01-20,2025-01-20 13:35:49,2025-02-08,2025-02-15,8
3263701,2025-01-20,2025-01-20 14:27:39,2025-02-16,2025-04-10,18
32697747,2025-01-07,2025-01-07 13:36:04,2025-01-29,2025-04-07,34
32766950,2025-01-20,2025-01-20 13:35:32,2025-01-21,2025-01-25,5
32766950,2025-01-20,2025-01-20 14:04:58,2025-03-09,2025-03-15,7
32766950,2025-01-20,2025-01-20 14:27:08,2025-03-16,2025-04-20,36
32990586,2025-01-06,2025-01-06 13:35:33,2025-01-27,2025-04-06,70
32990586,2025-01-07,2025-01-07 13:54:03,2025-01-27,2025-01-28,2
32990586,2025-01-07,2025-01-07 14:37:22,2025-01-29,2025-01-30,2
32990586,2025-01-07,2025-01-07 14:43:01,2025-01-31,2025-02-06,7
32990586,2025-01-07,2025-01-07 14:47:15,2025-02-07,2025-04-07,60
32990586,2025-01-20,2025-01-20 13:35:42,2025-01-26,2025-04-20,67
33336758,2025-01-06,2025-01-06 13:35:54,2025-02-12,2025-03-20,19
33336758,2025-01-06,2025-01-06 14:30:17,2025-03-21,2025-04-05,16
33336758,2025-01-07,2025-01-07 13:34:49,2025-02-12,2025-02-26,7
33336758,2025-01-07,2025-01-07 13:53:15,2025-02-27,2025-02-27,1
33336758,2025-01-07,2025-01-07 14:07:52,2025-02-28,2025-03-09,10
33336758,2025-01-07,2025-01-07 14:21:31,2025-03-20,2025-03-21,2
33336758,2025-01-07,2025-01-07 14:30:32,2025-03-22,2025-04-06,16
33336758,2025-01-20,2025-01-20 13:30:51,2025-02-12,2025-03-31,30
34218930,2025-01-06,2025-01-06 13:30:53,2025-01-27,2025-04-05,44
34218930,2025-01-07,2025-01-07 13:52:58,2025-01-27,2025-04-06,45
34218930,2025-01-20,2025-01-20 13:36:49,2025-01-27,2025-02-11,6
34218930,2025-01-20,2025-01-20 14:06:29,2025-02-12,2025-02-28,11
34218930,2025-01-20,2025-01-20 14:39:56,2025-03-01,2025-03-07,7
34218930,2025-01-20,2025-01-20 14:55:24,2025-03-17,2025-03-21,5
34218930,2025-01-20,2025-01-20 14:59:04,2025-03-22,2025-04-19,29
34540951,2025-01-06,2025-01-06 13:36:04,2025-01-30,2025-02-02,4
34540951,2025-01-06,2025-01-06 13:58:15,2025-02-03,2025-04-06,52
34540951,2025-01-07,2025-01-07 13:53:16,2025-01-30,2025-04-01,51
34540951,2025-01-07,2025-01-07 14:10:07,2025-04-02,2025-04-07,6
34540951,2025-01-20,2025-01-20 13:33:30,2025-02-13,2025-04-20,62
34866449,2025-01-06,2025-01-06 13:31:54,2025-01-18,2025-04-06,59
34866449,2025-01-07,2025-01-07 13:52:56,2025-01-18,2025-01-19,2
34866449,2025-01-07,2025-01-07 14:07:30,2025-02-17,2025-04-07,46
34866449,2025-01-20,2025-01-20 13:58:50,2025-02-17,2025-02-17,1
34866449,2025-01-20,2025-01-20 14:25:49,2025-02-18,2025-04-20,58
35481220,2025-01-06,2025-01-06 13:32:47,2025-01-07,2025-03-31,84
35481220,2025-01-07,2025-01-07 13:35:04,2025-01-08,2025-01-11,4
35481220,2025-01-07,2025-01-07 13:53:34,2025-01-12,2025-03-31,79
35481220,2025-01-20,2025-01-20 13:36:49,2025-01-21,2025-01-26,6
35481220,2025-01-20,2025-01-20 14:05:37,2025-01-27,2025-03-31,54
35826155,2025-01-20,2025-01-20 13:37:36,2025-04-01,2025-04-20,20
35912580,2025-01-20,2025-01-20 13:37:55,2025-03-05,2025-03-06,2
35912580,2025-01-20,2025-01-20 14:06:59,2025-03-07,2025-04-20,36
35934720,2025-01-20,2025-01-20 13:38:02,2025-02-28,2025-03-02,3
35934720,2025-01-20,2025-01-20 14:26:35,2025-03-03,2025-03-09,7
36032020,2025-01-06,2025-01-06 14:34:18,2025-02-20,2025-04-06,16
36032020,2025-01-07,2025-01-07 13:35:47,2025-02-20,2025-03-30,9
36032020,2025-01-07,2025-01-07 13:54:55,2025-03-31,2025-04-02,3
36032020,2025-01-07,2025-01-07 14:10:17,2025-04-03,2025-04-07,5
36032020,2025-01-20,2025-01-20 14:27:33,2025-03-09,2025-04-15,17
36632832,2025-01-06,2025-01-06 13:35:28,2025-01-15,2025-02-02,5
36632832,2025-01-06,2025-01-06 13:55:16,2025-02-03,2025-02-06,4
36632832,2025-01-06,2025-01-06 14:11:40,2025-02-07,2025-02-07,1
36632832,2025-01-06,2025-01-06 14:23:56,2025-02-08,2025-02-13,6
36632832,2025-01-06,2025-01-06 14:32:53,2025-02-14,2025-02-18,5
36632832,2025-01-06,2025-01-06 14:38:29,2025-02-19,2025-02-26,8
36632832,2025-01-06,2025-01-06 14:43:34,2025-02-27,2025-04-06,31
36632832,2025-01-07,2025-01-07 13:35:15,2025-01-15,2025-02-03,6
36632832,2025-01-07,2025-01-07 14:37:51,2025-02-04,2025-02-09,6
36632832,2025-01-07,2025-01-07 14:45:09,2025-02-10,2025-04-07,49
36632832,2025-01-20,2025-01-20 13:34:01,2025-02-02,2025-04-20,70
36698654,2025-01-06,2025-01-06 13:35:29,2025-01-18,2025-01-18,1
36698654,2025-01-06,2025-01-06 13:55:25,2025-01-19,2025-01-29,11
36698654,2025-01-06,2025-01-06 14:15:40,2025-01-30,2025-02-05,7
36698654,2025-01-06,2025-01-06 14:26:47,2025-02-06,2025-02-27,22
36698654,2025-01-06,2025-01-06 14:35:11,2025-02-28,2025-04-06,38
36908385,2025-01-06,2025-01-06 13:35:06,2025-02-24,2025-03-31,23
36908385,2025-01-07,2025-01-07 13:54:34,2025-02-24,2025-03-17,11
36908385,2025-01-07,2025-01-07 14:24:38,2025-03-18,2025-03-31,9
36908385,2025-01-20,2025-01-20 13:36:41,2025-02-15,2025-03-31,19
37118794,2025-01-06,2025-01-06 13:31:00,2025-02-26,2025-04-06,40
37118794,2025-01-07,2025-01-07 13:35:16,2025-02-08,2025-02-15,8
37118794,2025-01-07,2025-01-07 13:56:51,2025-02-26,2025-04-07,41
37118794,2025-01-20,2025-01-20 13:40:16,2025-02-08,2025-04-20,62
37153670,2025-01-20,2025-01-20 13:35:17,2025-01-25,2025-04-19,53
37347085,2025-01-06,2025-01-06 13:31:02,2025-01-19,2025-04-06,76
37347085,2025-01-07,2025-01-07 13:54:06,2025-01-19,2025-01-19,1
37347085,2025-01-07,2025-01-07 14:20:46,2025-01-20,2025-04-07,76
37347085,2025-01-20,2025-01-20 14:05:08,2025-01-21,2025-01-22,2
37347085,2025-01-20,2025-01-20 14:25:47,2025-01-25,2025-01-28,4
37347085,2025-01-20,2025-01-20 14:39:28,2025-01-29,2025-01-30,2
37347085,2025-01-20,2025-01-20 14:54:50,2025-01-31,2025-04-20,80
37487828,2025-01-06,2025-01-06 13:35:34,2025-01-15,2025-01-25,3
37487828,2025-01-06,2025-01-06 13:56:33,2025-01-26,2025-01-27,2
37487828,2025-01-06,2025-01-06 14:27:55,2025-02-25,2025-04-06,30
37487828,2025-01-07,2025-01-07 13:35:17,2025-01-15,2025-01-15,1
37487828,2025-01-07,2025-01-07 13:53:56,2025-01-24,2025-03-02,10
37487828,2025-01-07,2025-01-07 14:20:38,2025-03-03,2025-04-07,25
37487828,2025-01-20,2025-01-20 13:31:34,2025-01-24,2025-04-20,43
37494985,2025-01-06,2025-01-06 13:35:53,2025-01-16,2025-01-19,4
37494985,2025-01-06,2025-01-06 13:56:22,2025-01-31,2025-04-06,66
37494985,2025-01-07,2025-01-07 13:54:52,2025-01-16,2025-01-19,4
37494985,2025-01-07,2025-01-07 14:21:23,2025-01-31,2025-02-14,15
37494985,2025-01-07,2025-01-07 14:30:33,2025-02-15,2025-04-07,52
37494985,2025-01-20,2025-01-20 14:41:15,2025-02-01,2025-02-01,1
37494985,2025-01-20,2025-01-20 14:53:29,2025-02-02,2025-02-21,20
37494985,2025-01-20,2025-01-20 14:59:24,2025-02-22,2025-02-23,2
37494985,2025-01-20,2025-01-20 15:02:05,2025-02-24,2025-04-20,56
37708447,2025-01-06,2025-01-06 13:36:07,2025-02-16,2025-02-28,7
37708447,2025-01-06,2025-01-06 14:00:30,2025-03-01,2025-04-06,23
37708447,2025-01-07,2025-01-07 13:36:17,2025-02-16,2025-02-17,2
37708447,2025-01-07,2025-01-07 13:54:29,2025-02-24,2025-03-28,19
37708447,2025-01-07,2025-01-07 14:07:30,2025-03-29,2025-03-30,2
37708447,2025-01-07,2025-01-07 14:27:42,2025-03-31,2025-04-03,4
37708447,2025-01-07,2025-01-07 14:45:40,2025-04-04,2025-04-07,4
37708447,2025-01-20,2025-01-20 13:31:34,2025-02-16,2025-04-20,39
37744392,2025-01-07,2025-01-07 13:35:01,2025-01-19,2025-02-15,28
37744392,2025-01-07,2025-01-07 14:05:15,2025-02-16,2025-04-07,51
37989675,2025-01-20,2025-01-20 14:06:50,2025-01-30,2025-04-20,63
38262480,2025-01-06,2025-01-06 13:32:14,2025-01-31,2025-02-26,27
38262480,2025-01-07,2025-01-07 13:35:13,2025-01-31,2025-02-01,2
38262480,2025-01-07,2025-01-07 13:54:06,2025-02-02,2025-02-08,7
38262480,2025-01-07,2025-01-07 14:09:07,2025-02-09,2025-02-26,18
38262480,2025-01-20,2025-01-20 14:06:55,2025-02-03,2025-02-26,24
38319706,2025-01-06,2025-01-06 13:59:02,2025-01-13,2025-04-06,64
38319706,2025-01-07,2025-01-07 13:53:24,2025-01-13,2025-01-13,1
38319706,2025-01-07,2025-01-07 14:09:19,2025-01-27,2025-04-07,64
38319706,2025-01-20,2025-01-20 13:34:20,2025-01-27,2025-04-20,79
38447436,2025-01-06,2025-01-06 13:35:52,2025-01-10,2025-01-10,1
38447436,2025-01-06,2025-01-06 14:04:46,2025-01-11,2025-01-11,1
38447436,2025-01-06,2025-01-06 14:29:02,2025-01-12,2025-04-06,85
38447436,2025-01-07,2025-01-07 13:35:05,2025-01-10,2025-01-11,2
38447436,2025-01-07,2025-01-07 13:53:35,2025-01-12,2025-01-19,8
38447436,2025-01-07,2025-01-07 14:20:59,2025-01-20,2025-04-07,78
38447436,2025-01-20,2025-01-20 13:32:27,2025-01-20,2025-04-20,91
38514587,2025-01-06,2025-01-06 13:33:28,2025-01-19,2025-04-06,78
38514587,2025-01-07,2025-01-07 13:37:11,2025-01-19,2025-01-19,1
38514587,2025-01-07,2025-01-07 14:38:55,2025-01-20,2025-01-29,10
38514587,2025-01-07,2025-01-07 14:46:16,2025-01-30,2025-02-09,11
38514587,2025-01-07,2025-01-07 14:48:28,2025-02-10,2025-03-10,29
38514587,2025-01-07,2025-01-07 14:53:59,2025-03-11,2025-04-07,28
38514587,2025-01-20,2025-01-20 13:37:00,2025-01-21,2025-04-20,90
38616586,2025-01-06,2025-01-06 13:36:36,2025-02-23,2025-03-15,16
38616586,2025-01-06,2025-01-06 14:05:32,2025-03-16,2025-03-17,2
38616586,2025-01-06,2025-01-06 14:30:16,2025-03-18,2025-04-06,20
38638326,2025-01-06,2025-01-06 13:37:09,2025-01-24,2025-01-24,1
38638326,2025-01-06,2025-01-06 14:07:29,2025-01-25,2025-04-06,65
38638326,2025-01-07,2025-01-07 13:35:40,2025-01-24,2025-01-26,3
38638326,2025-01-07,2025-01-07 14:09:58,2025-01-27,2025-01-27,1
38638326,2025-01-07,2025-01-07 14:21:15,2025-01-28,2025-04-07,63
38638326,2025-01-20,2025-01-20 14:26:49,2025-01-30,2025-01-30,1
38638326,2025-01-20,2025-01-20 14:35:36,2025-01-31,2025-01-31,1
38638326,2025-01-20,2025-01-20 14:45:53,2025-02-01,2025-04-20,63
38693604,2025-01-06,2025-01-06 13:32:03,2025-01-21,2025-04-06,71
38693604,2025-01-07,2025-01-07 14:11:27,2025-01-21,2025-04-07,43
38693604,2025-01-20,2025-01-20 13:36:39,2025-01-21,2025-04-20,54
38695314,2025-01-06,2025-01-06 13:35:30,2025-01-12,2025-03-23,34
38695314,2025-01-06,2025-01-06 13:59:25,2025-03-24,2025-04-06,14
38695314,2025-01-07,2025-01-07 13:54:02,2025-01-12,2025-01-24,8
38695314,2025-01-07,2025-01-07 14:12:25,2025-01-25,2025-04-07,41
38695314,2025-01-20,2025-01-20 13:35:30,2025-02-06,2025-04-20,53
38730549,2025-01-06,2025-01-06 13:35:51,2025-01-19,2025-02-04,8
38730549,2025-01-06,2025-01-06 13:56:29,2025-02-05,2025-04-06,56
38730549,2025-01-07,2025-01-07 14:13:25,2025-01-19,2025-02-10,14
38730549,2025-01-07,2025-01-07 14:25:03,2025-02-11,2025-02-12,2
38730549,2025-01-07,2025-01-07 14:33:34,2025-02-13,2025-04-07,49
38730549,2025-01-20,2025-01-20 13:33:56,2025-01-30,2025-04-20,64
38800430,2025-01-06,2025-01-06 13:34:25,2025-02-08,2025-04-06,33
38800430,2025-01-07,2025-01-07 13:35:06,2025-02-08,2025-02-08,1
38800430,2025-01-07,2025-01-07 13:54:35,2025-02-09,2025-03-02,10
38800430,2025-01-07,2025-01-07 14:30:23,2025-03-03,2025-04-07,23
38800430,2025-01-20,2025-01-20 13:38:39,2025-02-08,2025-02-09,2
38800430,2025-01-20,2025-01-20 14:05:07,2025-02-10,2025-03-18,11
38852725,2025-01-06,2025-01-06 13:35:50,2025-01-26,2025-04-06,48
38852725,2025-01-07,2025-01-07 13:35:07,2025-01-26,2025-01-28,3
38852725,2025-01-07,2025-01-07 13:53:41,2025-01-29,2025-02-13,7
38852725,2025-01-07,2025-01-07 14:10:29,2025-02-21,2025-04-07,39
38852725,2025-01-20,2025-01-20 13:41:07,2025-01-26,2025-03-15,26
38852725,2025-01-20,2025-01-20 14:07:43,2025-03-16,2025-04-20,36
38899673,2025-01-06,2025-01-06 13:31:41,2025-01-23,2025-04-05,64
38899673,2025-01-07,2025-01-07 13:35:12,2025-01-23,2025-01-28,6
38899673,2025-01-07,2025-01-07 14:27:20,2025-01-29,2025-01-30,2
38899673,2025-01-07,2025-01-07 14:36:32,2025-01-31,2025-04-06,57
38899673,2025-01-20,2025-01-20 13:36:58,2025-01-23,2025-04-19,78
38957661,2025-01-06,2025-01-06 13:36:33,2025-02-03,2025-02-06,4
38957661,2025-01-06,2025-01-06 14:40:04,2025-02-07,2025-04-06,35
38957661,2025-01-07,2025-01-07 13:35:07,2025-02-03,2025-02-07,5
38957661,2025-01-07,2025-01-07 13:53:40,2025-02-08,2025-04-07,35
38957661,2025-01-20,2025-01-20 13:40:31,2025-01-22,2025-04-20,43
38980085,2025-01-06,2025-01-06 13:54:03,2025-01-25,2025-03-17,52
38980085,2025-01-06,2025-01-06 14:24:12,2025-03-18,2025-04-06,20
38980085,2025-01-07,2025-01-07 14:11:33,2025-01-13,2025-02-11,22
38980085,2025-01-07,2025-01-07 14:31:38,2025-02-12,2025-02-14,3
38980085,2025-01-07,2025-01-07 14:38:32,2025-02-15,2025-02-20,6
38980085,2025-01-07,2025-01-07 14:47:31,2025-02-21,2025-03-04,12
38980085,2025-01-07,2025-01-07 14:50:07,2025-03-05,2025-04-07,34
38980085,2025-01-20,2025-01-20 13:36:52,2025-02-03,2025-02-04,2
38980085,2025-01-20,2025-01-20 15:01:39,2025-02-05,2025-02-09,5
38980085,2025-01-20,2025-01-20 15:04:42,2025-02-10,2025-02-14,5
38980085,2025-01-20,2025-01-20 15:05:09,2025-02-15,2025-02-15,1
38980085,2025-01-20,2025-01-20 15:05:38,2025-02-16,2025-02-20,5
38980085,2025-01-20,2025-01-20 15:07:47,2025-02-21,2025-04-20,59
38998610,2025-01-20,2025-01-20 13:36:41,2025-01-22,2025-01-24,3
38998610,2025-01-20,2025-01-20 14:05:22,2025-01-25,2025-04-20,65
39007372,2025-01-06,2025-01-06 13:39:55,2025-01-16,2025-02-21,37
39007372,2025-01-06,2025-01-06 14:12:59,2025-02-22,2025-04-06,44
39007372,2025-01-07,2025-01-07 13:35:12,2025-01-16,2025-01-17,2
39007372,2025-01-07,2025-01-07 13:53:29,2025-01-18,2025-01-18,1
39007372,2025-01-07,2025-01-07 14:30:21,2025-01-19,2025-01-20,2
39007372,2025-01-07,2025-01-07 14:37:37,2025-01-21,2025-01-21,1
39007372,2025-01-07,2025-01-07 14:49:51,2025-01-22,2025-01-25,4
39007372,2025-01-07,2025-01-07 14:52:47,2025-01-26,2025-01-30,5
39007372,2025-01-07,2025-01-07 14:54:11,2025-01-31,2025-02-11,12
39007372,2025-01-07,2025-01-07 14:57:28,2025-02-12,2025-04-07,55
39007372,2025-01-20,2025-01-20 13:31:51,2025-01-23,2025-04-20,88
39051477,2025-01-06,2025-01-06 13:33:47,2025-01-19,2025-04-06,78
39051477,2025-01-07,2025-01-07 13:39:38,2025-01-19,2025-01-20,2
39051477,2025-01-07,2025-01-07 14:08:35,2025-01-21,2025-01-21,1
39051477,2025-01-07,2025-01-07 14:49:58,2025-01-22,2025-04-07,76
39051477,2025-01-20,2025-01-20 13:40:58,2025-01-20,2025-01-31,12
39051477,2025-01-20,2025-01-20 14:01:42,2025-02-01,2025-04-20,79
39059902,2025-01-07,2025-01-07 14:06:09,2025-01-10,2025-01-17,8
39059902,2025-01-07,2025-01-07 14:28:54,2025-01-18,2025-04-07,70
39109062,2025-01-06,2025-01-06 14:16:30,2025-01-29,2025-02-12,11
39109062,2025-01-06,2025-01-06 14:29:16,2025-02-13,2025-04-06,49
39109062,2025-01-07,2025-01-07 14:07:17,2025-01-29,2025-02-06,5
39109062,2025-01-07,2025-01-07 14:48:50,2025-02-07,2025-02-08,2
39109062,2025-01-07,2025-01-07 14:51:21,2025-02-09,2025-02-13,5
39109062,2025-01-07,2025-01-07 14:53:48,2025-02-14,2025-04-07,49
39109062,2025-01-20,2025-01-20 13:34:09,2025-01-29,2025-04-20,74
39145712,2025-01-06,2025-01-06 13:33:12,2025-02-07,2025-03-24,28
39145712,2025-01-07,2025-01-07 13:37:11,2025-02-07,2025-02-11,5
39145712,2025-01-07,2025-01-07 13:54:05,2025-02-13,2025-03-07,11
39145712,2025-01-07,2025-01-07 14:11:10,2025-03-08,2025-03-24,12
39145712,2025-01-20,2025-01-20 13:37:19,2025-02-21,2025-02-26,6
39145712,2025-01-20,2025-01-20 13:59:32,2025-03-07,2025-03-07,1
39145712,2025-01-20,2025-01-20 14:26:22,2025-03-08,2025-03-14,7
39145712,2025-01-20,2025-01-20 14:49:52,2025-03-20,2025-03-24,5
39316910,2025-01-20,2025-01-20 13:36:48,2025-03-05,2025-03-08,4
39316910,2025-01-20,2025-01-20 14:05:29,2025-04-04,2025-04-20,11
39363955,2025-01-07,2025-01-07 13:35:15,2025-02-03,2025-02-19,8
39363955,2025-01-07,2025-01-07 14:08:51,2025-02-20,2025-04-07,36
39363955,2025-01-20,2025-01-20 13:37:29,2025-02-03,2025-04-20,57
39394196,2025-01-06,2025-01-06 13:37:03,2025-03-15,2025-03-18,4
39394196,2025-01-06,2025-01-06 14:07:18,2025-03-19,2025-03-23,5
39394196,2025-01-06,2025-01-06 14:30:17,2025-03-24,2025-04-06,14
39394644,2025-01-06,2025-01-06 14:10:56,2025-01-21,2025-01-21,1
39394644,2025-01-06,2025-01-06 14:23:22,2025-01-22,2025-01-23,2
39394644,2025-01-06,2025-01-06 14:32:00,2025-01-24,2025-04-06,73
39394644,2025-01-07,2025-01-07 13:35:07,2025-01-21,2025-01-23,3
39394644,2025-01-07,2025-01-07 13:53:41,2025-01-24,2025-01-24,1
39394644,2025-01-07,2025-01-07 14:09:17,2025-01-25,2025-04-07,73
39394644,2025-01-20,2025-01-20 13:40:09,2025-02-07,2025-02-14,8
39394644,2025-01-20,2025-01-20 13:59:56,2025-02-15,2025-02-16,2
39394644,2025-01-20,2025-01-20 14:53:19,2025-02-17,2025-04-04,47
39394644,2025-01-20,2025-01-20 14:57:28,2025-04-05,2025-04-20,16
39414948,2025-01-06,2025-01-06 13:33:49,2025-02-03,2025-04-06,50
39414948,2025-01-07,2025-01-07 13:35:52,2025-02-03,2025-02-04,2
39414948,2025-01-07,2025-01-07 14:13:09,2025-02-08,2025-04-07,49
39414948,2025-01-20,2025-01-20 13:40:05,2025-02-03,2025-04-17,61
39420557,2025-01-06,2025-01-06 14:36:12,2025-01-27,2025-01-27,1
39420557,2025-01-06,2025-01-06 14:41:54,2025-01-28,2025-01-28,1
39420557,2025-01-06,2025-01-06 14:46:44,2025-01-29,2025-03-09,31
39420557,2025-01-07,2025-01-07 14:06:29,2025-01-27,2025-02-02,7
39420557,2025-01-07,2025-01-07 14:10:31,2025-02-03,2025-03-09,26
39420557,2025-01-20,2025-01-20 13:35:29,2025-01-27,2025-03-09,33
39507664,2025-01-06,2025-01-06 13:36:05,2025-03-01,2025-03-02,2
39507664,2025-01-06,2025-01-06 13:59:55,2025-03-11,2025-04-06,20
39507664,2025-01-07,2025-01-07 13:54:10,2025-03-01,2025-03-02,2
39507664,2025-01-07,2025-01-07 14:22:39,2025-03-11,2025-04-07,21
39507664,2025-01-20,2025-01-20 13:33:19,2025-02-15,2025-04-16,39
39583346,2025-01-06,2025-01-06 14:06:45,2025-01-27,2025-04-05,34
39583346,2025-01-07,2025-01-07 13:35:45,2025-01-27,2025-01-31,5
39583346,2025-01-07,2025-01-07 14:22:33,2025-02-01,2025-04-06,30
39583346,2025-01-20,2025-01-20 13:39:58,2025-01-27,2025-04-19,50
39629644,2025-01-06,2025-01-06 13:57:32,2025-02-15,2025-04-01,27
39629644,2025-01-07,2025-01-07 13:54:12,2025-02-15,2025-02-27,6
39629644,2025-01-07,2025-01-07 14:10:08,2025-02-28,2025-04-01,21
39629644,2025-01-20,2025-01-20 13:31:49,2025-02-25,2025-03-25,10
39629644,2025-01-20,2025-01-20 13:54:27,2025-03-26,2025-03-26,1
39629644,2025-01-20,2025-01-20 14:12:27,2025-03-27,2025-04-01,6
39635217,2025-01-06,2025-01-06 13:35:59,2025-03-23,2025-03-24,2
39635217,2025-01-06,2025-01-06 13:56:43,2025-03-25,2025-03-25,1
39635217,2025-01-06,2025-01-06 14:15:25,2025-03-26,2025-04-06,12
39635217,2025-01-07,2025-01-07 13:54:05,2025-03-23,2025-04-07,16
39635217,2025-01-20,2025-01-20 13:31:57,2025-01-22,2025-04-20,16
39642773,2025-01-06,2025-01-06 14:11:54,2025-02-20,2025-02-24,5
39642773,2025-01-06,2025-01-06 14:24:51,2025-02-25,2025-04-06,41
39685785,2025-01-06,2025-01-06 13:36:12,2025-02-07,2025-02-15,9
39685785,2025-01-06,2025-01-06 14:12:10,2025-02-16,2025-03-31,44
39685785,2025-01-07,2025-01-07 13:36:00,2025-02-12,2025-02-12,1
39685785,2025-01-07,2025-01-07 14:21:59,2025-02-13,2025-03-31,47
39685785,2025-01-20,2025-01-20 13:37:30,2025-02-12,2025-02-26,15
39685785,2025-01-20,2025-01-20 14:42:24,2025-02-27,2025-04-20,53
39715668,2025-01-06,2025-01-06 13:35:57,2025-01-14,2025-02-07,7
39715668,2025-01-06,2025-01-06 13:56:44,2025-02-08,2025-04-05,41
39715668,2025-01-07,2025-01-07 13:35:25,2025-01-14,2025-01-14,1
39715668,2025-01-07,2025-01-07 13:54:13,2025-01-24,2025-02-03,2
39715668,2025-01-07,2025-01-07 14:41:43,2025-02-04,2025-02-07,4
39715668,2025-01-07,2025-01-07 14:45:59,2025-02-08,2025-02-09,2
39715668,2025-01-07,2025-01-07 14:48:58,2025-02-10,2025-04-06,41
39715668,2025-01-20,2025-01-20 13:33:45,2025-01-31,2025-04-19,56
39745810,2025-01-20,2025-01-20 14:26:15,2025-01-22,2025-01-26,5
39745810,2025-01-20,2025-01-20 14:49:10,2025-01-27,2025-02-01,6
39745810,2025-01-20,2025-01-20 15:00:12,2025-02-02,2025-04-20,78
3977675,2025-01-20,2025-01-20 13:36:42,2025-01-25,2025-02-20,16
3977675,2025-01-20,2025-01-20 14:29:41,2025-02-21,2025-03-31,39
39820601,2025-01-06,2025-01-06 13:36:52,2025-03-05,2025-03-06,2
39820601,2025-01-06,2025-01-06 14:05:45,2025-03-07,2025-03-11,5
39820601,2025-01-06,2025-01-06 14:38:48,2025-03-12,2025-04-06,26
39837626,2025-01-06,2025-01-06 13:37:07,2025-03-04,2025-03-10,7
39837626,2025-01-06,2025-01-06 14:09:35,2025-03-16,2025-03-31,16
39972515,2025-01-06,2025-01-06 13:56:51,2025-02-08,2025-02-28,8
39972515,2025-01-06,2025-01-06 14:11:54,2025-03-01,2025-04-06,37
39972515,2025-01-07,2025-01-07 13:35:20,2025-02-08,2025-02-18,3
39972515,2025-01-07,2025-01-07 14:09:05,2025-02-19,2025-02-28,5
39972515,2025-01-07,2025-01-07 14:23:38,2025-03-01,2025-04-07,38
39972515,2025-01-20,2025-01-20 14:05:45,2025-02-08,2025-04-20,59
40023421,2025-01-06,2025-01-06 13:37:12,2025-01-12,2025-01-12,1
40023421,2025-01-06,2025-01-06 14:29:25,2025-01-13,2025-03-01,48
40023421,2025-01-06,2025-01-06 14:34:08,2025-03-02,2025-03-09,8
40023421,2025-01-06,2025-01-06 14:39:07,2025-03-10,2025-03-10,1
40023421,2025-01-06,2025-01-06 14:43:48,2025-03-11,2025-04-06,27
40023421,2025-01-07,2025-01-07 13:54:57,2025-02-03,2025-02-03,1
40023421,2025-01-07,2025-01-07 14:24:29,2025-02-04,2025-04-07,63
40023421,2025-01-20,2025-01-20 13:34:55,2025-02-03,2025-02-05,3
40023421,2025-01-20,2025-01-20 13:58:00,2025-02-06,2025-04-20,74
40039627,2025-01-06,2025-01-06 13:36:00,2025-01-07,2025-01-26,10
40039627,2025-01-06,2025-01-06 14:13:03,2025-01-27,2025-04-06,60
40039627,2025-01-07,2025-01-07 14:10:25,2025-01-07,2025-04-07,69
40039627,2025-01-20,2025-01-20 13:34:02,2025-01-27,2025-02-09,7
40039627,2025-01-20,2025-01-20 14:24:39,2025-02-11,2025-02-18,3
40039627,2025-01-20,2025-01-20 14:45:09,2025-02-19,2025-02-25,5
40039627,2025-01-20,2025-01-20 14:51:43,2025-02-26,2025-03-06,9
40039627,2025-01-20,2025-01-20 14:57:31,2025-03-07,2025-03-08,2
40039627,2025-01-20,2025-01-20 15:02:58,2025-03-11,2025-04-20,41
40191152,2025-01-07,2025-01-07 13:39:48,2025-01-22,2025-04-07,76
40209404,2025-01-06,2025-01-06 13:35:04,2025-01-14,2025-01-15,2
40209404,2025-01-06,2025-01-06 13:54:29,2025-01-17,2025-01-22,2
40209404,2025-01-06,2025-01-06 14:32:27,2025-01-30,2025-04-06,53
40209404,2025-01-07,2025-01-07 13:35:15,2025-01-14,2025-02-02,6
40209404,2025-01-07,2025-01-07 13:54:02,2025-02-10,2025-02-18,4
40209404,2025-01-07,2025-01-07 14:21:04,2025-02-19,2025-02-20,2
40209404,2025-01-07,2025-01-07 14:30:18,2025-02-21,2025-02-24,4
40209404,2025-01-07,2025-01-07 14:43:07,2025-02-25,2025-03-06,10
40209404,2025-01-07,2025-01-07 14:50:28,2025-03-07,2025-03-10,4
40209404,2025-01-07,2025-01-07 14:52:25,2025-03-11,2025-04-07,28
40209404,2025-01-20,2025-01-20 14:17:31,2025-01-22,2025-02-13,4
40209404,2025-01-20,2025-01-20 14:53:23,2025-02-14,2025-02-16,2
40209404,2025-01-20,2025-01-20 15:00:46,2025-02-17,2025-04-20,63
40236441,2025-01-06,2025-01-06 13:37:10,2025-01-14,2025-02-01,7
40236441,2025-01-06,2025-01-06 14:07:15,2025-02-10,2025-03-31,40
40246675,2025-01-06,2025-01-06 13:31:43,2025-02-25,2025-04-06,30
40246675,2025-01-07,2025-01-07 13:54:04,2025-02-25,2025-02-26,2
40246675,2025-01-07,2025-01-07 14:11:25,2025-02-27,2025-04-07,29
40246675,2025-01-20,2025-01-20 13:37:42,2025-02-25,2025-04-20,44
40250642,2025-01-06,2025-01-06 14:11:56,2025-01-18,2025-03-31,73
40250642,2025-01-07,2025-01-07 13:54:08,2025-01-18,2025-01-18,1
40250642,2025-01-07,2025-01-07 14:09:18,2025-01-19,2025-01-19,1
40250642,2025-01-07,2025-01-07 14:21:41,2025-01-20,2025-01-21,2
40250642,2025-01-07,2025-01-07 14:27:17,2025-01-22,2025-01-26,5
40250642,2025-01-07,2025-01-07 14:45:37,2025-01-27,2025-01-28,2
40250642,2025-01-07,2025-01-07 14:54:04,2025-01-29,2025-03-31,62
40250642,2025-01-20,2025-01-20 13:33:23,2025-01-24,2025-03-31,67
40289385,2025-01-20,2025-01-20 13:36:03,2025-02-01,2025-02-14,9
40289385,2025-01-20,2025-01-20 14:06:05,2025-02-15,2025-04-20,53
40320100,2025-01-20,2025-01-20 13:37:43,2025-02-03,2025-02-03,1
40320100,2025-01-20,2025-01-20 14:06:20,2025-02-04,2025-02-06,3
40320100,2025-01-20,2025-01-20 14:39:48,2025-02-07,2025-02-07,1
40320100,2025-01-20,2025-01-20 14:49:07,2025-02-08,2025-02-08,1
40320100,2025-01-20,2025-01-20 14:55:01,2025-02-09,2025-04-19,69
40342798,2025-01-06,2025-01-06 13:54:24,2025-01-30,2025-02-05,7
40342798,2025-01-06,2025-01-06 14:11:07,2025-02-06,2025-02-07,2
40342798,2025-01-06,2025-01-06 14:32:16,2025-02-08,2025-02-08,1
40342798,2025-01-06,2025-01-06 14:37:47,2025-02-09,2025-04-06,57
40342798,2025-01-07,2025-01-07 13:53:50,2025-01-30,2025-01-30,1
40342798,2025-01-07,2025-01-07 14:20:35,2025-01-31,2025-04-07,67
40342798,2025-01-20,2025-01-20 13:39:56,2025-01-30,2025-04-20,81
40351988,2025-01-06,2025-01-06 13:58:54,2025-02-15,2025-04-06,44
40351988,2025-01-07,2025-01-07 14:09:34,2025-02-15,2025-02-20,6
40351988,2025-01-07,2025-01-07 14:24:52,2025-02-21,2025-04-03,35
40351988,2025-01-07,2025-01-07 14:33:37,2025-04-04,2025-04-07,4
40351988,2025-01-20,2025-01-20 13:54:27,2025-02-15,2025-04-14,52
40371384,2025-01-06,2025-01-06 13:36:03,2025-01-06,2025-01-06,1
40371384,2025-01-06,2025-01-06 13:59:55,2025-01-11,2025-02-21,32
40371384,2025-01-06,2025-01-06 14:16:12,2025-02-22,2025-04-06,44
40371384,2025-01-07,2025-01-07 13:35:38,2025-01-11,2025-01-17,4
40371384,2025-01-07,2025-01-07 14:30:24,2025-01-18,2025-04-07,73
40371384,2025-01-20,2025-01-20 13:33:32,2025-01-21,2025-04-09,71
40371384,2025-01-20,2025-01-20 13:54:42,2025-04-10,2025-04-20,11
40391575,2025-01-20,2025-01-20 14:05:43,2025-04-14,2025-04-20,7
40400432,2025-01-07,2025-01-07 13:36:44,2025-01-11,2025-02-03,11
40400432,2025-01-07,2025-01-07 14:08:41,2025-02-14,2025-02-14,1
40400432,2025-01-07,2025-01-07 14:29:02,2025-02-15,2025-02-21,7
40400432,2025-01-07,2025-01-07 14:40:39,2025-02-22,2025-04-07,45
40449599,2025-01-06,2025-01-06 13:58:47,2025-01-28,2025-04-06,58
40449599,2025-01-07,2025-01-07 13:35:24,2025-01-28,2025-01-28,1
40449599,2025-01-07,2025-01-07 13:58:06,2025-01-29,2025-02-24,16
40449599,2025-01-07,2025-01-07 14:31:47,2025-02-25,2025-04-07,42
40449599,2025-01-20,2025-01-20 13:35:48,2025-02-10,2025-02-15,6
40449599,2025-01-20,2025-01-20 13:58:47,2025-02-20,2025-02-21,2
40449599,2025-01-20,2025-01-20 14:35:44,2025-02-22,2025-04-20,54
40532740,2025-01-20,2025-01-20 13:36:04,2025-02-23,2025-02-24,2
40532740,2025-01-20,2025-01-20 14:25:21,2025-02-25,2025-03-05,3
40532740,2025-01-20,2025-01-20 14:39:16,2025-03-06,2025-03-08,3
40532740,2025-01-20,2025-01-20 14:48:44,2025-03-09,2025-04-16,32
40560834,2025-01-06,2025-01-06 13:34:53,2025-01-16,2025-01-26,6
40560834,2025-01-06,2025-01-06 14:10:52,2025-01-27,2025-01-31,5
40560834,2025-01-06,2025-01-06 14:31:59,2025-02-01,2025-04-06,65
40560834,2025-01-07,2025-01-07 13:35:10,2025-01-16,2025-01-31,11
40560834,2025-01-07,2025-01-07 14:08:47,2025-02-01,2025-02-01,1
40560834,2025-01-07,2025-01-07 14:30:18,2025-02-02,2025-02-02,1
40560834,2025-01-07,2025-01-07 14:37:43,2025-02-03,2025-02-11,9
40560834,2025-01-07,2025-01-07 14:43:29,2025-02-12,2025-02-16,5
40560834,2025-01-07,2025-01-07 14:52:28,2025-02-17,2025-04-07,50
40560834,2025-01-20,2025-01-20 13:37:26,2025-01-22,2025-04-20,73
40576710,2025-01-20,2025-01-20 14:40:09,2025-01-22,2025-04-17,59
40777141,2025-01-06,2025-01-06 14:05:34,2025-01-29,2025-02-27,9
40777141,2025-01-07,2025-01-07 13:35:31,2025-01-29,2025-02-02,5
40777141,2025-01-07,2025-01-07 13:54:25,2025-02-24,2025-02-27,4
40777141,2025-01-20,2025-01-20 13:40:59,2025-02-24,2025-02-27,4
40794806,2025-01-06,2025-01-06 13:36:50,2025-01-13,2025-03-05,52
40892344,2025-01-06,2025-01-06 13:34:39,2025-01-27,2025-04-06,46
40892344,2025-01-07,2025-01-07 13:56:27,2025-01-27,2025-04-07,47
40892344,2025-01-20,2025-01-20 13:39:53,2025-02-11,2025-04-20,55
40899047,2025-01-07,2025-01-07 14:08:06,2025-02-24,2025-04-07,37
40910065,2025-01-20,2025-01-20 13:36:03,2025-01-22,2025-01-29,8
40910065,2025-01-20,2025-01-20 14:27:10,2025-01-30,2025-04-19,80
40960741,2025-01-06,2025-01-06 14:05:03,2025-01-17,2025-01-25,4
40960741,2025-01-06,2025-01-06 14:47:41,2025-01-26,2025-02-12,18
40960741,2025-01-06,2025-01-06 14:55:31,2025-02-13,2025-02-14,2
40960741,2025-01-06,2025-01-06 14:57:44,2025-02-15,2025-02-19,5
40960741,2025-01-06,2025-01-06 14:59:51,2025-02-20,2025-04-06,46
40971559,2025-01-06,2025-01-06 13:31:45,2025-01-29,2025-02-27,30
40971559,2025-01-07,2025-01-07 13:35:48,2025-01-29,2025-01-30,2
40971559,2025-01-07,2025-01-07 14:10:40,2025-01-31,2025-02-11,12
40971559,2025-01-07,2025-01-07 14:22:02,2025-02-12,2025-02-23,12
40971559,2025-01-20,2025-01-20 13:42:03,2025-01-29,2025-02-19,22
40971559,2025-01-20,2025-01-20 14:03:04,2025-02-20,2025-03-10,6
40971559,2025-01-20,2025-01-20 14:20:43,2025-03-11,2025-03-12,2
41141790,2025-01-06,2025-01-06 13:31:46,2025-02-24,2025-03-10,15
41141790,2025-01-07,2025-01-07 13:35:52,2025-02-24,2025-02-27,4
41141790,2025-01-07,2025-01-07 13:55:15,2025-02-28,2025-03-04,5
41141790,2025-01-07,2025-01-07 14:10:47,2025-03-05,2025-03-10,6
41141790,2025-01-20,2025-01-20 14:19:30,2025-01-31,2025-03-10,39
41147466,2025-01-06,2025-01-06 13:37:06,2025-03-07,2025-03-08,2
41147466,2025-01-06,2025-01-06 14:07:49,2025-03-09,2025-04-06,29
41147466,2025-01-07,2025-01-07 13:35:52,2025-03-07,2025-03-08,2
41147466,2025-01-07,2025-01-07 14:12:00,2025-03-09,2025-03-10,2
41147466,2025-01-07,2025-01-07 14:23:26,2025-03-11,2025-04-07,28
41147466,2025-01-20,2025-01-20 13:37:49,2025-03-07,2025-04-20,45
41193865,2025-01-06,2025-01-06 13:36:06,2025-01-15,2025-02-17,11
41193865,2025-01-06,2025-01-06 13:58:26,2025-02-18,2025-04-06,44
41193865,2025-01-07,2025-01-07 13:56:49,2025-01-28,2025-04-07,47
41193865,2025-01-20,2025-01-20 13:36:57,2025-01-21,2025-01-21,1
41193865,2025-01-20,2025-01-20 14:13:25,2025-01-22,2025-01-23,2
41193865,2025-01-20,2025-01-20 14:25:16,2025-02-09,2025-02-25,4
41193865,2025-01-20,2025-01-20 14:26:26,2025-03-05,2025-04-20,43
41227471,2025-01-06,2025-01-06 14:06:51,2025-01-11,2025-01-11,1
41227471,2025-01-06,2025-01-06 14:11:05,2025-01-12,2025-01-13,2
41227471,2025-01-06,2025-01-06 14:23:30,2025-01-14,2025-04-06,64
41227471,2025-01-07,2025-01-07 13:57:24,2025-01-11,2025-04-01,62
41227471,2025-01-07,2025-01-07 14:23:16,2025-04-02,2025-04-04,3
41227471,2025-01-07,2025-01-07 14:31:38,2025-04-05,2025-04-07,3
41227471,2025-01-20,2025-01-20 13:40:30,2025-02-05,2025-04-20,72
41260111,2025-01-06,2025-01-06 14:07:19,2025-01-12,2025-04-06,70
41260111,2025-01-07,2025-01-07 14:37:40,2025-01-12,2025-04-07,71
41260111,2025-01-20,2025-01-20 13:33:53,2025-01-27,2025-01-29,3
41260111,2025-01-20,2025-01-20 13:55:44,2025-01-30,2025-04-20,74
41270247,2025-01-06,2025-01-06 13:36:20,2025-02-22,2025-04-06,13
41270247,2025-01-07,2025-01-07 13:36:43,2025-02-22,2025-02-24,3
41270247,2025-01-07,2025-01-07 13:54:17,2025-02-25,2025-02-28,4
41270247,2025-01-07,2025-01-07 14:11:53,2025-04-01,2025-04-07,7
41270247,2025-01-20,2025-01-20 13:33:57,2025-04-01,2025-04-04,4
41270247,2025-01-20,2025-01-20 13:54:37,2025-04-05,2025-04-20,16
41285546,2025-01-06,2025-01-06 13:36:59,2025-01-12,2025-01-12,1
41285546,2025-01-06,2025-01-06 14:39:47,2025-01-13,2025-01-27,8
41285546,2025-01-06,2025-01-06 14:59:57,2025-01-28,2025-01-28,1
41285546,2025-01-06,2025-01-06 15:00:14,2025-01-29,2025-04-05,67
41285546,2025-01-07,2025-01-07 13:35:46,2025-01-12,2025-01-15,4
41285546,2025-01-07,2025-01-07 13:54:54,2025-01-23,2025-01-24,2
41285546,2025-01-07,2025-01-07 14:21:36,2025-01-25,2025-01-27,3
41285546,2025-01-07,2025-01-07 14:32:43,2025-01-28,2025-04-06,69
41285546,2025-01-20,2025-01-20 13:54:33,2025-01-23,2025-01-25,3
41285546,2025-01-20,2025-01-20 14:12:34,2025-01-26,2025-01-26,1
41285546,2025-01-20,2025-01-20 14:33:42,2025-01-27,2025-03-10,43
41285546,2025-01-20,2025-01-20 14:45:09,2025-03-19,2025-04-19,32
41404141,2025-01-06,2025-01-06 13:58:29,2025-02-12,2025-02-18,7
41404141,2025-01-06,2025-01-06 14:15:01,2025-02-19,2025-04-06,41
41404141,2025-01-07,2025-01-07 13:54:56,2025-02-12,2025-04-07,49
41404141,2025-01-20,2025-01-20 13:33:44,2025-02-12,2025-04-20,68
41473656,2025-01-06,2025-01-06 13:37:51,2025-03-10,2025-03-14,5
41473656,2025-01-06,2025-01-06 14:09:17,2025-03-26,2025-03-27,2
41473656,2025-01-06,2025-01-06 14:28:42,2025-03-28,2025-04-02,6
41473656,2025-01-06,2025-01-06 14:40:04,2025-04-03,2025-04-03,1
41473656,2025-01-06,2025-01-06 14:49:47,2025-04-04,2025-04-05,2
41473656,2025-01-06,2025-01-06 14:58:41,2025-04-06,2025-04-06,1
41473656,2025-01-07,2025-01-07 13:54:54,2025-03-10,2025-03-14,5
41473656,2025-01-07,2025-01-07 14:10:58,2025-03-26,2025-03-27,2
41473656,2025-01-07,2025-01-07 14:31:01,2025-03-28,2025-03-30,3
41473656,2025-01-07,2025-01-07 14:38:07,2025-03-31,2025-04-07,8
41473656,2025-01-20,2025-01-20 13:37:59,2025-03-10,2025-03-27,7
41473656,2025-01-20,2025-01-20 14:15:16,2025-03-28,2025-03-30,3
41473656,2025-01-20,2025-01-20 14:26:21,2025-03-31,2025-04-12,13
41478160,2025-01-20,2025-01-20 13:41:05,2025-01-27,2025-03-05,29
41493620,2025-01-06,2025-01-06 13:36:23,2025-01-13,2025-04-06,84
41493620,2025-01-07,2025-01-07 14:09:19,2025-01-13,2025-02-26,45
41493620,2025-01-07,2025-01-07 14:21:14,2025-02-27,2025-03-01,3
41493620,2025-01-07,2025-01-07 14:30:24,2025-03-02,2025-04-07,37
41493620,2025-01-20,2025-01-20 13:38:30,2025-01-24,2025-01-28,5
41493620,2025-01-20,2025-01-20 13:58:17,2025-01-29,2025-04-20,82
41532894,2025-01-06,2025-01-06 13:38:52,2025-01-22,2025-04-06,56
41532894,2025-01-07,2025-01-07 14:10:46,2025-01-22,2025-04-07,57
41532894,2025-01-20,2025-01-20 13:34:32,2025-01-22,2025-01-29,8
41532894,2025-01-20,2025-01-20 13:55:59,2025-01-30,2025-04-11,53
41533462,2025-01-07,2025-01-07 13:37:54,2025-01-12,2025-04-07,71
41590719,2025-01-06,2025-01-06 13:34:58,2025-01-14,2025-01-29,3
41590719,2025-01-06,2025-01-06 14:11:07,2025-01-30,2025-02-19,15
41590719,2025-01-06,2025-01-06 14:38:00,2025-02-20,2025-02-26,7
41590719,2025-01-06,2025-01-06 14:44:04,2025-02-27,2025-03-11,8
41590719,2025-01-06,2025-01-06 14:49:11,2025-03-12,2025-03-12,1
41590719,2025-01-06,2025-01-06 14:52:43,2025-03-13,2025-03-16,4
41590719,2025-01-06,2025-01-06 14:53:05,2025-03-17,2025-04-06,21
41590719,2025-01-07,2025-01-07 13:35:36,2025-01-14,2025-01-30,4
41590719,2025-01-07,2025-01-07 14:13:06,2025-01-31,2025-04-07,46
41590719,2025-01-20,2025-01-20 13:39:54,2025-01-28,2025-04-20,65
41634696,2025-01-06,2025-01-06 14:05:10,2025-01-07,2025-01-07,1
41634696,2025-01-06,2025-01-06 14:30:02,2025-01-08,2025-04-06,83
41664387,2025-01-07,2025-01-07 13:36:27,2025-01-28,2025-02-18,8
41664387,2025-01-07,2025-01-07 14:07:39,2025-02-19,2025-03-07,6
41664387,2025-01-07,2025-01-07 14:48:44,2025-03-08,2025-04-07,31
41676390,2025-01-06,2025-01-06 13:36:25,2025-01-21,2025-01-22,2
41676390,2025-01-06,2025-01-06 13:57:50,2025-01-23,2025-01-23,1
41676390,2025-01-06,2025-01-06 14:12:15,2025-01-24,2025-04-06,73
41676390,2025-01-07,2025-01-07 13:57:28,2025-01-21,2025-04-07,77
41676390,2025-01-20,2025-01-20 13:39:54,2025-01-21,2025-01-22,2
41676390,2025-01-20,2025-01-20 13:59:22,2025-01-23,2025-01-25,3
41676390,2025-01-20,2025-01-20 14:18:38,2025-01-26,2025-01-30,5
41676390,2025-01-20,2025-01-20 14:33:50,2025-01-31,2025-02-17,18
41676390,2025-01-20,2025-01-20 14:41:17,2025-02-18,2025-04-20,62
41682475,2025-01-20,2025-01-20 13:36:46,2025-01-27,2025-01-27,1
41682475,2025-01-20,2025-01-20 14:05:32,2025-01-28,2025-02-05,6
41682475,2025-01-20,2025-01-20 14:25:50,2025-02-06,2025-04-20,36
41686810,2025-01-20,2025-01-20 13:36:46,2025-02-13,2025-02-14,2
41686810,2025-01-20,2025-01-20 14:07:01,2025-02-15,2025-04-20,57
41702158,2025-01-06,2025-01-06 13:36:22,2025-02-08,2025-04-06,33
41702158,2025-01-07,2025-01-07 14:13:36,2025-02-08,2025-04-07,34
41702158,2025-01-20,2025-01-20 13:34:35,2025-02-26,2025-03-20,6
41702158,2025-01-20,2025-01-20 13:55:10,2025-03-21,2025-04-17,28
41761142,2025-01-06,2025-01-06 14:26:13,2025-01-16,2025-04-06,34
41761142,2025-01-07,2025-01-07 13:36:47,2025-01-16,2025-02-20,3
41761142,2025-01-07,2025-01-07 13:55:15,2025-02-21,2025-02-21,1
41761142,2025-01-07,2025-01-07 14:49:07,2025-02-22,2025-04-07,30
41761142,2025-01-20,2025-01-20 13:33:59,2025-02-20,2025-02-25,6
41761142,2025-01-20,2025-01-20 13:54:37,2025-02-26,2025-04-17,28
41762297,2025-01-07,2025-01-07 14:07:20,2025-01-14,2025-01-17,4
41762297,2025-01-07,2025-01-07 14:27:05,2025-01-18,2025-01-21,4
41762297,2025-01-07,2025-01-07 14:30:53,2025-01-22,2025-01-22,1
41762297,2025-01-07,2025-01-07 14:38:25,2025-01-23,2025-01-23,1
41762297,2025-01-07,2025-01-07 14:45:32,2025-01-24,2025-04-06,73
41762297,2025-01-20,2025-01-20 13:41:11,2025-01-27,2025-02-02,7
41762297,2025-01-20,2025-01-20 14:01:21,2025-02-03,2025-04-19,70
41769298,2025-01-06,2025-01-06 13:36:43,2025-01-07,2025-03-31,71
41769298,2025-01-07,2025-01-07 13:55:45,2025-01-07,2025-01-26,7
41769298,2025-01-07,2025-01-07 14:22:49,2025-01-27,2025-01-30,4
41769298,2025-01-07,2025-01-07 14:52:07,2025-01-31,2025-02-02,3
41769298,2025-01-07,2025-01-07 14:54:42,2025-02-03,2025-02-03,1
41769298,2025-01-07,2025-01-07 14:57:10,2025-02-04,2025-02-05,2
41769298,2025-01-07,2025-01-07 14:57:18,2025-02-06,2025-02-08,3
41769298,2025-01-07,2025-01-07 14:57:50,2025-02-09,2025-02-12,4
41769298,2025-01-07,2025-01-07 14:57:56,2025-02-13,2025-02-18,6
41769298,2025-01-07,2025-01-07 14:58:01,2025-02-19,2025-02-26,8
41769298,2025-01-07,2025-01-07 14:58:06,2025-02-27,2025-03-31,33
41769298,2025-01-20,2025-01-20 13:34:38,2025-01-28,2025-02-11,7
41769298,2025-01-20,2025-01-20 13:55:21,2025-02-12,2025-02-27,9
41769298,2025-01-20,2025-01-20 14:34:00,2025-02-28,2025-03-31,32
41786765,2025-01-20,2025-01-20 13:37:02,2025-03-29,2025-03-30,2
41786765,2025-01-20,2025-01-20 14:07:14,2025-03-31,2025-04-10,11
41883230,2025-01-20,2025-01-20 13:38:43,2025-02-04,2025-02-09,6
41883230,2025-01-20,2025-01-20 14:08:23,2025-02-10,2025-04-20,47
41888100,2025-01-20,2025-01-20 13:38:47,2025-01-29,2025-01-29,1
41888100,2025-01-20,2025-01-20 14:08:29,2025-01-30,2025-04-16,77
42003334,2025-01-06,2025-01-06 13:38:31,2025-01-30,2025-04-06,55
42003334,2025-01-07,2025-01-07 13:35:48,2025-01-30,2025-02-15,5
42003334,2025-01-07,2025-01-07 13:55:04,2025-02-16,2025-02-18,3
42003334,2025-01-07,2025-01-07 14:10:29,2025-02-19,2025-02-26,8
42003334,2025-01-07,2025-01-07 14:31:07,2025-02-27,2025-04-07,40
42003334,2025-01-20,2025-01-20 13:33:54,2025-02-15,2025-02-18,4
42003334,2025-01-20,2025-01-20 13:54:41,2025-02-19,2025-02-19,1
42003334,2025-01-20,2025-01-20 14:12:53,2025-02-20,2025-02-22,3
42003334,2025-01-20,2025-01-20 14:40:19,2025-02-23,2025-02-23,1
42003334,2025-01-20,2025-01-20 14:48:59,2025-02-24,2025-04-16,52
42013117,2025-01-07,2025-01-07 14:08:49,2025-01-29,2025-02-21,7
42013117,2025-01-07,2025-01-07 14:29:00,2025-02-22,2025-03-12,19
42138941,2025-01-06,2025-01-06 13:37:52,2025-01-27,2025-04-05,69
42180312,2025-01-07,2025-01-07 13:38:40,2025-01-27,2025-04-07,60
42270655,2025-01-20,2025-01-20 13:39:44,2025-02-02,2025-04-16,74
42335961,2025-01-06,2025-01-06 13:37:54,2025-01-08,2025-01-08,1
42335961,2025-01-06,2025-01-06 14:07:46,2025-01-20,2025-01-28,9
42335961,2025-01-06,2025-01-06 14:10:56,2025-01-29,2025-02-14,17
42335961,2025-01-06,2025-01-06 14:23:33,2025-02-15,2025-02-15,1
42335961,2025-01-06,2025-01-06 14:32:13,2025-02-16,2025-04-06,46
42335961,2025-01-07,2025-01-07 14:15:52,2025-01-20,2025-04-07,74
42335961,2025-01-20,2025-01-20 13:41:48,2025-01-28,2025-04-17,56
42362925,2025-01-06,2025-01-06 13:36:24,2025-01-07,2025-01-30,3
42362925,2025-01-06,2025-01-06 14:01:07,2025-01-31,2025-04-06,56
42362925,2025-01-07,2025-01-07 13:58:13,2025-01-07,2025-01-29,2
42362925,2025-01-07,2025-01-07 14:12:06,2025-01-30,2025-02-02,4
42362925,2025-01-07,2025-01-07 14:23:38,2025-02-03,2025-02-07,5
42362925,2025-01-07,2025-01-07 14:32:07,2025-02-08,2025-02-20,3
42362925,2025-01-07,2025-01-07 14:41:19,2025-02-21,2025-04-07,46
42362925,2025-01-20,2025-01-20 14:10:24,2025-01-29,2025-04-17,69
42515348,2025-01-06,2025-01-06 13:58:18,2025-02-18,2025-02-21,4
42515348,2025-01-06,2025-01-06 14:12:36,2025-02-22,2025-04-06,27
42515348,2025-01-07,2025-01-07 13:55:00,2025-02-18,2025-02-20,3
42515348,2025-01-07,2025-01-07 14:44:10,2025-02-21,2025-04-07,29
42588365,2025-01-06,2025-01-06 13:36:24,2025-03-07,2025-03-07,1
42588365,2025-01-06,2025-01-06 14:37:34,2025-03-08,2025-04-06,30
42588365,2025-01-07,2025-01-07 13:35:31,2025-03-07,2025-03-08,2
42588365,2025-01-07,2025-01-07 13:58:13,2025-03-09,2025-03-16,8
42588365,2025-01-07,2025-01-07 14:23:39,2025-03-17,2025-03-20,4
42588365,2025-01-07,2025-01-07 14:39:19,2025-03-21,2025-04-07,18
42588365,2025-01-20,2025-01-20 13:40:48,2025-03-07,2025-03-07,1
42588365,2025-01-20,2025-01-20 13:55:47,2025-03-08,2025-03-08,1
42588365,2025-01-20,2025-01-20 14:07:19,2025-03-09,2025-03-11,3
42588365,2025-01-20,2025-01-20 14:13:03,2025-03-12,2025-04-18,38
42625075,2025-01-06,2025-01-06 13:57:05,2025-01-06,2025-04-06,47
42625075,2025-01-07,2025-01-07 14:14:22,2025-01-14,2025-03-22,31
42625075,2025-01-07,2025-01-07 14:33:55,2025-03-23,2025-03-23,1
42625075,2025-01-07,2025-01-07 14:50:47,2025-03-24,2025-03-28,5
42625075,2025-01-07,2025-01-07 14:57:04,2025-03-29,2025-04-07,10
42625075,2025-01-20,2025-01-20 14:05:47,2025-01-23,2025-01-23,1
42625075,2025-01-20,2025-01-20 14:29:23,2025-02-12,2025-04-20,57
42704327,2025-01-06,2025-01-06 13:37:48,2025-01-16,2025-04-06,64
42704327,2025-01-07,2025-01-07 14:15:52,2025-01-16,2025-01-18,3
42704327,2025-01-07,2025-01-07 14:27:41,2025-01-19,2025-04-07,62
42704327,2025-01-20,2025-01-20 13:54:42,2025-01-23,2025-01-26,4
42704327,2025-01-20,2025-01-20 14:14:37,2025-01-27,2025-04-20,72
42709234,2025-01-07,2025-01-07 13:55:11,2025-01-14,2025-04-07,58
42709234,2025-01-20,2025-01-20 13:34:45,2025-01-28,2025-01-29,2
42709234,2025-01-20,2025-01-20 13:58:30,2025-01-30,2025-04-20,81
42735835,2025-01-06,2025-01-06 13:40:09,2025-01-28,2025-04-06,11
42735835,2025-01-07,2025-01-07 13:58:56,2025-01-28,2025-03-30,4
42735835,2025-01-07,2025-01-07 14:12:40,2025-03-31,2025-03-31,1
42735835,2025-01-07,2025-01-07 14:32:45,2025-04-01,2025-04-02,2
42735835,2025-01-07,2025-01-07 14:47:58,2025-04-03,2025-04-06,4
42735835,2025-01-20,2025-01-20 13:54:33,2025-01-28,2025-04-06,11
42788291,2025-01-06,2025-01-06 13:37:13,2025-01-28,2025-01-31,4
42788291,2025-01-06,2025-01-06 14:06:34,2025-02-01,2025-04-02,50
42841323,2025-01-06,2025-01-06 13:36:33,2025-01-20,2025-03-01,7
42841323,2025-01-06,2025-01-06 13:58:09,2025-03-24,2025-03-24,1
42841323,2025-01-06,2025-01-06 14:12:32,2025-03-25,2025-04-06,13
42841323,2025-01-07,2025-01-07 13:35:37,2025-01-20,2025-03-24,2
42841323,2025-01-07,2025-01-07 13:54:34,2025-03-25,2025-04-06,13
42841323,2025-01-20,2025-01-20 13:37:35,2025-03-01,2025-04-08,17
43300431,2025-01-06,2025-01-06 13:38:02,2025-01-09,2025-01-12,4
43300431,2025-01-06,2025-01-06 14:07:54,2025-01-13,2025-04-06,84
43379132,2025-01-06,2025-01-06 13:36:59,2025-01-29,2025-04-06,13
43379132,2025-01-07,2025-01-07 13:39:32,2025-01-29,2025-03-08,6
43379132,2025-01-07,2025-01-07 13:55:01,2025-03-09,2025-04-07,8
43379132,2025-01-20,2025-01-20 13:34:41,2025-01-29,2025-04-04,14
43379132,2025-01-20,2025-01-20 13:55:35,2025-04-05,2025-04-07,3
43379132,2025-01-20,2025-01-20 14:12:59,2025-04-08,2025-04-11,4
43379132,2025-01-20,2025-01-20 14:35:19,2025-04-12,2025-04-16,5
43499385,2025-01-20,2025-01-20 13:36:51,2025-01-28,2025-02-01,5
43499385,2025-01-20,2025-01-20 14:08:00,2025-02-16,2025-04-20,64
43712530,2025-01-06,2025-01-06 13:57:58,2025-02-08,2025-02-08,1
43712530,2025-01-06,2025-01-06 14:15:30,2025-02-09,2025-02-28,20
43712530,2025-01-07,2025-01-07 13:35:54,2025-02-08,2025-02-14,7
43712530,2025-01-07,2025-01-07 13:55:17,2025-02-15,2025-02-16,2
43712530,2025-01-07,2025-01-07 14:24:03,2025-02-17,2025-02-28,12
43712530,2025-01-20,2025-01-20 13:56:33,2025-02-08,2025-02-14,7
43712530,2025-01-20,2025-01-20 14:29:13,2025-02-15,2025-02-28,14
43754654,2025-01-06,2025-01-06 13:36:59,2025-01-23,2025-04-05,73
43754654,2025-01-07,2025-01-07 13:35:56,2025-01-23,2025-01-24,2
43754654,2025-01-07,2025-01-07 13:55:10,2025-01-25,2025-04-06,72
43754654,2025-01-20,2025-01-20 14:15:23,2025-01-23,2025-04-19,81
44075219,2025-01-06,2025-01-06 13:38:39,2025-01-12,2025-01-23,12
44075219,2025-01-07,2025-01-07 13:35:54,2025-01-10,2025-01-12,3
44075219,2025-01-07,2025-01-07 13:57:32,2025-01-13,2025-01-19,7
44153810,2025-01-20,2025-01-20 13:37:54,2025-03-04,2025-04-20,48
44192417,2025-01-07,2025-01-07 13:39:04,2025-01-14,2025-04-07,39
44369632,2025-01-06,2025-01-06 13:59:51,2025-01-15,2025-01-17,3
44369632,2025-01-07,2025-01-07 14:07:46,2025-01-15,2025-01-17,3
44369632,2025-01-20,2025-01-20 13:39:36,2025-01-30,2025-02-17,9
44425260,2025-01-20,2025-01-20 13:39:20,2025-01-31,2025-04-20,66
44890294,2025-01-20,2025-01-20 14:00:17,2025-02-10,2025-02-11,2
44895797,2025-01-06,2025-01-06 13:59:35,2025-01-27,2025-01-31,5
44895797,2025-01-07,2025-01-07 13:55:29,2025-01-27,2025-01-31,5
44895797,2025-01-20,2025-01-20 13:35:05,2025-01-27,2025-02-18,13
45002455,2025-01-06,2025-01-06 13:38:32,2025-02-27,2025-04-06,15
45002455,2025-01-07,2025-01-07 13:35:51,2025-02-27,2025-03-02,4
45002455,2025-01-07,2025-01-07 14:10:34,2025-03-03,2025-03-04,2
45002455,2025-01-07,2025-01-07 14:24:10,2025-03-05,2025-04-07,10
45002455,2025-01-20,2025-01-20 13:55:24,2025-02-27,2025-02-27,1
45002455,2025-01-20,2025-01-20 14:24:54,2025-02-28,2025-04-17,25
45184991,2025-01-06,2025-01-06 13:37:22,2025-01-29,2025-01-29,1
45184991,2025-01-06,2025-01-06 14:08:24,2025-01-30,2025-03-31,61
45350304,2025-01-07,2025-01-07 13:54:54,2025-02-01,2025-02-18,18
45350304,2025-01-07,2025-01-07 14:10:38,2025-02-19,2025-02-19,1
45350304,2025-01-07,2025-01-07 14:21:55,2025-02-20,2025-02-24,5
45350304,2025-01-07,2025-01-07 14:30:49,2025-02-25,2025-02-26,2
45350304,2025-01-07,2025-01-07 14:38:00,2025-02-27,2025-02-27,1
45350304,2025-01-07,2025-01-07 14:53:17,2025-02-28,2025-04-07,39
45350304,2025-01-20,2025-01-20 14:16:57,2025-02-01,2025-02-01,1
45350304,2025-01-20,2025-01-20 14:27:28,2025-02-02,2025-04-20,78
45382246,2025-01-06,2025-01-06 13:39:41,2025-01-31,2025-04-02,38
45480718,2025-01-06,2025-01-06 13:56:57,2025-02-10,2025-04-02,11
45480718,2025-01-07,2025-01-07 13:56:14,2025-02-10,2025-04-02,11
45480718,2025-01-20,2025-01-20 13:40:46,2025-03-30,2025-04-20,5
45512442,2025-01-07,2025-01-07 13:39:22,2025-01-10,2025-04-07,61
45513430,2025-01-20,2025-01-20 14:09:46,2025-01-22,2025-04-20,89
45531969,2025-01-06,2025-01-06 13:35:17,2025-03-06,2025-03-07,2
45531969,2025-01-06,2025-01-06 14:23:49,2025-03-08,2025-03-12,5
45531969,2025-01-06,2025-01-06 14:38:08,2025-03-13,2025-04-06,25
45531969,2025-01-07,2025-01-07 13:57:21,2025-03-06,2025-04-07,33
45531969,2025-01-20,2025-01-20 13:41:03,2025-02-16,2025-02-16,1
45531969,2025-01-20,2025-01-20 14:00:49,2025-02-17,2025-04-03,8
45531969,2025-01-20,2025-01-20 14:16:50,2025-04-04,2025-04-20,17
45621607,2025-01-06,2025-01-06 13:37:26,2025-02-01,2025-04-06,57
45621607,2025-01-07,2025-01-07 13:41:47,2025-02-01,2025-02-01,1
45621607,2025-01-07,2025-01-07 13:58:12,2025-02-02,2025-03-12,31
45621607,2025-01-07,2025-01-07 14:29:44,2025-03-13,2025-03-16,4
45621607,2025-01-07,2025-01-07 14:41:37,2025-03-17,2025-04-07,22
45621607,2025-01-20,2025-01-20 13:34:44,2025-02-01,2025-02-17,9
45621607,2025-01-20,2025-01-20 13:58:29,2025-02-18,2025-04-20,62
45687710,2025-01-20,2025-01-20 13:40:38,2025-02-01,2025-04-20,79
45711835,2025-01-07,2025-01-07 13:36:05,2025-02-05,2025-02-14,4
45711835,2025-01-07,2025-01-07 14:30:57,2025-02-15,2025-02-16,2
45711835,2025-01-07,2025-01-07 14:39:10,2025-02-17,2025-02-23,7
45711835,2025-01-20,2025-01-20 14:08:40,2025-02-05,2025-02-07,3
45726200,2025-01-06,2025-01-06 13:35:52,2025-01-11,2025-01-11,1
45726200,2025-01-06,2025-01-06 13:59:07,2025-01-12,2025-04-06,36
45726200,2025-01-07,2025-01-07 13:58:12,2025-01-11,2025-04-07,38
45726200,2025-01-20,2025-01-20 13:40:00,2025-02-17,2025-02-18,2
45726200,2025-01-20,2025-01-20 13:59:51,2025-02-19,2025-02-19,1
45726200,2025-01-20,2025-01-20 14:26:35,2025-02-20,2025-04-20,40
45768161,2025-01-06,2025-01-06 13:40:12,2025-01-09,2025-01-11,3
45768161,2025-01-06,2025-01-06 13:53:47,2025-01-21,2025-01-27,7
45768161,2025-01-06,2025-01-06 14:10:25,2025-01-28,2025-02-03,7
45768161,2025-01-06,2025-01-06 14:31:37,2025-02-04,2025-02-06,3
45768161,2025-01-06,2025-01-06 14:39:23,2025-02-07,2025-04-06,49
45768161,2025-01-07,2025-01-07 13:36:24,2025-01-09,2025-01-11,3
45768161,2025-01-07,2025-01-07 13:55:56,2025-01-21,2025-01-21,1
45768161,2025-01-07,2025-01-07 14:25:40,2025-01-22,2025-03-31,59
45768161,2025-01-07,2025-01-07 14:37:05,2025-04-01,2025-04-07,7
45768161,2025-01-20,2025-01-20 14:16:19,2025-01-21,2025-04-20,71
45780750,2025-01-20,2025-01-20 13:40:22,2025-04-08,2025-04-19,12
45803876,2025-01-06,2025-01-06 13:39:08,2025-01-20,2025-01-30,3
45803876,2025-01-06,2025-01-06 13:56:13,2025-01-31,2025-04-06,46
45803876,2025-01-07,2025-01-07 13:36:27,2025-01-20,2025-01-31,4
45803876,2025-01-07,2025-01-07 14:11:56,2025-02-01,2025-02-01,1
45803876,2025-01-07,2025-01-07 14:23:22,2025-02-02,2025-04-07,60
45803876,2025-01-20,2025-01-20 13:59:56,2025-01-30,2025-01-30,1
45803876,2025-01-20,2025-01-20 14:16:03,2025-01-31,2025-03-10,19
45803876,2025-01-20,2025-01-20 14:26:51,2025-03-11,2025-04-20,34
45822839,2025-01-06,2025-01-06 13:37:38,2025-01-13,2025-01-13,1
45822839,2025-01-06,2025-01-06 13:58:21,2025-01-14,2025-01-30,5
45822839,2025-01-06,2025-01-06 14:13:32,2025-01-31,2025-02-03,4
45822839,2025-01-06,2025-01-06 14:25:25,2025-02-04,2025-04-06,54
45822839,2025-01-07,2025-01-07 13:55:29,2025-01-30,2025-02-05,7
45822839,2025-01-07,2025-01-07 14:10:49,2025-02-06,2025-04-07,53
45822839,2025-01-20,2025-01-20 13:34:59,2025-02-11,2025-02-13,3
45822839,2025-01-20,2025-01-20 13:59:22,2025-02-14,2025-04-20,56
45889892,2025-01-06,2025-01-06 13:41:11,2025-01-13,2025-03-07,16
45889892,2025-01-06,2025-01-06 14:14:50,2025-03-08,2025-04-06,30
45889892,2025-01-07,2025-01-07 13:57:34,2025-01-13,2025-04-07,47
45889892,2025-01-20,2025-01-20 13:34:51,2025-02-08,2025-02-21,6
45889892,2025-01-20,2025-01-20 13:55:43,2025-02-22,2025-02-23,2
45889892,2025-01-20,2025-01-20 14:49:07,2025-02-24,2025-03-08,7
45889892,2025-01-20,2025-01-20 14:51:55,2025-03-09,2025-03-09,1
45889892,2025-01-20,2025-01-20 14:54:07,2025-03-10,2025-03-10,1
45889892,2025-01-20,2025-01-20 14:56:08,2025-03-11,2025-03-11,1
45889892,2025-01-20,2025-01-20 15:00:32,2025-03-12,2025-03-21,10
45889892,2025-01-20,2025-01-20 15:00:51,2025-03-22,2025-03-28,7
45889892,2025-01-20,2025-01-20 15:00:57,2025-03-29,2025-04-01,4
45889892,2025-01-20,2025-01-20 15:01:00,2025-04-02,2025-04-04,3
45889892,2025-01-20,2025-01-20 15:01:02,2025-04-05,2025-04-07,3
45889892,2025-01-20,2025-01-20 15:01:05,2025-04-08,2025-04-20,13
45911573,2025-01-06,2025-01-06 13:37:07,2025-01-20,2025-03-05,30
45911573,2025-01-07,2025-01-07 13:56:22,2025-01-20,2025-03-05,30
45911573,2025-01-20,2025-01-20 13:55:47,2025-02-18,2025-03-10,21
45911990,2025-01-06,2025-01-06 13:56:12,2025-01-27,2025-03-31,26
45911990,2025-01-07,2025-01-07 13:36:17,2025-01-27,2025-03-31,26
45911990,2025-01-20,2025-01-20 14:16:26,2025-01-27,2025-01-29,3
45923984,2025-01-06,2025-01-06 13:34:30,2025-02-16,2025-04-06,20
45923984,2025-01-07,2025-01-07 13:36:31,2025-02-16,2025-03-31,14
45923984,2025-01-07,2025-01-07 13:56:06,2025-04-01,2025-04-07,7
45923984,2025-01-20,2025-01-20 13:40:20,2025-02-16,2025-03-25,8
45923984,2025-01-20,2025-01-20 14:18:30,2025-03-26,2025-04-17,20
45973790,2025-01-06,2025-01-06 13:40:03,2025-01-06,2025-04-06,87
45973790,2025-01-07,2025-01-07 13:55:22,2025-01-13,2025-04-07,85
45973790,2025-01-20,2025-01-20 14:08:48,2025-01-24,2025-01-27,4
45973790,2025-01-20,2025-01-20 15:01:40,2025-01-28,2025-01-28,1
45973790,2025-01-20,2025-01-20 15:05:18,2025-01-29,2025-04-20,82
46011731,2025-01-06,2025-01-06 14:10:04,2025-02-12,2025-03-02,3
46011731,2025-01-06,2025-01-06 14:31:13,2025-03-03,2025-03-03,1
46011731,2025-01-06,2025-01-06 14:44:03,2025-03-04,2025-04-06,17
46036384,2025-01-06,2025-01-06 13:55:41,2025-02-01,2025-04-06,40
46036384,2025-01-07,2025-01-07 14:11:03,2025-02-01,2025-02-15,8
46036384,2025-01-07,2025-01-07 14:22:25,2025-02-16,2025-04-07,33
46036384,2025-01-20,2025-01-20 13:40:02,2025-01-23,2025-04-20,55
46048925,2025-01-06,2025-01-06 13:35:37,2025-01-13,2025-01-13,1
46048925,2025-01-06,2025-01-06 13:55:36,2025-01-14,2025-03-20,59
46048925,2025-01-06,2025-01-06 14:11:51,2025-03-21,2025-03-21,1
46048925,2025-01-06,2025-01-06 14:34:28,2025-03-22,2025-04-06,16
46048925,2025-01-07,2025-01-07 13:36:11,2025-01-13,2025-01-13,1
46048925,2025-01-07,2025-01-07 14:10:54,2025-01-14,2025-01-17,4
46048925,2025-01-07,2025-01-07 14:24:29,2025-01-18,2025-04-07,73
46048925,2025-01-20,2025-01-20 14:18:57,2025-02-09,2025-04-20,71
46048941,2025-01-06,2025-01-06 13:39:20,2025-02-11,2025-04-06,34
46072703,2025-01-06,2025-01-06 13:56:10,2025-02-10,2025-02-28,9
46072703,2025-01-06,2025-01-06 14:12:07,2025-03-01,2025-03-24,13
46072703,2025-01-06,2025-01-06 14:25:27,2025-03-25,2025-03-27,3
46072703,2025-01-06,2025-01-06 14:34:16,2025-03-28,2025-04-05,9
46072703,2025-01-07,2025-01-07 13:36:09,2025-02-10,2025-04-06,35
46072703,2025-01-20,2025-01-20 13:40:01,2025-02-26,2025-04-16,39
46088002,2025-01-06,2025-01-06 14:25:11,2025-01-28,2025-03-31,58
46088002,2025-01-07,2025-01-07 14:10:45,2025-01-28,2025-01-28,1
46088002,2025-01-07,2025-01-07 14:30:07,2025-01-29,2025-02-02,5
46088002,2025-01-07,2025-01-07 14:39:54,2025-02-03,2025-02-03,1
46088002,2025-01-07,2025-01-07 14:47:57,2025-02-04,2025-03-31,51
46088002,2025-01-20,2025-01-20 13:40:21,2025-02-12,2025-02-27,11
46088002,2025-01-20,2025-01-20 14:02:20,2025-02-28,2025-03-31,32
46116173,2025-01-06,2025-01-06 13:40:08,2025-02-25,2025-04-06,20
46116173,2025-01-07,2025-01-07 14:00:05,2025-02-25,2025-03-08,12
46116173,2025-01-07,2025-01-07 14:14:28,2025-03-18,2025-04-07,9
46116173,2025-01-20,2025-01-20 14:13:05,2025-02-25,2025-02-27,3
46116173,2025-01-20,2025-01-20 14:25:00,2025-02-28,2025-04-20,25
46220279,2025-01-06,2025-01-06 13:57:16,2025-01-27,2025-01-31,5
46220279,2025-01-06,2025-01-06 14:24:25,2025-02-01,2025-02-07,7
46220279,2025-01-06,2025-01-06 14:33:38,2025-02-08,2025-02-08,1
46220279,2025-01-06,2025-01-06 14:45:41,2025-02-09,2025-04-06,57
46220279,2025-01-07,2025-01-07 13:55:32,2025-01-27,2025-01-29,3
46220279,2025-01-07,2025-01-07 14:11:01,2025-01-30,2025-02-02,4
46220279,2025-01-07,2025-01-07 14:22:24,2025-02-03,2025-02-06,4
46220279,2025-01-07,2025-01-07 14:31:51,2025-02-07,2025-02-10,4
46220279,2025-01-07,2025-01-07 14:38:43,2025-02-11,2025-02-13,3
46220279,2025-01-07,2025-01-07 14:47:56,2025-02-14,2025-02-15,2
46220279,2025-01-07,2025-01-07 14:53:08,2025-02-16,2025-04-07,51
46220279,2025-01-20,2025-01-20 13:59:56,2025-01-27,2025-01-27,1
46220279,2025-01-20,2025-01-20 14:15:52,2025-01-28,2025-02-14,12
46220279,2025-01-20,2025-01-20 14:36:28,2025-02-22,2025-03-05,7
46220279,2025-01-20,2025-01-20 14:46:27,2025-03-06,2025-03-07,2
46220279,2025-01-20,2025-01-20 14:49:56,2025-03-08,2025-03-08,1
46220279,2025-01-20,2025-01-20 14:52:36,2025-03-09,2025-03-12,4
46220279,2025-01-20,2025-01-20 14:57:15,2025-03-13,2025-04-16,35
46222390,2025-01-20,2025-01-20 13:38:34,2025-01-30,2025-04-19,73
46298558,2025-01-06,2025-01-06 13:38:31,2025-03-01,2025-04-06,37
46298558,2025-01-07,2025-01-07 13:36:39,2025-03-01,2025-03-13,13
46298558,2025-01-07,2025-01-07 13:56:13,2025-03-14,2025-03-16,3
46298558,2025-01-07,2025-01-07 14:11:12,2025-03-17,2025-04-07,22
46298558,2025-01-20,2025-01-20 13:34:58,2025-01-30,2025-03-07,6
46298558,2025-01-20,2025-01-20 13:55:59,2025-03-08,2025-04-20,44
46327705,2025-01-06,2025-01-06 13:37:56,2025-02-16,2025-03-27,40
46327705,2025-01-07,2025-01-07 13:59:18,2025-02-16,2025-03-27,40
46327705,2025-01-20,2025-01-20 13:40:21,2025-02-16,2025-02-16,1
46327705,2025-01-20,2025-01-20 13:58:49,2025-02-17,2025-03-27,39
46372862,2025-01-07,2025-01-07 13:41:44,2025-01-24,2025-03-17,53
46372862,2025-01-07,2025-01-07 14:29:48,2025-03-18,2025-04-07,21
46451253,2025-01-06,2025-01-06 13:36:18,2025-01-24,2025-02-21,13
46451253,2025-01-06,2025-01-06 13:57:53,2025-02-22,2025-02-23,2
46451253,2025-01-06,2025-01-06 14:27:59,2025-02-24,2025-04-06,42
46451253,2025-01-07,2025-01-07 13:36:11,2025-01-24,2025-02-18,10
46451253,2025-01-07,2025-01-07 14:25:05,2025-02-19,2025-04-07,48
46451253,2025-01-20,2025-01-20 13:40:24,2025-01-24,2025-02-11,3
46451253,2025-01-20,2025-01-20 14:16:02,2025-02-12,2025-04-20,68
46530405,2025-01-06,2025-01-06 13:58:21,2025-01-24,2025-01-24,1
46530405,2025-01-06,2025-01-06 14:13:10,2025-01-25,2025-03-06,37
46530405,2025-01-06,2025-01-06 14:25:22,2025-03-07,2025-03-08,2
46530405,2025-01-06,2025-01-06 14:43:54,2025-03-09,2025-04-06,29
46530405,2025-01-07,2025-01-07 13:56:11,2025-01-24,2025-04-07,70
46530405,2025-01-20,2025-01-20 14:10:11,2025-01-24,2025-01-25,2
46530405,2025-01-20,2025-01-20 14:36:47,2025-01-26,2025-04-20,81
46550767,2025-01-06,2025-01-06 13:37:54,2025-01-28,2025-03-31,47
46550767,2025-01-07,2025-01-07 13:41:01,2025-01-28,2025-01-31,4
46550767,2025-01-07,2025-01-07 14:12:00,2025-02-08,2025-03-21,33
46550767,2025-01-07,2025-01-07 14:30:33,2025-03-22,2025-03-26,5
46550767,2025-01-07,2025-01-07 14:42:47,2025-03-27,2025-03-31,5
46550767,2025-01-20,2025-01-20 14:13:32,2025-01-28,2025-02-09,6
46550767,2025-01-20,2025-01-20 14:25:53,2025-02-10,2025-02-11,2
46550767,2025-01-20,2025-01-20 14:40:55,2025-02-12,2025-03-31,39
46598066,2025-01-06,2025-01-06 13:38:14,2025-01-26,2025-02-12,18
46598066,2025-01-06,2025-01-06 14:08:17,2025-02-13,2025-02-15,3
46598066,2025-01-06,2025-01-06 14:27:35,2025-02-16,2025-04-06,50
46598066,2025-01-07,2025-01-07 14:24:42,2025-01-26,2025-01-26,1
46598066,2025-01-07,2025-01-07 14:33:06,2025-01-27,2025-04-07,71
46598066,2025-01-20,2025-01-20 13:35:00,2025-02-04,2025-02-07,4
46598066,2025-01-20,2025-01-20 14:13:07,2025-02-10,2025-03-22,41
46598066,2025-01-20,2025-01-20 14:25:54,2025-03-23,2025-03-29,7
46598066,2025-01-20,2025-01-20 14:35:01,2025-03-30,2025-04-01,3
46598066,2025-01-20,2025-01-20 14:54:22,2025-04-02,2025-04-02,1
46598066,2025-01-20,2025-01-20 14:57:58,2025-04-03,2025-04-20,18
46604700,2025-01-20,2025-01-20 14:10:46,2025-01-22,2025-02-03,11
46604700,2025-01-20,2025-01-20 14:29:49,2025-02-04,2025-02-04,1
46604700,2025-01-20,2025-01-20 14:52:22,2025-02-05,2025-04-20,75
46678933,2025-01-07,2025-01-07 13:36:53,2025-01-14,2025-01-25,12
46678933,2025-01-07,2025-01-07 13:58:31,2025-01-26,2025-04-07,72
46678933,2025-01-20,2025-01-20 13:40:14,2025-02-03,2025-02-09,7
46678933,2025-01-20,2025-01-20 13:59:52,2025-02-10,2025-02-11,2
46678933,2025-01-20,2025-01-20 14:29:49,2025-02-12,2025-02-13,2
46678933,2025-01-20,2025-01-20 14:38:15,2025-02-14,2025-02-14,1
46678933,2025-01-20,2025-01-20 14:48:15,2025-02-15,2025-02-18,4
46678933,2025-01-20,2025-01-20 14:54:29,2025-02-19,2025-04-20,61
46690986,2025-01-06,2025-01-06 14:09:01,2025-01-06,2025-01-09,4
46690986,2025-01-06,2025-01-06 14:39:31,2025-01-10,2025-04-06,87
46704215,2025-01-20,2025-01-20 13:40:29,2025-02-03,2025-02-13,11
46710652,2025-01-06,2025-01-06 13:36:21,2025-01-26,2025-01-29,4
46710652,2025-01-06,2025-01-06 13:57:46,2025-02-03,2025-02-03,1
46710652,2025-01-06,2025-01-06 14:27:01,2025-02-04,2025-04-06,52
46710652,2025-01-07,2025-01-07 13:55:36,2025-01-26,2025-04-07,58
46710652,2025-01-20,2025-01-20 13:41:13,2025-02-03,2025-02-12,3
46710652,2025-01-20,2025-01-20 14:05:00,2025-02-13,2025-04-10,54
46710652,2025-01-20,2025-01-20 14:19:08,2025-04-11,2025-04-20,10
46724379,2025-01-06,2025-01-06 13:36:22,2025-01-10,2025-01-13,4
46724379,2025-01-06,2025-01-06 13:57:48,2025-01-14,2025-01-19,6
46724379,2025-01-06,2025-01-06 14:14:14,2025-01-20,2025-04-05,76
46724379,2025-01-07,2025-01-07 14:22:07,2025-01-10,2025-01-11,2
46724379,2025-01-07,2025-01-07 14:31:49,2025-01-12,2025-01-17,6
46724379,2025-01-07,2025-01-07 14:38:39,2025-01-18,2025-01-19,2
46724379,2025-01-07,2025-01-07 14:48:51,2025-01-20,2025-02-13,25
46724379,2025-01-07,2025-01-07 14:52:53,2025-02-14,2025-04-06,52
46724379,2025-01-20,2025-01-20 13:41:14,2025-02-03,2025-02-04,2
46724379,2025-01-20,2025-01-20 14:05:15,2025-02-05,2025-02-26,22
46724379,2025-01-20,2025-01-20 14:29:45,2025-02-27,2025-02-27,1
46724379,2025-01-20,2025-01-20 14:42:48,2025-02-28,2025-04-19,40
46755580,2025-01-20,2025-01-20 13:42:01,2025-02-02,2025-03-15,42
46755580,2025-01-20,2025-01-20 14:09:15,2025-03-16,2025-03-31,16
46769078,2025-01-06,2025-01-06 13:36:36,2025-01-07,2025-04-05,79
46769078,2025-01-07,2025-01-07 13:36:14,2025-01-08,2025-01-12,5
46769078,2025-01-07,2025-01-07 14:38:46,2025-01-13,2025-04-06,74
46769078,2025-01-20,2025-01-20 13:40:48,2025-01-21,2025-04-19,79
46866680,2025-01-06,2025-01-06 13:35:10,2025-01-12,2025-02-19,12
46866680,2025-01-06,2025-01-06 14:11:23,2025-02-20,2025-02-22,3
46866680,2025-01-06,2025-01-06 14:23:46,2025-02-23,2025-03-17,18
46866680,2025-01-06,2025-01-06 14:33:14,2025-03-18,2025-03-18,1
46866680,2025-01-06,2025-01-06 14:39:27,2025-03-19,2025-04-06,19
46866680,2025-01-07,2025-01-07 13:36:23,2025-01-12,2025-01-14,3
46866680,2025-01-07,2025-01-07 13:56:00,2025-01-15,2025-01-15,1
46866680,2025-01-07,2025-01-07 14:11:08,2025-01-16,2025-01-16,1
46866680,2025-01-07,2025-01-07 14:22:29,2025-01-17,2025-01-17,1
46866680,2025-01-07,2025-01-07 14:31:09,2025-01-18,2025-01-28,3
46866680,2025-01-07,2025-01-07 14:38:18,2025-01-29,2025-02-21,5
46866680,2025-01-07,2025-01-07 14:46:54,2025-02-22,2025-04-07,40
46866680,2025-01-20,2025-01-20 14:09:36,2025-01-28,2025-02-19,4
46866680,2025-01-20,2025-01-20 14:27:40,2025-02-20,2025-02-25,6
46866680,2025-01-20,2025-01-20 14:42:57,2025-02-26,2025-03-14,12
46866680,2025-01-20,2025-01-20 14:50:21,2025-03-15,2025-04-20,37
46878566,2025-01-06,2025-01-06 13:41:43,2025-01-29,2025-04-05,67
46878566,2025-01-07,2025-01-07 13:39:08,2025-01-29,2025-04-06,68
46878566,2025-01-20,2025-01-20 13:35:14,2025-01-29,2025-01-29,1
46878566,2025-01-20,2025-01-20 13:57:55,2025-01-30,2025-02-06,8
46878566,2025-01-20,2025-01-20 14:25:28,2025-02-07,2025-02-08,2
46878566,2025-01-20,2025-01-20 14:34:48,2025-02-09,2025-02-16,8
46878566,2025-01-20,2025-01-20 14:41:23,2025-02-17,2025-02-17,1
46878566,2025-01-20,2025-01-20 14:49:36,2025-02-18,2025-04-19,55
46896012,2025-01-06,2025-01-06 13:59:10,2025-02-15,2025-03-31,45
46896012,2025-01-07,2025-01-07 13:41:42,2025-02-15,2025-02-21,7
46896012,2025-01-07,2025-01-07 14:41:14,2025-02-22,2025-03-31,38
46896012,2025-01-20,2025-01-20 14:00:24,2025-02-15,2025-02-21,7
46896012,2025-01-20,2025-01-20 14:16:30,2025-03-03,2025-04-20,49
46936020,2025-01-20,2025-01-20 13:42:02,2025-01-25,2025-01-28,4
46936020,2025-01-20,2025-01-20 14:43:38,2025-01-29,2025-03-31,50
46990438,2025-01-06,2025-01-06 14:24:30,2025-01-31,2025-03-31,60
46990438,2025-01-07,2025-01-07 13:55:59,2025-01-31,2025-02-18,19
46990438,2025-01-07,2025-01-07 14:13:30,2025-02-19,2025-03-31,41
46990438,2025-01-20,2025-01-20 14:01:57,2025-01-31,2025-02-01,2
46990438,2025-01-20,2025-01-20 14:18:27,2025-02-02,2025-03-30,52
47000276,2025-01-06,2025-01-06 13:57:30,2025-02-16,2025-02-19,4
47000276,2025-01-06,2025-01-06 14:28:01,2025-02-20,2025-04-06,24
47000276,2025-01-07,2025-01-07 13:55:34,2025-02-16,2025-02-17,2
47000276,2025-01-07,2025-01-07 14:38:30,2025-02-18,2025-03-22,11
47000276,2025-01-07,2025-01-07 14:43:45,2025-03-23,2025-04-07,16
47000276,2025-01-20,2025-01-20 13:41:41,2025-02-16,2025-03-23,14
47000276,2025-01-20,2025-01-20 14:02:11,2025-03-24,2025-04-20,28
47006355,2025-01-06,2025-01-06 13:35:13,2025-01-25,2025-01-25,1
47006355,2025-01-06,2025-01-06 14:11:22,2025-01-26,2025-01-27,2
47006355,2025-01-06,2025-01-06 14:23:51,2025-01-28,2025-02-24,5
47006355,2025-01-06,2025-01-06 14:35:18,2025-02-25,2025-04-05,40
47006355,2025-01-07,2025-01-07 14:11:05,2025-01-25,2025-01-28,4
47006355,2025-01-07,2025-01-07 14:22:34,2025-01-29,2025-02-24,4
47006355,2025-01-07,2025-01-07 14:47:06,2025-02-25,2025-04-06,41
47006355,2025-01-20,2025-01-20 14:01:43,2025-01-25,2025-01-25,1
47006355,2025-01-20,2025-01-20 14:12:19,2025-01-26,2025-03-31,37
47052262,2025-01-06,2025-01-06 13:57:26,2025-02-07,2025-04-06,46
47052262,2025-01-07,2025-01-07 13:38:50,2025-02-07,2025-04-07,46
47052262,2025-01-20,2025-01-20 13:40:56,2025-01-24,2025-01-26,3
47052262,2025-01-20,2025-01-20 14:00:39,2025-01-27,2025-02-01,6
47052262,2025-01-20,2025-01-20 14:41:38,2025-02-07,2025-02-07,1
47052262,2025-01-20,2025-01-20 14:47:28,2025-02-08,2025-04-20,58
47089646,2025-01-06,2025-01-06 13:41:44,2025-02-15,2025-02-15,1
47089646,2025-01-06,2025-01-06 14:09:13,2025-02-16,2025-02-16,1
47089646,2025-01-06,2025-01-06 14:29:35,2025-02-17,2025-04-06,49
47172145,2025-01-06,2025-01-06 13:35:12,2025-01-13,2025-01-16,4
47172145,2025-01-06,2025-01-06 13:54:38,2025-02-04,2025-02-06,3
47172145,2025-01-06,2025-01-06 14:11:18,2025-02-07,2025-02-09,3
47172145,2025-01-06,2025-01-06 14:33:23,2025-02-10,2025-02-11,2
47172145,2025-01-06,2025-01-06 14:41:09,2025-02-12,2025-04-05,48
47172145,2025-01-07,2025-01-07 13:36:25,2025-01-13,2025-04-06,61
47172145,2025-01-20,2025-01-20 13:41:46,2025-02-14,2025-02-15,2
47172145,2025-01-20,2025-01-20 14:00:52,2025-02-16,2025-02-20,5
47172145,2025-01-20,2025-01-20 14:11:16,2025-02-21,2025-02-23,3
47172145,2025-01-20,2025-01-20 14:19:47,2025-02-24,2025-04-19,50
47213093,2025-01-06,2025-01-06 13:57:36,2025-02-17,2025-02-22,6
47213093,2025-01-06,2025-01-06 14:12:17,2025-02-23,2025-02-27,5
47213093,2025-01-06,2025-01-06 14:33:40,2025-03-21,2025-03-31,11
47213093,2025-01-07,2025-01-07 13:41:03,2025-02-17,2025-03-31,22
47213093,2025-01-20,2025-01-20 13:40:51,2025-02-17,2025-02-20,4
47213093,2025-01-20,2025-01-20 14:00:26,2025-02-21,2025-02-27,7
47213093,2025-01-20,2025-01-20 14:27:14,2025-03-21,2025-03-23,3
47213093,2025-01-20,2025-01-20 14:37:32,2025-03-24,2025-03-31,8
47222306,2025-01-06,2025-01-06 13:40:59,2025-01-27,2025-04-06,47
47232230,2025-01-06,2025-01-06 13:40:41,2025-02-12,2025-02-27,16
47232230,2025-01-07,2025-01-07 13:38:35,2025-02-12,2025-02-15,4
47232230,2025-01-07,2025-01-07 13:57:06,2025-02-16,2025-02-27,12
47232230,2025-01-20,2025-01-20 14:01:04,2025-02-12,2025-02-26,15
47254288,2025-01-06,2025-01-06 13:39:54,2025-02-08,2025-04-06,58
47254288,2025-01-07,2025-01-07 13:58:06,2025-02-08,2025-04-07,48
47254288,2025-01-20,2025-01-20 13:34:58,2025-02-08,2025-02-12,5
47254288,2025-01-20,2025-01-20 13:58:39,2025-02-18,2025-04-20,62
47260862,2025-01-06,2025-01-06 13:38:03,2025-01-29,2025-04-06,30
47260862,2025-01-07,2025-01-07 13:40:37,2025-01-29,2025-02-02,5
47260862,2025-01-07,2025-01-07 14:29:40,2025-02-26,2025-02-26,1
47260862,2025-01-07,2025-01-07 14:39:28,2025-02-27,2025-04-07,25
47260862,2025-01-20,2025-01-20 14:13:59,2025-01-29,2025-02-02,5
47260862,2025-01-20,2025-01-20 14:26:38,2025-02-26,2025-04-20,39
47269826,2025-01-06,2025-01-06 13:42:05,2025-02-17,2025-02-28,12
47269826,2025-01-07,2025-01-07 13:39:10,2025-02-17,2025-02-28,12
47269826,2025-01-20,2025-01-20 13:35:02,2025-02-17,2025-02-22,6
47269826,2025-01-20,2025-01-20 13:58:37,2025-02-23,2025-02-28,6
47325492,2025-01-06,2025-01-06 13:38:19,2025-01-22,2025-04-06,75
47325492,2025-01-07,2025-01-07 14:12:24,2025-01-22,2025-01-25,4
47325492,2025-01-07,2025-01-07 14:29:43,2025-01-26,2025-01-27,2
47325492,2025-01-07,2025-01-07 14:38:59,2025-01-28,2025-01-28,1
47325492,2025-01-07,2025-01-07 14:43:58,2025-01-29,2025-01-30,2
47325492,2025-01-07,2025-01-07 14:48:33,2025-01-31,2025-01-31,1
47325492,2025-01-07,2025-01-07 14:52:53,2025-02-01,2025-03-09,33
47325492,2025-01-07,2025-01-07 14:53:20,2025-03-10,2025-03-16,7
47325492,2025-01-07,2025-01-07 14:57:45,2025-03-17,2025-04-07,22
47325492,2025-01-20,2025-01-20 13:35:03,2025-01-28,2025-04-20,79
47326216,2025-01-06,2025-01-06 13:41:12,2025-01-18,2025-01-18,1
47326216,2025-01-06,2025-01-06 13:58:10,2025-01-19,2025-01-19,1
47326216,2025-01-06,2025-01-06 14:14:10,2025-01-20,2025-01-30,11
47326216,2025-01-06,2025-01-06 14:27:55,2025-01-31,2025-02-13,8
47326216,2025-01-06,2025-01-06 14:39:43,2025-02-14,2025-03-26,41
47326216,2025-01-06,2025-01-06 14:49:06,2025-03-27,2025-04-06,11
47326216,2025-01-07,2025-01-07 13:39:46,2025-01-18,2025-04-07,74
47326216,2025-01-20,2025-01-20 13:40:51,2025-01-28,2025-01-29,2
47326216,2025-01-20,2025-01-20 14:00:25,2025-01-30,2025-04-20,75
47402735,2025-01-20,2025-01-20 13:42:16,2025-01-25,2025-02-20,7
47402735,2025-01-20,2025-01-20 14:10:33,2025-02-21,2025-03-06,14
47402735,2025-01-20,2025-01-20 14:30:30,2025-03-07,2025-04-20,45
47421617,2025-01-07,2025-01-07 14:29:30,2025-02-24,2025-03-31,36
47543180,2025-01-20,2025-01-20 13:42:33,2025-02-20,2025-04-20,38
47558531,2025-01-06,2025-01-06 13:41:48,2025-01-21,2025-04-06,76
47558531,2025-01-07,2025-01-07 13:56:52,2025-01-21,2025-04-07,77
47558531,2025-01-20,2025-01-20 13:56:14,2025-01-21,2025-04-20,86
47783121,2025-01-06,2025-01-06 13:40:55,2025-02-10,2025-02-12,3
47783121,2025-01-06,2025-01-06 14:08:28,2025-02-13,2025-02-13,1
47783121,2025-01-06,2025-01-06 14:29:00,2025-02-14,2025-04-06,34
47783121,2025-01-07,2025-01-07 13:39:18,2025-02-10,2025-04-07,39
47783121,2025-01-20,2025-01-20 13:57:38,2025-02-23,2025-04-20,45
47802450,2025-01-20,2025-01-20 13:42:26,2025-02-25,2025-02-25,1
47802450,2025-01-20,2025-01-20 14:09:23,2025-02-26,2025-02-26,1
47802450,2025-01-20,2025-01-20 14:30:01,2025-02-27,2025-04-09,27
47816646,2025-01-06,2025-01-06 13:42:43,2025-01-12,2025-01-23,7
47816646,2025-01-06,2025-01-06 14:10:49,2025-01-24,2025-01-24,1
47816646,2025-01-06,2025-01-06 14:29:34,2025-01-25,2025-04-06,65
47891397,2025-01-07,2025-01-07 13:56:28,2025-01-13,2025-04-07,68
47891397,2025-01-20,2025-01-20 14:15:41,2025-02-04,2025-04-20,76
47909482,2025-01-06,2025-01-06 13:38:07,2025-01-15,2025-04-06,56
47909482,2025-01-07,2025-01-07 13:41:18,2025-02-07,2025-02-09,3
47909482,2025-01-07,2025-01-07 14:29:02,2025-02-10,2025-04-07,51
47909482,2025-01-20,2025-01-20 14:13:21,2025-02-07,2025-04-17,64
48080102,2025-01-06,2025-01-06 13:36:18,2025-02-23,2025-02-24,2
48080102,2025-01-06,2025-01-06 13:57:38,2025-02-25,2025-03-22,26
48080102,2025-01-07,2025-01-07 13:39:22,2025-02-23,2025-03-22,28
48080102,2025-01-20,2025-01-20 13:40:53,2025-02-23,2025-02-23,1
48080102,2025-01-20,2025-01-20 14:29:45,2025-02-24,2025-04-16,35
48109229,2025-01-07,2025-01-07 14:45:00,2025-02-11,2025-04-07,56
48109229,2025-01-20,2025-01-20 13:35:08,2025-02-07,2025-02-08,2
48109229,2025-01-20,2025-01-20 13:59:06,2025-02-09,2025-04-20,71
48158176,2025-01-06,2025-01-06 13:41:14,2025-02-05,2025-02-07,3
48158176,2025-01-06,2025-01-06 14:00:05,2025-03-07,2025-03-09,3
48158176,2025-01-06,2025-01-06 14:15:44,2025-03-10,2025-03-11,2
48158176,2025-01-06,2025-01-06 14:26:11,2025-03-12,2025-03-12,1
48158176,2025-01-06,2025-01-06 14:35:38,2025-03-13,2025-03-23,4
48158176,2025-01-06,2025-01-06 14:40:26,2025-03-24,2025-03-24,1
48158176,2025-01-06,2025-01-06 14:47:22,2025-03-25,2025-04-06,13
48158176,2025-01-07,2025-01-07 13:37:39,2025-02-05,2025-04-07,28
48158176,2025-01-20,2025-01-20 13:56:15,2025-02-05,2025-04-20,29
48243472,2025-01-06,2025-01-06 13:40:29,2025-01-12,2025-02-01,11
48243472,2025-01-06,2025-01-06 13:59:58,2025-02-02,2025-02-02,1
48243472,2025-01-06,2025-01-06 14:15:44,2025-02-03,2025-02-07,5
48243472,2025-01-06,2025-01-06 14:30:03,2025-02-08,2025-02-28,21
48243472,2025-01-07,2025-01-07 13:56:43,2025-01-12,2025-02-28,38
48243472,2025-01-20,2025-01-20 13:56:15,2025-02-02,2025-03-31,48
48254075,2025-01-06,2025-01-06 13:57:42,2025-01-29,2025-01-30,2
48254075,2025-01-06,2025-01-06 14:28:43,2025-01-31,2025-02-28,18
48254075,2025-01-07,2025-01-07 13:37:04,2025-01-29,2025-02-28,20
48254075,2025-01-20,2025-01-20 14:10:34,2025-02-07,2025-02-28,11
48526011,2025-01-06,2025-01-06 13:41:18,2025-01-18,2025-04-05,65
48624860,2025-01-06,2025-01-06 13:37:11,2025-01-10,2025-04-06,7
48624860,2025-01-07,2025-01-07 13:40:57,2025-01-10,2025-04-06,7
48624860,2025-01-07,2025-01-07 13:58:18,2025-04-07,2025-04-07,1
48624860,2025-01-20,2025-01-20 14:27:28,2025-02-21,2025-04-06,3
48624860,2025-01-20,2025-01-20 14:41:45,2025-04-07,2025-04-11,5
48624860,2025-01-20,2025-01-20 14:49:46,2025-04-12,2025-04-17,6
48699117,2025-01-06,2025-01-06 13:58:55,2025-01-12,2025-04-06,39
48699117,2025-01-07,2025-01-07 13:42:56,2025-01-12,2025-01-26,4
48699117,2025-01-07,2025-01-07 14:13:12,2025-01-27,2025-04-07,36
48699117,2025-01-20,2025-01-20 14:01:31,2025-03-08,2025-03-25,18
48699117,2025-01-20,2025-01-20 14:36:03,2025-03-26,2025-03-26,1
48699117,2025-01-20,2025-01-20 14:49:38,2025-03-27,2025-03-28,2
48699117,2025-01-20,2025-01-20 14:57:04,2025-03-29,2025-03-29,1
48699117,2025-01-20,2025-01-20 15:00:52,2025-03-30,2025-04-15,17
48848529,2025-01-06,2025-01-06 13:38:51,2025-01-16,2025-04-06,76
48848529,2025-01-07,2025-01-07 13:37:30,2025-01-16,2025-01-16,1
48848529,2025-01-07,2025-01-07 13:59:00,2025-01-17,2025-04-07,76
48848529,2025-01-20,2025-01-20 13:35:26,2025-01-24,2025-01-27,4
48848529,2025-01-20,2025-01-20 13:58:00,2025-01-28,2025-04-17,74
48941838,2025-01-06,2025-01-06 13:38:51,2025-02-08,2025-04-06,37
48941838,2025-01-07,2025-01-07 13:37:20,2025-02-08,2025-04-07,38
48941838,2025-01-20,2025-01-20 13:59:30,2025-02-08,2025-04-15,41
49050392,2025-01-06,2025-01-06 13:35:41,2025-02-09,2025-02-14,6
49050392,2025-01-06,2025-01-06 13:55:54,2025-02-15,2025-03-31,40
49050392,2025-01-07,2025-01-07 13:37:53,2025-02-09,2025-02-09,1
49050392,2025-01-07,2025-01-07 13:44:18,2025-02-10,2025-02-11,2
49050392,2025-01-07,2025-01-07 13:56:46,2025-02-12,2025-03-31,43
49050392,2025-01-20,2025-01-20 13:43:45,2025-02-09,2025-03-31,46
49123621,2025-01-06,2025-01-06 13:55:41,2025-01-06,2025-01-07,2
49123621,2025-01-06,2025-01-06 14:31:37,2025-01-12,2025-04-06,76
49123621,2025-01-07,2025-01-07 13:37:15,2025-01-12,2025-04-07,73
49123621,2025-01-20,2025-01-20 13:41:39,2025-01-20,2025-01-31,8
49123621,2025-01-20,2025-01-20 14:18:15,2025-02-01,2025-02-01,1
49123621,2025-01-20,2025-01-20 14:52:12,2025-02-02,2025-04-19,66
49369605,2025-01-06,2025-01-06 13:42:34,2025-02-25,2025-04-02,16
49369605,2025-01-07,2025-01-07 13:37:21,2025-02-25,2025-04-02,16
49369605,2025-01-20,2025-01-20 13:44:15,2025-03-04,2025-03-04,1
49369605,2025-01-20,2025-01-20 13:59:53,2025-03-30,2025-03-31,2
49369605,2025-01-20,2025-01-20 14:10:35,2025-04-01,2025-04-04,4
49369605,2025-01-20,2025-01-20 14:15:54,2025-04-05,2025-04-07,3
49824103,2025-01-06,2025-01-06 13:58:41,2025-02-24,2025-04-02,29
49824103,2025-01-06,2025-01-06 14:13:20,2025-04-03,2025-04-06,4
49824103,2025-01-07,2025-01-07 13:37:24,2025-02-24,2025-04-07,34
49824103,2025-01-20,2025-01-20 13:35:29,2025-02-24,2025-03-18,6
49824103,2025-01-20,2025-01-20 13:59:11,2025-03-19,2025-03-19,1
49824103,2025-01-20,2025-01-20 14:14:39,2025-03-20,2025-03-22,3
49824103,2025-01-20,2025-01-20 14:26:37,2025-03-23,2025-04-20,29
49968308,2025-01-06,2025-01-06 13:39:59,2025-02-09,2025-03-31,24
49968308,2025-01-07,2025-01-07 14:11:20,2025-02-09,2025-03-31,18
49968308,2025-01-20,2025-01-20 13:41:56,2025-01-26,2025-02-10,4
49968308,2025-01-20,2025-01-20 14:02:43,2025-03-24,2025-03-26,3
50047341,2025-01-06,2025-01-06 13:43:01,2025-02-17,2025-02-23,7
50047341,2025-01-06,2025-01-06 14:13:12,2025-03-23,2025-03-24,2
50047341,2025-01-06,2025-01-06 14:30:57,2025-03-25,2025-04-06,13
50047341,2025-01-07,2025-01-07 13:38:14,2025-02-17,2025-04-07,23
50047341,2025-01-20,2025-01-20 13:57:56,2025-03-23,2025-04-20,29
50059423,2025-01-06,2025-01-06 13:58:48,2025-02-15,2025-03-05,12
50059423,2025-01-06,2025-01-06 14:14:24,2025-03-06,2025-04-06,18
50059423,2025-01-07,2025-01-07 13:42:05,2025-02-15,2025-02-28,7
50059423,2025-01-07,2025-01-07 14:00:05,2025-03-01,2025-03-01,1
50059423,2025-01-07,2025-01-07 14:13:43,2025-03-02,2025-04-07,23
50059423,2025-01-20,2025-01-20 13:58:06,2025-03-07,2025-03-23,3
50059423,2025-01-20,2025-01-20 14:16:45,2025-03-24,2025-04-16,24
50085393,2025-01-06,2025-01-06 13:40:46,2025-01-28,2025-02-27,21
50085393,2025-01-07,2025-01-07 13:39:31,2025-01-28,2025-02-27,21
50243281,2025-01-06,2025-01-06 14:30:50,2025-01-27,2025-04-06,35
50535771,2025-01-06,2025-01-06 14:11:08,2025-01-11,2025-02-01,15
50535771,2025-01-06,2025-01-06 14:31:05,2025-02-02,2025-04-06,29
50561328,2025-01-06,2025-01-06 13:35:42,2025-02-09,2025-02-27,5
50561328,2025-01-07,2025-01-07 13:38:37,2025-02-09,2025-02-27,5
50561328,2025-01-20,2025-01-20 13:41:44,2025-02-09,2025-02-28,3
50561328,2025-01-20,2025-01-20 14:04:41,2025-03-01,2025-03-07,7
50958684,2025-01-06,2025-01-06 13:35:53,2025-01-12,2025-01-23,6
50958684,2025-01-06,2025-01-06 13:57:08,2025-01-24,2025-01-24,1
50958684,2025-01-06,2025-01-06 14:13:07,2025-01-25,2025-04-06,53
50958684,2025-01-07,2025-01-07 13:37:57,2025-01-12,2025-04-07,61
50958684,2025-01-20,2025-01-20 13:41:52,2025-01-26,2025-02-17,4
50958684,2025-01-20,2025-01-20 14:02:26,2025-02-18,2025-04-20,62
51301217,2025-01-07,2025-01-07 14:13:10,2025-01-21,2025-04-07,67
51403736,2025-01-06,2025-01-06 13:42:28,2025-01-19,2025-02-01,9
51403736,2025-01-06,2025-01-06 14:10:28,2025-02-05,2025-02-06,2
51403736,2025-01-06,2025-01-06 14:29:18,2025-02-07,2025-02-11,5
51403736,2025-01-06,2025-01-06 14:48:51,2025-02-12,2025-02-28,5
51403736,2025-01-06,2025-01-06 14:53:32,2025-03-04,2025-04-06,34
51405106,2025-01-06,2025-01-06 14:29:11,2025-02-01,2025-02-03,3
51405106,2025-01-06,2025-01-06 14:50:06,2025-02-04,2025-02-13,10
51405106,2025-01-06,2025-01-06 14:56:51,2025-02-14,2025-02-22,9
51405106,2025-01-06,2025-01-06 14:59:29,2025-02-23,2025-04-06,38
51405106,2025-01-07,2025-01-07 13:56:50,2025-02-01,2025-04-07,61
51405106,2025-01-20,2025-01-20 13:59:09,2025-02-01,2025-04-20,74
51453135,2025-01-06,2025-01-06 13:39:07,2025-01-12,2025-03-31,71
51453135,2025-01-07,2025-01-07 13:41:14,2025-01-12,2025-03-31,63
51453135,2025-01-20,2025-01-20 13:45:12,2025-01-27,2025-01-28,2
51453135,2025-01-20,2025-01-20 14:47:40,2025-01-29,2025-01-29,1
51453135,2025-01-20,2025-01-20 14:52:06,2025-02-09,2025-02-11,3
51453135,2025-01-20,2025-01-20 14:57:26,2025-02-12,2025-04-20,49
51507847,2025-01-07,2025-01-07 13:45:22,2025-02-19,2025-04-07,16
51669111,2025-01-06,2025-01-06 14:40:49,2025-01-08,2025-01-25,8
51669111,2025-01-06,2025-01-06 14:40:50,2025-01-26,2025-02-06,12
51669111,2025-01-06,2025-01-06 14:44:55,2025-02-07,2025-04-06,59
51669111,2025-01-07,2025-01-07 13:41:32,2025-01-08,2025-03-25,67
51669111,2025-01-07,2025-01-07 14:17:10,2025-03-26,2025-03-30,5
51669111,2025-01-07,2025-01-07 14:27:19,2025-03-31,2025-04-01,2
51669111,2025-01-07,2025-01-07 14:36:31,2025-04-02,2025-04-07,6
51669111,2025-01-20,2025-01-20 13:39:07,2025-01-23,2025-04-14,82
51669111,2025-01-20,2025-01-20 13:59:46,2025-04-15,2025-04-17,3
51669111,2025-01-20,2025-01-20 14:26:50,2025-04-18,2025-04-19,2
51683537,2025-01-06,2025-01-06 13:35:49,2025-02-23,2025-03-06,7
51683537,2025-01-06,2025-01-06 13:56:17,2025-03-07,2025-04-06,15
51683537,2025-01-07,2025-01-07 14:11:31,2025-02-23,2025-02-23,1
51683537,2025-01-07,2025-01-07 14:22:50,2025-02-24,2025-02-24,1
51683537,2025-01-07,2025-01-07 14:34:40,2025-02-25,2025-04-04,18
51683537,2025-01-07,2025-01-07 14:46:40,2025-04-05,2025-04-07,3
51683537,2025-01-20,2025-01-20 13:46:08,2025-02-23,2025-03-27,12
51683537,2025-01-20,2025-01-20 14:05:19,2025-03-28,2025-03-29,2
51683537,2025-01-20,2025-01-20 14:20:51,2025-03-30,2025-04-12,14
51785337,2025-01-06,2025-01-06 13:41:00,2025-02-12,2025-03-28,33
51785337,2025-01-06,2025-01-06 14:15:12,2025-03-29,2025-03-30,2
51785337,2025-01-06,2025-01-06 14:25:55,2025-03-31,2025-04-06,7
51785337,2025-01-07,2025-01-07 14:30:47,2025-02-12,2025-02-12,1
51785337,2025-01-07,2025-01-07 14:40:17,2025-02-13,2025-02-13,1
51785337,2025-01-07,2025-01-07 14:58:51,2025-02-14,2025-04-07,41
51785337,2025-01-20,2025-01-20 14:02:26,2025-02-12,2025-04-20,56
51825638,2025-01-06,2025-01-06 13:40:44,2025-01-27,2025-01-28,2
51825638,2025-01-06,2025-01-06 13:58:59,2025-01-29,2025-01-30,2
51825638,2025-01-06,2025-01-06 14:29:49,2025-01-31,2025-03-31,50
51825638,2025-01-06,2025-01-06 14:42:05,2025-04-01,2025-04-03,3
51825638,2025-01-06,2025-01-06 14:49:16,2025-04-04,2025-04-06,3
51825638,2025-01-07,2025-01-07 13:38:11,2025-01-27,2025-01-28,2
51825638,2025-01-07,2025-01-07 14:00:46,2025-01-29,2025-04-01,53
51825638,2025-01-07,2025-01-07 14:15:03,2025-04-02,2025-04-07,6
51825638,2025-01-20,2025-01-20 13:59:17,2025-01-27,2025-01-28,2
51825638,2025-01-20,2025-01-20 14:17:14,2025-01-29,2025-04-20,72
51861410,2025-01-20,2025-01-20 13:47:15,2025-01-30,2025-02-09,5
51861410,2025-01-20,2025-01-20 14:13:12,2025-02-10,2025-02-27,13
51866473,2025-01-06,2025-01-06 13:40:40,2025-02-18,2025-04-06,31
51866473,2025-01-07,2025-01-07 13:40:57,2025-02-18,2025-04-07,32
51866473,2025-01-20,2025-01-20 14:01:52,2025-02-18,2025-02-18,1
51866473,2025-01-20,2025-01-20 14:21:06,2025-02-19,2025-02-20,2
51866473,2025-01-20,2025-01-20 14:41:49,2025-02-21,2025-04-20,42
51983017,2025-01-07,2025-01-07 13:42:49,2025-02-26,2025-04-07,29
51990592,2025-01-07,2025-01-07 13:42:49,2025-01-16,2025-04-07,60
52025452,2025-01-07,2025-01-07 14:13:15,2025-01-28,2025-04-07,52
52059007,2025-01-06,2025-01-06 13:41:31,2025-01-06,2025-02-13,39
52059007,2025-01-06,2025-01-06 14:16:50,2025-02-14,2025-02-16,3
52059007,2025-01-06,2025-01-06 14:29:11,2025-02-17,2025-04-06,49
52059007,2025-01-07,2025-01-07 14:11:17,2025-01-07,2025-01-29,11
52059007,2025-01-07,2025-01-07 14:30:11,2025-01-30,2025-02-02,4
52059007,2025-01-07,2025-01-07 14:40:16,2025-02-03,2025-04-07,64
52059007,2025-01-20,2025-01-20 13:42:18,2025-01-28,2025-01-28,1
52059007,2025-01-20,2025-01-20 14:06:29,2025-01-29,2025-02-02,5
52059007,2025-01-20,2025-01-20 14:40:29,2025-02-03,2025-02-03,1
52059007,2025-01-20,2025-01-20 14:51:48,2025-02-04,2025-02-04,1
52059007,2025-01-20,2025-01-20 14:54:33,2025-02-05,2025-04-04,59
52059007,2025-01-20,2025-01-20 14:59:27,2025-04-05,2025-04-20,16
52172003,2025-01-06,2025-01-06 13:42:03,2025-03-10,2025-03-10,1
52172003,2025-01-06,2025-01-06 14:16:26,2025-03-11,2025-03-16,6
52172003,2025-01-06,2025-01-06 14:27:07,2025-03-17,2025-03-18,2
52172003,2025-01-06,2025-01-06 14:35:15,2025-03-19,2025-03-29,11
52172003,2025-01-06,2025-01-06 14:39:58,2025-03-30,2025-04-06,8
52172003,2025-01-07,2025-01-07 13:41:15,2025-03-10,2025-04-07,29
52172003,2025-01-20,2025-01-20 13:36:20,2025-03-10,2025-03-10,1
52172003,2025-01-20,2025-01-20 13:59:17,2025-03-11,2025-03-12,2
52172003,2025-01-20,2025-01-20 14:15:07,2025-03-13,2025-03-14,2
52172003,2025-01-20,2025-01-20 14:26:09,2025-03-15,2025-04-05,22
52172003,2025-01-20,2025-01-20 14:35:53,2025-04-06,2025-04-13,8
52172003,2025-01-20,2025-01-20 14:41:45,2025-04-14,2025-04-16,3
52172003,2025-01-20,2025-01-20 14:46:13,2025-04-17,2025-04-17,1
52172003,2025-01-20,2025-01-20 14:49:40,2025-04-18,2025-04-18,1
52172003,2025-01-20,2025-01-20 14:52:16,2025-04-19,2025-04-20,2
52214716,2025-01-06,2025-01-06 14:32:18,2025-01-18,2025-04-06,65
52214716,2025-01-07,2025-01-07 13:38:52,2025-01-18,2025-04-07,66
52214716,2025-01-20,2025-01-20 14:16:12,2025-01-21,2025-01-22,2
52214716,2025-01-20,2025-01-20 14:57:13,2025-01-23,2025-04-20,74
52266549,2025-01-06,2025-01-06 13:41:06,2025-01-27,2025-01-28,2
52266549,2025-01-06,2025-01-06 13:59:29,2025-01-29,2025-01-29,1
52266549,2025-01-06,2025-01-06 14:17:50,2025-01-30,2025-04-06,59
52266549,2025-01-07,2025-01-07 13:42:34,2025-01-27,2025-03-17,42
52266549,2025-01-07,2025-01-07 14:26:08,2025-03-18,2025-04-07,21
52266549,2025-01-20,2025-01-20 13:36:15,2025-01-26,2025-03-04,8
52266549,2025-01-20,2025-01-20 13:59:15,2025-03-05,2025-03-07,3
52266549,2025-01-20,2025-01-20 14:15:28,2025-03-08,2025-03-10,3
52266549,2025-01-20,2025-01-20 14:27:43,2025-03-11,2025-04-20,41
52346232,2025-01-06,2025-01-06 13:41:39,2025-01-14,2025-04-06,45
52346232,2025-01-07,2025-01-07 13:42:24,2025-01-14,2025-01-31,8
52346232,2025-01-07,2025-01-07 14:11:04,2025-02-10,2025-04-07,38
52346232,2025-01-20,2025-01-20 13:42:15,2025-01-26,2025-01-27,2
52346232,2025-01-20,2025-01-20 14:05:46,2025-01-28,2025-04-16,55
52348108,2025-01-07,2025-01-07 13:38:03,2025-03-09,2025-03-10,2
52348108,2025-01-07,2025-01-07 13:58:31,2025-03-11,2025-04-07,28
52348108,2025-01-20,2025-01-20 13:44:11,2025-03-09,2025-04-20,43
52354467,2025-01-06,2025-01-06 13:41:06,2025-02-01,2025-02-04,4
52354467,2025-01-06,2025-01-06 14:15:20,2025-02-05,2025-04-06,50
52354467,2025-01-07,2025-01-07 14:11:41,2025-02-01,2025-04-07,55
52354467,2025-01-20,2025-01-20 13:36:13,2025-02-18,2025-02-18,1
52354467,2025-01-20,2025-01-20 14:02:17,2025-02-19,2025-04-20,50
52358821,2025-01-06,2025-01-06 13:43:07,2025-01-13,2025-04-06,84
52365560,2025-01-20,2025-01-20 13:44:28,2025-02-05,2025-04-20,75
52472131,2025-01-06,2025-01-06 13:42:34,2025-01-10,2025-02-26,48
52472131,2025-01-06,2025-01-06 14:13:40,2025-02-27,2025-04-06,39
52474050,2025-01-20,2025-01-20 14:10:09,2025-01-29,2025-04-09,12
52474050,2025-01-20,2025-01-20 14:28:29,2025-04-10,2025-04-11,2
52474050,2025-01-20,2025-01-20 14:50:18,2025-04-12,2025-04-19,8
52530322,2025-01-07,2025-01-07 13:42:54,2025-01-08,2025-01-09,2
52530322,2025-01-07,2025-01-07 14:27:54,2025-01-16,2025-04-07,63
52530322,2025-01-20,2025-01-20 13:38:47,2025-01-28,2025-04-20,74
52536443,2025-01-06,2025-01-06 14:17:40,2025-03-03,2025-03-31,6
52536443,2025-01-07,2025-01-07 13:42:45,2025-03-03,2025-03-31,6
52536443,2025-01-20,2025-01-20 13:39:31,2025-03-03,2025-03-31,6
52536443,2025-01-20,2025-01-20 14:18:41,2025-04-01,2025-04-20,20
525472560929976068,2025-01-06,2025-01-06 13:59:30,2025-01-09,2025-02-07,10
525472560929976068,2025-01-06,2025-01-06 14:29:37,2025-02-08,2025-02-12,5
525472560929976068,2025-01-06,2025-01-06 14:46:21,2025-02-13,2025-04-06,53
525472560929976068,2025-01-07,2025-01-07 13:57:50,2025-01-09,2025-02-09,12
525472560929976068,2025-01-07,2025-01-07 14:23:13,2025-02-10,2025-02-10,1
525472560929976068,2025-01-07,2025-01-07 14:40:43,2025-02-11,2025-04-07,56
525472560929976068,2025-01-20,2025-01-20 13:59:44,2025-01-20,2025-02-08,13
525472560929976068,2025-01-20,2025-01-20 14:18:36,2025-02-09,2025-04-18,64
525472560929976068,2025-01-20,2025-01-20 14:29:39,2025-04-19,2025-04-19,1
525472560929976068,2025-01-20,2025-01-20 14:46:02,2025-04-20,2025-04-20,1
52596621,2025-01-06,2025-01-06 13:42:42,2025-01-07,2025-01-07,1
52596621,2025-01-06,2025-01-06 14:10:41,2025-01-08,2025-01-08,1
52596621,2025-01-06,2025-01-06 14:29:30,2025-01-09,2025-01-11,3
52596621,2025-01-06,2025-01-06 14:40:19,2025-01-12,2025-04-06,85
52596621,2025-01-07,2025-01-07 13:43:13,2025-01-08,2025-01-20,13
52596621,2025-01-07,2025-01-07 14:01:04,2025-01-21,2025-04-07,77
52596621,2025-01-20,2025-01-20 13:39:13,2025-01-24,2025-04-20,84
52619006,2025-01-06,2025-01-06 13:43:46,2025-01-11,2025-04-05,53
52619006,2025-01-07,2025-01-07 13:39:00,2025-01-11,2025-04-06,53
52619006,2025-01-20,2025-01-20 14:20:28,2025-01-27,2025-04-19,38
52627650,2025-01-20,2025-01-20 13:44:39,2025-01-21,2025-02-01,12
52646204,2025-01-06,2025-01-06 13:41:09,2025-02-01,2025-04-06,52
52646204,2025-01-07,2025-01-07 13:42:08,2025-02-01,2025-04-07,53
52646204,2025-01-20,2025-01-20 14:03:11,2025-02-01,2025-04-20,66
52650644,2025-01-07,2025-01-07 13:40:47,2025-01-15,2025-01-18,4
52650644,2025-01-07,2025-01-07 14:23:27,2025-01-19,2025-01-20,2
52650644,2025-01-07,2025-01-07 14:31:46,2025-01-21,2025-03-28,46
52650644,2025-01-07,2025-01-07 14:39:38,2025-03-29,2025-03-30,2
52650644,2025-01-07,2025-01-07 14:44:32,2025-03-31,2025-03-31,1
52650644,2025-01-07,2025-01-07 14:50:38,2025-04-01,2025-04-01,1
52650644,2025-01-07,2025-01-07 14:54:19,2025-04-02,2025-04-07,6
52650644,2025-01-20,2025-01-20 13:36:20,2025-02-16,2025-02-16,1
52650644,2025-01-20,2025-01-20 14:35:08,2025-02-17,2025-04-20,63
52652931,2025-01-06,2025-01-06 13:44:15,2025-01-15,2025-04-06,46
52670832,2025-01-06,2025-01-06 13:41:59,2025-04-04,2025-04-05,2
52670832,2025-01-06,2025-01-06 14:18:45,2025-04-06,2025-04-06,1
52670832,2025-01-07,2025-01-07 14:12:55,2025-04-04,2025-04-07,4
52670832,2025-01-20,2025-01-20 14:36:13,2025-04-04,2025-04-08,5
52670832,2025-01-20,2025-01-20 14:41:58,2025-04-09,2025-04-10,2
52670832,2025-01-20,2025-01-20 14:49:48,2025-04-11,2025-04-16,6
52758042,2025-01-06,2025-01-06 13:39:57,2025-01-08,2025-04-06,89
52758042,2025-01-07,2025-01-07 13:57:13,2025-01-09,2025-04-07,89
52758042,2025-01-20,2025-01-20 14:04:53,2025-01-22,2025-01-23,2
52758042,2025-01-20,2025-01-20 14:46:55,2025-01-24,2025-04-20,87
52826190,2025-01-20,2025-01-20 13:47:01,2025-02-27,2025-04-20,38
52884842,2025-01-07,2025-01-07 14:12:12,2025-01-09,2025-04-07,89
52969803,2025-01-06,2025-01-06 14:00:10,2025-01-22,2025-01-31,5
52969803,2025-01-06,2025-01-06 14:16:35,2025-02-15,2025-04-06,51
52969803,2025-01-07,2025-01-07 14:12:13,2025-01-22,2025-04-07,57
52969803,2025-01-20,2025-01-20 13:40:01,2025-01-29,2025-04-12,53
52969803,2025-01-20,2025-01-20 14:27:10,2025-04-13,2025-04-20,8
53008127,2025-01-06,2025-01-06 14:01:55,2025-01-19,2025-04-06,42
53008127,2025-01-07,2025-01-07 14:12:13,2025-01-19,2025-01-21,3
53008127,2025-01-07,2025-01-07 14:31:40,2025-02-14,2025-04-07,40
53008127,2025-01-20,2025-01-20 13:40:46,2025-02-16,2025-02-19,4
53008127,2025-01-20,2025-01-20 14:00:18,2025-02-20,2025-04-20,47
53077335,2025-01-20,2025-01-20 13:46:36,2025-04-09,2025-04-19,11
53113087,2025-01-06,2025-01-06 13:38:54,2025-01-30,2025-04-06,43
53113087,2025-01-07,2025-01-07 13:57:29,2025-01-30,2025-02-01,3
53113087,2025-01-07,2025-01-07 14:12:58,2025-02-02,2025-02-03,2
53113087,2025-01-07,2025-01-07 14:31:23,2025-02-04,2025-04-07,30
53113087,2025-01-20,2025-01-20 13:42:34,2025-01-30,2025-01-31,2
53113087,2025-01-20,2025-01-20 14:06:15,2025-02-01,2025-04-20,46
53133732,2025-01-06,2025-01-06 14:00:00,2025-01-29,2025-04-06,68
53133732,2025-01-07,2025-01-07 13:58:17,2025-01-29,2025-01-29,1
53133732,2025-01-07,2025-01-07 14:12:10,2025-01-30,2025-01-31,2
53133732,2025-01-07,2025-01-07 14:23:47,2025-02-01,2025-02-02,2
53133732,2025-01-07,2025-01-07 14:32:05,2025-02-03,2025-02-04,2
53133732,2025-01-07,2025-01-07 14:43:55,2025-02-05,2025-02-07,3
53133732,2025-01-07,2025-01-07 14:50:26,2025-02-08,2025-02-08,1
53133732,2025-01-07,2025-01-07 14:52:22,2025-02-09,2025-02-11,3
53133732,2025-01-07,2025-01-07 14:53:41,2025-02-12,2025-02-19,8
53133732,2025-01-07,2025-01-07 14:54:34,2025-02-20,2025-02-25,6
53133732,2025-01-07,2025-01-07 14:55:26,2025-02-26,2025-02-28,3
53133732,2025-01-07,2025-01-07 14:56:10,2025-03-01,2025-04-07,38
53133732,2025-01-20,2025-01-20 13:39:00,2025-02-08,2025-04-20,72
53143021,2025-01-06,2025-01-06 13:44:30,2025-01-30,2025-01-30,1
53143021,2025-01-06,2025-01-06 14:11:45,2025-01-31,2025-01-31,1
53143021,2025-01-06,2025-01-06 14:31:56,2025-02-01,2025-04-06,47
53154219,2025-01-06,2025-01-06 13:39:12,2025-01-24,2025-04-06,73
53154219,2025-01-07,2025-01-07 13:58:02,2025-01-24,2025-04-07,74
53154219,2025-01-20,2025-01-20 14:03:35,2025-02-01,2025-02-07,7
53154219,2025-01-20,2025-01-20 14:49:58,2025-02-08,2025-04-20,72
53175731,2025-01-06,2025-01-06 14:31:00,2025-01-10,2025-01-16,7
53175731,2025-01-06,2025-01-06 14:41:01,2025-01-17,2025-04-06,80
53175731,2025-01-07,2025-01-07 13:40:47,2025-01-10,2025-01-14,5
53175731,2025-01-07,2025-01-07 14:23:33,2025-01-15,2025-01-18,4
53175731,2025-01-07,2025-01-07 14:31:53,2025-01-19,2025-04-07,79
53175731,2025-01-20,2025-01-20 14:14:58,2025-01-21,2025-04-20,90
53190433,2025-01-06,2025-01-06 13:36:48,2025-03-11,2025-03-29,11
53190433,2025-01-06,2025-01-06 14:00:13,2025-03-30,2025-04-05,7
53190433,2025-01-07,2025-01-07 13:41:02,2025-03-11,2025-03-14,4
53190433,2025-01-07,2025-01-07 14:12:12,2025-03-23,2025-03-24,2
53190433,2025-01-07,2025-01-07 14:32:09,2025-03-25,2025-03-26,2
53190433,2025-01-07,2025-01-07 14:38:57,2025-03-27,2025-04-06,11
53190433,2025-01-20,2025-01-20 13:42:39,2025-01-31,2025-01-31,1
53190433,2025-01-20,2025-01-20 14:03:48,2025-02-01,2025-02-02,2
53190433,2025-01-20,2025-01-20 14:28:43,2025-02-03,2025-03-14,8
53190433,2025-01-20,2025-01-20 14:42:20,2025-03-23,2025-03-23,1
53190433,2025-01-20,2025-01-20 14:52:43,2025-03-24,2025-03-26,3
53190433,2025-01-20,2025-01-20 14:58:46,2025-03-27,2025-04-19,24
53195241,2025-01-06,2025-01-06 13:58:12,2025-01-10,2025-01-12,3
53195241,2025-01-06,2025-01-06 14:14:07,2025-01-23,2025-04-06,68
53195241,2025-01-07,2025-01-07 13:41:02,2025-01-10,2025-02-08,14
53195241,2025-01-07,2025-01-07 13:58:23,2025-02-09,2025-04-07,58
53195241,2025-01-20,2025-01-20 13:42:39,2025-01-23,2025-01-24,2
53195241,2025-01-20,2025-01-20 14:03:48,2025-01-31,2025-02-11,12
53195241,2025-01-20,2025-01-20 14:29:36,2025-02-12,2025-02-20,9
53195241,2025-01-20,2025-01-20 14:40:12,2025-02-21,2025-04-20,59
53240300,2025-01-06,2025-01-06 14:18:39,2025-01-07,2025-04-05,64
53240300,2025-01-06,2025-01-06 14:30:26,2025-04-06,2025-04-06,1
53240300,2025-01-07,2025-01-07 13:42:56,2025-01-16,2025-04-07,63
53240300,2025-01-20,2025-01-20 13:43:52,2025-01-26,2025-04-20,75
53280496,2025-01-06,2025-01-06 14:00:17,2025-03-09,2025-03-10,2
53280496,2025-01-06,2025-01-06 14:15:39,2025-03-11,2025-03-29,19
53280496,2025-01-07,2025-01-07 13:41:52,2025-03-09,2025-03-13,5
53280496,2025-01-07,2025-01-07 13:59:37,2025-03-23,2025-04-07,8
53280496,2025-01-20,2025-01-20 13:39:04,2025-03-09,2025-04-20,27
53314692,2025-01-06,2025-01-06 13:36:47,2025-02-17,2025-04-06,46
53314692,2025-01-07,2025-01-07 13:57:32,2025-02-17,2025-04-07,47
53314692,2025-01-20,2025-01-20 14:04:49,2025-02-17,2025-02-19,3
53314692,2025-01-20,2025-01-20 14:18:59,2025-02-20,2025-02-20,1
53314692,2025-01-20,2025-01-20 14:32:11,2025-02-21,2025-04-20,49
53325047,2025-01-06,2025-01-06 13:39:05,2025-01-24,2025-04-06,46
53325047,2025-01-07,2025-01-07 14:02:12,2025-01-24,2025-04-01,41
53325047,2025-01-07,2025-01-07 14:16:08,2025-04-02,2025-04-06,5
53325047,2025-01-20,2025-01-20 13:42:33,2025-02-07,2025-03-08,8
53325047,2025-01-20,2025-01-20 14:04:24,2025-03-09,2025-03-12,4
53325047,2025-01-20,2025-01-20 14:36:44,2025-03-13,2025-03-15,3
53325047,2025-01-20,2025-01-20 14:50:00,2025-03-16,2025-03-17,2
53325047,2025-01-20,2025-01-20 14:53:31,2025-03-18,2025-03-23,6
53325047,2025-01-20,2025-01-20 14:55:13,2025-03-24,2025-03-27,4
53325047,2025-01-20,2025-01-20 14:59:57,2025-03-28,2025-04-20,14
53337464,2025-01-07,2025-01-07 13:57:19,2025-01-22,2025-04-07,76
53337464,2025-01-20,2025-01-20 13:45:02,2025-01-22,2025-04-20,89
53340772,2025-01-06,2025-01-06 13:41:09,2025-02-11,2025-02-11,1
53340772,2025-01-06,2025-01-06 13:59:27,2025-02-12,2025-02-13,2
53340772,2025-01-06,2025-01-06 14:13:55,2025-02-14,2025-04-05,51
53340772,2025-01-06,2025-01-06 14:34:29,2025-04-06,2025-04-06,1
53340772,2025-01-07,2025-01-07 13:57:20,2025-02-11,2025-02-13,3
53340772,2025-01-07,2025-01-07 14:12:52,2025-02-14,2025-02-14,1
53340772,2025-01-07,2025-01-07 14:49:27,2025-02-15,2025-02-27,13
53340772,2025-01-07,2025-01-07 14:53:28,2025-02-28,2025-04-07,39
53340772,2025-01-20,2025-01-20 13:45:02,2025-02-11,2025-04-20,59
53365226,2025-01-06,2025-01-06 13:45:08,2025-01-08,2025-04-06,54
53445765,2025-01-06,2025-01-06 13:42:13,2025-02-10,2025-02-15,6
53445765,2025-01-06,2025-01-06 14:01:24,2025-02-23,2025-04-06,38
53445765,2025-01-07,2025-01-07 14:11:47,2025-02-10,2025-04-07,45
53445765,2025-01-20,2025-01-20 14:12:25,2025-02-10,2025-02-10,1
53445765,2025-01-20,2025-01-20 14:30:24,2025-02-11,2025-02-14,4
53445765,2025-01-20,2025-01-20 14:51:23,2025-03-05,2025-04-20,47
53448627,2025-01-06,2025-01-06 13:41:33,2025-02-03,2025-02-06,4
53448627,2025-01-06,2025-01-06 14:15:46,2025-02-17,2025-02-19,3
53448627,2025-01-06,2025-01-06 14:26:14,2025-02-20,2025-02-22,3
53448627,2025-01-06,2025-01-06 14:42:19,2025-02-23,2025-03-09,11
53448627,2025-01-07,2025-01-07 13:44:04,2025-02-03,2025-02-20,8
53448627,2025-01-07,2025-01-07 14:14:07,2025-02-21,2025-02-22,2
53448627,2025-01-07,2025-01-07 14:34:34,2025-02-23,2025-03-09,11
53448627,2025-01-20,2025-01-20 13:37:23,2025-01-22,2025-02-19,12
53448627,2025-01-20,2025-01-20 14:26:14,2025-02-20,2025-02-21,2
53448627,2025-01-20,2025-01-20 14:39:03,2025-02-22,2025-03-09,12
53458717,2025-01-06,2025-01-06 13:41:38,2025-02-21,2025-02-21,1
53458717,2025-01-06,2025-01-06 14:00:49,2025-02-22,2025-02-28,7
53458717,2025-01-06,2025-01-06 14:17:43,2025-03-04,2025-03-08,5
53458717,2025-01-06,2025-01-06 14:28:34,2025-03-09,2025-04-06,29
53458717,2025-01-07,2025-01-07 13:45:28,2025-02-21,2025-02-25,5
53458717,2025-01-07,2025-01-07 14:02:18,2025-02-26,2025-04-07,38
53458717,2025-01-20,2025-01-20 13:59:29,2025-03-04,2025-03-08,5
53458717,2025-01-20,2025-01-20 14:26:25,2025-03-09,2025-03-10,2
53458717,2025-01-20,2025-01-20 14:35:27,2025-03-11,2025-03-28,18
53458717,2025-01-20,2025-01-20 14:50:04,2025-03-29,2025-04-15,18
53474066,2025-01-06,2025-01-06 13:45:36,2025-01-21,2025-04-06,25
53474066,2025-01-07,2025-01-07 13:59:41,2025-01-21,2025-04-07,26
53474066,2025-01-20,2025-01-20 13:45:30,2025-01-22,2025-04-20,38
53492577,2025-01-07,2025-01-07 14:14:32,2025-03-04,2025-04-07,28
53581602,2025-01-06,2025-01-06 13:37:38,2025-02-09,2025-04-05,56
53581602,2025-01-07,2025-01-07 13:47:23,2025-02-09,2025-02-09,1
53581602,2025-01-07,2025-01-07 14:38:37,2025-02-10,2025-04-06,56
53581602,2025-01-20,2025-01-20 13:43:14,2025-02-09,2025-04-19,70
53605382,2025-01-07,2025-01-07 13:47:19,2025-01-21,2025-04-07,39
53643568,2025-01-06,2025-01-06 13:59:50,2025-01-15,2025-03-06,22
53643568,2025-01-07,2025-01-07 13:57:44,2025-01-15,2025-01-15,1
53643568,2025-01-07,2025-01-07 14:33:33,2025-01-16,2025-03-06,21
53643568,2025-01-20,2025-01-20 13:38:01,2025-01-21,2025-01-22,2
53643568,2025-01-20,2025-01-20 14:26:24,2025-01-28,2025-03-06,15
53645678,2025-01-07,2025-01-07 13:59:02,2025-02-19,2025-02-21,3
53645678,2025-01-07,2025-01-07 14:12:45,2025-02-22,2025-02-28,7
53645678,2025-01-07,2025-01-07 14:25:00,2025-03-01,2025-03-02,2
53645678,2025-01-07,2025-01-07 14:33:35,2025-03-03,2025-03-03,1
53645678,2025-01-07,2025-01-07 14:44:32,2025-03-04,2025-03-04,1
53645678,2025-01-07,2025-01-07 14:48:07,2025-03-05,2025-03-06,2
53645678,2025-01-07,2025-01-07 14:52:54,2025-03-07,2025-04-07,32
53645678,2025-01-20,2025-01-20 13:40:49,2025-02-19,2025-03-30,40
53645678,2025-01-20,2025-01-20 14:05:03,2025-03-31,2025-04-20,21
53656846,2025-01-06,2025-01-06 13:44:51,2025-01-07,2025-04-06,43
53669499,2025-01-06,2025-01-06 14:14:45,2025-01-20,2025-01-24,5
53669499,2025-01-06,2025-01-06 14:25:53,2025-01-25,2025-01-30,6
53669499,2025-01-06,2025-01-06 14:34:29,2025-01-31,2025-03-19,48
53669499,2025-01-07,2025-01-07 13:40:30,2025-01-20,2025-02-07,19
53669499,2025-01-07,2025-01-07 13:57:56,2025-02-08,2025-02-08,1
53669499,2025-01-07,2025-01-07 14:26:50,2025-02-09,2025-03-19,39
53669499,2025-01-20,2025-01-20 13:38:07,2025-01-20,2025-01-23,4
53669499,2025-01-20,2025-01-20 14:17:32,2025-01-24,2025-03-19,55
53671997,2025-01-07,2025-01-07 13:44:56,2025-03-01,2025-04-07,23
53717416,2025-01-06,2025-01-06 13:46:53,2025-02-02,2025-02-15,5
53717416,2025-01-06,2025-01-06 14:14:47,2025-02-16,2025-04-06,50
53717416,2025-01-07,2025-01-07 13:40:58,2025-01-21,2025-01-24,4
53717416,2025-01-07,2025-01-07 14:16:35,2025-01-25,2025-03-11,32
53717416,2025-01-07,2025-01-07 14:30:12,2025-03-12,2025-04-07,27
53717416,2025-01-20,2025-01-20 13:46:27,2025-02-20,2025-03-18,27
53717416,2025-01-20,2025-01-20 14:09:40,2025-03-19,2025-03-26,8
53717416,2025-01-20,2025-01-20 14:21:54,2025-03-27,2025-04-20,25
53733977,2025-01-06,2025-01-06 13:59:38,2025-01-16,2025-03-31,38
53733977,2025-01-07,2025-01-07 13:43:20,2025-01-16,2025-01-16,1
53733977,2025-01-07,2025-01-07 14:13:18,2025-01-17,2025-01-31,5
53733977,2025-01-07,2025-01-07 14:26:15,2025-02-01,2025-03-31,32
53733977,2025-01-20,2025-01-20 13:43:02,2025-02-01,2025-03-30,22
53738511,2025-01-06,2025-01-06 13:46:26,2025-01-27,2025-01-29,3
53738511,2025-01-06,2025-01-06 13:59:32,2025-01-30,2025-02-04,6
53738511,2025-01-06,2025-01-06 14:31:02,2025-02-05,2025-03-31,55
53738511,2025-01-07,2025-01-07 14:31:58,2025-01-27,2025-01-28,2
53738511,2025-01-07,2025-01-07 14:48:20,2025-01-29,2025-02-13,16
53738511,2025-01-07,2025-01-07 14:52:46,2025-02-14,2025-03-31,46
53738511,2025-01-20,2025-01-20 13:43:03,2025-01-27,2025-03-31,64
53794321,2025-01-06,2025-01-06 14:02:05,2025-01-11,2025-04-06,65
53794321,2025-01-07,2025-01-07 13:40:39,2025-01-11,2025-01-11,1
53794321,2025-01-07,2025-01-07 13:58:34,2025-01-12,2025-04-07,65
53794321,2025-01-20,2025-01-20 13:37:13,2025-01-23,2025-03-05,42
53796581,2025-01-06,2025-01-06 13:45:36,2025-01-06,2025-04-06,58
53803935,2025-01-07,2025-01-07 13:42:04,2025-02-03,2025-03-09,21
53803935,2025-01-20,2025-01-20 13:46:42,2025-01-22,2025-03-09,26
53815397,2025-01-07,2025-01-07 13:47:22,2025-01-22,2025-04-07,72
53825192,2025-01-06,2025-01-06 13:40:17,2025-01-18,2025-04-06,45
53825192,2025-01-07,2025-01-07 13:57:34,2025-01-18,2025-02-24,4
53825192,2025-01-07,2025-01-07 14:12:04,2025-02-25,2025-04-07,31
53825192,2025-01-20,2025-01-20 13:47:06,2025-02-24,2025-04-03,15
53825192,2025-01-20,2025-01-20 14:06:44,2025-04-04,2025-04-04,1
53825192,2025-01-20,2025-01-20 14:30:29,2025-04-05,2025-04-07,3
53825192,2025-01-20,2025-01-20 14:55:29,2025-04-08,2025-04-20,4
53893648,2025-01-06,2025-01-06 13:41:41,2025-02-17,2025-02-20,4
53893648,2025-01-06,2025-01-06 14:00:18,2025-02-28,2025-04-06,38
53893648,2025-01-07,2025-01-07 13:59:00,2025-02-17,2025-04-07,43
53893648,2025-01-20,2025-01-20 13:37:19,2025-02-28,2025-04-20,52
53899162,2025-01-07,2025-01-07 13:49:01,2025-01-11,2025-01-12,2
53899162,2025-01-07,2025-01-07 14:15:47,2025-01-28,2025-01-29,2
53899162,2025-01-07,2025-01-07 14:32:21,2025-01-30,2025-02-03,5
53899162,2025-01-07,2025-01-07 14:41:40,2025-02-04,2025-02-04,1
53899162,2025-01-07,2025-01-07 14:48:53,2025-02-05,2025-04-07,62
53903158,2025-01-06,2025-01-06 13:39:38,2025-01-16,2025-04-05,58
53903158,2025-01-07,2025-01-07 13:41:21,2025-02-13,2025-02-21,9
53903158,2025-01-07,2025-01-07 13:58:55,2025-02-22,2025-02-22,1
53903158,2025-01-07,2025-01-07 14:12:36,2025-02-23,2025-02-28,6
53903158,2025-01-07,2025-01-07 14:24:53,2025-03-01,2025-03-03,3
53903158,2025-01-07,2025-01-07 14:44:23,2025-03-04,2025-03-04,1
53903158,2025-01-07,2025-01-07 14:48:00,2025-03-05,2025-03-13,9
53903158,2025-01-07,2025-01-07 14:50:37,2025-03-14,2025-04-06,24
53903158,2025-01-20,2025-01-20 13:43:19,2025-02-13,2025-03-09,25
53903158,2025-01-20,2025-01-20 14:06:25,2025-03-10,2025-04-19,41
53914255,2025-01-06,2025-01-06 13:41:35,2025-02-11,2025-02-16,6
53914255,2025-01-06,2025-01-06 14:00:07,2025-02-28,2025-02-28,1
53914255,2025-01-06,2025-01-06 14:15:18,2025-03-01,2025-03-02,2
53914255,2025-01-06,2025-01-06 14:28:55,2025-03-03,2025-04-06,24
53914255,2025-01-07,2025-01-07 14:36:14,2025-02-11,2025-04-07,34
53914255,2025-01-20,2025-01-20 13:45:56,2025-02-11,2025-02-11,1
53914255,2025-01-20,2025-01-20 14:04:15,2025-02-12,2025-02-16,5
53914255,2025-01-20,2025-01-20 14:13:21,2025-02-28,2025-04-20,41
53915734,2025-01-06,2025-01-06 13:41:12,2025-01-21,2025-02-05,10
53915734,2025-01-06,2025-01-06 13:59:35,2025-02-06,2025-03-04,27
53915734,2025-01-06,2025-01-06 14:25:53,2025-03-05,2025-03-05,1
53915734,2025-01-06,2025-01-06 14:35:57,2025-03-06,2025-03-15,10
53915734,2025-01-06,2025-01-06 14:42:34,2025-03-16,2025-03-31,16
53915734,2025-01-07,2025-01-07 13:58:18,2025-01-21,2025-01-29,3
53915734,2025-01-07,2025-01-07 14:12:04,2025-01-30,2025-02-03,5
53915734,2025-01-07,2025-01-07 14:44:58,2025-02-04,2025-03-31,56
53915734,2025-01-20,2025-01-20 13:44:30,2025-02-10,2025-03-31,45
53918137,2025-01-07,2025-01-07 14:14:23,2025-01-19,2025-04-07,62
53936201,2025-01-06,2025-01-06 14:15:20,2025-02-15,2025-03-15,7
53936201,2025-01-06,2025-01-06 14:26:01,2025-03-16,2025-03-18,3
53936201,2025-01-06,2025-01-06 14:39:21,2025-03-19,2025-03-21,3
53936201,2025-01-06,2025-01-06 14:46:52,2025-03-22,2025-04-06,16
53936201,2025-01-07,2025-01-07 14:32:27,2025-02-15,2025-03-20,12
53936201,2025-01-07,2025-01-07 14:40:22,2025-03-21,2025-04-07,18
53936201,2025-01-20,2025-01-20 13:37:22,2025-02-15,2025-04-20,43
53972959,2025-01-06,2025-01-06 13:39:09,2025-01-28,2025-04-06,59
53972959,2025-01-07,2025-01-07 13:41:07,2025-01-28,2025-02-15,9
53972959,2025-01-07,2025-01-07 14:23:47,2025-02-16,2025-04-07,51
53972959,2025-01-20,2025-01-20 14:09:40,2025-03-04,2025-04-20,48
53973724,2025-01-06,2025-01-06 14:00:08,2025-01-30,2025-02-01,3
53973724,2025-01-06,2025-01-06 14:17:43,2025-02-02,2025-04-06,53
53973724,2025-01-07,2025-01-07 14:34:09,2025-02-16,2025-04-07,48
53973724,2025-01-20,2025-01-20 13:45:53,2025-02-16,2025-04-20,55
53986731,2025-01-06,2025-01-06 14:00:08,2025-03-06,2025-03-30,15
53986731,2025-01-07,2025-01-07 14:23:54,2025-03-06,2025-03-30,15
53986731,2025-01-20,2025-01-20 13:38:17,2025-03-06,2025-03-30,15
54005716,2025-01-06,2025-01-06 13:46:00,2025-02-23,2025-04-06,43
54020562,2025-01-07,2025-01-07 13:45:26,2025-01-20,2025-02-10,6
54020562,2025-01-07,2025-01-07 14:30:30,2025-02-11,2025-02-11,1
54020562,2025-01-07,2025-01-07 14:40:02,2025-02-12,2025-02-12,1
54020562,2025-01-07,2025-01-07 14:46:29,2025-02-13,2025-02-14,2
54020562,2025-01-07,2025-01-07 14:52:26,2025-02-15,2025-03-05,19
54145466,2025-01-06,2025-01-06 13:47:04,2025-01-06,2025-01-09,4
54145466,2025-01-06,2025-01-06 14:14:09,2025-01-10,2025-04-05,86
54167570,2025-01-06,2025-01-06 14:00:48,2025-02-03,2025-02-03,1
54167570,2025-01-06,2025-01-06 14:16:20,2025-02-04,2025-02-08,5
54167570,2025-01-06,2025-01-06 14:28:36,2025-02-09,2025-04-06,53
54167570,2025-01-07,2025-01-07 13:59:18,2025-02-03,2025-04-07,60
54167570,2025-01-20,2025-01-20 14:13:17,2025-01-26,2025-01-27,2
54167570,2025-01-20,2025-01-20 14:30:43,2025-01-28,2025-01-28,1
54167570,2025-01-20,2025-01-20 14:44:58,2025-01-29,2025-01-30,2
54167570,2025-01-20,2025-01-20 14:54:03,2025-01-31,2025-02-06,7
54167570,2025-01-20,2025-01-20 14:58:01,2025-02-10,2025-04-20,66
54237040,2025-01-20,2025-01-20 13:47:48,2025-01-29,2025-01-30,2
54237040,2025-01-20,2025-01-20 14:12:08,2025-01-31,2025-04-17,64
54245203,2025-01-06,2025-01-06 13:59:40,2025-02-02,2025-02-02,1
54245203,2025-01-06,2025-01-06 14:25:41,2025-02-03,2025-03-09,22
54245203,2025-01-07,2025-01-07 13:40:58,2025-02-02,2025-02-26,12
54245203,2025-01-07,2025-01-07 14:23:36,2025-02-27,2025-02-27,1
54245203,2025-01-07,2025-01-07 14:33:25,2025-02-28,2025-03-09,10
54245203,2025-01-20,2025-01-20 13:43:09,2025-02-02,2025-03-09,23
54246694,2025-01-06,2025-01-06 14:00:16,2025-01-28,2025-04-06,69
54246694,2025-01-07,2025-01-07 13:59:22,2025-01-22,2025-01-26,5
54246694,2025-01-07,2025-01-07 14:40:49,2025-01-27,2025-04-07,71
54246694,2025-01-20,2025-01-20 13:37:23,2025-01-22,2025-04-20,89
54287612,2025-01-06,2025-01-06 13:37:48,2025-01-28,2025-04-06,49
54287612,2025-01-07,2025-01-07 14:16:08,2025-03-02,2025-03-06,5
54287612,2025-01-07,2025-01-07 14:34:08,2025-03-07,2025-03-31,25
54287612,2025-01-07,2025-01-07 14:42:51,2025-04-01,2025-04-01,1
54287612,2025-01-07,2025-01-07 14:52:14,2025-04-02,2025-04-07,6
54287612,2025-01-20,2025-01-20 13:45:50,2025-03-02,2025-04-20,50
543584528464360785,2025-01-20,2025-01-20 13:46:32,2025-02-20,2025-02-20,1
543584528464360785,2025-01-20,2025-01-20 14:12:12,2025-02-21,2025-04-20,59
54365625,2025-01-20,2025-01-20 13:50:51,2025-01-26,2025-04-20,81
5443557,2025-01-07,2025-01-07 13:45:37,2025-01-07,2025-02-17,33
5443557,2025-01-07,2025-01-07 14:13:57,2025-02-18,2025-04-07,49
549056203343531816,2025-01-06,2025-01-06 13:44:31,2025-02-02,2025-04-06,37
549056203343531816,2025-01-07,2025-01-07 13:41:22,2025-02-02,2025-02-03,2
549056203343531816,2025-01-07,2025-01-07 13:58:53,2025-02-04,2025-02-04,1
549056203343531816,2025-01-07,2025-01-07 14:14:46,2025-02-05,2025-04-06,21
549056203343531816,2025-01-20,2025-01-20 13:40:44,2025-02-01,2025-04-20,25
552912581186899747,2025-01-07,2025-01-07 13:46:22,2025-02-12,2025-04-07,49
553578003486746447,2025-01-07,2025-01-07 14:14:30,2025-02-18,2025-02-19,2
553578003486746447,2025-01-07,2025-01-07 14:42:05,2025-02-20,2025-03-04,13
557386903732882183,2025-01-06,2025-01-06 13:44:12,2025-02-04,2025-04-06,53
572368704250611987,2025-01-07,2025-01-07 13:46:32,2025-02-23,2025-04-07,36
573122310094338767,2025-01-06,2025-01-06 13:41:59,2025-03-05,2025-03-11,7
573122310094338767,2025-01-06,2025-01-06 14:01:04,2025-03-12,2025-03-17,6
573122310094338767,2025-01-06,2025-01-06 14:16:34,2025-03-18,2025-03-18,1
573122310094338767,2025-01-06,2025-01-06 14:30:08,2025-03-19,2025-04-06,19
573122310094338767,2025-01-07,2025-01-07 14:00:08,2025-03-05,2025-03-05,1
573122310094338767,2025-01-07,2025-01-07 14:33:23,2025-03-06,2025-03-11,6
573122310094338767,2025-01-07,2025-01-07 14:44:47,2025-03-12,2025-04-07,27
573122310094338767,2025-01-20,2025-01-20 13:39:12,2025-03-05,2025-03-11,7
573122310094338767,2025-01-20,2025-01-20 14:26:22,2025-03-12,2025-03-14,3
573122310094338767,2025-01-20,2025-01-20 14:41:20,2025-03-15,2025-03-15,1
573122310094338767,2025-01-20,2025-01-20 14:45:47,2025-03-16,2025-04-17,33
577333685681759877,2025-01-06,2025-01-06 13:42:31,2025-01-16,2025-04-06,29
577333685681759877,2025-01-07,2025-01-07 14:15:00,2025-01-16,2025-03-04,8
577333685681759877,2025-01-07,2025-01-07 14:47:48,2025-03-05,2025-04-07,20
577333685681759877,2025-01-20,2025-01-20 14:19:02,2025-01-25,2025-04-20,37
577547502503396579,2025-01-06,2025-01-06 13:40:13,2025-01-26,2025-02-07,8
577547502503396579,2025-01-06,2025-01-06 13:58:41,2025-02-20,2025-04-05,38
577547502503396579,2025-01-06,2025-01-06 14:25:21,2025-04-06,2025-04-06,1
577547502503396579,2025-01-07,2025-01-07 14:34:41,2025-01-26,2025-04-07,48
577547502503396579,2025-01-20,2025-01-20 13:47:02,2025-01-26,2025-04-17,58
580407424598756855,2025-01-06,2025-01-06 14:01:02,2025-02-28,2025-03-03,4
580407424598756855,2025-01-06,2025-01-06 14:27:00,2025-03-04,2025-03-25,6
580407424598756855,2025-01-06,2025-01-06 14:35:06,2025-03-26,2025-04-06,12
580407424598756855,2025-01-07,2025-01-07 14:03:51,2025-02-28,2025-03-03,4
580407424598756855,2025-01-07,2025-01-07 14:16:43,2025-03-04,2025-03-04,1
580407424598756855,2025-01-07,2025-01-07 14:28:08,2025-03-05,2025-04-07,18
580407424598756855,2025-01-20,2025-01-20 14:29:52,2025-02-28,2025-03-29,14
580589381711973141,2025-01-06,2025-01-06 13:47:20,2025-02-05,2025-02-05,1
580589381711973141,2025-01-06,2025-01-06 14:15:38,2025-02-06,2025-04-06,51
599368528094352718,2025-01-06,2025-01-06 13:43:26,2025-02-06,2025-04-06,14
599368528094352718,2025-01-07,2025-01-07 14:00:18,2025-02-22,2025-02-24,3
599368528094352718,2025-01-07,2025-01-07 14:13:57,2025-02-25,2025-02-27,3
599368528094352718,2025-01-07,2025-01-07 14:34:55,2025-03-15,2025-04-07,7
599368528094352718,2025-01-20,2025-01-20 13:44:41,2025-02-22,2025-04-16,22
604521043281534642,2025-01-07,2025-01-07 14:31:34,2025-01-13,2025-03-14,27
605748852048435444,2025-01-06,2025-01-06 14:16:51,2025-01-26,2025-01-27,2
605748852048435444,2025-01-06,2025-01-06 14:27:18,2025-01-28,2025-04-06,45
605748852048435444,2025-01-07,2025-01-07 14:02:55,2025-01-26,2025-03-09,19
605748852048435444,2025-01-07,2025-01-07 14:27:27,2025-03-10,2025-04-07,29
605748852048435444,2025-01-20,2025-01-20 14:00:06,2025-01-27,2025-01-28,2
605748852048435444,2025-01-20,2025-01-20 14:41:27,2025-01-29,2025-04-20,57
610155932497817911,2025-01-06,2025-01-06 13:47:44,2025-01-26,2025-01-27,2
610155932497817911,2025-01-06,2025-01-06 14:29:46,2025-01-28,2025-03-02,34
610155932497817911,2025-01-06,2025-01-06 14:36:55,2025-03-03,2025-03-04,2
610155932497817911,2025-01-06,2025-01-06 14:48:13,2025-03-05,2025-03-31,27
610155932497817911,2025-01-07,2025-01-07 14:40:58,2025-01-26,2025-02-21,27
610155932497817911,2025-01-07,2025-01-07 14:45:25,2025-02-22,2025-02-23,2
610155932497817911,2025-01-07,2025-01-07 14:48:42,2025-02-24,2025-03-31,36
610155932497817911,2025-01-20,2025-01-20 13:46:15,2025-01-26,2025-03-31,65
612245203931813020,2025-01-06,2025-01-06 13:42:36,2025-01-10,2025-04-06,55
612245203931813020,2025-01-07,2025-01-07 14:13:10,2025-01-10,2025-01-29,10
612245203931813020,2025-01-07,2025-01-07 14:32:54,2025-02-14,2025-04-07,46
612245203931813020,2025-01-20,2025-01-20 13:49:40,2025-01-25,2025-04-17,61
613221032690703355,2025-01-06,2025-01-06 14:02:49,2025-01-23,2025-04-03,41
613221032690703355,2025-01-07,2025-01-07 13:41:50,2025-01-23,2025-01-24,2
613221032690703355,2025-01-07,2025-01-07 13:59:35,2025-01-25,2025-04-03,39
613221032690703355,2025-01-20,2025-01-20 14:04:24,2025-02-11,2025-02-11,1
613221032690703355,2025-01-20,2025-01-20 14:43:33,2025-02-12,2025-02-12,1
613221032690703355,2025-01-20,2025-01-20 14:51:14,2025-02-13,2025-04-17,22
618150693526656201,2025-01-06,2025-01-06 13:48:39,2025-02-07,2025-02-08,2
618150693526656201,2025-01-06,2025-01-06 14:33:46,2025-02-09,2025-04-06,46
618943952389206201,2025-01-06,2025-01-06 14:15:52,2025-01-12,2025-02-12,16
618943952389206201,2025-01-06,2025-01-06 14:32:54,2025-02-13,2025-02-15,3
618943952389206201,2025-01-06,2025-01-06 14:44:27,2025-02-16,2025-04-06,47
618943952389206201,2025-01-07,2025-01-07 14:24:24,2025-01-12,2025-01-21,2
618943952389206201,2025-01-07,2025-01-07 14:40:12,2025-01-22,2025-01-24,3
618943952389206201,2025-01-07,2025-01-07 14:52:57,2025-01-25,2025-04-07,62
618943952389206201,2025-01-20,2025-01-20 13:48:18,2025-01-28,2025-03-05,25
618943952389206201,2025-01-20,2025-01-20 14:07:55,2025-03-06,2025-04-20,46
621626596784793972,2025-01-07,2025-01-07 13:50:54,2025-02-06,2025-03-31,43
622878708674009200,2025-01-20,2025-01-20 13:48:32,2025-01-25,2025-01-26,2
622878708674009200,2025-01-20,2025-01-20 14:14:02,2025-01-27,2025-02-23,16
622878708674009200,2025-01-20,2025-01-20 14:43:24,2025-02-24,2025-04-20,56
627388721154300829,2025-01-06,2025-01-06 14:03:31,2025-02-01,2025-04-06,22
627388721154300829,2025-01-07,2025-01-07 13:42:10,2025-02-01,2025-03-10,5
627388721154300829,2025-01-07,2025-01-07 14:13:56,2025-03-11,2025-03-11,1
627388721154300829,2025-01-07,2025-01-07 14:24:59,2025-03-12,2025-04-07,17
627388721154300829,2025-01-20,2025-01-20 14:00:11,2025-02-01,2025-03-11,6
627388721154300829,2025-01-20,2025-01-20 14:19:22,2025-03-12,2025-04-10,20
628340205412932131,2025-01-06,2025-01-06 14:25:21,2025-01-10,2025-01-11,2
628340205412932131,2025-01-06,2025-01-06 14:36:13,2025-02-07,2025-02-28,7
628340205412932131,2025-01-06,2025-01-06 14:44:27,2025-03-01,2025-03-03,3
628340205412932131,2025-01-07,2025-01-07 13:41:45,2025-02-07,2025-02-28,7
628340205412932131,2025-01-07,2025-01-07 14:13:31,2025-03-01,2025-03-03,3
628340205412932131,2025-01-20,2025-01-20 13:44:55,2025-02-07,2025-03-03,10
628897724940732017,2025-01-07,2025-01-07 13:49:24,2025-02-02,2025-03-09,25
629724091250673746,2025-01-06,2025-01-06 14:20:38,2025-01-13,2025-04-06,46
629724091250673746,2025-01-07,2025-01-07 14:00:18,2025-01-13,2025-01-14,2
629724091250673746,2025-01-07,2025-01-07 14:34:31,2025-01-26,2025-01-27,2
629724091250673746,2025-01-07,2025-01-07 14:48:05,2025-01-28,2025-04-07,43
629724091250673746,2025-01-20,2025-01-20 13:40:39,2025-01-31,2025-01-31,1
629724091250673746,2025-01-20,2025-01-20 14:00:10,2025-02-09,2025-02-09,1
629724091250673746,2025-01-20,2025-01-20 14:35:40,2025-02-10,2025-02-10,1
629724091250673746,2025-01-20,2025-01-20 14:53:21,2025-02-11,2025-04-20,49
630326155301078742,2025-01-07,2025-01-07 14:14:36,2025-02-11,2025-04-07,37
633809099013662442,2025-01-06,2025-01-06 13:42:45,2025-02-05,2025-04-06,31
633809099013662442,2025-01-07,2025-01-07 14:16:24,2025-02-05,2025-02-07,3
633809099013662442,2025-01-07,2025-01-07 14:33:37,2025-02-23,2025-02-24,2
633809099013662442,2025-01-07,2025-01-07 14:40:48,2025-02-25,2025-03-10,3
633809099013662442,2025-01-07,2025-01-07 14:47:33,2025-03-11,2025-04-07,24
633809099013662442,2025-01-20,2025-01-20 14:16:16,2025-02-05,2025-04-17,42
639163267116212627,2025-01-07,2025-01-07 14:15:17,2025-01-20,2025-01-28,6
639163267116212627,2025-01-07,2025-01-07 14:31:53,2025-01-29,2025-01-30,2
639216644351145145,2025-01-20,2025-01-20 13:48:16,2025-03-16,2025-04-12,13
639216644351145145,2025-01-20,2025-01-20 14:43:15,2025-04-13,2025-04-15,3
645092818132652927,2025-01-07,2025-01-07 13:49:31,2025-02-21,2025-03-12,12
645092818132652927,2025-01-07,2025-01-07 14:16:00,2025-03-13,2025-04-07,17
6569062,2025-01-06,2025-01-06 13:46:59,2025-01-06,2025-02-19,45
6569062,2025-01-06,2025-01-06 14:06:35,2025-02-20,2025-02-25,6
6569062,2025-01-06,2025-01-06 14:21:21,2025-02-26,2025-04-05,39
6569062,2025-01-07,2025-01-07 13:50:00,2025-01-07,2025-01-10,4
6569062,2025-01-07,2025-01-07 14:24:55,2025-01-11,2025-01-15,5
6569062,2025-01-07,2025-01-07 14:33:53,2025-01-16,2025-01-16,1
6569062,2025-01-07,2025-01-07 14:42:08,2025-01-17,2025-04-06,80
6569062,2025-01-20,2025-01-20 14:01:54,2025-01-20,2025-04-19,90
667324814851452653,2025-01-06,2025-01-06 13:45:28,2025-01-31,2025-04-06,53
667324814851452653,2025-01-07,2025-01-07 13:59:51,2025-01-31,2025-02-01,2
667324814851452653,2025-01-07,2025-01-07 14:13:26,2025-02-02,2025-04-07,52
667324814851452653,2025-01-20,2025-01-20 14:01:20,2025-02-03,2025-04-20,63
668715506986619718,2025-01-06,2025-01-06 13:59:34,2025-01-13,2025-02-15,7
668715506986619718,2025-01-06,2025-01-06 14:17:56,2025-02-16,2025-02-27,12
668715506986619718,2025-01-06,2025-01-06 14:28:55,2025-02-28,2025-03-05,6
668715506986619718,2025-01-06,2025-01-06 14:38:21,2025-03-12,2025-03-31,20
668715506986619718,2025-01-07,2025-01-07 13:41:50,2025-01-13,2025-01-15,3
668715506986619718,2025-01-07,2025-01-07 13:59:35,2025-02-12,2025-03-31,42
668715506986619718,2025-01-20,2025-01-20 14:05:20,2025-02-12,2025-03-13,5
668715506986619718,2025-01-20,2025-01-20 14:29:45,2025-03-14,2025-03-22,9
668715506986619718,2025-01-20,2025-01-20 14:37:26,2025-03-23,2025-03-23,1
668715506986619718,2025-01-20,2025-01-20 14:42:50,2025-03-24,2025-03-31,8
670778657683556451,2025-01-06,2025-01-06 13:48:14,2025-01-22,2025-02-19,10
670778657683556451,2025-01-06,2025-01-06 14:31:54,2025-02-20,2025-03-16,9
670778657683556451,2025-01-06,2025-01-06 14:33:25,2025-03-17,2025-03-31,15
670778657683556451,2025-01-07,2025-01-07 13:41:57,2025-01-22,2025-01-29,8
670778657683556451,2025-01-07,2025-01-07 13:59:54,2025-02-18,2025-02-23,6
670778657683556451,2025-01-07,2025-01-07 14:13:33,2025-02-24,2025-02-24,1
670778657683556451,2025-01-07,2025-01-07 14:37:28,2025-02-25,2025-03-23,18
670778657683556451,2025-01-07,2025-01-07 14:43:03,2025-03-24,2025-03-31,8
670778657683556451,2025-01-20,2025-01-20 13:46:16,2025-02-18,2025-02-21,4
670778657683556451,2025-01-20,2025-01-20 14:18:45,2025-02-22,2025-03-18,9
670778657683556451,2025-01-20,2025-01-20 14:44:53,2025-03-19,2025-03-31,13
673825002694927178,2025-01-06,2025-01-06 13:42:26,2025-02-17,2025-02-17,1
673825002694927178,2025-01-06,2025-01-06 14:05:58,2025-02-18,2025-02-21,4
673825002694927178,2025-01-06,2025-01-06 14:20:12,2025-02-22,2025-03-31,32
673825002694927178,2025-01-07,2025-01-07 13:42:01,2025-01-27,2025-01-31,5
673825002694927178,2025-01-07,2025-01-07 14:00:03,2025-02-17,2025-02-17,1
673825002694927178,2025-01-07,2025-01-07 14:26:05,2025-02-18,2025-03-31,36
673825002694927178,2025-01-20,2025-01-20 13:46:44,2025-02-17,2025-02-27,11
673825002694927178,2025-01-20,2025-01-20 14:07:46,2025-02-28,2025-03-31,20
673826204715344716,2025-01-06,2025-01-06 13:48:21,2025-01-21,2025-01-29,9
673826204715344716,2025-01-06,2025-01-06 13:59:20,2025-02-08,2025-02-24,9
673826204715344716,2025-01-06,2025-01-06 14:13:46,2025-02-25,2025-03-31,35
673826204715344716,2025-01-07,2025-01-07 13:41:57,2025-01-21,2025-01-21,1
673826204715344716,2025-01-07,2025-01-07 14:14:00,2025-01-22,2025-03-31,52
673826204715344716,2025-01-20,2025-01-20 14:50:09,2025-02-08,2025-03-31,25
673826267743797671,2025-01-06,2025-01-06 14:01:39,2025-03-05,2025-03-05,1
673826267743797671,2025-01-06,2025-01-06 14:28:52,2025-03-06,2025-03-10,5
673826267743797671,2025-01-06,2025-01-06 14:32:00,2025-03-11,2025-03-14,4
673826267743797671,2025-01-06,2025-01-06 14:54:08,2025-03-15,2025-03-15,1
673826267743797671,2025-01-06,2025-01-06 14:56:36,2025-03-16,2025-03-17,2
673826267743797671,2025-01-06,2025-01-06 14:59:59,2025-03-18,2025-03-31,14
673826267743797671,2025-01-07,2025-01-07 13:59:55,2025-03-05,2025-03-05,1
673826267743797671,2025-01-07,2025-01-07 14:13:31,2025-03-06,2025-03-31,26
673826267743797671,2025-01-20,2025-01-20 13:46:50,2025-03-05,2025-03-06,2
673826267743797671,2025-01-20,2025-01-20 14:05:36,2025-03-07,2025-03-07,1
673826267743797671,2025-01-20,2025-01-20 14:29:49,2025-03-08,2025-03-10,3
673826267743797671,2025-01-20,2025-01-20 14:50:53,2025-03-11,2025-03-31,21
674566887638611404,2025-01-06,2025-01-06 13:44:10,2025-01-20,2025-04-06,31
674566887638611404,2025-01-07,2025-01-07 13:42:56,2025-01-20,2025-01-21,2
674566887638611404,2025-01-07,2025-01-07 14:00:49,2025-02-05,2025-04-07,30
674566887638611404,2025-01-20,2025-01-20 13:42:40,2025-02-05,2025-04-17,40
675242237586865339,2025-01-06,2025-01-06 13:47:46,2025-01-06,2025-01-06,1
675242237586865339,2025-01-06,2025-01-06 14:05:33,2025-01-07,2025-02-10,7
675242237586865339,2025-01-06,2025-01-06 14:22:26,2025-02-11,2025-04-06,55
675242237586865339,2025-01-07,2025-01-07 13:41:57,2025-01-07,2025-01-11,5
675242237586865339,2025-01-07,2025-01-07 14:16:56,2025-02-09,2025-03-12,32
675242237586865339,2025-01-07,2025-01-07 14:26:59,2025-03-13,2025-04-07,26
675242237586865339,2025-01-20,2025-01-20 13:41:10,2025-02-09,2025-02-18,10
675242237586865339,2025-01-20,2025-01-20 14:27:39,2025-02-19,2025-04-20,61
676838365540390245,2025-01-20,2025-01-20 13:51:41,2025-04-01,2025-04-01,1
676838365540390245,2025-01-20,2025-01-20 14:14:51,2025-04-02,2025-04-03,2
676838365540390245,2025-01-20,2025-01-20 14:32:26,2025-04-04,2025-04-04,1
676838365540390245,2025-01-20,2025-01-20 14:53:57,2025-04-05,2025-04-20,16
678242953903453952,2025-01-06,2025-01-06 14:15:03,2025-01-24,2025-04-06,39
678242953903453952,2025-01-07,2025-01-07 14:16:14,2025-01-24,2025-04-07,40
678242953903453952,2025-01-20,2025-01-20 14:18:57,2025-02-05,2025-04-16,47
679166677359467385,2025-01-06,2025-01-06 13:46:24,2025-01-20,2025-04-06,65
679166677359467385,2025-01-07,2025-01-07 14:27:19,2025-01-20,2025-02-02,7
679166677359467385,2025-01-07,2025-01-07 14:43:25,2025-02-08,2025-04-07,59
679166677359467385,2025-01-20,2025-01-20 13:51:35,2025-01-20,2025-01-21,2
679166677359467385,2025-01-20,2025-01-20 14:03:19,2025-01-29,2025-01-30,2
679166677359467385,2025-01-20,2025-01-20 14:14:52,2025-01-31,2025-02-10,6
679166677359467385,2025-01-20,2025-01-20 15:05:10,2025-02-11,2025-02-14,4
679166677359467385,2025-01-20,2025-01-20 15:07:14,2025-02-15,2025-03-04,18
679166677359467385,2025-01-20,2025-01-20 15:07:24,2025-03-05,2025-03-06,2
679166677359467385,2025-01-20,2025-01-20 15:07:25,2025-03-07,2025-04-20,45
681139047695558927,2025-01-07,2025-01-07 13:47:55,2025-01-17,2025-03-17,47
681894806923375678,2025-01-06,2025-01-06 13:42:33,2025-01-29,2025-02-25,5
681894806923375678,2025-01-06,2025-01-06 14:01:48,2025-02-26,2025-03-03,6
681894806923375678,2025-01-06,2025-01-06 14:16:44,2025-03-04,2025-03-06,3
681894806923375678,2025-01-06,2025-01-06 14:28:14,2025-03-07,2025-03-11,5
681894806923375678,2025-01-06,2025-01-06 14:40:24,2025-03-12,2025-03-31,20
681894806923375678,2025-01-07,2025-01-07 14:01:11,2025-01-29,2025-02-26,6
681894806923375678,2025-01-07,2025-01-07 14:26:03,2025-02-27,2025-03-31,33
681894806923375678,2025-01-20,2025-01-20 13:46:14,2025-02-25,2025-02-27,3
681894806923375678,2025-01-20,2025-01-20 14:05:13,2025-02-28,2025-02-28,1
681894806923375678,2025-01-20,2025-01-20 14:20:40,2025-03-01,2025-03-31,25
684782448665574114,2025-01-06,2025-01-06 14:01:45,2025-02-12,2025-02-13,2
684782448665574114,2025-01-06,2025-01-06 14:17:58,2025-02-14,2025-04-06,44
684782448665574114,2025-01-07,2025-01-07 14:15:02,2025-02-12,2025-04-07,47
684782448665574114,2025-01-20,2025-01-20 13:46:14,2025-02-12,2025-03-03,5
684782448665574114,2025-01-20,2025-01-20 14:05:10,2025-03-04,2025-03-05,2
684782448665574114,2025-01-20,2025-01-20 14:18:47,2025-03-06,2025-03-06,1
684782448665574114,2025-01-20,2025-01-20 14:29:21,2025-03-07,2025-03-08,2
684782448665574114,2025-01-20,2025-01-20 14:37:03,2025-03-09,2025-04-20,43
686743101124580615,2025-01-20,2025-01-20 14:30:29,2025-02-14,2025-03-31,27
687757820659405525,2025-01-06,2025-01-06 14:13:53,2025-01-11,2025-01-12,2
687757820659405525,2025-01-06,2025-01-06 14:26:52,2025-01-17,2025-04-06,74
687757820659405525,2025-01-07,2025-01-07 14:16:10,2025-01-11,2025-04-07,77
687757820659405525,2025-01-20,2025-01-20 13:50:53,2025-01-25,2025-01-31,7
687757820659405525,2025-01-20,2025-01-20 14:09:07,2025-02-01,2025-02-09,9
687757820659405525,2025-01-20,2025-01-20 14:23:06,2025-02-10,2025-04-20,70
693024169316156606,2025-01-06,2025-01-06 13:47:43,2025-01-23,2025-01-28,6
693024169316156606,2025-01-06,2025-01-06 14:14:41,2025-01-29,2025-02-26,5
693024169316156606,2025-01-06,2025-01-06 14:33:03,2025-02-27,2025-03-24,26
693024169316156606,2025-01-06,2025-01-06 14:51:09,2025-03-25,2025-03-31,7
693024169316156606,2025-01-07,2025-01-07 13:42:31,2025-01-23,2025-01-27,5
693024169316156606,2025-01-07,2025-01-07 14:00:29,2025-01-28,2025-03-31,39
693024169316156606,2025-01-20,2025-01-20 14:01:18,2025-01-23,2025-01-27,5
693024169316156606,2025-01-20,2025-01-20 14:17:57,2025-01-28,2025-02-26,6
693024169316156606,2025-01-20,2025-01-20 14:28:21,2025-02-27,2025-03-31,29
694313018923554703,2025-01-06,2025-01-06 13:43:35,2025-02-26,2025-03-31,19
694313018923554703,2025-01-07,2025-01-07 13:42:30,2025-02-26,2025-03-31,19
694313018923554703,2025-01-20,2025-01-20 14:35:39,2025-01-31,2025-03-31,25
694947516825280143,2025-01-06,2025-01-06 13:45:19,2025-02-07,2025-04-06,13
694947516825280143,2025-01-07,2025-01-07 14:00:48,2025-02-07,2025-04-07,14
694947516825280143,2025-01-20,2025-01-20 13:41:22,2025-02-25,2025-02-26,2
694947516825280143,2025-01-20,2025-01-20 14:03:57,2025-03-29,2025-04-16,19
703527486074504582,2025-01-06,2025-01-06 14:16:11,2025-02-07,2025-03-31,53
703527486074504582,2025-01-07,2025-01-07 14:00:22,2025-02-07,2025-02-10,4
703527486074504582,2025-01-07,2025-01-07 14:17:28,2025-02-11,2025-03-31,49
703527486074504582,2025-01-20,2025-01-20 13:46:56,2025-01-27,2025-02-15,3
703527486074504582,2025-01-20,2025-01-20 14:05:47,2025-02-16,2025-02-21,6
703527486074504582,2025-01-20,2025-01-20 14:19:34,2025-02-22,2025-02-25,4
703527486074504582,2025-01-20,2025-01-20 14:30:03,2025-02-26,2025-02-28,3
703527486074504582,2025-01-20,2025-01-20 14:37:42,2025-03-01,2025-03-08,8
703527486074504582,2025-01-20,2025-01-20 14:43:16,2025-03-09,2025-03-09,1
703527486074504582,2025-01-20,2025-01-20 14:47:29,2025-03-10,2025-04-20,42
703538637731385185,2025-01-06,2025-01-06 13:41:57,2025-01-28,2025-02-08,9
703538637731385185,2025-01-06,2025-01-06 14:00:55,2025-02-09,2025-02-11,3
703538637731385185,2025-01-06,2025-01-06 14:16:18,2025-02-12,2025-02-16,5
703538637731385185,2025-01-06,2025-01-06 14:35:15,2025-02-17,2025-02-17,1
703538637731385185,2025-01-06,2025-01-06 14:44:15,2025-02-18,2025-04-06,44
703538637731385185,2025-01-07,2025-01-07 14:00:19,2025-01-28,2025-04-07,63
703538637731385185,2025-01-20,2025-01-20 13:51:42,2025-02-10,2025-02-12,3
703538637731385185,2025-01-20,2025-01-20 14:52:14,2025-02-13,2025-04-20,63
703678241822238330,2025-01-20,2025-01-20 14:31:36,2025-02-15,2025-04-20,60
705946468067026302,2025-01-06,2025-01-06 13:43:36,2025-01-28,2025-04-06,49
705946468067026302,2025-01-07,2025-01-07 14:14:11,2025-01-28,2025-04-07,50
705946468067026302,2025-01-20,2025-01-20 13:41:15,2025-01-28,2025-02-16,10
705946468067026302,2025-01-20,2025-01-20 14:03:55,2025-02-17,2025-04-17,50
708045427082372124,2025-01-06,2025-01-06 13:43:39,2025-01-13,2025-04-06,80
708045427082372124,2025-01-07,2025-01-07 14:25:48,2025-01-13,2025-04-07,81
708045427082372124,2025-01-20,2025-01-20 13:41:30,2025-01-20,2025-01-22,3
708045427082372124,2025-01-20,2025-01-20 14:01:50,2025-01-23,2025-01-25,3
708045427082372124,2025-01-20,2025-01-20 14:30:57,2025-01-26,2025-04-02,67
708045427082372124,2025-01-20,2025-01-20 14:38:48,2025-04-03,2025-04-05,3
708045427082372124,2025-01-20,2025-01-20 14:47:25,2025-04-06,2025-04-20,15
711032530664362412,2025-01-07,2025-01-07 13:49:16,2025-01-27,2025-01-28,2
711032530664362412,2025-01-07,2025-01-07 14:17:13,2025-02-21,2025-04-06,33
716703779507124462,2025-01-07,2025-01-07 14:15:32,2025-01-13,2025-01-31,13
716703779507124462,2025-01-07,2025-01-07 14:32:11,2025-02-01,2025-03-31,59
718922870189236806,2025-01-06,2025-01-06 13:48:37,2025-01-29,2025-02-02,5
718922870189236806,2025-01-06,2025-01-06 14:15:18,2025-02-11,2025-02-25,6
718922870189236806,2025-01-06,2025-01-06 14:43:03,2025-02-26,2025-03-31,18
719355891470345652,2025-01-06,2025-01-06 13:43:39,2025-01-28,2025-04-06,64
719355891470345652,2025-01-07,2025-01-07 13:48:56,2025-01-28,2025-01-28,1
719355891470345652,2025-01-07,2025-01-07 14:00:30,2025-01-29,2025-01-29,1
719355891470345652,2025-01-07,2025-01-07 14:15:45,2025-01-30,2025-01-30,1
719355891470345652,2025-01-07,2025-01-07 14:32:53,2025-01-31,2025-02-01,2
719355891470345652,2025-01-07,2025-01-07 14:41:56,2025-02-02,2025-04-07,60
719355891470345652,2025-01-20,2025-01-20 14:25:34,2025-01-28,2025-04-05,63
719355891470345652,2025-01-20,2025-01-20 14:36:10,2025-04-06,2025-04-06,1
719355891470345652,2025-01-20,2025-01-20 14:49:52,2025-04-07,2025-04-07,1
719355891470345652,2025-01-20,2025-01-20 14:54:01,2025-04-08,2025-04-11,4
719355891470345652,2025-01-20,2025-01-20 15:01:27,2025-04-12,2025-04-20,9
721143022842232721,2025-01-06,2025-01-06 14:18:26,2025-02-02,2025-04-06,59
721635424816164605,2025-01-06,2025-01-06 13:44:31,2025-01-29,2025-04-06,45
721635424816164605,2025-01-07,2025-01-07 13:42:08,2025-01-29,2025-01-31,3
721635424816164605,2025-01-07,2025-01-07 14:00:09,2025-02-01,2025-02-19,5
721635424816164605,2025-01-07,2025-01-07 14:13:48,2025-02-20,2025-04-07,38
721635424816164605,2025-01-20,2025-01-20 14:09:50,2025-02-19,2025-02-19,1
721635424816164605,2025-01-20,2025-01-20 14:21:56,2025-02-20,2025-04-12,43
721635424816164605,2025-01-20,2025-01-20 14:31:58,2025-04-13,2025-04-17,5
721635424816164605,2025-01-20,2025-01-20 14:43:54,2025-04-18,2025-04-20,3
725205326528652381,2025-01-06,2025-01-06 13:49:13,2025-01-27,2025-01-31,5
725867973010290782,2025-01-06,2025-01-06 13:59:53,2025-01-09,2025-03-06,24
725867973010290782,2025-01-06,2025-01-06 14:16:30,2025-03-07,2025-04-06,28
725867973010290782,2025-01-07,2025-01-07 14:17:08,2025-01-09,2025-04-07,53
725867973010290782,2025-01-20,2025-01-20 14:06:25,2025-02-13,2025-02-16,4
725867973010290782,2025-01-20,2025-01-20 14:22:33,2025-02-17,2025-04-20,60
728531681504670920,2025-01-20,2025-01-20 13:54:10,2025-01-26,2025-04-20,37
730437501239201082,2025-01-06,2025-01-06 13:43:43,2025-01-27,2025-04-06,70
730437501239201082,2025-01-07,2025-01-07 14:05:26,2025-01-27,2025-04-07,71
730437501239201082,2025-01-20,2025-01-20 14:05:23,2025-01-27,2025-01-29,3
730437501239201082,2025-01-20,2025-01-20 14:21:38,2025-01-30,2025-01-31,2
730437501239201082,2025-01-20,2025-01-20 14:22:22,2025-02-01,2025-02-01,1
730437501239201082,2025-01-20,2025-01-20 14:40:39,2025-02-02,2025-02-02,1
730437501239201082,2025-01-20,2025-01-20 14:51:07,2025-02-03,2025-04-20,77
730503580289648392,2025-01-20,2025-01-20 13:47:07,2025-01-28,2025-03-04,10
730553947980169722,2025-01-06,2025-01-06 14:02:13,2025-02-01,2025-04-06,64
730553947980169722,2025-01-07,2025-01-07 13:49:55,2025-02-01,2025-03-15,42
730553947980169722,2025-01-07,2025-01-07 14:18:27,2025-03-16,2025-03-19,4
730553947980169722,2025-01-07,2025-01-07 14:28:35,2025-03-20,2025-03-22,3
730553947980169722,2025-01-07,2025-01-07 14:47:16,2025-03-23,2025-04-07,16
730553947980169722,2025-01-20,2025-01-20 13:47:08,2025-03-04,2025-04-20,48
731853350375474350,2025-01-20,2025-01-20 14:14:57,2025-01-25,2025-01-29,5
731853350375474350,2025-01-20,2025-01-20 14:45:09,2025-01-30,2025-03-05,7
731853350375474350,2025-01-20,2025-01-20 14:52:27,2025-03-06,2025-04-20,22
732572931172602640,2025-01-20,2025-01-20 14:14:57,2025-02-07,2025-02-07,1
732572931172602640,2025-01-20,2025-01-20 14:31:55,2025-02-08,2025-02-10,3
732572931172602640,2025-01-20,2025-01-20 14:43:51,2025-02-14,2025-02-22,6
732572931172602640,2025-01-20,2025-01-20 14:56:36,2025-02-23,2025-03-08,10
732572931172602640,2025-01-20,2025-01-20 15:00:03,2025-03-09,2025-04-20,43
734707774394612996,2025-01-06,2025-01-06 14:17:51,2025-01-29,2025-02-11,7
734707774394612996,2025-01-06,2025-01-06 14:34:02,2025-02-12,2025-02-13,2
734707774394612996,2025-01-06,2025-01-06 14:46:36,2025-02-14,2025-03-08,15
734707774394612996,2025-01-06,2025-01-06 14:52:38,2025-03-09,2025-03-13,5
734707774394612996,2025-01-06,2025-01-06 14:57:03,2025-03-14,2025-04-06,24
734774611454860165,2025-01-06,2025-01-06 13:47:22,2025-02-10,2025-04-06,50
734774611454860165,2025-01-07,2025-01-07 13:42:35,2025-02-10,2025-02-27,18
734774611454860165,2025-01-07,2025-01-07 14:14:27,2025-03-06,2025-04-07,33
734774611454860165,2025-01-20,2025-01-20 13:53:17,2025-02-10,2025-02-12,3
734774611454860165,2025-01-20,2025-01-20 14:16:15,2025-02-13,2025-04-20,49
734843676958831992,2025-01-07,2025-01-07 13:52:20,2025-01-24,2025-01-26,3
734843676958831992,2025-01-07,2025-01-07 14:18:11,2025-01-27,2025-02-20,3
734843676958831992,2025-01-07,2025-01-07 14:35:33,2025-02-21,2025-02-26,6
734843676958831992,2025-01-07,2025-01-07 14:43:16,2025-03-06,2025-04-07,20
734991572208138176,2025-01-06,2025-01-06 13:50:44,2025-01-11,2025-04-05,83
735732850757918650,2025-01-06,2025-01-06 13:41:26,2025-02-26,2025-03-02,5
735732850757918650,2025-01-06,2025-01-06 14:00:04,2025-03-03,2025-03-29,12
735732850757918650,2025-01-06,2025-01-06 14:15:16,2025-03-30,2025-04-04,6
735732850757918650,2025-01-06,2025-01-06 14:28:13,2025-04-05,2025-04-06,2
735732850757918650,2025-01-07,2025-01-07 13:43:09,2025-02-26,2025-02-26,1
735732850757918650,2025-01-07,2025-01-07 14:17:24,2025-02-27,2025-04-07,25
735732850757918650,2025-01-20,2025-01-20 14:06:26,2025-02-26,2025-02-26,1
735732850757918650,2025-01-20,2025-01-20 14:15:26,2025-02-27,2025-03-01,3
735732850757918650,2025-01-20,2025-01-20 14:37:54,2025-03-02,2025-03-03,2
735732850757918650,2025-01-20,2025-01-20 14:49:26,2025-03-04,2025-04-10,23
735732850757918650,2025-01-20,2025-01-20 14:53:25,2025-04-11,2025-04-16,6
739015384619300207,2025-01-06,2025-01-06 14:00:06,2025-02-02,2025-03-31,58
739015384619300207,2025-01-07,2025-01-07 14:18:36,2025-02-02,2025-02-04,3
739015384619300207,2025-01-07,2025-01-07 14:29:18,2025-02-05,2025-02-28,24
739015384619300207,2025-01-07,2025-01-07 14:42:22,2025-03-01,2025-03-31,31
739015384619300207,2025-01-20,2025-01-20 13:47:23,2025-02-02,2025-02-03,2
739015384619300207,2025-01-20,2025-01-20 14:06:26,2025-02-04,2025-03-31,56
739663897909156017,2025-01-07,2025-01-07 13:48:46,2025-01-12,2025-01-13,2
739663897909156017,2025-01-07,2025-01-07 14:32:14,2025-01-14,2025-01-21,8
739663897909156017,2025-01-07,2025-01-07 14:47:34,2025-01-31,2025-02-01,2
739663897909156017,2025-01-07,2025-01-07 14:51:32,2025-02-02,2025-04-07,60
742262889162653132,2025-01-07,2025-01-07 13:48:55,2025-01-12,2025-03-31,56
744210382596366805,2025-01-06,2025-01-06 13:43:49,2025-01-31,2025-04-06,40
744210382596366805,2025-01-07,2025-01-07 14:05:38,2025-01-31,2025-01-31,1
744210382596366805,2025-01-07,2025-01-07 14:29:11,2025-02-01,2025-02-01,1
744210382596366805,2025-01-07,2025-01-07 14:36:26,2025-02-02,2025-02-25,7
744210382596366805,2025-01-07,2025-01-07 14:42:06,2025-02-26,2025-03-04,7
744210382596366805,2025-01-07,2025-01-07 14:46:08,2025-03-13,2025-03-14,2
744210382596366805,2025-01-07,2025-01-07 14:49:08,2025-03-15,2025-04-07,24
744210382596366805,2025-01-20,2025-01-20 14:31:37,2025-01-31,2025-04-20,45
745632820094188215,2025-01-06,2025-01-06 13:46:56,2025-02-01,2025-03-09,16
745632820094188215,2025-01-07,2025-01-07 13:47:27,2025-02-01,2025-03-09,12
746451645715267085,2025-01-06,2025-01-06 13:46:07,2025-01-20,2025-04-06,77
746451645715267085,2025-01-07,2025-01-07 13:44:56,2025-01-20,2025-04-07,78
746451645715267085,2025-01-20,2025-01-20 14:05:03,2025-01-22,2025-01-23,2
746451645715267085,2025-01-20,2025-01-20 14:17:15,2025-01-24,2025-03-29,65
746451645715267085,2025-01-20,2025-01-20 14:19:24,2025-03-30,2025-03-31,2
746451645715267085,2025-01-20,2025-01-20 14:30:44,2025-04-01,2025-04-04,4
746451645715267085,2025-01-20,2025-01-20 14:46:21,2025-04-05,2025-04-20,16
748336742434217963,2025-01-06,2025-01-06 14:00:03,2025-01-21,2025-01-21,1
748336742434217963,2025-01-06,2025-01-06 14:15:59,2025-02-26,2025-02-27,2
748336742434217963,2025-01-06,2025-01-06 14:35:01,2025-03-05,2025-03-15,5
748336742434217963,2025-01-06,2025-01-06 14:42:24,2025-03-16,2025-04-06,22
748336742434217963,2025-01-07,2025-01-07 13:42:58,2025-01-21,2025-04-07,31
748336742434217963,2025-01-20,2025-01-20 13:47:24,2025-01-21,2025-02-27,3
748336742434217963,2025-01-20,2025-01-20 14:06:36,2025-03-05,2025-03-07,3
748336742434217963,2025-01-20,2025-01-20 14:22:44,2025-03-14,2025-04-20,38
753461577197808016,2025-01-06,2025-01-06 13:48:50,2025-01-11,2025-01-12,2
753461577197808016,2025-01-06,2025-01-06 14:16:46,2025-01-13,2025-03-31,71
753461577197808016,2025-01-07,2025-01-07 13:43:16,2025-01-11,2025-01-12,2
753461577197808016,2025-01-07,2025-01-07 14:14:55,2025-01-13,2025-03-31,71
753461577197808016,2025-01-20,2025-01-20 13:41:53,2025-02-01,2025-02-07,7
753461577197808016,2025-01-20,2025-01-20 14:04:17,2025-02-08,2025-03-31,52
753566944813003124,2025-01-06,2025-01-06 13:44:58,2025-01-15,2025-04-06,66
753566944813003124,2025-01-07,2025-01-07 14:01:02,2025-01-15,2025-02-09,15
753566944813003124,2025-01-07,2025-01-07 14:25:59,2025-02-10,2025-02-19,10
753566944813003124,2025-01-07,2025-01-07 14:34:11,2025-02-20,2025-04-07,31
753566944813003124,2025-01-20,2025-01-20 14:03:05,2025-02-03,2025-02-03,1
753566944813003124,2025-01-20,2025-01-20 14:17:39,2025-02-04,2025-02-07,4
753566944813003124,2025-01-20,2025-01-20 14:30:40,2025-02-08,2025-04-20,72
754141022905987471,2025-01-06,2025-01-06 13:50:48,2025-01-31,2025-04-06,66
754141022905987471,2025-01-07,2025-01-07 14:00:36,2025-01-31,2025-01-31,1
754141022905987471,2025-01-07,2025-01-07 14:16:02,2025-02-01,2025-04-07,66
754141022905987471,2025-01-20,2025-01-20 13:47:35,2025-01-31,2025-01-31,1
754141022905987471,2025-01-20,2025-01-20 14:34:38,2025-02-01,2025-02-02,2
754141022905987471,2025-01-20,2025-01-20 14:49:10,2025-02-03,2025-02-15,13
754141022905987471,2025-01-20,2025-01-20 14:54:05,2025-02-16,2025-02-19,4
754141022905987471,2025-01-20,2025-01-20 14:55:36,2025-02-20,2025-04-13,53
754141022905987471,2025-01-20,2025-01-20 14:57:14,2025-04-14,2025-04-20,7
754375397775403281,2025-01-06,2025-01-06 13:49:46,2025-01-07,2025-04-06,82
754375397775403281,2025-01-07,2025-01-07 13:43:41,2025-01-08,2025-01-15,8
754375397775403281,2025-01-07,2025-01-07 14:04:44,2025-01-24,2025-02-18,26
754375397775403281,2025-01-07,2025-01-07 14:27:57,2025-02-19,2025-04-07,48
754375397775403281,2025-01-20,2025-01-20 14:02:49,2025-01-27,2025-01-28,2
754375397775403281,2025-01-20,2025-01-20 14:18:18,2025-01-29,2025-01-31,3
754375397775403281,2025-01-20,2025-01-20 14:42:19,2025-02-01,2025-02-03,3
754375397775403281,2025-01-20,2025-01-20 14:46:41,2025-02-04,2025-02-22,19
754375397775403281,2025-01-20,2025-01-20 14:50:51,2025-02-23,2025-04-20,57
754796838418506202,2025-01-06,2025-01-06 13:43:51,2025-01-24,2025-04-06,54
754796838418506202,2025-01-07,2025-01-07 14:02:09,2025-01-24,2025-01-24,1
754796838418506202,2025-01-07,2025-01-07 14:26:09,2025-01-25,2025-01-26,2
754796838418506202,2025-01-07,2025-01-07 14:41:51,2025-01-27,2025-04-07,52
754796838418506202,2025-01-20,2025-01-20 14:06:24,2025-01-24,2025-01-24,1
754796838418506202,2025-01-20,2025-01-20 14:20:14,2025-01-25,2025-02-09,10
754796838418506202,2025-01-20,2025-01-20 14:33:24,2025-02-14,2025-04-08,45
754796838418506202,2025-01-20,2025-01-20 14:43:10,2025-04-09,2025-04-20,12
756997201912524343,2025-01-06,2025-01-06 13:43:26,2025-01-14,2025-04-06,83
756997201912524343,2025-01-07,2025-01-07 13:42:44,2025-01-14,2025-04-07,84
756997201912524343,2025-01-20,2025-01-20 14:22:55,2025-01-27,2025-04-20,81
758758164947604865,2025-01-20,2025-01-20 13:51:40,2025-01-20,2025-01-20,1
758758164947604865,2025-01-20,2025-01-20 14:14:50,2025-01-21,2025-01-21,1
758758164947604865,2025-01-20,2025-01-20 14:44:27,2025-01-22,2025-01-23,2
758758164947604865,2025-01-20,2025-01-20 14:52:25,2025-01-28,2025-04-20,78
760805979001764233,2025-01-06,2025-01-06 13:41:39,2025-01-24,2025-01-26,3
762112217871324562,2025-01-06,2025-01-06 13:44:08,2025-01-13,2025-04-06,50
762112217871324562,2025-01-07,2025-01-07 13:51:09,2025-01-13,2025-04-07,51
762112217871324562,2025-01-20,2025-01-20 13:48:20,2025-02-23,2025-02-24,2
762112217871324562,2025-01-20,2025-01-20 14:21:21,2025-02-25,2025-03-09,5
762112217871324562,2025-01-20,2025-01-20 14:31:06,2025-03-10,2025-04-17,28
762192750283483456,2025-01-06,2025-01-06 13:50:40,2025-01-20,2025-03-31,67
762916089194134311,2025-01-06,2025-01-06 13:49:52,2025-01-07,2025-04-06,90
762916089194134311,2025-01-07,2025-01-07 13:43:42,2025-01-08,2025-04-07,90
762916089194134311,2025-01-20,2025-01-20 14:02:45,2025-01-21,2025-01-27,7
762916089194134311,2025-01-20,2025-01-20 14:27:55,2025-01-28,2025-04-20,83
766052072199682693,2025-01-06,2025-01-06 13:45:53,2025-02-12,2025-02-26,4
766052072199682693,2025-01-06,2025-01-06 14:21:06,2025-02-27,2025-02-28,2
766052072199682693,2025-01-06,2025-01-06 14:30:38,2025-03-01,2025-04-06,37
766052072199682693,2025-01-07,2025-01-07 13:43:45,2025-02-12,2025-04-07,44
766052072199682693,2025-01-20,2025-01-20 13:42:00,2025-02-12,2025-02-14,3
766052072199682693,2025-01-20,2025-01-20 14:02:41,2025-02-26,2025-04-20,54
766156195693050227,2025-01-07,2025-01-07 13:49:46,2025-02-10,2025-02-11,2
766156195693050227,2025-01-07,2025-01-07 14:32:29,2025-02-12,2025-02-12,1
766156195693050227,2025-01-07,2025-01-07 14:42:58,2025-02-13,2025-02-16,4
766156195693050227,2025-01-07,2025-01-07 14:53:02,2025-02-17,2025-02-18,2
766156195693050227,2025-01-07,2025-01-07 14:55:19,2025-02-19,2025-02-22,4
766156195693050227,2025-01-07,2025-01-07 14:58:05,2025-02-23,2025-02-26,4
766156195693050227,2025-01-07,2025-01-07 14:58:52,2025-02-27,2025-04-07,36
766788707373767791,2025-01-06,2025-01-06 14:32:47,2025-02-09,2025-03-17,7
766788707373767791,2025-01-06,2025-01-06 14:50:40,2025-03-18,2025-04-05,19
766788707373767791,2025-01-07,2025-01-07 14:01:44,2025-02-09,2025-03-20,10
766788707373767791,2025-01-07,2025-01-07 14:30:30,2025-03-21,2025-04-06,17
766788707373767791,2025-01-20,2025-01-20 13:42:04,2025-03-16,2025-03-30,15
766788707373767791,2025-01-20,2025-01-20 14:05:27,2025-03-31,2025-04-19,20
767407262472265686,2025-01-06,2025-01-06 14:16:32,2025-01-12,2025-02-17,14
767407262472265686,2025-01-06,2025-01-06 14:28:46,2025-02-18,2025-04-06,48
767407262472265686,2025-01-07,2025-01-07 13:43:07,2025-01-12,2025-04-07,63
767407262472265686,2025-01-20,2025-01-20 13:47:44,2025-02-09,2025-02-14,6
767407262472265686,2025-01-20,2025-01-20 14:09:35,2025-02-15,2025-04-17,62
768032727158094436,2025-01-06,2025-01-06 13:50:22,2025-03-19,2025-04-05,18
769009482417170004,2025-01-06,2025-01-06 13:49:14,2025-01-23,2025-03-25,49
769009482417170004,2025-01-06,2025-01-06 14:21:26,2025-03-26,2025-04-05,11
769009482417170004,2025-01-06,2025-01-06 14:33:56,2025-04-06,2025-04-06,1
769009482417170004,2025-01-07,2025-01-07 13:44:32,2025-01-23,2025-04-07,47
769009482417170004,2025-01-20,2025-01-20 13:42:05,2025-01-23,2025-02-25,4
769009482417170004,2025-01-20,2025-01-20 14:03:32,2025-02-26,2025-04-20,51
769461318721075633,2025-01-06,2025-01-06 13:45:38,2025-02-12,2025-02-28,5
769461318721075633,2025-01-06,2025-01-06 14:05:52,2025-03-01,2025-03-31,31
769616108652112172,2025-01-07,2025-01-07 13:50:14,2025-02-25,2025-04-07,33
770131545986036241,2025-01-06,2025-01-06 13:52:03,2025-01-13,2025-02-14,17
770131545986036241,2025-01-06,2025-01-06 14:02:09,2025-02-15,2025-04-06,47
770131545986036241,2025-01-07,2025-01-07 13:43:28,2025-01-13,2025-02-04,7
770131545986036241,2025-01-07,2025-01-07 14:01:13,2025-02-05,2025-04-07,58
770131545986036241,2025-01-20,2025-01-20 13:47:51,2025-02-04,2025-02-06,3
770131545986036241,2025-01-20,2025-01-20 14:09:15,2025-02-07,2025-02-08,2
770131545986036241,2025-01-20,2025-01-20 14:38:37,2025-02-09,2025-04-20,67
771111761043546355,2025-01-06,2025-01-06 13:47:43,2025-02-04,2025-03-28,53
771111761043546355,2025-01-06,2025-01-06 14:09:19,2025-03-29,2025-04-05,8
771111761043546355,2025-01-07,2025-01-07 13:43:21,2025-02-04,2025-04-06,62
771111761043546355,2025-01-20,2025-01-20 14:08:58,2025-02-04,2025-04-19,75
771134836709283777,2025-01-07,2025-01-07 13:52:02,2025-02-23,2025-04-07,15
772261416620745030,2025-01-06,2025-01-06 14:02:49,2025-01-18,2025-04-06,68
772261416620745030,2025-01-07,2025-01-07 13:44:32,2025-01-18,2025-04-07,69
772261416620745030,2025-01-20,2025-01-20 13:50:36,2025-01-26,2025-04-20,74
772706520794806760,2025-01-20,2025-01-20 14:32:46,2025-01-23,2025-01-31,9
778933432062496662,2025-01-06,2025-01-06 14:33:09,2025-01-18,2025-04-06,59
778933432062496662,2025-01-07,2025-01-07 13:50:16,2025-01-18,2025-04-07,60
778933432062496662,2025-01-20,2025-01-20 13:42:08,2025-01-21,2025-04-20,70
779104726998664227,2025-01-07,2025-01-07 13:51:27,2025-01-31,2025-04-06,38
780376166619260652,2025-01-07,2025-01-07 14:16:06,2025-02-23,2025-04-07,44
780872235421635957,2025-01-07,2025-01-07 14:33:13,2025-01-15,2025-02-07,4
780872235421635957,2025-01-07,2025-01-07 14:51:58,2025-02-08,2025-03-31,40
781223884036842600,2025-01-20,2025-01-20 14:15:44,2025-02-11,2025-02-18,8
781223884036842600,2025-01-20,2025-01-20 14:53:05,2025-02-19,2025-04-17,54
782548209247570691,2025-01-06,2025-01-06 14:17:03,2025-02-11,2025-02-11,1
782548209247570691,2025-01-06,2025-01-06 14:33:26,2025-02-12,2025-03-07,9
782548209247570691,2025-01-06,2025-01-06 14:43:20,2025-03-08,2025-04-06,30
782548209247570691,2025-01-07,2025-01-07 13:43:25,2025-02-11,2025-04-07,41
782548209247570691,2025-01-20,2025-01-20 14:11:36,2025-02-11,2025-04-03,34
782548209247570691,2025-01-20,2025-01-20 14:46:41,2025-04-04,2025-04-05,2
782548209247570691,2025-01-20,2025-01-20 14:52:40,2025-04-06,2025-04-09,4
782548209247570691,2025-01-20,2025-01-20 14:56:04,2025-04-10,2025-04-20,11
782734966853311782,2025-01-06,2025-01-06 13:45:37,2025-01-21,2025-04-06,65
782734966853311782,2025-01-07,2025-01-07 13:52:52,2025-01-21,2025-04-07,66
782734966853311782,2025-01-20,2025-01-20 14:06:53,2025-01-21,2025-01-24,4
782734966853311782,2025-01-20,2025-01-20 14:20:42,2025-02-05,2025-02-10,6
782734966853311782,2025-01-20,2025-01-20 14:30:48,2025-02-11,2025-02-12,2
782734966853311782,2025-01-20,2025-01-20 14:48:51,2025-02-13,2025-02-14,2
782734966853311782,2025-01-20,2025-01-20 14:54:25,2025-02-15,2025-02-18,4
782734966853311782,2025-01-20,2025-01-20 14:55:57,2025-02-19,2025-04-20,61
783879004243392314,2025-01-06,2025-01-06 14:17:54,2025-01-23,2025-01-23,1
783879004243392314,2025-01-06,2025-01-06 14:41:40,2025-01-24,2025-04-06,66
783879004243392314,2025-01-07,2025-01-07 14:29:48,2025-01-23,2025-02-10,19
783879004243392314,2025-01-07,2025-01-07 14:37:14,2025-02-11,2025-02-16,6
783879004243392314,2025-01-07,2025-01-07 14:47:13,2025-02-17,2025-03-21,26
783879004243392314,2025-01-07,2025-01-07 14:53:29,2025-03-22,2025-04-07,17
783879004243392314,2025-01-20,2025-01-20 13:44:22,2025-01-23,2025-04-20,71
784598714032826222,2025-01-06,2025-01-06 13:42:19,2025-01-14,2025-01-19,2
784598714032826222,2025-01-06,2025-01-06 14:04:34,2025-01-20,2025-04-04,66
784598714032826222,2025-01-06,2025-01-06 14:19:05,2025-04-05,2025-04-06,2
784598714032826222,2025-01-07,2025-01-07 13:54:28,2025-01-14,2025-01-20,3
784598714032826222,2025-01-07,2025-01-07 14:21:19,2025-01-21,2025-02-03,9
784598714032826222,2025-01-07,2025-01-07 14:46:35,2025-02-04,2025-02-25,22
784598714032826222,2025-01-07,2025-01-07 14:53:22,2025-02-26,2025-04-07,37
784836681288428817,2025-01-07,2025-01-07 13:50:24,2025-01-23,2025-04-07,65
785658004981722606,2025-01-06,2025-01-06 14:16:53,2025-01-18,2025-01-23,6
785658004981722606,2025-01-06,2025-01-06 14:28:39,2025-01-24,2025-03-31,67
785658004981722606,2025-01-07,2025-01-07 13:46:21,2025-01-17,2025-03-31,74
785658004981722606,2025-01-20,2025-01-20 13:47:50,2025-02-03,2025-02-06,4
785658004981722606,2025-01-20,2025-01-20 14:09:50,2025-02-07,2025-04-20,58
786307999394390316,2025-01-06,2025-01-06 14:17:42,2025-01-16,2025-04-06,58
786307999394390316,2025-01-07,2025-01-07 13:43:47,2025-01-16,2025-04-07,47
786307999394390316,2025-01-20,2025-01-20 13:47:46,2025-01-23,2025-01-24,2
786307999394390316,2025-01-20,2025-01-20 14:24:06,2025-02-05,2025-04-20,51
786807324710664147,2025-01-06,2025-01-06 13:42:09,2025-02-12,2025-02-15,4
786807324710664147,2025-01-06,2025-01-06 14:01:16,2025-03-01,2025-04-06,37
786807324710664147,2025-01-07,2025-01-07 13:54:23,2025-02-12,2025-03-04,8
786807324710664147,2025-01-07,2025-01-07 14:42:37,2025-03-05,2025-04-07,25
786807324710664147,2025-01-20,2025-01-20 14:10:54,2025-02-12,2025-03-02,6
786807324710664147,2025-01-20,2025-01-20 14:22:53,2025-03-03,2025-04-17,37
787195284335262595,2025-01-06,2025-01-06 13:45:57,2025-02-02,2025-04-06,53
787195284335262595,2025-01-07,2025-01-07 13:44:43,2025-02-02,2025-04-07,54
787195284335262595,2025-01-20,2025-01-20 13:53:54,2025-02-22,2025-04-16,50
787606557854537606,2025-01-06,2025-01-06 13:51:05,2025-01-16,2025-03-31,65
787847078680683474,2025-01-06,2025-01-06 14:16:30,2025-01-11,2025-04-06,49
787847078680683474,2025-01-07,2025-01-07 13:46:06,2025-01-11,2025-04-07,50
787847078680683474,2025-01-20,2025-01-20 13:47:50,2025-01-22,2025-04-20,52
790006111813482352,2025-01-07,2025-01-07 13:53:54,2025-01-18,2025-01-27,4
790006111813482352,2025-01-07,2025-01-07 14:19:18,2025-02-03,2025-02-03,1
790006111813482352,2025-01-07,2025-01-07 14:33:56,2025-02-04,2025-02-04,1
790006111813482352,2025-01-07,2025-01-07 14:42:36,2025-02-05,2025-02-10,6
790006111813482352,2025-01-07,2025-01-07 14:49:27,2025-02-11,2025-04-07,56
790431243381422888,2025-01-06,2025-01-06 14:04:07,2025-01-07,2025-04-06,90
790431243381422888,2025-01-07,2025-01-07 13:44:34,2025-01-08,2025-01-19,4
790431243381422888,2025-01-07,2025-01-07 14:15:52,2025-01-20,2025-01-21,2
790431243381422888,2025-01-07,2025-01-07 14:27:33,2025-01-22,2025-04-07,76
790431243381422888,2025-01-20,2025-01-20 14:04:40,2025-01-21,2025-01-22,2
790431243381422888,2025-01-20,2025-01-20 14:42:32,2025-01-23,2025-01-26,4
790431243381422888,2025-01-20,2025-01-20 14:46:50,2025-01-27,2025-04-20,84
790518755885066166,2025-01-06,2025-01-06 13:50:53,2025-01-09,2025-04-06,36
790518755885066166,2025-01-07,2025-01-07 13:46:02,2025-01-26,2025-04-07,36
790518755885066166,2025-01-20,2025-01-20 13:48:00,2025-02-27,2025-03-06,2
790518755885066166,2025-01-20,2025-01-20 14:07:26,2025-03-07,2025-04-20,45
790752171303746450,2025-01-06,2025-01-06 14:04:06,2025-01-07,2025-04-06,73
790752171303746450,2025-01-07,2025-01-07 13:46:40,2025-01-08,2025-04-07,73
790752171303746450,2025-01-20,2025-01-20 13:52:34,2025-01-27,2025-01-27,1
790752171303746450,2025-01-20,2025-01-20 14:15:44,2025-02-05,2025-02-05,1
790752171303746450,2025-01-20,2025-01-20 14:44:33,2025-02-06,2025-04-20,74
791313913845076166,2025-01-06,2025-01-06 13:52:20,2025-02-09,2025-04-06,50
792096103347120988,2025-01-06,2025-01-06 13:48:31,2025-01-23,2025-02-01,10
792096103347120988,2025-01-06,2025-01-06 14:08:49,2025-02-02,2025-04-05,42
792096103347120988,2025-01-07,2025-01-07 13:46:09,2025-01-23,2025-04-06,49
792096103347120988,2025-01-20,2025-01-20 13:47:55,2025-01-23,2025-02-02,3
792096103347120988,2025-01-20,2025-01-20 14:08:43,2025-02-09,2025-03-06,21
792184367926408145,2025-01-06,2025-01-06 14:04:32,2025-03-25,2025-04-05,12
792184367926408145,2025-01-07,2025-01-07 14:07:16,2025-02-17,2025-02-24,8
792184367926408145,2025-01-07,2025-01-07 14:19:48,2025-02-25,2025-03-19,18
792184367926408145,2025-01-07,2025-01-07 14:47:29,2025-03-20,2025-03-21,2
792184367926408145,2025-01-07,2025-01-07 14:52:05,2025-03-22,2025-04-06,16
792184367926408145,2025-01-20,2025-01-20 14:08:21,2025-02-24,2025-03-05,5
792184367926408145,2025-01-20,2025-01-20 14:35:22,2025-03-06,2025-04-19,45
794707921952592251,2025-01-06,2025-01-06 13:52:46,2025-01-28,2025-01-29,2
794707921952592251,2025-01-06,2025-01-06 14:43:58,2025-01-30,2025-01-30,1
794707921952592251,2025-01-06,2025-01-06 14:51:43,2025-01-31,2025-04-06,45
794710559970994170,2025-01-06,2025-01-06 14:02:29,2025-01-27,2025-04-06,54
794710559970994170,2025-01-07,2025-01-07 13:43:48,2025-01-27,2025-04-07,51
794710559970994170,2025-01-20,2025-01-20 14:45:37,2025-01-31,2025-04-20,36
794996321339600522,2025-01-06,2025-01-06 13:44:31,2025-01-26,2025-02-22,18
794996321339600522,2025-01-07,2025-01-07 13:51:53,2025-01-26,2025-01-31,6
794996321339600522,2025-01-07,2025-01-07 14:18:17,2025-02-11,2025-02-22,12
794996321339600522,2025-01-20,2025-01-20 13:47:54,2025-01-30,2025-02-11,4
794996321339600522,2025-01-20,2025-01-20 14:10:18,2025-02-12,2025-04-20,54
795495744056169046,2025-01-06,2025-01-06 13:52:21,2025-01-20,2025-01-24,5
795495744056169046,2025-01-06,2025-01-06 14:04:06,2025-01-25,2025-01-25,1
795495744056169046,2025-01-06,2025-01-06 14:17:45,2025-01-26,2025-01-30,5
795495744056169046,2025-01-06,2025-01-06 14:28:55,2025-02-03,2025-02-03,1
795495744056169046,2025-01-06,2025-01-06 14:36:16,2025-02-04,2025-02-04,1
795495744056169046,2025-01-06,2025-01-06 14:44:03,2025-02-05,2025-02-17,7
795495744056169046,2025-01-06,2025-01-06 14:45:18,2025-02-22,2025-04-06,32
795495744056169046,2025-01-07,2025-01-07 14:01:48,2025-01-20,2025-01-20,1
795495744056169046,2025-01-07,2025-01-07 14:15:34,2025-01-21,2025-01-22,2
795495744056169046,2025-01-07,2025-01-07 14:25:53,2025-01-23,2025-04-07,50
795495744056169046,2025-01-20,2025-01-20 14:04:09,2025-01-24,2025-04-20,45
795757968903961791,2025-01-06,2025-01-06 13:52:48,2025-01-24,2025-04-02,69
795757968903961791,2025-01-06,2025-01-06 14:17:41,2025-04-03,2025-04-06,4
796481545034280714,2025-01-06,2025-01-06 14:01:24,2025-01-17,2025-04-06,62
796481545034280714,2025-01-07,2025-01-07 13:43:52,2025-01-17,2025-04-07,63
796481545034280714,2025-01-20,2025-01-20 14:39:29,2025-01-21,2025-04-20,71
797261187302809924,2025-01-06,2025-01-06 13:46:58,2025-01-11,2025-01-29,6
797261187302809924,2025-01-06,2025-01-06 14:05:57,2025-01-30,2025-04-06,55
797261187302809924,2025-01-07,2025-01-07 14:01:27,2025-01-11,2025-01-11,1
797261187302809924,2025-01-07,2025-01-07 14:15:16,2025-01-25,2025-01-26,2
797261187302809924,2025-01-07,2025-01-07 14:26:26,2025-01-27,2025-01-27,1
797261187302809924,2025-01-07,2025-01-07 14:40:22,2025-01-28,2025-02-01,5
797261187302809924,2025-01-07,2025-01-07 14:44:59,2025-02-02,2025-02-03,2
797261187302809924,2025-01-07,2025-01-07 14:50:52,2025-02-04,2025-04-07,51
797261187302809924,2025-01-20,2025-01-20 14:04:09,2025-01-25,2025-04-20,68
798475021925579344,2025-01-06,2025-01-06 13:46:59,2025-02-04,2025-02-07,4
798475021925579344,2025-01-06,2025-01-06 14:30:32,2025-02-08,2025-02-08,1
798475021925579344,2025-01-06,2025-01-06 14:45:42,2025-02-09,2025-04-05,42
798475021925579344,2025-01-07,2025-01-07 13:46:50,2025-02-04,2025-04-06,48
798475021925579344,2025-01-20,2025-01-20 13:42:52,2025-02-12,2025-03-03,6
798475021925579344,2025-01-20,2025-01-20 14:04:32,2025-03-04,2025-03-04,1
798475021925579344,2025-01-20,2025-01-20 14:50:21,2025-03-05,2025-03-05,1
798475021925579344,2025-01-20,2025-01-20 14:52:57,2025-03-06,2025-03-22,17
798609957167332367,2025-01-07,2025-01-07 13:51:55,2025-01-20,2025-02-02,11
798609957167332367,2025-01-07,2025-01-07 14:18:20,2025-02-03,2025-04-07,61
798631136594423222,2025-01-07,2025-01-07 13:52:05,2025-01-21,2025-04-07,56
799251513158018593,2025-01-06,2025-01-06 14:03:40,2025-02-20,2025-02-21,2
799251513158018593,2025-01-06,2025-01-06 14:18:24,2025-02-22,2025-04-06,44
799251513158018593,2025-01-07,2025-01-07 14:04:11,2025-02-20,2025-03-14,23
799251513158018593,2025-01-07,2025-01-07 14:16:55,2025-03-15,2025-03-20,6
799251513158018593,2025-01-07,2025-01-07 14:28:58,2025-03-21,2025-04-07,18
799251513158018593,2025-01-20,2025-01-20 14:20:48,2025-03-01,2025-03-01,1
799251513158018593,2025-01-20,2025-01-20 14:38:12,2025-03-02,2025-03-05,4
799251513158018593,2025-01-20,2025-01-20 14:50:42,2025-03-06,2025-04-20,46
800942299109284552,2025-01-06,2025-01-06 13:46:34,2025-02-04,2025-03-02,13
800942299109284552,2025-01-06,2025-01-06 14:03:49,2025-03-03,2025-03-05,3
800942299109284552,2025-01-06,2025-01-06 14:43:21,2025-03-06,2025-03-20,15
800942299109284552,2025-01-06,2025-01-06 14:46:57,2025-03-21,2025-04-05,16
800942299109284552,2025-01-07,2025-01-07 13:52:01,2025-02-04,2025-02-04,1
800942299109284552,2025-01-07,2025-01-07 14:17:52,2025-02-05,2025-04-04,45
800942299109284552,2025-01-07,2025-01-07 14:47:55,2025-04-05,2025-04-06,2
800942299109284552,2025-01-20,2025-01-20 14:07:26,2025-02-12,2025-04-19,39
801271167231006592,2025-01-06,2025-01-06 13:42:15,2025-03-12,2025-04-06,26
801271167231006592,2025-01-07,2025-01-07 13:54:18,2025-03-18,2025-03-19,2
801271167231006592,2025-01-07,2025-01-07 14:19:34,2025-03-20,2025-03-21,2
801271167231006592,2025-01-07,2025-01-07 14:35:37,2025-03-22,2025-04-07,17
801271167231006592,2025-01-20,2025-01-20 13:48:07,2025-03-18,2025-03-21,4
801271167231006592,2025-01-20,2025-01-20 14:07:36,2025-03-22,2025-04-20,30
801611117719633492,2025-01-06,2025-01-06 14:21:07,2025-01-21,2025-04-06,53
801611117719633492,2025-01-07,2025-01-07 13:50:36,2025-01-21,2025-01-21,1
801611117719633492,2025-01-07,2025-01-07 14:16:12,2025-01-22,2025-04-07,53
801611117719633492,2025-01-20,2025-01-20 13:45:56,2025-01-21,2025-04-20,57
802047490248101970,2025-01-06,2025-01-06 13:46:58,2025-03-10,2025-03-11,2
802047490248101970,2025-01-06,2025-01-06 14:04:16,2025-03-12,2025-03-17,6
802047490248101970,2025-01-06,2025-01-06 14:28:41,2025-03-18,2025-04-06,20
802047490248101970,2025-01-07,2025-01-07 13:44:49,2025-03-17,2025-04-07,22
802047490248101970,2025-01-20,2025-01-20 14:45:26,2025-03-17,2025-04-20,35
802357806571870530,2025-01-06,2025-01-06 14:04:26,2025-03-09,2025-03-12,4
802357806571870530,2025-01-06,2025-01-06 14:21:07,2025-03-13,2025-04-06,25
802357806571870530,2025-01-07,2025-01-07 13:44:32,2025-03-09,2025-03-11,3
802357806571870530,2025-01-07,2025-01-07 14:01:36,2025-03-12,2025-03-13,2
802357806571870530,2025-01-07,2025-01-07 14:15:46,2025-03-14,2025-03-15,2
802357806571870530,2025-01-07,2025-01-07 14:29:25,2025-03-16,2025-04-07,23
802357806571870530,2025-01-20,2025-01-20 13:53:53,2025-02-09,2025-02-17,9
802357806571870530,2025-01-20,2025-01-20 14:45:31,2025-02-18,2025-03-16,11
802357806571870530,2025-01-20,2025-01-20 14:57:37,2025-03-17,2025-04-20,35
802922826036667371,2025-01-06,2025-01-06 13:52:10,2025-02-02,2025-03-14,41
802922826036667371,2025-01-06,2025-01-06 14:35:22,2025-03-15,2025-04-06,23
803403468437987911,2025-01-06,2025-01-06 13:52:16,2025-01-08,2025-01-09,2
803403468437987911,2025-01-06,2025-01-06 14:17:35,2025-01-20,2025-02-02,14
803403468437987911,2025-01-06,2025-01-06 14:34:54,2025-02-03,2025-04-05,57
805381324514930766,2025-01-06,2025-01-06 13:53:14,2025-02-21,2025-03-12,8
805381324514930766,2025-01-06,2025-01-06 14:17:28,2025-03-13,2025-03-15,3
805381324514930766,2025-01-06,2025-01-06 14:34:15,2025-03-16,2025-04-05,21
805726391815686158,2025-01-06,2025-01-06 14:04:35,2025-01-12,2025-01-13,2
805726391815686158,2025-01-06,2025-01-06 14:18:22,2025-01-14,2025-01-16,3
805726391815686158,2025-01-06,2025-01-06 14:36:33,2025-01-27,2025-01-28,2
805726391815686158,2025-01-06,2025-01-06 14:45:36,2025-01-29,2025-01-29,1
805726391815686158,2025-01-06,2025-01-06 14:51:31,2025-01-30,2025-03-31,32
805726391815686158,2025-01-06,2025-01-06 14:52:14,2025-04-01,2025-04-02,2
805726391815686158,2025-01-06,2025-01-06 14:52:50,2025-04-03,2025-04-03,1
805726391815686158,2025-01-06,2025-01-06 14:53:57,2025-04-04,2025-04-06,3
805726391815686158,2025-01-07,2025-01-07 14:01:42,2025-01-27,2025-04-07,42
805726391815686158,2025-01-20,2025-01-20 13:42:55,2025-01-27,2025-04-17,47
806702099486447309,2025-01-06,2025-01-06 13:48:05,2025-01-31,2025-03-17,34
806702099486447309,2025-01-06,2025-01-06 14:37:16,2025-03-18,2025-03-25,8
806702099486447309,2025-01-06,2025-01-06 14:42:57,2025-03-26,2025-04-01,7
806702099486447309,2025-01-06,2025-01-06 14:46:28,2025-04-02,2025-04-05,4
806702099486447309,2025-01-06,2025-01-06 14:48:49,2025-04-06,2025-04-06,1
806702099486447309,2025-01-07,2025-01-07 13:46:09,2025-01-31,2025-04-07,55
806702099486447309,2025-01-20,2025-01-20 13:46:19,2025-01-31,2025-04-20,60
807400945391416643,2025-01-06,2025-01-06 13:42:57,2025-01-12,2025-04-05,29
807400945391416643,2025-01-07,2025-01-07 13:46:48,2025-01-12,2025-04-06,30
807400945391416643,2025-01-20,2025-01-20 13:52:10,2025-02-06,2025-04-19,19
807898347637042057,2025-01-07,2025-01-07 13:52:59,2025-03-23,2025-03-28,6
807898347637042057,2025-01-07,2025-01-07 14:20:45,2025-03-29,2025-04-07,10
809946874989632205,2025-01-20,2025-01-20 14:16:44,2025-01-20,2025-04-20,75
811053746893495263,2025-01-06,2025-01-06 13:42:16,2025-01-21,2025-04-06,52
811053746893495263,2025-01-07,2025-01-07 13:43:52,2025-01-21,2025-04-07,53
811053746893495263,2025-01-20,2025-01-20 13:48:08,2025-01-21,2025-01-21,1
811053746893495263,2025-01-20,2025-01-20 14:30:52,2025-01-22,2025-02-08,3
811053746893495263,2025-01-20,2025-01-20 14:43:34,2025-02-25,2025-04-20,55
812231708820863156,2025-01-06,2025-01-06 14:04:27,2025-01-31,2025-01-31,1
812231708820863156,2025-01-06,2025-01-06 14:17:00,2025-02-01,2025-02-02,2
812231708820863156,2025-01-06,2025-01-06 14:35:16,2025-02-03,2025-04-06,45
812231708820863156,2025-01-07,2025-01-07 13:47:01,2025-01-31,2025-04-07,49
812231708820863156,2025-01-20,2025-01-20 13:46:34,2025-03-01,2025-04-16,35
813090046454458015,2025-01-20,2025-01-20 14:34:50,2025-01-23,2025-01-29,7
813090046454458015,2025-01-20,2025-01-20 14:47:15,2025-01-30,2025-04-20,77
815806026505024003,2025-01-06,2025-01-06 13:42:56,2025-01-27,2025-03-17,33
815806026505024003,2025-01-07,2025-01-07 13:45:45,2025-01-27,2025-03-17,33
815806026505024003,2025-01-20,2025-01-20 13:48:06,2025-01-27,2025-01-27,1
815806026505024003,2025-01-20,2025-01-20 14:07:34,2025-01-28,2025-03-17,32
816613605644920543,2025-01-07,2025-01-07 14:02:50,2025-01-08,2025-01-11,4
816613605644920543,2025-01-07,2025-01-07 14:16:16,2025-01-12,2025-01-14,3
816613605644920543,2025-01-07,2025-01-07 14:43:30,2025-01-15,2025-04-07,75
816613605644920543,2025-01-20,2025-01-20 13:46:22,2025-01-21,2025-01-31,6
816613605644920543,2025-01-20,2025-01-20 14:05:20,2025-02-01,2025-02-06,6
816613605644920543,2025-01-20,2025-01-20 14:18:54,2025-02-07,2025-04-17,67
821574780923920105,2025-01-07,2025-01-07 13:47:35,2025-02-15,2025-02-18,4
821574780923920105,2025-01-07,2025-01-07 14:17:10,2025-02-19,2025-03-13,12
821574780923920105,2025-01-07,2025-01-07 14:27:27,2025-03-14,2025-03-17,4
821574780923920105,2025-01-07,2025-01-07 14:37:10,2025-03-18,2025-04-07,21
821574780923920105,2025-01-20,2025-01-20 14:07:19,2025-03-08,2025-03-10,3
821574780923920105,2025-01-20,2025-01-20 14:20:45,2025-03-11,2025-03-13,3
821574780923920105,2025-01-20,2025-01-20 14:32:17,2025-03-14,2025-03-14,1
821574780923920105,2025-01-20,2025-01-20 14:51:38,2025-03-15,2025-04-20,37
821920276390293366,2025-01-06,2025-01-06 14:20:48,2025-01-09,2025-01-11,3
821920276390293366,2025-01-06,2025-01-06 14:34:23,2025-01-20,2025-02-01,7
821920276390293366,2025-01-06,2025-01-06 14:43:55,2025-02-12,2025-04-06,33
821920276390293366,2025-01-07,2025-01-07 14:01:41,2025-01-09,2025-04-07,44
821920276390293366,2025-01-20,2025-01-20 13:48:13,2025-01-20,2025-01-21,2
821920276390293366,2025-01-20,2025-01-20 14:07:40,2025-01-22,2025-04-11,36
822365439954007216,2025-01-06,2025-01-06 14:30:08,2025-01-13,2025-01-15,3
822365439954007216,2025-01-06,2025-01-06 14:33:13,2025-01-16,2025-02-04,2
822365439954007216,2025-01-06,2025-01-06 14:43:11,2025-02-05,2025-02-14,10
822365439954007216,2025-01-06,2025-01-06 14:51:55,2025-02-15,2025-03-12,26
822365439954007216,2025-01-06,2025-01-06 15:00:49,2025-03-13,2025-03-16,4
822365439954007216,2025-01-06,2025-01-06 15:00:53,2025-03-17,2025-04-06,21
822365439954007216,2025-01-07,2025-01-07 13:47:16,2025-01-13,2025-02-25,26
822365439954007216,2025-01-07,2025-01-07 14:04:25,2025-02-26,2025-04-07,41
822365439954007216,2025-01-20,2025-01-20 13:47:57,2025-02-15,2025-04-20,57
826063757882656916,2025-01-06,2025-01-06 14:04:44,2025-01-07,2025-01-07,1
826063757882656916,2025-01-06,2025-01-06 14:36:42,2025-01-08,2025-01-08,1
826063757882656916,2025-01-06,2025-01-06 14:50:10,2025-01-15,2025-04-05,66
826063757882656916,2025-01-07,2025-01-07 13:45:27,2025-01-07,2025-04-06,69
826063757882656916,2025-01-20,2025-01-20 13:45:19,2025-01-22,2025-04-19,73
826617189908528565,2025-01-06,2025-01-06 13:47:16,2025-01-20,2025-02-16,5
826617189908528565,2025-01-06,2025-01-06 14:18:11,2025-02-17,2025-02-27,8
826617189908528565,2025-01-06,2025-01-06 14:38:06,2025-02-28,2025-04-06,38
826617189908528565,2025-01-07,2025-01-07 13:48:13,2025-01-20,2025-04-07,44
826617189908528565,2025-01-20,2025-01-20 14:22:24,2025-02-15,2025-03-28,26
826617189908528565,2025-01-20,2025-01-20 14:48:11,2025-03-29,2025-03-30,2
826617189908528565,2025-01-20,2025-01-20 14:51:52,2025-03-31,2025-04-03,4
826617189908528565,2025-01-20,2025-01-20 14:56:36,2025-04-04,2025-04-08,5
826617189908528565,2025-01-20,2025-01-20 14:59:33,2025-04-09,2025-04-20,12
828036946101813387,2025-01-06,2025-01-06 13:46:30,2025-03-01,2025-04-06,18
828036946101813387,2025-01-07,2025-01-07 13:53:59,2025-03-01,2025-03-23,10
828036946101813387,2025-01-07,2025-01-07 14:20:37,2025-03-30,2025-04-07,9
828036946101813387,2025-01-20,2025-01-20 14:07:41,2025-03-01,2025-03-04,4
828036946101813387,2025-01-20,2025-01-20 14:20:54,2025-03-18,2025-03-31,8
828036946101813387,2025-01-20,2025-01-20 14:43:30,2025-04-01,2025-04-20,12
8287843,2025-01-06,2025-01-06 13:47:27,2025-02-05,2025-02-11,7
8287843,2025-01-06,2025-01-06 14:05:10,2025-02-12,2025-02-18,7
8287843,2025-01-06,2025-01-06 14:18:37,2025-02-19,2025-02-21,3
8287843,2025-01-06,2025-01-06 14:32:02,2025-02-22,2025-02-22,1
8287843,2025-01-06,2025-01-06 14:39:38,2025-02-23,2025-04-06,43
8287843,2025-01-07,2025-01-07 13:46:27,2025-02-05,2025-02-17,13
8287843,2025-01-07,2025-01-07 14:05:00,2025-02-18,2025-04-07,49
8287843,2025-01-20,2025-01-20 13:43:48,2025-01-26,2025-01-26,1
8287843,2025-01-20,2025-01-20 14:53:12,2025-01-27,2025-03-21,36
8287843,2025-01-20,2025-01-20 14:56:43,2025-03-22,2025-04-19,29
8287843,2025-01-20,2025-01-20 14:57:57,2025-04-20,2025-04-20,1
831740758559247685,2025-01-06,2025-01-06 14:05:52,2025-02-21,2025-03-21,24
831740758559247685,2025-01-06,2025-01-06 14:36:58,2025-03-22,2025-03-31,10
831740758559247685,2025-01-07,2025-01-07 14:04:11,2025-02-21,2025-03-31,34
831740758559247685,2025-01-20,2025-01-20 13:55:48,2025-02-21,2025-03-31,34
832123000813215722,2025-01-06,2025-01-06 14:04:27,2025-01-24,2025-04-06,73
832123000813215722,2025-01-07,2025-01-07 13:53:56,2025-01-28,2025-01-31,4
832123000813215722,2025-01-07,2025-01-07 14:19:16,2025-02-01,2025-04-07,66
832123000813215722,2025-01-20,2025-01-20 13:50:59,2025-01-28,2025-04-20,78
834645644371228115,2025-01-20,2025-01-20 14:33:20,2025-01-22,2025-01-25,4
834645644371228115,2025-01-20,2025-01-20 14:52:27,2025-01-26,2025-02-01,7
834645644371228115,2025-01-20,2025-01-20 15:00:29,2025-02-02,2025-02-02,1
834645644371228115,2025-01-20,2025-01-20 15:02:27,2025-02-03,2025-02-28,26
836385234465202348,2025-01-06,2025-01-06 14:04:41,2025-01-26,2025-02-14,10
836385234465202348,2025-01-06,2025-01-06 14:18:09,2025-02-15,2025-02-17,3
836385234465202348,2025-01-06,2025-01-06 14:29:06,2025-02-18,2025-02-22,5
836385234465202348,2025-01-06,2025-01-06 14:41:09,2025-02-23,2025-03-31,26
836385234465202348,2025-01-07,2025-01-07 13:45:28,2025-01-26,2025-03-31,29
836385234465202348,2025-01-20,2025-01-20 13:47:14,2025-01-26,2025-03-18,25
836385234465202348,2025-01-20,2025-01-20 14:20:08,2025-03-24,2025-03-31,8
836415940545761422,2025-01-07,2025-01-07 13:53:58,2025-01-29,2025-04-07,60
837646263953285868,2025-01-06,2025-01-06 14:40:40,2025-01-18,2025-02-01,5
837646263953285868,2025-01-06,2025-01-06 14:44:44,2025-02-02,2025-02-28,17
837646263953285868,2025-01-06,2025-01-06 14:47:29,2025-03-01,2025-04-06,34
837646263953285868,2025-01-07,2025-01-07 13:48:22,2025-01-18,2025-01-30,3
837646263953285868,2025-01-07,2025-01-07 14:17:56,2025-01-31,2025-04-07,54
837646263953285868,2025-01-20,2025-01-20 13:48:12,2025-02-09,2025-03-07,17
837646263953285868,2025-01-20,2025-01-20 14:20:57,2025-03-08,2025-04-17,38
837846012155525926,2025-01-06,2025-01-06 13:54:12,2025-02-17,2025-03-13,21
837846012155525926,2025-01-06,2025-01-06 14:34:28,2025-03-14,2025-03-14,1
837846012155525926,2025-01-06,2025-01-06 14:43:58,2025-03-15,2025-04-05,22
839184834439414765,2025-01-20,2025-01-20 14:20:34,2025-01-31,2025-04-20,42
840525492567265584,2025-01-06,2025-01-06 14:04:38,2025-02-16,2025-02-25,7
840525492567265584,2025-01-06,2025-01-06 14:21:15,2025-02-26,2025-04-06,26
840525492567265584,2025-01-07,2025-01-07 13:46:58,2025-02-16,2025-04-07,34
840525492567265584,2025-01-20,2025-01-20 13:48:13,2025-02-24,2025-02-24,1
840525492567265584,2025-01-20,2025-01-20 14:22:15,2025-02-25,2025-04-17,38
841394344184198064,2025-01-06,2025-01-06 13:43:05,2025-01-21,2025-03-22,22
841394344184198064,2025-01-06,2025-01-06 14:04:33,2025-03-23,2025-03-31,9
841394344184198064,2025-01-07,2025-01-07 13:48:39,2025-01-21,2025-03-31,31
841394344184198064,2025-01-20,2025-01-20 13:52:12,2025-02-17,2025-03-17,16
841394344184198064,2025-01-20,2025-01-20 14:22:09,2025-03-18,2025-03-31,11
844864653127085626,2025-01-06,2025-01-06 13:53:35,2025-01-12,2025-02-04,5
844864653127085626,2025-01-06,2025-01-06 14:17:57,2025-02-05,2025-02-16,8
844864653127085626,2025-01-06,2025-01-06 14:45:06,2025-02-17,2025-02-18,2
844864653127085626,2025-01-06,2025-01-06 14:52:40,2025-02-19,2025-04-06,47
844864653127085626,2025-01-07,2025-01-07 13:45:06,2025-01-12,2025-04-07,63
844864653127085626,2025-01-20,2025-01-20 13:48:28,2025-02-02,2025-02-04,3
844864653127085626,2025-01-20,2025-01-20 14:07:52,2025-02-05,2025-04-20,71
850675824952359571,2025-01-06,2025-01-06 14:19:14,2025-01-10,2025-02-02,11
850675824952359571,2025-01-06,2025-01-06 14:36:31,2025-02-03,2025-02-06,4
850675824952359571,2025-01-06,2025-01-06 14:45:41,2025-02-07,2025-03-31,53
850675824952359571,2025-01-07,2025-01-07 14:01:48,2025-01-10,2025-02-01,10
850675824952359571,2025-01-07,2025-01-07 14:17:45,2025-02-02,2025-03-31,58
850675824952359571,2025-01-20,2025-01-20 13:48:33,2025-01-25,2025-01-27,3
850675824952359571,2025-01-20,2025-01-20 14:11:28,2025-01-28,2025-03-23,55
850675824952359571,2025-01-20,2025-01-20 14:34:13,2025-03-24,2025-03-31,8
850931966820064700,2025-01-06,2025-01-06 13:46:55,2025-01-27,2025-02-08,7
850931966820064700,2025-01-06,2025-01-06 14:08:05,2025-02-28,2025-02-28,1
850931966820064700,2025-01-06,2025-01-06 14:22:23,2025-03-01,2025-04-06,37
850931966820064700,2025-01-07,2025-01-07 14:02:51,2025-01-27,2025-04-07,46
850931966820064700,2025-01-20,2025-01-20 14:32:41,2025-01-27,2025-03-13,10
850931966820064700,2025-01-20,2025-01-20 14:52:34,2025-03-14,2025-03-17,4
850931966820064700,2025-01-20,2025-01-20 14:59:50,2025-03-26,2025-04-20,26
856482117556875618,2025-01-07,2025-01-07 13:44:26,2025-03-22,2025-04-07,17
856482117556875618,2025-01-20,2025-01-20 14:07:45,2025-03-28,2025-04-16,20
859653300578357102,2025-01-06,2025-01-06 13:45:29,2025-01-28,2025-03-31,57
859653300578357102,2025-01-07,2025-01-07 13:56:37,2025-01-28,2025-03-31,57
859653300578357102,2025-01-20,2025-01-20 14:45:13,2025-01-28,2025-03-11,37
859653300578357102,2025-01-20,2025-01-20 14:53:59,2025-03-12,2025-03-16,5
859653300578357102,2025-01-20,2025-01-20 14:56:26,2025-03-17,2025-03-31,15
859925561562240250,2025-01-20,2025-01-20 13:54:08,2025-02-24,2025-03-31,29
863830918159371125,2025-01-20,2025-01-20 13:55:28,2025-01-31,2025-04-20,67
869504505210568410,2025-01-20,2025-01-20 13:56:30,2025-01-23,2025-02-07,8
869504505210568410,2025-01-20,2025-01-20 14:18:23,2025-02-08,2025-04-20,72
871084107630048364,2025-01-06,2025-01-06 13:49:23,2025-02-09,2025-04-06,40
871084107630048364,2025-01-07,2025-01-07 13:45:53,2025-02-09,2025-02-09,1
871084107630048364,2025-01-07,2025-01-07 14:01:48,2025-02-18,2025-02-18,1
871084107630048364,2025-01-07,2025-01-07 14:17:00,2025-02-19,2025-04-07,39
871084107630048364,2025-01-20,2025-01-20 13:48:20,2025-02-09,2025-04-20,54
873125740517449213,2025-01-06,2025-01-06 13:47:31,2025-01-17,2025-03-21,54
873125740517449213,2025-01-06,2025-01-06 14:09:46,2025-03-22,2025-04-06,16
873125740517449213,2025-01-07,2025-01-07 14:01:52,2025-01-17,2025-04-07,71
873125740517449213,2025-01-20,2025-01-20 13:50:59,2025-01-29,2025-04-20,62
873255393900331818,2025-01-06,2025-01-06 13:48:02,2025-02-01,2025-03-22,50
873255393900331818,2025-01-06,2025-01-06 14:06:26,2025-03-23,2025-04-06,15
873255393900331818,2025-01-07,2025-01-07 14:15:35,2025-02-01,2025-02-06,6
873255393900331818,2025-01-07,2025-01-07 14:29:27,2025-02-07,2025-04-07,60
873255393900331818,2025-01-20,2025-01-20 13:48:18,2025-02-01,2025-04-20,71
873260132509992833,2025-01-06,2025-01-06 14:18:42,2025-02-15,2025-02-27,13
873260132509992833,2025-01-07,2025-01-07 14:04:32,2025-02-15,2025-02-27,13
881204142086821328,2025-01-06,2025-01-06 14:05:16,2025-01-28,2025-04-06,54
881204142086821328,2025-01-07,2025-01-07 14:05:22,2025-01-28,2025-04-07,55
881204142086821328,2025-01-20,2025-01-20 13:44:03,2025-01-28,2025-02-19,5
881204142086821328,2025-01-20,2025-01-20 14:06:44,2025-02-20,2025-04-20,46
8838629,2025-01-06,2025-01-06 13:46:27,2025-01-21,2025-04-06,49
8838629,2025-01-07,2025-01-07 13:50:08,2025-01-21,2025-04-07,50
8838629,2025-01-20,2025-01-20 13:51:26,2025-01-21,2025-04-17,66
883930877150990341,2025-01-06,2025-01-06 13:53:00,2025-04-02,2025-04-06,5
892662939259281401,2025-01-06,2025-01-06 14:20:58,2025-01-11,2025-01-31,13
892721989592935461,2025-01-06,2025-01-06 14:34:16,2025-01-19,2025-04-06,39
892721989592935461,2025-01-07,2025-01-07 14:16:04,2025-01-19,2025-04-07,40
892721989592935461,2025-01-20,2025-01-20 13:51:27,2025-02-22,2025-04-16,47
8936081,2025-01-06,2025-01-06 14:18:19,2025-02-28,2025-02-28,1
8936081,2025-01-06,2025-01-06 14:36:59,2025-03-01,2025-04-06,26
894985131313802009,2025-01-06,2025-01-06 14:05:25,2025-02-07,2025-02-12,6
894985131313802009,2025-01-06,2025-01-06 14:18:58,2025-02-18,2025-04-06,48
894985131313802009,2025-01-07,2025-01-07 13:46:09,2025-02-07,2025-02-08,2
894985131313802009,2025-01-07,2025-01-07 14:26:13,2025-02-09,2025-02-12,4
894985131313802009,2025-01-07,2025-01-07 14:41:05,2025-02-18,2025-03-07,18
894985131313802009,2025-01-07,2025-01-07 14:45:26,2025-03-08,2025-03-08,1
894985131313802009,2025-01-07,2025-01-07 14:48:43,2025-03-09,2025-03-16,8
894985131313802009,2025-01-07,2025-01-07 14:55:23,2025-03-17,2025-04-07,22
894985131313802009,2025-01-20,2025-01-20 14:30:47,2025-02-11,2025-02-19,4
894985131313802009,2025-01-20,2025-01-20 14:38:18,2025-02-20,2025-02-20,1
894985131313802009,2025-01-20,2025-01-20 14:47:44,2025-02-21,2025-04-20,59
897144549301156856,2025-01-06,2025-01-06 13:56:31,2025-01-07,2025-01-15,7
897144549301156856,2025-01-07,2025-01-07 13:46:06,2025-01-12,2025-01-12,1
897144549301156856,2025-01-07,2025-01-07 14:04:17,2025-01-13,2025-03-05,9
897144549301156856,2025-01-20,2025-01-20 13:48:28,2025-02-07,2025-03-05,27
900757690500508426,2025-01-06,2025-01-06 13:54:15,2025-01-12,2025-01-12,1
900757690500508426,2025-01-06,2025-01-06 14:21:30,2025-01-24,2025-02-18,5
900757690500508426,2025-01-06,2025-01-06 14:29:45,2025-02-19,2025-02-22,4
900757690500508426,2025-01-06,2025-01-06 14:36:27,2025-03-01,2025-03-01,1
900757690500508426,2025-01-06,2025-01-06 14:48:16,2025-03-02,2025-03-09,8
900757690500508426,2025-01-06,2025-01-06 14:52:38,2025-03-10,2025-03-22,13
900757690500508426,2025-01-06,2025-01-06 14:52:53,2025-03-23,2025-03-26,4
900757690500508426,2025-01-06,2025-01-06 14:53:04,2025-03-27,2025-04-06,11
900757690500508426,2025-01-07,2025-01-07 14:04:01,2025-01-12,2025-04-07,47
900757690500508426,2025-01-20,2025-01-20 13:45:53,2025-02-16,2025-03-01,4
900757690500508426,2025-01-20,2025-01-20 14:18:36,2025-03-22,2025-03-23,2
900757690500508426,2025-01-20,2025-01-20 14:37:28,2025-03-30,2025-04-08,10
900757690500508426,2025-01-20,2025-01-20 14:42:59,2025-04-09,2025-04-13,5
900757690500508426,2025-01-20,2025-01-20 14:49:48,2025-04-14,2025-04-17,4
902324773092897293,2025-01-06,2025-01-06 14:30:40,2025-01-09,2025-01-09,1
902324773092897293,2025-01-06,2025-01-06 14:37:38,2025-01-10,2025-01-12,3
902324773092897293,2025-01-06,2025-01-06 14:46:22,2025-01-13,2025-01-18,6
902324773092897293,2025-01-07,2025-01-07 13:46:54,2025-01-09,2025-01-11,3
902324773092897293,2025-01-07,2025-01-07 14:05:10,2025-01-12,2025-01-18,7
902324773092897293,2025-01-20,2025-01-20 13:49:40,2025-01-21,2025-01-23,3
904512525045117852,2025-01-06,2025-01-06 13:47:45,2025-01-24,2025-01-26,3
904512525045117852,2025-01-06,2025-01-06 14:19:21,2025-02-19,2025-02-24,3
904512525045117852,2025-01-06,2025-01-06 14:30:45,2025-02-25,2025-02-28,4
904512525045117852,2025-01-06,2025-01-06 14:36:53,2025-03-01,2025-03-04,4
904512525045117852,2025-01-06,2025-01-06 14:42:20,2025-03-05,2025-03-09,5
904512525045117852,2025-01-06,2025-01-06 14:46:27,2025-03-10,2025-03-28,5
904512525045117852,2025-01-06,2025-01-06 14:51:22,2025-03-29,2025-04-06,9
904512525045117852,2025-01-07,2025-01-07 13:56:04,2025-01-24,2025-01-24,1
904512525045117852,2025-01-07,2025-01-07 14:03:42,2025-01-25,2025-04-07,33
904512525045117852,2025-01-20,2025-01-20 13:48:45,2025-02-19,2025-02-20,2
904512525045117852,2025-01-20,2025-01-20 14:23:54,2025-02-24,2025-04-16,38
906701409648697471,2025-01-06,2025-01-06 14:34:23,2025-02-07,2025-02-28,6
906701409648697471,2025-01-06,2025-01-06 14:44:14,2025-03-01,2025-04-06,37
906701409648697471,2025-01-07,2025-01-07 13:47:07,2025-02-07,2025-02-14,5
906701409648697471,2025-01-07,2025-01-07 14:38:13,2025-02-28,2025-03-04,5
906701409648697471,2025-01-07,2025-01-07 14:44:24,2025-03-05,2025-04-07,34
906701409648697471,2025-01-20,2025-01-20 14:10:40,2025-02-07,2025-04-20,57
910707550951342167,2025-01-07,2025-01-07 13:55:37,2025-04-06,2025-04-07,2
910815231577364751,2025-01-06,2025-01-06 13:54:08,2025-01-13,2025-01-13,1
910815231577364751,2025-01-06,2025-01-06 14:08:06,2025-01-14,2025-04-06,50
910815231577364751,2025-01-07,2025-01-07 13:47:29,2025-01-14,2025-01-19,6
910815231577364751,2025-01-07,2025-01-07 14:03:59,2025-01-24,2025-01-25,2
910815231577364751,2025-01-07,2025-01-07 14:16:46,2025-02-14,2025-02-14,1
910815231577364751,2025-01-07,2025-01-07 14:38:27,2025-02-15,2025-04-07,38
910815231577364751,2025-01-20,2025-01-20 13:48:53,2025-02-14,2025-04-20,39
911476333007658783,2025-01-06,2025-01-06 13:44:02,2025-01-27,2025-04-06,42
911476333007658783,2025-01-07,2025-01-07 14:18:19,2025-01-27,2025-04-07,43
911476333007658783,2025-01-20,2025-01-20 14:08:21,2025-01-27,2025-01-30,4
911476333007658783,2025-01-20,2025-01-20 14:38:26,2025-02-11,2025-02-11,1
911476333007658783,2025-01-20,2025-01-20 14:44:52,2025-02-12,2025-04-06,37
911476333007658783,2025-01-20,2025-01-20 14:52:01,2025-04-07,2025-04-09,3
911476333007658783,2025-01-20,2025-01-20 15:00:17,2025-04-10,2025-04-17,8
912678193847993947,2025-01-07,2025-01-07 13:57:14,2025-01-08,2025-01-08,1
912678193847993947,2025-01-07,2025-01-07 14:34:45,2025-01-16,2025-01-16,1
912678193847993947,2025-01-07,2025-01-07 14:55:25,2025-01-17,2025-01-31,10
912678193847993947,2025-01-07,2025-01-07 14:59:01,2025-02-01,2025-04-01,60
912678193847993947,2025-01-07,2025-01-07 15:00:04,2025-04-02,2025-04-04,3
912678193847993947,2025-01-07,2025-01-07 15:00:15,2025-04-05,2025-04-05,1
912678193847993947,2025-01-07,2025-01-07 15:00:22,2025-04-06,2025-04-06,1
913929715874853789,2025-01-06,2025-01-06 13:47:45,2025-01-15,2025-02-02,4
913929715874853789,2025-01-06,2025-01-06 14:19:11,2025-02-16,2025-02-16,1
913929715874853789,2025-01-06,2025-01-06 14:48:04,2025-02-17,2025-04-06,49
913929715874853789,2025-01-07,2025-01-07 13:46:38,2025-01-15,2025-01-16,2
913929715874853789,2025-01-07,2025-01-07 14:02:20,2025-02-01,2025-04-07,53
913929715874853789,2025-01-20,2025-01-20 13:46:00,2025-02-01,2025-03-02,3
913929715874853789,2025-01-20,2025-01-20 14:05:00,2025-03-03,2025-03-04,2
913929715874853789,2025-01-20,2025-01-20 14:37:03,2025-03-05,2025-03-07,3
913929715874853789,2025-01-20,2025-01-20 14:46:54,2025-03-08,2025-04-20,44
914342944500490787,2025-01-07,2025-01-07 14:34:37,2025-02-24,2025-02-24,1
914342944500490787,2025-01-07,2025-01-07 14:49:56,2025-02-25,2025-04-06,41
915332897455058900,2025-01-20,2025-01-20 14:18:15,2025-01-31,2025-02-03,4
915332897455058900,2025-01-20,2025-01-20 14:34:19,2025-02-04,2025-03-02,15
915332897455058900,2025-01-20,2025-01-20 14:57:24,2025-03-03,2025-03-03,1
915332897455058900,2025-01-20,2025-01-20 15:03:55,2025-03-04,2025-04-20,48
916052715744473224,2025-01-06,2025-01-06 13:47:46,2025-01-06,2025-01-06,1
916052715744473224,2025-01-06,2025-01-06 14:05:40,2025-01-07,2025-01-07,1
916052715744473224,2025-01-06,2025-01-06 14:19:48,2025-01-08,2025-01-08,1
916052715744473224,2025-01-06,2025-01-06 14:48:59,2025-01-09,2025-02-28,51
916052715744473224,2025-01-07,2025-01-07 13:48:18,2025-01-07,2025-01-09,3
916052715744473224,2025-01-07,2025-01-07 14:05:21,2025-01-10,2025-01-15,6
916052715744473224,2025-01-07,2025-01-07 14:28:31,2025-01-16,2025-02-28,44
916052715744473224,2025-01-20,2025-01-20 14:23:43,2025-01-20,2025-02-28,40
923133320997277084,2025-01-06,2025-01-06 14:05:38,2025-01-18,2025-02-09,8
923133320997277084,2025-01-06,2025-01-06 14:20:06,2025-02-10,2025-04-04,42
923133320997277084,2025-01-07,2025-01-07 13:47:56,2025-01-18,2025-02-15,14
923133320997277084,2025-01-07,2025-01-07 14:27:23,2025-02-16,2025-02-20,5
923133320997277084,2025-01-07,2025-01-07 14:48:43,2025-02-21,2025-02-21,1
923133320997277084,2025-01-07,2025-01-07 14:51:51,2025-02-22,2025-03-24,19
923133320997277084,2025-01-07,2025-01-07 14:54:27,2025-03-25,2025-03-28,4
923133320997277084,2025-01-07,2025-01-07 14:55:10,2025-03-29,2025-04-04,7
923133320997277084,2025-01-20,2025-01-20 13:45:28,2025-02-03,2025-02-12,10
923133320997277084,2025-01-20,2025-01-20 14:19:02,2025-02-13,2025-03-07,4
923133320997277084,2025-01-20,2025-01-20 14:37:14,2025-03-08,2025-04-16,25
929120660817262874,2025-01-06,2025-01-06 14:05:38,2025-01-13,2025-01-14,2
929120660817262874,2025-01-06,2025-01-06 14:19:11,2025-01-15,2025-04-06,82
929120660817262874,2025-01-07,2025-01-07 13:48:00,2025-01-13,2025-01-13,1
929120660817262874,2025-01-07,2025-01-07 14:04:50,2025-01-14,2025-01-14,1
929120660817262874,2025-01-07,2025-01-07 14:17:38,2025-01-15,2025-01-23,9
929120660817262874,2025-01-07,2025-01-07 14:27:54,2025-01-24,2025-01-30,7
929120660817262874,2025-01-07,2025-01-07 14:41:18,2025-01-31,2025-01-31,1
929120660817262874,2025-01-07,2025-01-07 14:48:39,2025-02-01,2025-04-07,66
929120660817262874,2025-01-20,2025-01-20 14:21:28,2025-01-25,2025-01-25,1
929120660817262874,2025-01-20,2025-01-20 14:31:15,2025-01-26,2025-01-29,4
929120660817262874,2025-01-20,2025-01-20 14:38:35,2025-01-30,2025-04-20,81
9327293,2025-01-20,2025-01-20 13:46:17,2025-01-27,2025-03-31,33
936216057908307884,2025-01-06,2025-01-06 13:47:50,2025-01-28,2025-02-19,15
936216057908307884,2025-01-06,2025-01-06 14:05:56,2025-02-20,2025-02-28,9
936216057908307884,2025-01-06,2025-01-06 14:30:49,2025-03-01,2025-03-03,3
936216057908307884,2025-01-06,2025-01-06 14:43:33,2025-03-04,2025-04-06,34
936216057908307884,2025-01-07,2025-01-07 14:05:16,2025-01-28,2025-01-31,4
936216057908307884,2025-01-07,2025-01-07 14:27:49,2025-02-01,2025-02-05,5
936216057908307884,2025-01-07,2025-01-07 14:41:50,2025-02-19,2025-02-23,5
936216057908307884,2025-01-07,2025-01-07 14:54:57,2025-02-24,2025-02-24,1
936216057908307884,2025-01-07,2025-01-07 14:56:18,2025-02-25,2025-02-27,3
936216057908307884,2025-01-07,2025-01-07 14:56:44,2025-02-28,2025-04-07,39
936216057908307884,2025-01-20,2025-01-20 14:07:18,2025-02-19,2025-04-20,61
939218400123538892,2025-01-07,2025-01-07 14:35:59,2025-02-22,2025-03-13,20
939218400123538892,2025-01-07,2025-01-07 14:43:38,2025-03-14,2025-03-14,1
939218400123538892,2025-01-07,2025-01-07 14:49:03,2025-03-15,2025-03-24,10
939218400123538892,2025-01-07,2025-01-07 14:55:04,2025-03-25,2025-03-27,3
939325387438995809,2025-01-06,2025-01-06 13:47:53,2025-01-10,2025-01-11,2
939325387438995809,2025-01-06,2025-01-06 14:07:12,2025-01-12,2025-01-12,1
939325387438995809,2025-01-06,2025-01-06 14:31:44,2025-01-13,2025-04-06,52
939325387438995809,2025-01-07,2025-01-07 14:04:49,2025-01-10,2025-01-10,1
939325387438995809,2025-01-07,2025-01-07 14:17:17,2025-01-11,2025-01-11,1
939325387438995809,2025-01-07,2025-01-07 14:27:06,2025-01-12,2025-02-12,9
939325387438995809,2025-01-07,2025-01-07 14:36:12,2025-02-13,2025-04-07,45
939325387438995809,2025-01-20,2025-01-20 14:05:32,2025-01-27,2025-01-28,2
939325387438995809,2025-01-20,2025-01-20 14:19:10,2025-01-29,2025-02-01,4
939325387438995809,2025-01-20,2025-01-20 14:29:45,2025-02-02,2025-02-10,2
939325387438995809,2025-01-20,2025-01-20 14:37:38,2025-02-11,2025-02-12,2
939325387438995809,2025-01-20,2025-01-20 14:43:08,2025-02-13,2025-02-18,6
939325387438995809,2025-01-20,2025-01-20 14:47:25,2025-02-19,2025-03-08,9
939325387438995809,2025-01-20,2025-01-20 14:50:30,2025-03-09,2025-04-01,24
939325387438995809,2025-01-20,2025-01-20 14:53:08,2025-04-02,2025-04-20,19
939698664229028471,2025-01-06,2025-01-06 13:56:59,2025-02-02,2025-02-09,4
939698664229028471,2025-01-06,2025-01-06 14:19:11,2025-02-10,2025-04-05,21
939698664229028471,2025-01-06,2025-01-06 14:36:40,2025-04-06,2025-04-06,1
939698664229028471,2025-01-07,2025-01-07 13:47:58,2025-02-02,2025-02-08,3
939698664229028471,2025-01-07,2025-01-07 14:04:59,2025-02-09,2025-03-10,7
939698664229028471,2025-01-07,2025-01-07 14:27:27,2025-03-22,2025-03-23,2
939698664229028471,2025-01-07,2025-01-07 14:41:06,2025-03-24,2025-04-07,15
939698664229028471,2025-01-20,2025-01-20 14:05:31,2025-01-23,2025-03-08,7
939698664229028471,2025-01-20,2025-01-20 14:19:15,2025-03-09,2025-03-22,3
939698664229028471,2025-01-20,2025-01-20 14:46:55,2025-03-23,2025-03-23,1
939698664229028471,2025-01-20,2025-01-20 14:51:31,2025-03-24,2025-04-16,24
942057172413556286,2025-01-06,2025-01-06 14:19:52,2025-02-27,2025-04-06,39
944320965810800803,2025-01-06,2025-01-06 13:47:50,2025-01-24,2025-01-27,4
944320965810800803,2025-01-06,2025-01-06 14:06:26,2025-01-28,2025-04-06,69
944320965810800803,2025-01-07,2025-01-07 13:48:36,2025-01-24,2025-01-25,2
944320965810800803,2025-01-07,2025-01-07 14:05:32,2025-01-27,2025-04-07,71
944320965810800803,2025-01-20,2025-01-20 13:47:01,2025-01-27,2025-02-07,12
944320965810800803,2025-01-20,2025-01-20 14:05:52,2025-02-08,2025-02-09,2
944320965810800803,2025-01-20,2025-01-20 14:19:38,2025-02-10,2025-02-17,8
944320965810800803,2025-01-20,2025-01-20 14:30:26,2025-02-18,2025-02-19,2
944320965810800803,2025-01-20,2025-01-20 14:43:30,2025-02-20,2025-04-20,60
946451380352813662,2025-01-06,2025-01-06 13:48:03,2025-01-15,2025-01-15,1
946451380352813662,2025-01-06,2025-01-06 14:06:01,2025-01-16,2025-01-16,1
946451380352813662,2025-01-06,2025-01-06 14:30:46,2025-01-17,2025-01-18,2
946451380352813662,2025-01-06,2025-01-06 14:37:05,2025-01-19,2025-04-06,10
946451380352813662,2025-01-07,2025-01-07 13:56:51,2025-01-15,2025-01-18,4
946451380352813662,2025-01-07,2025-01-07 14:03:36,2025-01-19,2025-01-19,1
946451380352813662,2025-01-07,2025-01-07 14:17:23,2025-01-20,2025-04-07,10
946451380352813662,2025-01-20,2025-01-20 14:19:29,2025-04-01,2025-04-03,3
946451380352813662,2025-01-20,2025-01-20 14:55:37,2025-04-04,2025-04-20,17
946609581890906389,2025-01-06,2025-01-06 13:46:16,2025-02-25,2025-03-09,6
946609581890906389,2025-01-06,2025-01-06 14:06:01,2025-03-10,2025-04-06,23
946609581890906389,2025-01-07,2025-01-07 14:19:29,2025-02-25,2025-04-07,24
946609581890906389,2025-01-20,2025-01-20 13:49:19,2025-02-25,2025-04-04,13
946609581890906389,2025-01-20,2025-01-20 14:11:23,2025-04-05,2025-04-14,10
950059146531590785,2025-01-20,2025-01-20 13:57:36,2025-02-08,2025-03-10,17
956398979498945273,2025-01-06,2025-01-06 13:48:02,2025-03-07,2025-03-08,2
956398979498945273,2025-01-06,2025-01-06 14:09:44,2025-03-09,2025-03-23,15
956398979498945273,2025-01-06,2025-01-06 14:22:18,2025-03-24,2025-04-06,14
956398979498945273,2025-01-07,2025-01-07 13:47:15,2025-03-07,2025-03-10,4
956398979498945273,2025-01-07,2025-01-07 14:16:32,2025-03-11,2025-03-11,1
956398979498945273,2025-01-07,2025-01-07 14:26:50,2025-03-12,2025-03-14,3
956398979498945273,2025-01-07,2025-01-07 14:37:41,2025-03-15,2025-04-07,24
956398979498945273,2025-01-20,2025-01-20 13:49:16,2025-03-07,2025-03-09,3
956398979498945273,2025-01-20,2025-01-20 14:21:19,2025-03-10,2025-04-14,36
956676934234107014,2025-01-06,2025-01-06 14:05:50,2025-01-27,2025-03-30,24
956676934234107014,2025-01-07,2025-01-07 13:47:59,2025-01-27,2025-02-09,7
956676934234107014,2025-01-07,2025-01-07 14:04:55,2025-02-17,2025-02-19,3
956676934234107014,2025-01-07,2025-01-07 14:46:06,2025-02-20,2025-03-30,14
956676934234107014,2025-01-20,2025-01-20 14:19:09,2025-02-09,2025-03-30,14
957349094500016515,2025-01-06,2025-01-06 14:05:46,2025-01-25,2025-04-06,68
957349094500016515,2025-01-07,2025-01-07 13:48:05,2025-01-25,2025-01-25,1
957349094500016515,2025-01-07,2025-01-07 14:40:58,2025-01-26,2025-01-31,6
957349094500016515,2025-01-07,2025-01-07 14:45:20,2025-02-01,2025-02-01,1
957349094500016515,2025-01-07,2025-01-07 14:50:07,2025-02-02,2025-04-07,61
957349094500016515,2025-01-20,2025-01-20 13:46:37,2025-01-25,2025-01-27,3
957349094500016515,2025-01-20,2025-01-20 13:55:41,2025-01-28,2025-04-10,69
957349094500016515,2025-01-20,2025-01-20 14:05:57,2025-04-11,2025-04-20,10
963040775940890055,2025-01-06,2025-01-06 14:06:02,2025-01-12,2025-02-03,5
963040775940890055,2025-01-06,2025-01-06 14:19:39,2025-02-04,2025-04-06,62
963040775940890055,2025-01-07,2025-01-07 13:47:34,2025-01-12,2025-01-31,2
963040775940890055,2025-01-07,2025-01-07 14:16:48,2025-02-01,2025-02-02,2
963040775940890055,2025-01-07,2025-01-07 14:28:55,2025-02-03,2025-04-07,64
963040775940890055,2025-01-20,2025-01-20 14:24:39,2025-01-31,2025-03-18,47
963040775940890055,2025-01-20,2025-01-20 14:41:35,2025-03-19,2025-04-20,33
963916345061155113,2025-01-06,2025-01-06 13:48:25,2025-02-01,2025-02-01,1
963916345061155113,2025-01-06,2025-01-06 14:19:58,2025-02-02,2025-02-28,12
963916345061155113,2025-01-06,2025-01-06 14:46:13,2025-03-01,2025-03-02,2
963916345061155113,2025-01-06,2025-01-06 14:52:54,2025-03-03,2025-03-31,20
963916345061155113,2025-01-07,2025-01-07 13:47:17,2025-02-01,2025-02-12,4
963916345061155113,2025-01-07,2025-01-07 14:05:23,2025-02-13,2025-03-31,31
963916345061155113,2025-01-20,2025-01-20 13:49:11,2025-02-01,2025-03-31,35
964579064376617710,2025-01-06,2025-01-06 14:06:24,2025-01-31,2025-02-06,7
964579064376617710,2025-01-06,2025-01-06 14:30:04,2025-02-07,2025-04-06,53
964579064376617710,2025-01-07,2025-01-07 13:47:11,2025-01-31,2025-02-06,7
964579064376617710,2025-01-07,2025-01-07 14:26:21,2025-02-07,2025-02-18,6
964579064376617710,2025-01-07,2025-01-07 14:34:27,2025-02-19,2025-02-22,4
964579064376617710,2025-01-07,2025-01-07 14:44:55,2025-02-23,2025-04-07,44
964579064376617710,2025-01-20,2025-01-20 13:52:28,2025-01-31,2025-02-27,12
964579064376617710,2025-01-20,2025-01-20 14:22:30,2025-02-28,2025-02-28,1
964579064376617710,2025-01-20,2025-01-20 14:51:44,2025-03-01,2025-03-11,11
964579064376617710,2025-01-20,2025-01-20 14:58:41,2025-03-12,2025-04-20,40
965258538716677226,2025-01-06,2025-01-06 13:57:06,2025-01-08,2025-04-05,86
965310801955633109,2025-01-06,2025-01-06 13:48:26,2025-02-05,2025-02-06,2
965310801955633109,2025-01-06,2025-01-06 14:21:51,2025-02-07,2025-04-06,47
965310801955633109,2025-01-07,2025-01-07 14:03:22,2025-02-05,2025-02-06,2
965310801955633109,2025-01-07,2025-01-07 14:19:15,2025-02-07,2025-04-07,48
965310801955633109,2025-01-20,2025-01-20 13:50:07,2025-02-05,2025-04-20,63
9658725,2025-01-20,2025-01-20 13:55:49,2025-03-24,2025-03-28,5
9658725,2025-01-20,2025-01-20 14:19:19,2025-03-29,2025-04-02,5
966687088388761169,2025-01-06,2025-01-06 13:48:08,2025-01-14,2025-04-06,83
966687088388761169,2025-01-07,2025-01-07 14:03:42,2025-01-14,2025-01-17,4
966687088388761169,2025-01-07,2025-01-07 14:26:22,2025-01-18,2025-03-23,65
966687088388761169,2025-01-07,2025-01-07 14:48:30,2025-03-24,2025-04-07,15
966687088388761169,2025-01-20,2025-01-20 14:37:41,2025-01-23,2025-01-23,1
966687088388761169,2025-01-20,2025-01-20 14:43:05,2025-01-24,2025-04-20,87
968213956640500474,2025-01-06,2025-01-06 13:48:17,2025-01-14,2025-01-30,5
968213956640500474,2025-01-06,2025-01-06 14:06:16,2025-01-31,2025-02-02,3
968213956640500474,2025-01-06,2025-01-06 14:21:23,2025-02-03,2025-04-06,63
968213956640500474,2025-01-07,2025-01-07 13:48:06,2025-01-14,2025-04-07,72
968213956640500474,2025-01-20,2025-01-20 14:08:15,2025-01-20,2025-04-17,81
970445468070597218,2025-01-06,2025-01-06 14:19:49,2025-01-07,2025-01-08,2
973272705231391942,2025-01-07,2025-01-07 13:57:50,2025-02-15,2025-02-17,3
973272705231391942,2025-01-07,2025-01-07 14:20:59,2025-02-18,2025-03-31,42
978095320445301654,2025-01-06,2025-01-06 13:48:12,2025-01-14,2025-04-06,68
978095320445301654,2025-01-07,2025-01-07 14:03:55,2025-01-14,2025-02-08,11
978095320445301654,2025-01-07,2025-01-07 14:16:41,2025-02-09,2025-02-11,3
978095320445301654,2025-01-07,2025-01-07 14:26:30,2025-02-12,2025-02-12,1
978095320445301654,2025-01-07,2025-01-07 14:34:40,2025-02-13,2025-02-17,5
978095320445301654,2025-01-07,2025-01-07 14:49:09,2025-02-18,2025-02-18,1
978095320445301654,2025-01-07,2025-01-07 14:53:04,2025-02-19,2025-04-07,48
978095320445301654,2025-01-20,2025-01-20 13:49:43,2025-02-07,2025-04-20,73
978244263452010977,2025-01-06,2025-01-06 13:48:37,2025-01-13,2025-01-20,3
978244263452010977,2025-01-06,2025-01-06 14:20:27,2025-02-04,2025-02-17,2
978244263452010977,2025-01-06,2025-01-06 14:30:21,2025-02-18,2025-02-26,5
978244263452010977,2025-01-06,2025-01-06 14:42:25,2025-02-27,2025-03-07,5
978244263452010977,2025-01-06,2025-01-06 14:46:14,2025-03-08,2025-04-06,24
978244263452010977,2025-01-07,2025-01-07 14:05:19,2025-01-13,2025-04-07,40
978244263452010977,2025-01-20,2025-01-20 13:51:44,2025-02-04,2025-04-17,47
978410400232267791,2025-01-06,2025-01-06 13:56:49,2025-03-01,2025-03-03,3
978410400232267791,2025-01-06,2025-01-06 14:20:42,2025-03-04,2025-03-31,28
9784227,2025-01-07,2025-01-07 14:48:32,2025-02-01,2025-02-05,5
9784227,2025-01-07,2025-01-07 14:52:29,2025-02-06,2025-02-28,14
980310639590708922,2025-01-06,2025-01-06 14:17:20,2025-01-10,2025-01-26,7
980310639590708922,2025-01-06,2025-01-06 14:28:00,2025-01-27,2025-01-29,3
980310639590708922,2025-01-06,2025-01-06 14:35:39,2025-01-30,2025-02-03,5
980310639590708922,2025-01-06,2025-01-06 14:47:35,2025-02-04,2025-04-06,62
980310639590708922,2025-01-07,2025-01-07 13:58:41,2025-01-10,2025-01-10,1
980310639590708922,2025-01-07,2025-01-07 14:04:34,2025-01-21,2025-01-21,1
980310639590708922,2025-01-07,2025-01-07 14:21:50,2025-01-22,2025-01-28,7
980310639590708922,2025-01-07,2025-01-07 14:36:44,2025-01-29,2025-02-01,4
980310639590708922,2025-01-07,2025-01-07 14:46:04,2025-02-02,2025-02-11,10
980310639590708922,2025-01-07,2025-01-07 14:54:59,2025-02-12,2025-04-07,55
980310639590708922,2025-01-20,2025-01-20 13:52:57,2025-01-27,2025-03-18,35
980310639590708922,2025-01-20,2025-01-20 14:25:49,2025-03-19,2025-03-24,6
980310639590708922,2025-01-20,2025-01-20 14:34:56,2025-03-25,2025-03-29,5
980310639590708922,2025-01-20,2025-01-20 14:42:33,2025-03-30,2025-04-20,22
980365989956218871,2025-01-06,2025-01-06 13:58:34,2025-01-21,2025-02-22,30
980365989956218871,2025-01-06,2025-01-06 14:21:43,2025-02-23,2025-02-27,5
980365989956218871,2025-01-06,2025-01-06 14:45:38,2025-02-28,2025-04-06,38
982642009007231841,2025-01-06,2025-01-06 13:57:13,2025-01-27,2025-03-31,45
982642009007231841,2025-01-07,2025-01-07 13:47:53,2025-02-09,2025-02-27,8
982642009007231841,2025-01-07,2025-01-07 14:04:40,2025-02-28,2025-03-02,3
982642009007231841,2025-01-07,2025-01-07 14:17:49,2025-03-03,2025-03-03,1
982642009007231841,2025-01-07,2025-01-07 14:27:46,2025-03-04,2025-04-02,30
982642009007231841,2025-01-07,2025-01-07 14:41:29,2025-04-03,2025-04-03,1
982642009007231841,2025-01-07,2025-01-07 14:45:37,2025-04-04,2025-04-07,4
983188724209547131,2025-01-06,2025-01-06 13:54:51,2025-01-27,2025-04-06,62
983188724209547131,2025-01-07,2025-01-07 13:47:44,2025-01-27,2025-04-07,63
983188724209547131,2025-01-20,2025-01-20 13:49:19,2025-01-27,2025-04-17,73
984846668146064982,2025-01-06,2025-01-06 13:46:48,2025-01-15,2025-03-08,53
984846668146064982,2025-01-07,2025-01-07 13:58:14,2025-01-15,2025-01-28,11
984846668146064982,2025-01-07,2025-01-07 14:21:32,2025-01-29,2025-03-08,39
984846668146064982,2025-01-20,2025-01-20 14:08:44,2025-01-20,2025-01-25,6
984846668146064982,2025-01-20,2025-01-20 14:33:35,2025-01-26,2025-03-08,42
985445004274818605,2025-01-20,2025-01-20 13:57:01,2025-01-26,2025-04-17,59
985716714802993034,2025-01-06,2025-01-06 13:48:37,2025-03-05,2025-04-06,33
985716714802993034,2025-01-07,2025-01-07 14:04:00,2025-03-05,2025-04-07,34
985716714802993034,2025-01-20,2025-01-20 14:21:33,2025-03-04,2025-04-20,48
986245345084467584,2025-01-06,2025-01-06 13:49:29,2025-01-25,2025-04-06,72
986245345084467584,2025-01-07,2025-01-07 13:48:11,2025-01-25,2025-01-25,1
986245345084467584,2025-01-07,2025-01-07 14:05:07,2025-01-26,2025-01-31,6
986245345084467584,2025-01-07,2025-01-07 14:17:53,2025-02-01,2025-02-04,4
986245345084467584,2025-01-07,2025-01-07 14:42:16,2025-02-05,2025-02-06,2
986245345084467584,2025-01-07,2025-01-07 14:49:53,2025-02-07,2025-04-07,60
986245345084467584,2025-01-20,2025-01-20 13:46:47,2025-01-25,2025-01-27,3
986245345084467584,2025-01-20,2025-01-20 14:19:24,2025-01-28,2025-02-04,8
986245345084467584,2025-01-20,2025-01-20 14:29:55,2025-02-05,2025-04-20,75
986407426689940399,2025-01-06,2025-01-06 13:51:40,2025-01-18,2025-04-06,32
986407426689940399,2025-01-07,2025-01-07 13:48:24,2025-01-18,2025-02-08,2
986407426689940399,2025-01-07,2025-01-07 14:20:07,2025-02-09,2025-03-22,15
986407426689940399,2025-01-07,2025-01-07 14:29:57,2025-03-23,2025-03-24,2
986407426689940399,2025-01-07,2025-01-07 14:37:16,2025-03-25,2025-03-30,6
986407426689940399,2025-01-07,2025-01-07 14:52:19,2025-03-31,2025-04-07,8
986407426689940399,2025-01-20,2025-01-20 13:49:19,2025-02-23,2025-04-17,35
986565062867231257,2025-01-07,2025-01-07 13:56:52,2025-01-07,2025-01-12,4
986565062867231257,2025-01-07,2025-01-07 14:21:56,2025-01-13,2025-02-05,24
986565062867231257,2025-01-07,2025-01-07 14:36:08,2025-02-06,2025-02-06,1
986565062867231257,2025-01-07,2025-01-07 14:55:16,2025-02-07,2025-02-09,3
986565062867231257,2025-01-07,2025-01-07 14:57:05,2025-02-10,2025-02-14,5
986565062867231257,2025-01-07,2025-01-07 14:59:11,2025-02-15,2025-04-07,52
991407580891691701,2025-01-06,2025-01-06 13:56:56,2025-01-20,2025-01-21,2
991407580891691701,2025-01-06,2025-01-06 14:20:07,2025-01-22,2025-02-10,6
991407580891691701,2025-01-06,2025-01-06 14:54:25,2025-02-11,2025-04-06,45
991407580891691701,2025-01-07,2025-01-07 13:48:12,2025-01-20,2025-01-24,5
991407580891691701,2025-01-07,2025-01-07 14:06:37,2025-02-08,2025-04-07,49
991407580891691701,2025-01-20,2025-01-20 14:38:05,2025-02-25,2025-03-05,9
991407580891691701,2025-01-20,2025-01-20 14:43:25,2025-03-06,2025-04-20,46
995680028058206783,2025-01-07,2025-01-07 14:04:32,2025-01-07,2025-01-07,1
995680028058206783,2025-01-07,2025-01-07 14:17:05,2025-01-08,2025-01-08,1
995680028058206783,2025-01-07,2025-01-07 14:26:53,2025-01-09,2025-04-07,81
995680028058206783,2025-01-20,2025-01-20 13:51:00,2025-01-20,2025-04-20,84
996227938456591020,2025-01-20,2025-01-20 13:57:34,2025-01-28,2025-02-10,8
996227938456591020,2025-01-20,2025-01-20 14:34:36,2025-02-11,2025-04-20,65
999226382307972271,2025-01-06,2025-01-06 14:35:12,2025-01-20,2025-04-06,71
999226382307972271,2025-01-07,2025-01-07 13:48:12,2025-01-20,2025-01-20,1
999226382307972271,2025-01-07,2025-01-07 14:09:20,2025-01-27,2025-02-08,13
999226382307972271,2025-01-07,2025-01-07 14:21:23,2025-02-09,2025-04-07,58
999226382307972271,2025-01-20,2025-01-20 13:50:15,2025-01-27,2025-04-20,84
