airbnb_listing_id,available_nights_H_30,available_nights_H_60,available_nights_H_91,gross_revenue_proxy_H_30,gross_revenue_proxy_H_60,gross_revenue_proxy_H_91,mean_available_price_H_30,mean_available_price_H_60,mean_available_price_H_91,median_available_price_H_30,median_available_price_H_60,median_available_price_H_91,n_prices_observed_H_30,n_prices_observed_H_60,n_prices_observed_H_91,p25_price_H_30,p25_price_H_60,p25_price_H_91,p75_price_H_30,p75_price_H_60,p75_price_H_91,revenue_proxy_per_night_H_30,revenue_proxy_per_night_H_60,revenue_proxy_per_night_H_91,unavailability_rate_H_30,unavailability_rate_H_60,unavailability_rate_H_91,unavailable_nights_H_30,unavailable_nights_H_60,unavailable_nights_H_91
1002341236260011015,6,23,54,8400.0,12950.0,12950.000000000002,366.6666666666667,354.3478260869565,351.85185185185185,350.0,350.0,350.0,6,23,54,350.0,350.0,350.0,387.5,350.0,350.0,280.0,215.83333333333334,142.30769230769232,0.8,0.6166666666666667,0.4065934065934066,24,37,37
1002785860497857801,4,34,65,16249.999999999998,14105.0,11388.0,623.75,537.7205882352941,494.5153846153846,625.0,542.5,438.0,4,34,65,548.75,500.0,438.0,700.0,570.0,545.0,541.6666666666666,235.08333333333334,125.14285714285714,0.8666666666666667,0.43333333333333335,0.2857142857142857,26,26,26
1004496327455456339,19,49,79,4179.999999999999,4191.0,4236.0,393.7105263157895,431.2448979591837,374.96835443037975,380.0,381.0,353.0,19,49,79,380.0,380.0,299.5,415.0,420.5,400.0,139.33333333333331,69.85,46.54945054945055,0.36666666666666664,0.18333333333333332,0.13186813186813187,11,11,12
1004910078575857573,12,19,19,13500.0,30750.0,54000.0,762.2916666666666,747.2368421052631,747.2368421052631,750.0,750.0,750.0,12,19,19,710.0,707.0,707.0,808.75,771.25,771.25,450.0,512.5,593.4065934065934,0.6,0.6833333333333333,0.7912087912087912,18,41,72
1005860682746801029,9,35,66,8588.999999999998,9700.000000000002,9625.0,415.6111111111111,404.72857142857146,396.1515151515151,409.0,388.0,385.0,9,35,66,408.0,385.0,385.0,422.5,408.5,395.625,286.29999999999995,161.66666666666669,105.76923076923077,0.7,0.4166666666666667,0.27472527472527475,21,25,25
1005958896607152946,22,42,53,2320.0,5220.0,9120.0,296.3636363636364,256.1904761904762,244.52830188679246,290.0,290.0,240.0,22,42,53,290.0,200.0,200.0,310.0,290.0,290.0,77.33333333333333,87.0,100.21978021978022,0.26666666666666666,0.3,0.4175824175824176,8,18,38
1006396584243125090,18,45,72,7920.0,9810.0,10431.0,695.0,647.1685177777778,556.2835638888888,660.0,654.0,549.0,18,45,72,654.0,575.3333,404.0,772.0,710.0,656.9375,264.0,163.5,114.62637362637363,0.4,0.25,0.2087912087912088,12,15,19
1008029204257210230,18,42,53,3540.0,5085.0,11333.5,286.6666666666667,287.33630999999997,298.41273622641506,295.0,282.5,298.25,18,42,53,270.0,273.75,276.25,300.0,300.0,315.83334,118.0,84.75,124.54395604395604,0.4,0.3,0.4175824175824176,12,18,38
1011115904222911872,13,39,67,11899.999999999998,14699.999999999998,16800.0,728.8461538461538,861.1752128205128,751.4601985074627,700.0,700.0,700.0,13,39,67,700.0,700.0,541.0,700.0,841.66665,755.41665,396.66666666666663,244.99999999999997,184.6153846153846,0.5666666666666667,0.35,0.26373626373626374,17,21,24
1011714999685071594,0,0,28,,,35091.0,,,556.0357142857143,,,557.0,0,0,28,,,557.0,,,557.0,,,385.6153846153846,1.0,1.0,0.6923076923076923,30,60,63
1014245162199655907,0,15,43,,27000.0,28800.0,,600.0,560.4651162790698,,600.0,600.0,0,15,43,,600.0,500.0,,600.0,600.0,,450.0,316.4835164835165,1.0,0.75,0.5274725274725275,30,45,48
1015691857467598452,14,44,55,15552.0,20736.0,46656.0,1018.2857142857143,1207.6363636363637,1225.3090909090909,972.0,1296.0,1296.0,14,44,55,972.0,972.0,1296.0,972.0,1296.0,1296.0,518.4,345.6,512.7032967032967,0.5333333333333333,0.26666666666666666,0.3956043956043956,16,16,36
1019453731090411731,9,35,66,9450.0,11250.0,9500.000000000002,450.0,443.75714285714287,413.81060606060606,450.0,450.0,380.0,9,35,66,450.0,374.91667,380.0,450.0,450.0,450.0,315.0,187.5,104.39560439560441,0.7,0.4166666666666667,0.27472527472527475,21,25,25
1019756845213291605,11,41,72,3191.9999999999995,3065.33327,3401.0,169.72727272727272,169.03658536585365,173.32638888888889,168.0,161.33333,179.0,11,41,72,162.5,161.0,161.0,179.0,173.0,179.0,106.39999999999999,51.08888783333333,37.37362637362637,0.6333333333333333,0.31666666666666665,0.2087912087912088,19,19,19
1023885231203292759,14,39,70,9120.0,10920.0,10290.0,568.9285714285714,536.7948717948718,496.1619045714285,570.0,520.0,490.0,14,39,70,532.5,490.0,490.0,605.0,570.0,570.0,304.0,182.0,113.07692307692308,0.5333333333333333,0.35,0.23076923076923078,16,21,21
1025356251415331533,2,5,29,12600.0,19250.0,21700.0,450.0,370.0,356.7931034482759,450.0,350.0,350.0,2,5,29,425.0,300.0,350.0,475.0,400.0,350.0,420.0,320.8333333333333,238.46153846153848,0.9333333333333333,0.9166666666666666,0.6813186813186813,28,55,62
1030981527494824971,2,8,27,13524.0,11700.0,16000.0,483.0,291.0625,306.6111111111111,483.0,225.0,250.0,2,8,27,483.0,225.0,250.0,483.0,298.875,400.0,450.8,195.0,175.82417582417582,0.9333333333333333,0.8666666666666667,0.7032967032967034,28,52,64
1031938290013047428,19,49,80,6808.999999999999,7084.0,6446.0,609.8947368421053,659.6173469387755,639.253125,619.0,644.0,586.0,19,49,80,590.0,586.0,495.0,644.0,693.0,653.0,226.96666666666664,118.06666666666666,70.83516483516483,0.36666666666666664,0.18333333333333332,0.12087912087912088,11,11,11
1032037416009523135,22,37,37,4448.0,12788.000000000002,30024.0,556.0,550.7972972972973,550.7972972972973,556.0,556.0,556.0,22,37,37,556.0,556.0,556.0,556.0,556.0,556.0,148.26666666666665,213.13333333333335,329.9340659340659,0.26666666666666666,0.38333333333333336,0.5934065934065934,8,23,54
1033202997223117530,4,29,29,46540.00000000001,55800.00000000001,111600.0,2087.25,1938.8908034482758,1938.8908034482758,1790.0,1800.0,1800.0,4,29,29,1790.0,1790.0,1790.0,2087.25,1958.5,1958.5,1551.3333333333335,930.0000000000001,1226.3736263736264,0.8666666666666667,0.5166666666666667,0.6813186813186813,26,31,62
10340400,0,6,6,,16200.0,25500.0,,300.0,300.0,,300.0,300.0,0,6,6,,300.0,300.0,,300.0,300.0,,270.0,280.2197802197802,1.0,0.9,0.9340659340659341,30,54,85
1034873975277447845,0,20,51,,26499.999999999996,25620.0,,787.679165,722.2565352941176,,662.5,640.5,0,20,51,,637.75,604.0,,959.125,681.0,,441.66666666666663,281.53846153846155,1.0,0.6666666666666666,0.43956043956043955,30,40,40
1035628196408986358,2,16,43,27720.0,41140.0,38640.0,990.0,956.53125,948.0813953488372,990.0,935.0,805.0,2,16,43,990.0,824.5,752.0,990.0,990.0,935.0,924.0,685.6666666666666,424.61538461538464,0.9333333333333333,0.7333333333333333,0.5274725274725275,28,44,48
1037004838842410100,5,24,35,10662.5,12870.0,18480.0,426.5,352.3958333333333,310.7857142857143,426.5,357.5,330.0,5,24,35,426.5,302.5,220.0,426.5,440.0,426.5,355.4166666666667,214.5,203.0769230769231,0.8333333333333334,0.6,0.6153846153846154,25,36,56
1037047027853581998,4,9,9,27846.0,91341.0,146862.0,1071.0,1471.0,1471.0,1071.0,1791.0,1791.0,4,9,9,1071.0,1071.0,1071.0,1071.0,1791.0,1791.0,928.2,1522.35,1613.868131868132,0.8666666666666667,0.85,0.9010989010989011,26,51,82
1039235354309448898,10,32,60,3000.0,4200.0,4650.0,165.0,212.5,183.33333333333334,150.0,150.0,150.0,10,32,60,150.0,150.0,150.0,187.5,200.0,162.5,100.0,70.0,51.0989010989011,0.6666666666666666,0.4666666666666667,0.34065934065934067,20,28,31
1042032092670718662,2,9,25,11704.0,20502.0,25410.0,418.0,401.55555555555554,397.6,418.0,402.0,385.0,2,9,25,418.0,385.0,385.0,418.0,418.0,418.0,390.1333333333333,341.7,279.2307692307692,0.9333333333333333,0.85,0.7252747252747253,28,51,66
1043497443334655968,0,11,42,,42630.0,42630.0,,870.0,870.8373023809525,,870.0,870.0,0,11,42,,870.0,870.0,,870.0,870.0,,710.5,468.46153846153845,1.0,0.8166666666666667,0.5384615384615384,30,49,49
1044458170286255125,7,23,47,20010.0,30340.0,36080.0,870.0,841.7391304347826,792.6276595744681,870.0,820.0,820.0,7,23,47,870.0,820.0,715.5,870.0,870.0,834.125,667.0,505.6666666666667,396.4835164835165,0.7666666666666667,0.6166666666666667,0.4835164835164835,23,37,44
1045077329214831775,0,1,31,,47200.0,47999.99999999999,,800.0,800.0,,800.0,800.0,0,1,31,,800.0,800.0,,800.0,800.0,,786.6666666666666,527.4725274725274,1.0,0.9833333333333333,0.6593406593406593,30,59,60
1045459185575382038,28,58,89,1160.0,1160.0,900.0,569.2857142857143,584.6551724137931,515.2808988764045,580.0,580.0,450.0,28,58,89,550.0,475.0,450.0,580.0,580.0,580.0,38.666666666666664,19.333333333333332,9.89010989010989,0.06666666666666667,0.03333333333333333,0.02197802197802198,2,2,2
1045520246239520927,20,50,81,9071.4285,9000.0,9571.429,934.47619,920.2666680000001,950.7818938271604,907.14285,900.0,957.1429,20,50,81,900.0,900.0,900.0,970.000025,932.142825,1000.0,302.38095,150.0,105.18053846153846,0.3333333333333333,0.16666666666666666,0.10989010989010989,10,10,10
1045916135727198441,0,28,59,,20800.0,20800.0,,754.6726178571428,669.1666661016949,,650.0,650.0,0,28,59,,650.0,560.0,,850.0,650.0,,346.6666666666667,228.57142857142858,1.0,0.5333333333333333,0.3516483516483517,30,32,32
1046547202929220520,5,27,56,9450.0,12705.000000000002,13177.500000000002,398.4,383.18518518518516,383.77529749999997,378.0,385.0,376.5,5,27,56,378.0,369.25,350.0,378.0,405.0,405.0,315.0,211.75000000000003,144.80769230769232,0.8333333333333334,0.55,0.38461538461538464,25,33,35
1047723626454445067,30,60,91,0.0,0.0,0.0,1463.8,1566.9,1629.2747252747254,1450.0,1550.0,1750.0,30,60,91,1450.0,1450.0,1462.5,1550.0,1750.0,1750.0,0.0,0.0,0.0,0.0,0.0,0.0,0,0,0
1048804459244346908,9,39,70,13418.999999999998,13418.999999999998,14700.0,642.1111111111111,654.4615384615385,704.4285714285714,639.0,639.0,700.0,9,39,70,639.0,630.0,639.0,639.0,653.0,800.0,447.29999999999995,223.64999999999998,161.53846153846155,0.7,0.35,0.23076923076923078,21,21,21
1050857413300266721,11,41,54,12540.0,12407.0,22718.0,675.5454545454545,685.939024390244,639.4166666666666,660.0,653.0,614.0,11,41,54,637.0,614.0,502.0,703.0,743.0,690.125,418.0,206.78333333333333,249.64835164835165,0.6333333333333333,0.31666666666666665,0.4065934065934066,19,19,37
1052110098791057231,0,1,22,,55165.0,32499.0,,935.0,671.0,,935.0,471.0,0,1,22,,935.0,471.0,,935.0,523.0,,919.4166666666666,357.13186813186815,1.0,0.9833333333333333,0.7582417582417582,30,59,69
1052490589225547467,6,36,67,17280.0,17280.0,16800.0,720.0,700.6527777777778,698.1119402985074,720.0,720.0,700.0,6,36,67,720.0,647.6666749999999,675.0,720.0,720.0,720.0,576.0,288.0,184.6153846153846,0.8,0.4,0.26373626373626374,24,24,24
1053030252161966865,22,52,83,2208.0,2016.0,2240.0,273.5,267.0769230769231,276.72289156626505,276.0,252.0,280.0,22,52,83,252.0,252.0,252.0,288.0,288.0,288.0,73.6,33.6,24.615384615384617,0.26666666666666666,0.13333333333333333,0.08791208791208792,8,8,8
1053132609735844516,0,11,11,,51450.0,84000.0,,990.9090909090909,990.9090909090909,,1050.0,1050.0,0,11,11,,787.5,787.5,,1200.0,1200.0,,857.5,923.0769230769231,1.0,0.8166666666666667,0.8791208791208791,30,49,80
1053522951026570547,13,34,65,11475.0,15587.000000000002,15157.999999999998,688.8525615384616,623.1200970588235,587.0474353846154,675.0,599.5,583.0,13,34,65,583.0,583.0,499.0,794.3333,675.0,629.0,382.5,259.78333333333336,166.57142857142856,0.5666666666666667,0.43333333333333335,0.2857142857142857,17,26,26
1053625763515857065,14,41,72,10370.6664,11713.5,8550.0,644.9642857142857,596.6524404878049,494.7997694444445,648.16665,616.5,450.0,14,41,72,615.375,580.0,345.08334,662.500025,653.0,616.5416749999999,345.68888,195.225,93.95604395604396,0.5333333333333333,0.31666666666666665,0.2087912087912088,16,19,19
1053851019443958006,29,59,90,499.0,499.0,499.0,499.0,519.0,503.9,499.0,499.0,499.0,29,59,90,499.0,499.0,447.25,499.0,499.0,500.0,16.633333333333333,8.316666666666666,5.483516483516484,0.03333333333333333,0.016666666666666666,0.01098901098901099,1,1,1
1054265461023254222,12,31,58,9000.0,14500.0,16500.0,559.5,555.2903225806451,488.17241379310343,500.0,500.0,500.0,12,31,58,500.0,500.0,350.0,635.5,657.0,500.0,300.0,241.66666666666666,181.3186813186813,0.6,0.48333333333333334,0.3626373626373626,18,29,33
1055163452693752832,15,40,71,12000.0,10425.0,10000.0,792.6666666666666,640.8125,579.330985915493,800.0,521.25,500.0,15,40,71,800.0,500.0,500.0,800.0,800.0,745.0,400.0,173.75,109.89010989010988,0.5,0.3333333333333333,0.21978021978021978,15,20,20
1056816282920055514,2,32,43,15120.0,15120.0,25920.0,540.0,540.0,540.0,540.0,540.0,540.0,2,32,43,540.0,540.0,540.0,540.0,540.0,540.0,504.0,252.0,284.83516483516485,0.9333333333333333,0.4666666666666667,0.5274725274725275,28,28,48
1056827534457537585,21,48,79,2691.0,3588.0000000000005,3588.0,299.0,316.38368083333336,301.1951479746835,299.0,299.0,299.0,21,48,79,299.0,299.0,299.0,299.0,310.0,299.0,89.7,59.800000000000004,39.42857142857143,0.3,0.2,0.13186813186813187,9,12,12
1057137469420115073,10,38,69,14299.999999999998,15179.999999999998,13067.999999999998,683.4,724.5263157894736,650.2753623188406,715.0,690.0,594.0,10,38,69,632.5,551.875,523.0,725.5,786.5,743.0,476.66666666666663,252.99999999999997,143.6043956043956,0.6666666666666666,0.36666666666666664,0.24175824175824176,20,22,22
1057964852411462810,16,46,77,4620.0,4620.0,3500.0000000000005,335.9375,319.0217391304348,292.6623376623377,330.0,330.0,250.0,16,46,77,330.0,250.0,250.0,345.0,330.0,330.0,154.0,77.0,38.46153846153847,0.4666666666666667,0.23333333333333334,0.15384615384615385,14,14,14
1058193595817353204,4,17,33,15600.0,17200.0,23199.999999999996,600.0,447.05882352941177,409.56060606060606,600.0,400.0,400.0,4,17,33,600.0,400.0,400.0,600.0,400.0,400.0,520.0,286.6666666666667,254.94505494505492,0.8666666666666667,0.7166666666666667,0.6373626373626373,26,43,58
1058777213156843238,9,9,26,13041.0,31671.0,23400.000000000004,621.0,621.0,448.2692307692308,621.0,621.0,360.0,9,9,26,621.0,621.0,360.0,621.0,621.0,621.0,434.7,527.85,257.14285714285717,0.7,0.85,0.7142857142857143,21,51,65
1060712994513047104,15,35,59,6750.0,11000.0,13328.000000000002,478.3333333333333,471.10714285714283,419.34322033898303,450.0,440.0,416.5,15,35,59,437.5,408.25,366.25,550.0,550.0,450.0,225.0,183.33333333333334,146.46153846153848,0.5,0.4166666666666667,0.3516483516483517,15,25,32
1062221285605590578,5,35,66,17500.0,17196.427499999998,12500.0,700.0,607.8816314285715,557.209956060606,700.0,687.8571,500.0,5,35,66,700.0,500.0,500.0,700.0,700.0,696.964275,583.3333333333334,286.607125,137.36263736263737,0.8333333333333334,0.4166666666666667,0.27472527472527475,25,25,25
1062615116593634676,1,14,45,14500.0,23000.000000000004,18400.0,500.0,471.42857142857144,433.3333333333333,500.0,500.0,400.0,1,14,45,500.0,450.0,400.0,500.0,500.0,500.0,483.3333333333333,383.33333333333337,202.1978021978022,0.9666666666666667,0.7666666666666667,0.5054945054945055,29,46,46
1063807278503566143,3,21,49,15390.0,19032.0,20160.0,606.6666666666666,509.35714285714283,431.9591836734694,570.0,488.0,480.0,3,21,49,570.0,480.0,299.0,625.0,490.0,488.0,513.0,317.2,221.53846153846155,0.9,0.65,0.46153846153846156,27,39,42
1066545050089987954,13,38,69,8500.0,10999.999999999998,8800.0,499.2307692307692,514.2105263157895,462.8985507246377,500.0,500.0,400.0,13,38,69,500.0,492.5,400.0,500.0,500.0,500.0,283.3333333333333,183.33333333333331,96.7032967032967,0.5666666666666667,0.36666666666666664,0.24175824175824176,17,22,22
1067320906990424780,3,30,61,17455.5,18150.0,15690.0,646.5,658.2833333333333,602.7459016393443,646.5,605.0,523.0,3,30,61,642.25,495.0,495.0,650.75,704.5,649.0,581.85,302.5,172.41758241758242,0.9,0.5,0.32967032967032966,27,30,30
1070343877574441166,5,5,19,8750.0,19250.0,21600.0,331.0,331.0,308.1578947368421,350.0,350.0,300.0,5,5,19,300.0,300.0,300.0,350.0,350.0,300.0,291.6666666666667,320.8333333333333,237.36263736263734,0.8333333333333334,0.9166666666666666,0.7912087912087912,25,55,72
1074031328011239995,29,59,89,1500.0,1500.0,3000.0000000000005,1713.3275862068965,1772.1949152542372,1677.073033707865,1500.0,1500.0,1500.0,29,59,89,1500.0,1500.0,1500.0,2000.0,2000.0,2000.0,50.0,25.0,32.96703296703297,0.03333333333333333,0.016666666666666666,0.02197802197802198,1,1,2
1075503699104403085,8,38,69,26399.999999999996,26399.999999999996,17600.0,1200.0,1076.8894736842105,995.968115942029,1200.0,1200.0,800.0,8,38,69,1200.0,800.0,800.0,1200.0,1200.0,1200.0,879.9999999999999,439.99999999999994,193.4065934065934,0.7333333333333333,0.36666666666666664,0.24175824175824176,22,22,22
1081972140987250431,5,32,63,13600.000000000002,17717.0,14700.0,548.2,669.6953125,638.8769841269841,544.0,632.75,525.0,5,32,63,523.0,559.0,471.0,586.0,757.1875,667.5,453.33333333333337,295.28333333333336,161.53846153846155,0.8333333333333334,0.4666666666666667,0.3076923076923077,25,28,28
1082133757143221839,15,15,15,18000.0,54000.0,91200.0,1200.0,1200.0,1200.0,1200.0,1200.0,1200.0,15,15,15,1200.0,1200.0,1200.0,1200.0,1200.0,1200.0,600.0,900.0,1002.1978021978023,0.5,0.75,0.8351648351648352,15,45,76
1083301106167776779,0,10,30,,23850.0,26230.0,,477.0,459.0,,477.0,430.0,0,10,30,,477.0,430.0,,477.0,477.0,,397.5,288.24175824175825,1.0,0.8333333333333334,0.6703296703296703,30,50,61
1085437829031467755,0,14,45,,46000.00000000001,26833.3318,,942.8571428571429,662.222224,,1000.0,583.3333,0,14,45,,1000.0,500.0,,1000.0,1000.0,,766.6666666666667,294.871778021978,1.0,0.7666666666666667,0.5054945054945055,30,46,46
1088251024341369589,14,14,14,9600.0,27600.000000000004,46200.0,603.5714285714286,603.5714285714286,603.5714285714286,600.0,600.0,600.0,14,14,14,600.0,600.0,600.0,600.0,600.0,600.0,320.0,460.00000000000006,507.6923076923077,0.5333333333333333,0.7666666666666667,0.8461538461538461,16,46,77
10982940,14,44,75,28800.0,28800.0,28800.0,1800.0,1800.0,1800.0,1800.0,1800.0,1800.0,14,44,75,1800.0,1800.0,1800.0,1800.0,1800.0,1800.0,960.0,480.0,316.4835164835165,0.5333333333333333,0.26666666666666666,0.17582417582417584,16,16,16
1100720037663116812,19,37,62,11164.999999999998,24495.0,24417.999999999996,948.6842105263158,1052.7702702702702,945.5564516129032,1015.0,1065.0,842.0,19,37,62,842.0,842.0,795.25,1114.0,1188.0,1089.0,372.16666666666663,408.25,268.3296703296703,0.36666666666666664,0.38333333333333336,0.31868131868131866,11,23,29
1100991386372756521,29,59,90,800.0,800.0,800.0000000000001,813.448275862069,847.2881355932203,819.8888888888889,800.0,800.0,800.0,29,59,90,750.0,800.0,750.0,800.0,800.0,800.0,26.666666666666668,13.333333333333334,8.791208791208792,0.03333333333333333,0.016666666666666666,0.01098901098901099,1,1,1
1111626053814730010,6,32,63,15690.0,18662.0,17612.0,668.0,762.1015625,735.3373015873016,653.75,666.5,629.0,6,32,63,632.125,580.0,580.0,712.5,772.1875,703.0,523.0,311.03333333333336,193.53846153846155,0.8,0.4666666666666667,0.3076923076923077,24,28,28
1124052077567202180,0,0,8,,,99600.0,,,1200.0,,,1200.0,0,0,8,,,1200.0,,,1200.0,,,1094.5054945054944,1.0,1.0,0.9120879120879121,30,60,83
1125970477826966385,4,34,65,15080.0,14839.500000000002,11908.0,584.0,603.2794117647059,542.31282,580.0,570.75,458.0,4,34,65,572.0,433.5,418.0,592.0,704.0833250000001,586.0,502.6666666666667,247.32500000000002,130.85714285714286,0.8666666666666667,0.43333333333333335,0.2857142857142857,26,26,26
1131810056799937593,11,41,72,13356.999999999998,13356.999999999998,12160.0,700.8636363636364,756.0670731707318,735.2465277777778,703.0,703.0,640.0,11,41,72,696.25,629.0,580.0,716.75,743.0,703.625,445.2333333333333,222.61666666666665,133.62637362637363,0.6333333333333333,0.31666666666666665,0.2087912087912088,19,19,19
1137698308528017474,6,24,53,15774.000000000002,25578.0,21850.000000000004,657.25,755.7083333333334,668.6792452830189,657.25,710.5,575.0,6,24,53,577.5,672.375,523.0,749.375,889.875,770.0,525.8000000000001,426.3,240.10989010989013,0.8,0.6,0.4175824175824176,24,36,38
1139831117529014384,17,47,78,7943.0,7943.0,6889.999999999999,611.0,638.0,582.2564102564103,611.0,611.0,530.0,17,47,78,611.0,530.0,492.5,611.0,611.0,611.0,264.76666666666665,132.38333333333333,75.71428571428571,0.43333333333333335,0.21666666666666667,0.14285714285714285,13,13,13
1147824179020677628,1,12,42,12760.0,22116.0,21560.0,440.0,492.9583333333333,455.1309523809524,440.0,460.75,440.0,1,12,42,440.0,440.0,440.0,440.0,528.0,440.0,425.3333333333333,368.6,236.9230769230769,0.9666666666666667,0.8,0.5384615384615384,29,48,49
1153493820067017135,8,26,57,9995.33348,14577.499999999998,13710.499999999998,458.2916675,435.17948615384614,413.6301164912281,454.33334,428.75,403.25,8,26,57,449.41666499999997,392.625,363.5,468.125,464.83333500000003,447.66666,333.17778266666664,242.95833333333331,150.66483516483515,0.7333333333333333,0.5666666666666667,0.37362637362637363,22,34,34
1153552657765472365,3,14,35,12717.000000000002,21263.500000000004,18914.000000000004,471.0,436.92857142857144,390.9880954285714,471.0,462.25,337.75,3,14,35,470.5,346.1875,327.625,471.5,495.25,470.5,423.90000000000003,354.3916666666667,207.84615384615387,0.9,0.7666666666666667,0.6153846153846154,27,46,56
11567423,19,31,62,11220.0,26680.0,22910.0,946.8421052631579,898.7096774193549,814.3548387096774,1020.0,920.0,790.0,19,31,62,920.0,790.0,697.0,1020.0,1020.0,920.0,374.0,444.6666666666667,251.75824175824175,0.36666666666666664,0.48333333333333334,0.31868131868131866,11,29,29
1161796266594364332,0,0,25,,,29699.999999999996,,,450.0,,,450.0,0,0,25,,,450.0,,,450.0,,,326.37362637362634,1.0,1.0,0.7252747252747253,30,60,66
1161927707286622818,2,6,32,7742.0,13365.0,12276.214075,276.5,243.16666666666666,213.4603415625,276.5,247.5,208.071425,2,6,32,257.75,207.5,190.95833249999998,295.25,256.0,228.0,258.06666666666666,222.75,134.90345137362638,0.9333333333333333,0.9,0.6483516483516484,28,54,59
1163772289534164479,16,36,62,26600.0,41040.0,49300.0,1979.375,1785.4027777777778,1749.5887096774193,1900.0,1710.0,1700.0,16,36,62,1710.0,1530.0,1700.0,2200.0,1900.0,1710.0,886.6666666666666,684.0,541.7582417582418,0.4666666666666667,0.4,0.31868131868131866,14,24,29
1171049670344322120,0,30,61,,20970.0,17970.0,,740.0,678.1803278688525,,699.0,599.0,0,30,61,,669.0,599.0,,699.0,699.0,,349.5,197.47252747252747,1.0,0.5,0.32967032967032966,30,30,30
1173260792743932663,21,31,31,9796.5,31247.499999999996,64650.0,1090.5396857142857,1070.3978516129034,1070.3978516129034,1088.5,1077.5,1077.5,21,31,31,1069.0,1029.25,1029.25,1103.6666,1101.8333,1101.8333,326.55,520.7916666666666,710.4395604395604,0.3,0.48333333333333334,0.6593406593406593,9,29,60
1174263938200349649,27,57,88,1473.0,1500.0,1500.0000000000002,480.962962962963,570.2046771929824,550.8371204545455,491.0,500.0,500.0,27,57,88,441.0,491.0,498.75,498.5,517.0,535.5,49.1,25.0,16.483516483516485,0.1,0.05,0.03296703296703297,3,3,3
1179103047052148475,4,11,36,16146.000000000002,35574.0,38445.0,621.0,699.0909090909091,704.25,621.0,726.0,699.0,4,11,36,543.0,699.0,606.0,699.0,726.0,739.0,538.2,592.9,422.4725274725275,0.8666666666666667,0.8166666666666667,0.6043956043956044,26,49,55
1181723518413479765,25,55,86,3000.0,3000.0,2250.0,630.0,590.8545454545455,524.3837209302326,600.0,600.0,450.0,25,55,86,600.0,498.5,400.0,600.0,600.0,600.0,100.0,50.0,24.725274725274726,0.16666666666666666,0.08333333333333333,0.054945054945054944,5,5,5
1181933658424522281,8,34,65,7347.999999999999,9568.0,9672.0,339.625,376.47058823529414,389.0769230769231,334.0,368.0,372.0,8,34,65,311.0,349.75,366.0,370.75,396.0,408.0,244.9333333333333,159.46666666666667,106.28571428571428,0.7333333333333333,0.43333333333333335,0.2857142857142857,22,26,26
1181944920258781413,14,44,75,5744.0,6008.0,5952.000000000001,360.67857142857144,391.8560613636364,396.4222226666667,359.0,375.5,372.0,14,44,75,347.0,356.0,366.5,385.0,397.0,419.0,191.46666666666667,100.13333333333333,65.40659340659342,0.5333333333333333,0.26666666666666666,0.17582417582417584,16,16,16
1181971107577983158,8,38,69,7744.0,8470.0,8184.000000000001,353.0,395.4122815789474,398.7777782608696,352.0,385.0,372.0,8,38,69,318.25,361.875,372.0,387.75,433.75,419.0,258.1333333333333,141.16666666666666,89.93406593406594,0.7333333333333333,0.36666666666666664,0.24175824175824176,22,22,22
1182018398755268829,8,30,61,16027.0,19950.0,18810.0,725.5625,698.4833333333333,662.5491803278688,728.5,665.0,627.0,8,30,61,652.75,594.0,594.0,806.625,803.0,761.0,534.2333333333333,332.5,206.7032967032967,0.7333333333333333,0.5,0.32967032967032966,22,30,30
1182028381058524086,4,9,33,16249.999999999998,32385.0,30159.999999999996,631.25,657.0,544.1919181818181,625.0,635.0,520.0,4,9,33,615.0,615.0,431.5,641.25,660.0,615.0,541.6666666666666,539.75,331.4285714285714,0.8666666666666667,0.85,0.6373626373626373,26,51,58
1182040498646675653,10,23,50,15840.0,23828.0,24753.75,790.65,687.6521739130435,642.82,792.0,644.0,603.75,10,23,50,770.0,594.0,578.25,798.375,781.0,667.25,528.0,397.1333333333333,272.0192307692308,0.6666666666666666,0.6166666666666667,0.45054945054945056,20,37,41
1182043782165637473,11,41,72,8854.0,11400.0,8949.0,514.0909090909091,574.0731707317074,531.6666666666666,466.0,600.0,471.0,11,41,72,443.0,446.0,443.0,575.5,660.0,654.75,295.1333333333333,190.0,98.34065934065934,0.6333333333333333,0.31666666666666665,0.2087912087912088,19,19,19
1182070530301053205,5,25,56,16500.0,23100.0,16485.0,660.0,589.176668,525.6830357142857,660.0,660.0,471.0,5,25,56,660.0,446.0,444.875,660.0,672.0,655.5,550.0,385.0,181.15384615384616,0.8333333333333334,0.5833333333333334,0.38461538461538464,25,35,35
1182188163181410725,21,51,82,7650.0,8091.0,7649.999999999999,874.3809523809524,1044.0686274509803,934.5365853658536,850.0,899.0,850.0,21,51,82,850.0,850.0,620.375,899.0,1000.0,1000.0,255.0,134.85,84.06593406593406,0.3,0.15,0.0989010989010989,9,9,9
1183418487997408853,5,32,63,12975.0,16996.0,13188.000000000002,558.1,588.890625,533.1349206349206,519.0,607.0,471.0,5,32,63,505.5,446.0,445.5,614.0,693.0,656.5,432.5,283.26666666666665,144.92307692307693,0.8333333333333334,0.4666666666666667,0.3076923076923077,25,28,28
1184078920130796920,10,40,70,8350.0,8400.0,8557.5,407.5,458.8,414.3142857142857,417.5,420.0,407.5,10,40,70,395.0,400.0,300.0,445.5,462.5,450.0,278.3333333333333,140.0,94.03846153846155,0.6666666666666666,0.3333333333333333,0.23076923076923078,20,20,21
1184152596221501552,19,43,74,6643.999999999999,10268.0,8087.749999999999,567.2368421052631,578.2674418604652,535.25,604.0,604.0,475.75,19,43,74,499.75,459.25,446.0,627.0,648.0,627.0,221.46666666666664,171.13333333333333,88.87637362637362,0.36666666666666664,0.2833333333333333,0.18681318681318682,11,17,17
1187061700423806804,12,42,73,11664.0,11547.0,9162.0,632.25,606.4047619047619,550.8493150684932,648.0,641.5,509.0,12,42,73,597.0,495.0,446.0,660.0,660.0,660.0,388.8,192.45,100.68131868131867,0.6,0.3,0.1978021978021978,18,18,18
1187558666042801587,4,33,64,14911.0,17631.0,14620.499999999998,573.5,675.4848484848485,602.78125,573.5,653.0,541.5,4,33,64,421.0,564.0,471.0,726.0,726.0,689.0,497.03333333333336,293.85,160.66483516483515,0.8666666666666667,0.45,0.2967032967032967,26,27,27
1187772975255244525,6,32,63,9240.0,10766.0,10752.0,358.6666666666667,383.60416687500003,393.21428634920636,385.0,384.5,384.0,6,32,63,316.0,361.5,372.0,394.75,398.0,407.5,308.0,179.43333333333334,118.15384615384616,0.8,0.4666666666666667,0.3076923076923077,24,28,28
1188323084225041810,9,35,66,10898.999999999998,15000.0,12043.750000000002,561.8333333333334,581.0761885714286,531.0075742424243,519.0,600.0,481.75,9,35,66,480.5,463.25,446.0,660.0,680.75,624.5833250000001,363.29999999999995,250.0,132.3489010989011,0.7,0.4166666666666667,0.27472527472527475,21,25,25
1188339469325210376,6,36,67,15840.0,15672.0,11808.0,632.0,602.0555555555555,543.5373134328358,660.0,653.0,492.0,6,36,67,660.0,455.375,446.0,660.0,693.0,660.0,528.0,261.2,129.75824175824175,0.8,0.4,0.26373626373626374,24,24,24
1188476386889166335,11,33,64,11685.0,16605.0,13067.999999999998,571.5,606.7348484848485,543.0013015625,615.0,615.0,484.0,11,33,64,493.25,471.0,458.0,647.5,701.5,639.75,389.5,276.75,143.6043956043956,0.6333333333333333,0.45,0.2967032967032967,19,27,27
1189331897618015345,11,31,62,13547.0,20097.0,18313.5,714.8181818181819,712.3360225806452,670.1357532258065,713.0,693.0,631.5,11,31,62,693.0,606.5,594.0,733.0,748.83335,728.0,451.56666666666666,334.95,201.24725274725273,0.6333333333333333,0.48333333333333334,0.31868131868131866,19,29,29
1191261348067720296,3,30,61,21613.5,21690.0,18810.0,800.5,713.75,670.0573770491803,800.5,723.0,627.0,3,30,61,796.25,594.0,594.0,804.75,803.125,761.0,720.45,361.5,206.7032967032967,0.9,0.5,0.32967032967032966,27,30,30
1191386301072209798,11,41,69,11685.0,11685.0,10890.0,616.4545454545455,590.4512195121952,541.2826086956521,615.0,615.0,495.0,11,41,69,604.0,495.0,462.0,627.0,653.0,627.0,389.5,194.75,119.67032967032966,0.6333333333333333,0.31666666666666665,0.24175824175824176,19,19,22
1192836728602105901,13,43,74,10795.0,10200.0,8291.75,576.3461538461538,590.1046511627907,542.1283783783783,635.0,600.0,487.75,13,43,74,480.5,468.0,446.0,660.0,660.0,660.0,359.8333333333333,170.0,91.11813186813187,0.5666666666666667,0.2833333333333333,0.18681318681318682,17,17,17
1193347652334673191,5,28,54,20625.0,26400.0,23421.0,825.0,1070.607142857143,832.1296296296297,825.0,825.0,633.0,5,28,54,825.0,825.0,533.0,825.0,1520.0,825.0,687.5,440.0,257.3736263736264,0.8333333333333334,0.5333333333333333,0.4065934065934066,25,32,37
1193414131980072087,3,25,56,20061.0,22540.0,21945.0,717.0,676.42,649.4910714285714,743.0,644.0,627.0,3,25,56,679.5,594.0,588.0,767.5,743.0,723.0,668.7,375.6666666666667,241.15384615384616,0.9,0.5833333333333334,0.38461538461538464,27,35,35
1193496259129259761,15,45,76,11550.0,11055.0,9476.25,702.4,710.0444444444445,676.5526315789474,770.0,737.0,631.75,15,45,76,591.75,597.5,594.0,792.0,792.0,770.0,385.0,184.25,104.13461538461539,0.5,0.25,0.16483516483516483,15,15,15
1195858349379362032,10,23,48,23000.0,42550.00000000001,25369.999999999996,1150.0,1089.7608695652175,765.8333333333334,1150.0,1150.0,590.0,10,23,48,1150.0,1150.0,590.0,1150.0,1150.0,1150.0,766.6666666666666,709.1666666666667,278.79120879120876,0.6666666666666666,0.6166666666666667,0.4725274725274725,20,37,43
1197121947398131654,4,21,50,10075.000000000002,16029.000000000002,15887.5,380.5,417.04761904761904,408.64,387.5,411.0,387.5,4,21,50,376.75,385.0,372.0,391.25,440.0,434.75,335.83333333333337,267.15000000000003,174.5879120879121,0.8666666666666667,0.65,0.45054945054945056,26,39,41
1197195878719681680,4,33,64,10374.0,10543.5,10368.0,390.25,407.2121224242424,405.2369803125,399.0,390.5,384.0,4,33,64,382.375,363.0,372.0,406.875,456.5,410.25,345.8,175.725,113.93406593406593,0.8666666666666667,0.45,0.2967032967032967,26,27,27
1198703061430420363,0,9,40,,13107.0,14560.5,,259.22222222222223,374.7,,257.0,285.5,0,9,40,,254.0,253.0,,265.0,500.0,,218.45,160.0054945054945,1.0,0.85,0.5604395604395604,30,51,51
1199996219082185363,9,27,54,7349.999999999999,8250.0,7400.0,327.77777777777777,254.33333333333334,212.35185185185185,350.0,250.0,200.0,9,27,54,300.0,200.0,150.0,350.0,300.0,250.0,244.99999999999997,137.5,81.31868131868131,0.7,0.55,0.4065934065934066,21,33,37
1203075817950465589,8,8,28,30799.999999999996,72800.00000000001,88200.0,1426.25,1426.25,1407.5,1400.0,1400.0,1400.0,8,8,28,1400.0,1400.0,1400.0,1422.5,1422.5,1400.0,1026.6666666666665,1213.3333333333335,969.2307692307692,0.7333333333333333,0.8666666666666667,0.6923076923076923,22,52,63
1203140233522044896,13,43,73,9282.0,8874.0,7765.199999999999,543.0,497.2116279069768,441.63835616438354,546.0,522.0,431.4,13,43,73,542.0,437.0,379.0,546.0,546.0,530.0,309.4,147.9,85.33186813186812,0.5666666666666667,0.2833333333333333,0.1978021978021978,17,17,18
12067632,5,14,14,18000.0,33120.0,55439.99999999999,720.0,712.2857142857143,712.2857142857143,720.0,720.0,720.0,5,14,14,720.0,684.0,684.0,720.0,735.0,735.0,600.0,552.0,609.2307692307692,0.8333333333333334,0.7666666666666667,0.8461538461538461,25,46,77
1207335703563012811,17,43,74,5551.0,7259.0,7259.0,427.0,431.1860465116279,434.6216216216216,427.0,427.0,427.0,17,43,74,427.0,427.0,427.0,427.0,427.0,427.0,185.03333333333333,120.98333333333333,79.76923076923077,0.43333333333333335,0.2833333333333333,0.18681318681318682,13,17,17
1207338410880339003,22,52,83,3416.0,3416.0,3416.0,428.1363636363636,438.91666730769236,439.0923698795181,427.0,427.0,427.0,22,52,83,427.0,427.0,427.0,427.0,427.0,427.0,113.86666666666666,56.93333333333333,37.53846153846154,0.26666666666666666,0.13333333333333333,0.08791208791208792,8,8,8
1207383031689344642,14,37,67,12800.0,18400.0,12000.000000000002,778.5714285714286,772.972972972973,622.3880597014926,800.0,800.0,500.0,14,37,67,800.0,800.0,400.0,800.0,800.0,800.0,426.6666666666667,306.6666666666667,131.86813186813188,0.5333333333333333,0.38333333333333336,0.26373626373626374,16,23,24
1207864392976162235,28,43,74,1200.0,10200.0,10200.0,635.7142857142857,611.6279069767442,510.2837837837838,600.0,600.0,600.0,28,43,74,600.0,600.0,364.25,700.0,643.75,600.0,40.0,170.0,112.08791208791209,0.06666666666666667,0.2833333333333333,0.18681318681318682,2,17,17
1207881809440158991,21,51,82,3843.0,3843.0,3842.9999999999995,427.0,438.6601313725491,438.93495975609756,427.0,427.0,427.0,21,51,82,427.0,427.0,427.0,427.0,427.0,427.0,128.1,64.05,42.230769230769226,0.3,0.15,0.0989010989010989,9,9,9
1207940918769840398,7,37,68,8855.0,9027.5,8855.0,393.5,404.5315324324324,403.78921617647063,385.0,392.5,385.0,7,37,68,385.0,363.0,372.0,401.75,446.0,419.0,295.1666666666667,150.45833333333334,97.3076923076923,0.7666666666666667,0.38333333333333336,0.25274725274725274,23,23,23
1207992119242235910,12,42,73,6885.0,6930.0,6822.0,381.375,399.7539690476191,401.09132465753424,382.5,385.0,379.0,12,42,73,377.0,363.0,372.0,386.875,411.0,419.0,229.5,115.5,74.96703296703296,0.6,0.3,0.1978021978021978,18,18,18
1208704132667695539,30,60,91,0.0,0.0,0.0,575.2166666666667,599.275,587.7417582417582,566.0,572.0,564.0,30,60,91,564.0,564.0,564.0,581.875,603.5,594.0,0.0,0.0,0.0,0.0,0.0,0.0,0,0,0
1208718899534488031,14,44,75,6832.0,6832.0,6832.0,427.0,440.51515227272733,440.04888933333336,427.0,427.0,427.0,14,44,75,427.0,427.0,427.0,427.0,427.0,427.0,227.73333333333332,113.86666666666666,75.07692307692308,0.5333333333333333,0.26666666666666666,0.17582417582417584,16,16,16
1208735754877396448,12,38,69,7686.0,9394.0,9394.0,427.0,431.8157894736842,435.2173913043478,427.0,427.0,427.0,12,38,69,427.0,427.0,427.0,427.0,427.0,427.0,256.2,156.56666666666666,103.23076923076923,0.6,0.36666666666666664,0.24175824175824176,18,22,22
1208746927423730353,11,41,72,7314.999999999999,7314.999999999999,7201.0,384.59090909090907,401.0650414634147,401.85648194444445,385.0,385.0,379.0,11,41,72,375.0,363.0,372.0,388.75,411.0,419.0,243.83333333333331,121.91666666666666,79.13186813186813,0.6333333333333333,0.31666666666666665,0.2087912087912088,19,19,19
1208757710030861160,1,31,62,11165.0,11484.0,10788.0,385.0,406.39247419354837,404.64785,385.0,396.0,372.0,1,31,62,385.0,363.0,372.0,385.0,446.0,419.0,372.1666666666667,191.4,118.54945054945054,0.9666666666666667,0.48333333333333334,0.31868131868131866,29,29,29
1208757855935244741,2,32,63,10318.0,10934.0,10416.0,368.5,404.692709375,403.81216984126985,368.5,390.5,372.0,2,32,63,360.25,363.0,372.0,376.75,446.0,419.0,343.93333333333334,182.23333333333335,114.46153846153847,0.9333333333333333,0.4666666666666667,0.3076923076923077,28,28,28
1213824251801309412,9,39,70,22175.999999999996,22175.999999999996,19761.0,1102.6666666666667,1127.128205128205,1063.9714285714285,1056.0,1056.0,941.0,9,39,70,1056.0,941.0,889.0,1056.0,1265.5,1157.125,739.1999999999999,369.59999999999997,217.15384615384616,0.7,0.35,0.23076923076923078,21,21,21
1214464056304542513,13,43,74,13090.0,12291.0,10701.5,705.9615384615385,712.1046511627907,676.777027027027,770.0,723.0,629.5,13,43,74,597.5,594.0,594.0,792.0,792.0,770.0,436.3333333333333,204.85,117.5989010989011,0.5666666666666667,0.2833333333333333,0.18681318681318682,17,17,17
1216602433904805187,8,32,63,14519.999999999998,16800.0,13188.000000000002,641.625,571.182290625,524.1402111111111,660.0,600.0,471.0,8,32,63,630.0,446.0,445.5,660.0,660.0,644.0,483.99999999999994,280.0,144.92307692307693,0.7333333333333333,0.4666666666666667,0.3076923076923077,22,28,28
1219597802580113056,4,32,63,15119.0,16800.0,13188.000000000002,572.25,589.3125,533.3492063492064,581.5,600.0,471.0,4,32,63,518.75,446.0,445.5,635.0,693.0,644.0,503.9666666666667,280.0,144.92307692307693,0.8666666666666667,0.4666666666666667,0.3076923076923077,26,28,28
1219655958873769070,16,36,67,9702.0,16632.0,15156.0,693.5625,703.2337972222223,668.3942791044776,693.0,693.0,631.5,16,36,67,693.0,613.625,594.0,723.0,743.0,716.75,323.4,277.2,166.54945054945054,0.4666666666666667,0.4,0.26373626373626374,14,24,24
1226846054624436877,7,37,68,13742.500000000002,16629.000000000004,14421.0,630.2142857142857,698.7702702702703,666.3235294117648,597.5,723.0,627.0,7,37,68,586.0,594.0,592.5,632.0,792.0,746.75,458.08333333333337,277.15000000000003,158.47252747252747,0.7666666666666667,0.38333333333333336,0.25274725274725274,23,23,23
1226856286781952840,11,38,69,14155.0,16137.0,14091.0,752.7272727272727,720.5394736842105,678.9347826086956,745.0,733.5,640.5,11,38,69,732.0,631.5,594.0,773.5,784.0,747.0,471.8333333333333,268.95,154.84615384615384,0.6333333333333333,0.36666666666666664,0.24175824175824176,19,22,22
1233370107101543516,1,12,43,11165.0,18840.0,17856.0,385.0,447.8333333333333,416.4651162790698,385.0,392.5,372.0,1,12,43,385.0,370.0,372.0,385.0,577.0,419.0,372.1666666666667,314.0,196.21978021978023,0.9666666666666667,0.8,0.5274725274725275,29,48,48
1233973103621276698,3,22,53,8613.0,14592.0,14136.000000000002,334.6666666666667,402.40909090909093,403.1132075471698,319.0,384.0,372.0,3,22,53,319.0,355.5,372.0,342.5,440.0,419.0,287.1,243.2,155.34065934065936,0.9,0.6333333333333333,0.4175824175824176,27,38,38
1233994658216308874,2,17,48,8190.0,18017.0,16469.0,292.5,440.97058823529414,416.84375,292.5,419.0,383.0,2,17,48,292.25,383.0,372.0,292.75,531.75,419.0,273.0,300.28333333333336,180.97802197802199,0.9333333333333333,0.7166666666666667,0.4725274725274725,28,43,43
1234084273027568746,2,20,51,9492.0,14520.0,14879.999999999998,339.0,388.725,397.34313725490193,339.0,363.0,372.0,2,20,51,316.0,345.0,372.0,362.0,409.25,419.0,316.4,242.0,163.5164835164835,0.9333333333333333,0.6666666666666666,0.43956043956043955,28,40,40
12359560,0,3,25,,45600.0,53811.9978,,800.0,839.9466440000001,,800.0,815.3333,0,3,25,,800.0,800.0,,800.0,877.3333,,760.0,591.3406351648351,1.0,0.95,0.7252747252747253,30,57,66
1236367599770739400,7,28,59,13156.0,18304.0,19200.0,554.5714285714286,556.1428571428571,579.1864406779661,572.0,572.0,600.0,7,28,59,572.0,540.0,572.0,572.0,572.0,600.0,438.53333333333336,305.06666666666666,210.989010989011,0.7666666666666667,0.5333333333333333,0.3516483516483517,23,32,32
1238321506456103932,15,45,76,11760.0,11880.0,10725.0,790.5666666666667,779.1444444444444,731.2828947368421,784.0,792.0,715.0,15,45,76,770.0,715.0,660.0,812.75,845.0,825.0,392.0,198.0,117.85714285714286,0.5,0.25,0.16483516483516483,15,15,15
1242713378625026725,8,38,69,14519.999999999998,14519.999999999998,12012.0,612.1875,637.171052631579,574.1086956521739,660.0,660.0,546.0,8,38,69,546.0,506.375,495.0,660.0,759.0,660.0,483.99999999999994,241.99999999999997,132.0,0.7333333333333333,0.36666666666666664,0.24175824175824176,22,22,22
1248514191377483703,9,39,70,10247.999999999998,9366.0,8967.0,446.94444444444446,497.7435897435897,479.6857142857143,488.0,446.0,427.0,9,39,70,427.0,382.25,376.0,493.5,544.5,495.0,341.59999999999997,156.1,98.53846153846155,0.7,0.35,0.23076923076923078,21,21,21
1249371220066552412,8,38,69,12177.0,13199.999999999998,10824.0,570.375,590.6578947368421,538.9565217391304,553.5,600.0,492.0,8,38,69,492.0,466.875,446.0,660.0,684.75,660.0,405.9,219.99999999999997,118.94505494505495,0.7333333333333333,0.36666666666666664,0.24175824175824176,22,22,22
1249385754807434824,6,32,63,15240.0,16996.0,13188.000000000002,634.75,595.984375,536.7380952380952,635.0,607.0,471.0,6,32,63,635.0,446.0,445.5,639.875,693.0,638.25,508.0,283.26666666666665,144.92307692307693,0.8,0.4666666666666667,0.3076923076923077,24,28,28
1249919049392818339,13,43,74,9775.0,9265.0,8772.0,542.4615384615385,584.5581395348837,555.7702702702703,575.0,545.0,516.0,13,43,74,440.0,495.0,471.0,575.0,594.0,575.0,325.8333333333333,154.41666666666666,96.3956043956044,0.5666666666666667,0.2833333333333333,0.18681318681318682,17,17,17
1254384361135492137,20,50,81,5295.0,5415.0,5150.0,539.95,580.11,540.3888888888889,529.5,541.5,515.0,20,50,81,515.0,511.25,418.0,572.0,591.5,572.0,176.5,90.25,56.59340659340659,0.3333333333333333,0.16666666666666666,0.10989010989010989,10,10,10
1257312272803306995,12,42,73,10350.0,10035.0,9414.0,552.5,570.327380952381,538.1472602739726,575.0,557.5,523.0,12,42,73,546.25,495.0,471.0,578.25,594.0,575.0,345.0,167.25,103.45054945054945,0.6,0.3,0.1978021978021978,18,18,18
1259534245145609058,5,23,54,8675.0,14615.0,13967.499999999998,362.8,503.1471000000001,446.00709814814815,347.0,395.0,377.5,5,23,54,347.0,352.0,372.0,395.0,661.375,419.0,289.1666666666667,243.58333333333334,153.48901098901098,0.8333333333333334,0.6166666666666667,0.4065934065934066,25,37,37
1260073533686146608,8,32,63,8051.999999999999,10780.0,10416.0,371.375,482.453125,443.3095238095238,366.0,385.0,372.0,8,32,63,366.0,363.0,372.0,385.0,446.0,419.0,268.4,179.66666666666666,114.46153846153847,0.7333333333333333,0.4666666666666667,0.3076923076923077,22,28,28
1262982199583014782,15,45,76,11550.0,11880.0,9975.0,714.8666666666667,753.9111111111112,716.3421052631579,770.0,792.0,665.0,15,45,76,622.25,660.0,626.125,792.0,845.0,808.25,385.0,198.0,109.61538461538461,0.5,0.25,0.16483516483516483,15,15,15
1263128865886946817,20,45,76,5895.0,8910.0,7845.0,591.425,570.4,527.25,589.5,594.0,523.0,20,45,76,572.0,495.0,446.0,595.75,614.0,594.0,196.5,148.5,86.20879120879121,0.3333333333333333,0.25,0.16483516483516483,10,15,15
1264729892004302735,0,17,35,,17415.0,25200.000000000004,,462.0235294117647,455.84,,405.0,450.0,0,17,35,,405.0,427.5,,531.0,450.0,,290.25,276.92307692307696,1.0,0.7166666666666667,0.6153846153846154,30,43,56
1265161823691467042,8,38,69,14519.999999999998,14586.0,12100.0,648.25,644.7631578947369,578.2898550724638,660.0,663.0,550.0,8,38,69,653.0,519.25,495.0,665.5,759.0,666.0,483.99999999999994,243.1,132.96703296703296,0.7333333333333333,0.36666666666666664,0.24175824175824176,22,22,22
1265295313956605287,12,42,73,6588.0,6705.0,6695.999999999999,373.9583333333333,400.76587380952384,401.67351643835616,366.0,372.5,372.0,12,42,73,366.0,366.0,370.0,385.0,397.0,419.0,219.6,111.75,73.58241758241758,0.6,0.3,0.1978021978021978,18,18,18
1265370363028714118,8,29,60,8470.0,11935.000000000002,11935.0,392.4375,415.58620689655174,409.03333333333336,385.0,385.0,385.0,8,29,60,385.0,363.0,372.0,397.125,440.0,419.0,282.3333333333333,198.91666666666669,131.15384615384616,0.7333333333333333,0.5166666666666667,0.34065934065934067,22,31,31
1266717192483343855,1,31,62,18850.0,18850.0,15949.999999999998,650.0,650.0,600.0,650.0,650.0,550.0,1,31,62,650.0,550.0,550.0,650.0,650.0,625.0,628.3333333333334,314.1666666666667,175.27472527472526,0.9666666666666667,0.48333333333333334,0.31868131868131866,29,29,29
1269623861253689862,6,27,58,8844.0,12078.0,12275.999999999998,357.5,407.104937037037,404.8591948275862,368.5,366.0,372.0,6,27,58,307.75,350.5,372.0,404.5,446.0,419.0,294.8,201.3,134.9010989010989,0.8,0.55,0.3626373626373626,24,33,33
1269636598524749154,2,32,63,10780.0,10934.0,10416.0,385.0,405.723959375,404.33597936507937,385.0,390.5,372.0,2,32,63,385.0,363.0,372.0,385.0,446.0,419.0,359.3333333333333,182.23333333333335,114.46153846153847,0.9333333333333333,0.4666666666666667,0.3076923076923077,28,28,28
1271171762063321920,17,32,56,8450.0,18200.0,22750.0,650.0,735.9375,581.25,650.0,650.0,650.0,17,32,56,650.0,650.0,350.0,650.0,650.0,650.0,281.6666666666667,303.3333333333333,250.0,0.43333333333333335,0.4666666666666667,0.38461538461538464,13,28,35
1272260793182499350,0,15,45,,26190.0,26771.999999999996,,557.7222226666668,569.5251853333333,,582.0,582.0,0,15,45,,518.5,582.0,,614.0,582.0,,436.5,294.19780219780216,1.0,0.75,0.5054945054945055,30,45,46
1272537775161574422,5,32,54,8975.0,13860.0,16502.0,364.7,567.9296875,524.2546296296297,359.0,495.0,446.0,5,32,54,359.0,446.0,388.0,368.5,653.0,616.6875,299.1666666666667,231.0,181.34065934065933,0.8333333333333334,0.4666666666666667,0.4065934065934066,25,28,37
1274055523929375490,8,38,69,13309.999999999998,11989.999999999998,11198.0,548.375,592.1315789473684,557.8550724637681,605.0,545.0,509.0,8,38,69,440.0,495.0,471.0,608.5,615.5,605.0,443.66666666666663,199.83333333333331,123.05494505494505,0.7333333333333333,0.36666666666666664,0.24175824175824176,22,22,22
1274533646308060247,20,50,81,5150.0,5229.999999999999,4710.0,497.85,561.836668,529.1090543209876,515.0,523.0,471.0,20,50,81,434.5,418.0,418.0,535.75,561.0,553.0,171.66666666666666,87.16666666666666,51.75824175824176,0.3333333333333333,0.16666666666666666,0.10989010989010989,10,10,10
1274679812745645557,11,37,68,10868.0,13156.0,10833.0,548.2272727272727,575.5,529.9485294117648,572.0,572.0,471.0,11,37,68,523.0,446.0,444.5,577.25,693.0,600.0,362.26666666666665,219.26666666666668,119.04395604395604,0.6333333333333333,0.38333333333333336,0.25274725274725274,19,23,23
1277103969415516416,3,23,54,11421.0,15651.000000000002,17390.0,423.0,432.44927565217387,454.006172962963,423.0,423.0,470.0,3,23,54,423.0,423.0,423.0,423.0,423.0,470.0,380.7,260.85,191.0989010989011,0.9,0.6166666666666667,0.4065934065934066,27,37,37
1277671971539993475,0,9,30,,17442.0,16683.5,,320.05555555555554,281.9166666666667,,342.0,273.5,0,9,30,,253.0,250.0,,342.0,280.75,,290.7,183.33516483516482,1.0,0.85,0.6703296703296703,30,51,61
1280559161534348023,24,54,85,3432.0,3529.5,3324.0,576.9791666666666,607.425925925926,591.6588235294117,572.0,588.25,554.0,24,54,85,554.0,554.0,550.0,594.0,614.0,600.0,114.4,58.825,36.527472527472526,0.2,0.1,0.06593406593406594,6,6,6
1282577030741754149,10,36,67,7699.999999999999,9462.000000000002,9240.0,367.55,400.1851861111111,401.4427865671642,385.0,394.25,385.0,10,36,67,333.25,363.0,372.0,390.625,446.0,419.0,256.66666666666663,157.70000000000002,101.53846153846155,0.6666666666666666,0.4,0.26373626373626374,20,24,24
1282585098065467787,7,33,64,8855.0,10692.000000000002,10395.0,374.2142857142857,404.56565757575754,403.7604171875,385.0,396.0,385.0,7,33,64,385.0,363.0,372.0,387.75,446.0,419.0,295.1666666666667,178.20000000000002,114.23076923076923,0.7666666666666667,0.45,0.2967032967032967,23,27,27
1283982403734255309,6,31,62,15672.0,17400.0,13658.999999999998,608.4166666666666,566.8064516129032,521.1935483870968,653.0,600.0,471.0,6,31,62,551.0,446.0,445.25,659.75,659.5,651.5,522.4,290.0,150.09890109890108,0.8,0.48333333333333334,0.31868131868131866,24,29,29
1284110666632259028,12,42,73,10872.0,10872.0,8910.0,590.5,593.6904761904761,543.5342465753424,604.0,604.0,495.0,12,42,73,604.0,466.625,446.0,627.0,653.0,627.0,362.4,181.2,97.91208791208791,0.6,0.3,0.1978021978021978,18,18,18
1285538056394050628,28,52,83,3168.0,12672.0,6272.000000000001,1494.4285714285713,1263.1442307692307,1025.8373493975903,1584.0,1584.0,784.0,28,52,83,1320.0,761.0,594.0,1584.0,1584.0,1584.0,105.6,211.2,68.92307692307693,0.06666666666666667,0.13333333333333333,0.08791208791208792,2,8,8
1292815457899461748,3,26,49,14850.0,24582.0,27468.000000000004,550.0,918.3942307692307,800.3112244897959,550.0,723.0,654.0,3,26,49,550.0,627.0,627.0,550.0,1083.0625,803.0,495.0,409.7,301.84615384615387,0.9,0.5666666666666667,0.46153846153846156,27,34,42
12931525,0,14,45,,16560.0,17633.33364,,362.85714285714283,385.85185199999995,,360.0,383.33334,0,14,45,,360.0,360.0,,360.0,400.0,,276.0,193.77289714285715,1.0,0.7666666666666667,0.5054945054945055,30,46,46
1297930390704189766,9,39,70,12137.999999999998,11445.0,10836.0,548.3333333333334,591.0,557.7142857142857,578.0,545.0,516.0,9,39,70,578.0,495.0,471.0,605.0,605.0,594.0,404.59999999999997,190.75,119.07692307692308,0.7,0.35,0.23076923076923078,21,21,21
1297930815921503919,13,43,74,14212.0,14314.0,14263.0,864.3846153846154,937.5872093023256,898.3277027027027,836.0,842.0,839.0,13,43,74,836.0,836.0,798.0,889.0,941.0,889.0,473.73333333333335,238.56666666666666,156.73626373626374,0.5666666666666667,0.2833333333333333,0.18681318681318682,17,17,17
1303745304497797235,9,39,70,16170.0,15182.999999999998,13182.75,719.5,715.8589743589744,676.85,770.0,723.0,627.75,9,39,70,628.5,611.25,594.0,784.0,792.25,770.0,539.0,253.04999999999998,144.8653846153846,0.7,0.35,0.23076923076923078,21,21,21
1304403734260231676,16,37,68,6685.0,11672.500000000002,12028.999999999998,497.3125,587.9256756756756,570.1801470588235,477.5,507.5,523.0,16,37,68,452.25,495.0,471.0,543.75,606.0,563.75,222.83333333333334,194.54166666666669,132.18681318681317,0.4666666666666667,0.38333333333333336,0.25274725274725274,14,23,23
1304433283397417052,7,34,65,27830.000000000004,31460.000000000004,24465.999999999996,1288.2857142857142,1201.0294117647059,1073.1461538461538,1210.0,1210.0,941.0,7,34,65,1210.0,903.5,889.0,1374.5,1401.75,1237.5,927.6666666666667,524.3333333333334,268.85714285714283,0.7666666666666667,0.43333333333333335,0.2857142857142857,23,26,26
1307990676918354925,18,48,79,7074.0,7128.000000000001,6648.0,592.9722222222222,593.53125,547.246835443038,589.5,594.0,554.0,18,48,79,574.625,539.25,446.0,594.0,653.0,614.0,235.8,118.80000000000001,73.05494505494505,0.4,0.2,0.13186813186813187,12,12,12
1311575286815584867,21,51,82,7818.0003,7596.0,6777.0,907.3254,841.6029431372547,790.9603670731707,868.6667,844.0,753.0,21,51,82,844.0,739.0,679.0,919.5,917.25,872.0,260.60001,126.6,74.47252747252747,0.3,0.15,0.0989010989010989,9,9,9
1312949509621922876,7,37,68,13156.0,13156.0,10833.0,589.1428571428571,605.0675675675676,546.375,572.0,572.0,471.0,7,37,68,572.0,446.0,418.0,611.5,649.0,599.75,438.53333333333336,219.26666666666668,119.04395604395604,0.7666666666666667,0.38333333333333336,0.25274725274725274,23,23,23
1313064371372817918,22,52,83,7040.0,7040.0,7040.000000000001,880.0,880.0,880.0,880.0,880.0,880.0,22,52,83,880.0,880.0,880.0,880.0,880.0,880.0,234.66666666666666,117.33333333333333,77.36263736263737,0.26666666666666666,0.13333333333333333,0.08791208791208792,8,8,8
1314095834089788250,18,48,78,8400.0,9268.000200000002,10400.0,725.6296333333333,791.7430583333334,794.9188051282052,700.0,772.33335,800.0,18,48,78,700.0,700.0,757.83335,755.000025,800.0,800.0,280.0,154.46667000000002,114.28571428571428,0.4,0.2,0.14285714285714285,12,12,13
1315954985293478319,26,52,83,5280.0,10560.0,5280.000000000001,1213.2692307692307,1015.6826923076923,813.9578313253012,1320.0,1320.0,660.0,26,52,83,996.25,693.0,446.0,1320.0,1320.0,1320.0,176.0,176.0,58.02197802197803,0.13333333333333333,0.13333333333333333,0.08791208791208792,4,8,8
1318315111310867765,21,51,81,6300.0,6300.0,7000.0,714.539680952381,777.9477117647059,752.7510283950617,700.0,700.0,700.0,21,51,81,700.0,700.0,700.0,733.5,767.0,733.5,210.0,105.0,76.92307692307692,0.3,0.15,0.10989010989010989,9,9,10
1318376138623084691,24,54,85,4853.4999,4752.0,4720.0001999999995,812.5625,791.4104944444445,785.413725882353,808.91665,792.0,786.6667,24,54,85,800.0,776.0,760.0,833.0,800.0,800.0,161.78333,79.2,51.868134065934065,0.2,0.1,0.06593406593406594,6,6,6
1320994692912931266,18,48,79,17160.0,17160.0,17160.0,1430.0,1430.0,1430.0,1430.0,1430.0,1430.0,18,48,79,1430.0,1430.0,1430.0,1430.0,1430.0,1430.0,572.0,286.0,188.57142857142858,0.4,0.2,0.13186813186813187,12,12,12
1320995339425720277,10,27,55,14980.0,24717.000000000004,22572.0,747.65,738.8888888888889,679.8121218181818,749.0,749.0,627.0,10,27,55,732.0,627.0,592.25,762.625,830.08335,767.0,499.3333333333333,411.95000000000005,248.04395604395603,0.6666666666666666,0.55,0.3956043956043956,20,33,36
1321022086036905023,23,53,84,5390.0,5390.0,6006.0,770.0,863.5566037735849,871.4623023809525,770.0,770.0,858.0,23,53,84,770.0,770.0,770.0,770.0,858.0,858.0,179.66666666666666,89.83333333333333,66.0,0.23333333333333334,0.11666666666666667,0.07692307692307693,7,7,7
1321134786322096510,4,34,65,21450.0,19318.0,17212.0,832.0,810.0588235294117,748.2,825.0,743.0,662.0,4,34,65,825.0,644.0,627.0,832.0,846.0,825.0,715.0,321.9666666666667,189.14285714285714,0.8666666666666667,0.43333333333333335,0.2857142857142857,26,26,26
1329787295308110610,10,40,71,18699.999999999996,18699.999999999996,18700.0,935.0,935.0,935.0,935.0,935.0,935.0,10,40,71,935.0,935.0,935.0,935.0,935.0,935.0,623.3333333333333,311.66666666666663,205.4945054945055,0.6666666666666666,0.3333333333333333,0.21978021978021978,20,20,20
1333504785474035960,21,51,82,5643.0,5706.0,5544.0,633.047619047619,624.6470588235294,588.6463414634146,627.0,634.0,616.0,21,51,82,616.0,616.0,528.0,660.0,665.0,660.0,188.1,95.1,60.92307692307692,0.3,0.15,0.0989010989010989,9,9,9
14884678,0,11,42,,29155.0,29154.999999999996,,595.0,573.5714285714286,,595.0,595.0,0,11,42,,595.0,550.0,,595.0,595.0,,485.9166666666667,320.38461538461536,1.0,0.8166666666666667,0.5384615384615384,30,49,49
15500038,4,28,59,15296.6671,18698.6672,12160.0,587.6666749999999,515.0809535714286,437.4553677966101,588.33335,584.33335,380.0,4,28,59,585.000025,404.75,365.0,591.0,621.3,496.4,509.88890333333336,311.64445333333333,133.62637362637363,0.8666666666666667,0.5333333333333333,0.3516483516483517,26,32,32
15523493,5,23,49,22500.0,29600.000000000004,18900.0,860.0,825.9130434782609,608.0816326530612,900.0,800.0,450.0,5,23,49,800.0,800.0,390.0,900.0,920.0,800.0,750.0,493.33333333333337,207.6923076923077,0.8333333333333334,0.6166666666666667,0.46153846153846156,25,37,42
15549803,7,11,41,34270.00000000001,73010.0,29500.0,1451.857142857143,1138.4545454545455,690.8048780487804,1490.0,1490.0,590.0,7,11,41,1490.0,590.0,490.0,1490.0,1490.0,590.0,1142.3333333333335,1216.8333333333333,324.1758241758242,0.7666666666666667,0.8166666666666667,0.5494505494505495,23,49,50
15732070,18,26,37,9000.0,25500.0,40500.0,754.8240722222222,753.3397423076923,752.3468459459459,750.0,750.0,750.0,18,26,37,750.0,750.0,750.0,758.75,753.124975,750.0,300.0,425.0,445.05494505494505,0.4,0.5666666666666667,0.5934065934065934,12,34,54
15754075,6,26,37,19200.0,24145.666100000002,33497.9982,800.0,702.3461500000001,673.5675621621622,800.0,710.16665,620.3333,6,26,37,800.0,600.0,600.0,800.0,800.0,800.0,640.0,402.42776833333335,368.10987032967034,0.8,0.5666666666666667,0.5934065934065934,24,34,54
15909831,10,34,65,15799.999999999998,20540.000000000004,20539.999999999996,790.0,790.0,719.8461538461538,790.0,790.0,790.0,10,34,65,790.0,790.0,600.0,790.0,790.0,790.0,526.6666666666666,342.33333333333337,225.7142857142857,0.6666666666666666,0.43333333333333335,0.2857142857142857,20,26,26
15934309,0,30,61,,24300.0,23699.999999999996,,852.9,784.8688524590164,,810.0,790.0,0,30,61,,790.0,680.0,,902.75,790.0,,405.0,260.4395604395604,1.0,0.5,0.32967032967032966,30,30,30
15980018,0,0,22,,,27600.0,,,400.0,,,400.0,0,0,22,,,400.0,,,400.0,,,303.2967032967033,1.0,1.0,0.7582417582417582,30,60,69
16017693,15,32,36,14625.0,26390.0,50050.0,957.6666666666666,938.4375,884.7222222222222,975.0,942.5,910.0,15,32,36,942.5,910.0,910.0,975.0,975.0,975.0,487.5,439.8333333333333,550.0,0.5,0.4666666666666667,0.6043956043956044,15,28,55
16105751,3,3,31,8100.0,17100.0,15000.000000000002,300.0,300.0,255.70967741935485,300.0,300.0,250.0,3,3,31,300.0,300.0,250.0,300.0,300.0,250.0,270.0,285.0,164.83516483516485,0.9,0.95,0.6593406593406593,27,57,60
16177778,29,59,90,920.0,880.0,600.0,939.6206896551724,830.2881355932204,750.9666666666667,920.0,880.0,600.0,29,59,90,900.0,600.0,600.0,990.0,920.0,900.0,30.666666666666668,14.666666666666666,6.593406593406594,0.03333333333333333,0.016666666666666666,0.01098901098901099,1,1,1
16253828,13,43,73,28041.5,27381.332199999997,28991.9988,1668.6025692307692,1606.4573674418607,1605.472605479452,1649.5,1610.6666,1610.6666,13,43,73,1611.0,1566.3334,1566.3334,1699.5,1633.0,1633.0,934.7166666666667,456.35553666666664,318.5933934065934,0.5666666666666667,0.2833333333333333,0.1978021978021978,17,17,18
16321793,11,41,72,11779.999999999998,11779.999999999998,8550.0,620.0,569.5121951219512,518.0555555555555,620.0,620.0,450.0,11,41,72,620.0,450.0,450.0,620.0,620.0,620.0,392.66666666666663,196.33333333333331,93.95604395604396,0.6333333333333333,0.31666666666666665,0.2087912087912088,19,19,19
16350860,16,34,65,9660.0,17771.0,16978.0,683.6875,671.9338235294117,603.9346153846154,690.0,683.5,653.0,16,34,65,670.75,640.0,490.0,690.0,690.0,690.0,322.0,296.18333333333334,186.57142857142856,0.4666666666666667,0.43333333333333335,0.2857142857142857,14,26,26
16451544,0,3,31,,28500.0,30000.000000000004,,500.0,500.0,,500.0,500.0,0,3,31,,500.0,500.0,,500.0,500.0,,475.0,329.6703296703297,1.0,0.95,0.6593406593406593,30,57,60
16527828,26,56,87,4200.0,4200.0,4200.000000000001,1093.076923076923,1097.75,1055.7931034482758,1050.0,1050.0,1050.0,26,56,87,1050.0,1050.0,980.0,1190.0,1192.5,1176.25,140.0,70.0,46.15384615384616,0.13333333333333333,0.06666666666666667,0.04395604395604396,4,4,4
16586622,5,20,51,15000.0,24000.0,20000.0,600.0,601.0,511.37254901960785,600.0,600.0,500.0,5,20,51,600.0,500.0,400.0,600.0,750.0,560.0,500.0,400.0,219.78021978021977,0.8333333333333334,0.6666666666666666,0.43956043956043955,25,40,40
16618715,6,36,67,18960.0,18960.0,17163.0,790.0,835.3194444444445,781.0746268656717,790.0,790.0,715.125,6,36,67,790.0,715.125,700.0,790.0,876.8125,790.0,632.0,316.0,188.60439560439562,0.8,0.4,0.26373626373626374,24,24,24
16662563,21,51,62,15552.0,15552.0,50112.0,1728.0,1728.0,1728.0,1728.0,1728.0,1728.0,21,51,62,1728.0,1728.0,1728.0,1728.0,1728.0,1728.0,518.4,259.2,550.6813186813187,0.3,0.15,0.31868131868131866,9,9,29
16730935,29,59,89,250.00000000000003,250.00000000000003,500.0,250.0,250.0,250.0,250.0,250.0,250.0,29,59,89,250.0,250.0,250.0,250.0,250.0,250.0,8.333333333333334,4.166666666666667,5.4945054945054945,0.03333333333333333,0.016666666666666666,0.02197802197802198,1,1,2
16992951,11,31,62,12331.0,18821.0,14499.999999999998,649.0,591.3225806451613,531.0483870967741,649.0,649.0,500.0,11,31,62,649.0,500.0,455.875,649.0,649.0,649.0,411.0333333333333,313.68333333333334,159.34065934065933,0.6333333333333333,0.48333333333333334,0.31868131868131866,19,29,29
17294276,3,3,10,27000.0,57000.0,56700.0,1000.0,1000.0,796.5,1000.0,1000.0,700.0,3,3,10,1000.0,1000.0,700.0,1000.0,1000.0,941.25,900.0,950.0,623.0769230769231,0.9,0.95,0.8901098901098901,27,57,81
17570590,2,29,60,49952.0,48794.00000000001,48794.0,1784.0,1697.103448275862,1563.4333333333334,1784.0,1574.0,1574.0,2,29,60,1784.0,1574.0,1398.25,1784.0,1784.0,1784.0,1665.0666666666666,813.2333333333335,536.1978021978022,0.9333333333333333,0.5166666666666667,0.34065934065934067,28,31,31
18395333,5,31,59,17500.0,17400.0,19200.0,710.0,682.258064516129,611.0169491525423,700.0,600.0,600.0,5,31,59,700.0,600.0,500.0,700.0,800.0,650.0,583.3333333333334,290.0,210.989010989011,0.8333333333333334,0.48333333333333334,0.3516483516483517,25,29,32
18505349,0,6,30,,37746.0,38338.5,,699.0,623.4333333333333,,699.0,628.5,0,6,30,,699.0,580.0,,699.0,686.75,,629.1,421.3021978021978,1.0,0.9,0.6703296703296703,30,54,61
18506998,0,3,20,,26049.0,24850.0,,457.0,366.05,,457.0,350.0,0,3,20,,457.0,350.0,,457.0,350.0,,434.15,273.0769230769231,1.0,0.95,0.7802197802197802,30,57,71
1977915,0,21,52,,33150.0,29249.999999999996,,936.9563523809524,841.5673096153846,,850.0,750.0,0,21,52,,775.0,700.0,,1131.5,949.4791749999999,,552.5,321.4285714285714,1.0,0.65,0.42857142857142855,30,39,39
20555680,0,0,19,,,14400.0,,,200.0,,,200.0,0,0,19,,,200.0,,,200.0,,,158.24175824175825,1.0,1.0,0.7912087912087912,30,60,72
20618105,23,39,39,4217.0001999999995,12857.9997,31838.856399999997,611.5509304347826,632.3691076923076,632.3691076923076,602.4286,612.2857,612.2857,23,39,39,600.0,600.0,600.0,624.2619,638.5,638.5,140.5666733333333,214.299995,349.8775428571428,0.23333333333333334,0.35,0.5714285714285714,7,21,52
20863370,0,2,18,,30797.999999999996,36500.0,,531.0,507.93055555555554,,531.0,500.0,0,2,18,,530.0,500.0,,532.0,515.5625,,513.3,401.09890109890114,1.0,0.9666666666666667,0.8021978021978022,30,58,73
20943549,5,26,57,10000.000000000002,13600.0,13600.0,400.0,468.2692307692308,381.76432736842105,400.0,400.0,400.0,5,26,57,400.0,400.0,260.0,400.0,600.0,400.0,333.33333333333337,226.66666666666666,149.45054945054946,0.8333333333333334,0.5666666666666667,0.37362637362637363,25,34,34
21025393,4,19,36,18200.000000000004,28700.000000000004,38500.0,700.0,744.2543842105264,710.8564805555555,700.0,700.0,700.0,4,19,36,700.0,700.0,650.0,700.0,763.75,712.5,606.6666666666667,478.33333333333337,423.07692307692304,0.8666666666666667,0.6833333333333333,0.6043956043956044,26,41,55
21091876,16,46,77,12600.0,9800.0,9800.0,833.3125,768.1086956521739,751.077922077922,900.0,700.0,700.0,16,46,77,700.0,700.0,700.0,900.0,900.0,833.0,420.0,163.33333333333334,107.6923076923077,0.4666666666666667,0.23333333333333334,0.15384615384615385,14,14,14
21103486,0,23,41,,11081.5,15085.715,,301.1490691304348,291.259233902439,,299.5,301.7143,0,23,41,,284.0,284.0,,324.0,315.0,,184.69166666666666,165.77708791208792,1.0,0.6166666666666667,0.5494505494505495,30,37,50
21280090,5,26,57,19125.0,26010.0,28900.0,785.55,772.2211538461538,815.8377192982456,765.0,765.0,850.0,5,26,57,765.0,765.0,765.0,799.25,765.0,850.0,637.5,433.5,317.5824175824176,0.8333333333333334,0.5666666666666667,0.37362637362637363,25,34,34
21295667,0,22,53,,19646.0,31160.0,,610.8636363636364,736.2044018867924,,517.0,820.0,0,22,53,,458.375,483.5,,880.0,1000.0,,327.43333333333334,342.4175824175824,1.0,0.6333333333333333,0.4175824175824176,30,38,38
21324331,9,21,25,17010.0,38454.0,53459.99999999999,758.8888888888889,900.8095238095239,837.16,810.0,986.0,810.0,9,21,25,695.0,810.0,695.0,810.0,1109.0,986.0,567.0,640.9,587.4725274725274,0.7,0.65,0.7252747252747253,21,39,66
21397811,11,41,68,16149.999999999998,16149.999999999998,13800.0,872.7272727272727,784.7560975609756,699.25,850.0,850.0,600.0,11,41,68,850.0,600.0,566.6667,900.0,850.0,850.0,538.3333333333333,269.16666666666663,151.64835164835165,0.6333333333333333,0.31666666666666665,0.25274725274725274,19,19,23
21454457,0,4,8,,16800.0,19588.0,,300.0,236.0,,300.0,236.0,0,4,8,,300.0,172.0,,300.0,300.0,,280.0,215.25274725274724,1.0,0.9333333333333333,0.9120879120879121,30,56,83
21545686,2,32,63,9520.0,9520.0,7532.0,340.0,332.1875,301.0952380952381,340.0,340.0,269.0,2,32,63,340.0,269.0,269.0,340.0,399.0,340.0,317.3333333333333,158.66666666666666,82.76923076923077,0.9333333333333333,0.4666666666666667,0.3076923076923077,28,28,28
21552865,12,27,27,11700.0,21450.000000000004,41600.0,671.75,694.3333333333334,694.3333333333334,650.0,650.0,650.0,12,27,27,650.0,650.0,650.0,680.5,725.0,725.0,390.0,357.50000000000006,457.14285714285717,0.6,0.55,0.7032967032967034,18,33,64
21607605,2,19,47,27300.0,39052.5,28600.0,975.0,969.3333315789473,779.0921978723404,975.0,952.5,650.0,2,19,47,962.5,761.75,650.0,987.5,1200.0,895.66665,910.0,650.875,314.2857142857143,0.9333333333333333,0.6833333333333333,0.4835164835164835,28,41,44
21632405,8,23,50,14431.999999999998,24272.0,16728.0,656.0,619.5318852173913,494.971334,656.0,656.0,408.0,8,23,50,656.0,525.0,380.0,656.0,692.83335,656.0,481.0666666666666,404.53333333333336,183.82417582417582,0.7333333333333333,0.6166666666666667,0.45054945054945056,22,37,41
21662762,5,14,31,12500.0,18400.0,18000.0,480.0,407.85714285714283,307.741935483871,500.0,400.0,300.0,5,14,31,500.0,325.0,180.0,500.0,500.0,400.0,416.6666666666667,306.6666666666667,197.8021978021978,0.8333333333333334,0.7666666666666667,0.6593406593406593,25,46,60
21695053,15,45,76,10113.75,10530.0,10530.0,730.9,745.1277777777777,739.0625,674.25,702.0,702.0,15,45,76,664.0,664.0,695.5,788.0,702.0,720.0,337.125,175.5,115.71428571428571,0.5,0.25,0.16483516483516483,15,15,15
21734892,3,28,59,18900.0,25600.0,25600.000000000004,700.0,863.9285714285714,754.4067796610169,700.0,800.0,800.0,3,28,59,700.0,800.0,520.0,700.0,963.75,800.0,630.0,426.6666666666667,281.31868131868134,0.9,0.5333333333333333,0.3516483516483517,27,32,32
22047595,4,29,60,15600.0,18731.750000000004,19287.16615,600.0,697.3275862068965,681.9583333333334,600.0,604.25,622.16665,4,29,60,600.0,595.25,600.0,600.0,723.3333,673.8333250000001,520.0,312.1958333333334,211.94688076923077,0.8666666666666667,0.5166666666666667,0.34065934065934067,26,31,31
22190101,0,15,46,,13500.0,11250.0,,316.6666666666667,271.7391304347826,,300.0,250.0,0,15,46,,250.0,250.0,,400.0,250.0,,225.0,123.62637362637363,1.0,0.75,0.4945054945054945,30,45,45
22191680,14,41,69,8000.000000000001,9499.999999999998,8800.0,511.7857142857143,464.109756097561,388.94202898550725,500.0,500.0,400.0,14,41,69,500.0,400.0,400.0,520.0,500.0,500.0,266.6666666666667,158.33333333333331,96.7032967032967,0.5333333333333333,0.31666666666666665,0.24175824175824176,16,19,22
22231120,19,49,80,3464.9999999999995,3464.9999999999995,3751.0,322.36842105263156,323.1394559183674,334.46041675000004,315.0,315.0,341.0,19,49,80,315.0,315.0,315.0,315.0,315.0,350.0,115.49999999999999,57.74999999999999,41.21978021978022,0.36666666666666664,0.18333333333333332,0.12087912087912088,11,11,11
22243318,4,14,34,15080.0,26680.0,27360.0,580.0,580.0,521.1764705882352,580.0,580.0,480.0,4,14,34,580.0,580.0,480.0,580.0,580.0,580.0,502.6666666666667,444.6666666666667,300.65934065934067,0.8666666666666667,0.7666666666666667,0.6263736263736264,26,46,57
22245880,11,38,69,27721.0,29113.332599999998,26422.0,1411.6818181818182,1384.0789578947367,1285.1787565217392,1459.0,1323.3333,1201.0,11,38,69,1452.5,1196.0,1146.0,1462.125,1465.375,1452.0,924.0333333333333,485.22220999999996,290.35164835164835,0.6333333333333333,0.36666666666666664,0.24175824175824176,19,22,22
22306996,0,0,23,,,10540.0,,,156.05797086956522,,,155.0,0,0,23,,,155.0,,,155.0,,,115.82417582417582,1.0,1.0,0.7472527472527473,30,60,68
22383070,5,15,40,11250.0,20137.5,12750.0,450.0,440.1222226666667,321.2958335,450.0,447.5,250.0,5,15,40,450.0,435.0,250.0,450.0,450.0,440.83333500000003,375.0,335.625,140.1098901098901,0.8333333333333334,0.75,0.5604395604395604,25,45,51
22421016,4,9,9,21060.0,40800.0,65600.0,825.0,811.1111111111111,811.1111111111111,810.0,800.0,800.0,4,9,9,800.0,800.0,800.0,835.0,800.0,800.0,702.0,680.0,720.8791208791209,0.8666666666666667,0.85,0.9010989010989011,26,51,82
22421421,4,18,46,11700.0,14573.999999999998,15615.0,475.0,451.27777777777777,394.2608695652174,450.0,347.0,347.0,4,18,46,450.0,347.0,347.0,475.0,450.0,347.0,390.0,242.89999999999998,171.5934065934066,0.8666666666666667,0.7,0.4945054945054945,26,42,45
22421606,6,21,40,11520.0,14079.0,18411.0,517.1666666666666,440.0952380952381,389.225,480.0,361.0,361.0,6,21,40,480.0,361.0,333.0,480.0,480.0,377.75,384.0,234.65,202.3186813186813,0.8,0.65,0.5604395604395604,24,39,51
22648075,17,38,65,7007.0,10032.0,9047.999999999998,499.94117647058823,431.2368421052632,396.66153846153844,539.0,456.0,348.0,17,38,65,456.0,350.0,348.0,539.0,456.0,456.0,233.56666666666666,167.2,99.42857142857142,0.43333333333333335,0.36666666666666664,0.2857142857142857,13,22,26
22739656,13,35,66,27030.0,27000.0,27500.000000000004,1363.8461538461538,1187.142857142857,1162.878787878788,1590.0,1080.0,1100.0,13,35,66,1080.0,1080.0,1080.0,1590.0,1110.0,1200.0,901.0,450.0,302.1978021978022,0.5666666666666667,0.4166666666666667,0.27472527472527475,17,25,25
22810332,4,34,65,12480.0,12480.0,12480.0,480.0,480.0,480.0,480.0,480.0,480.0,4,34,65,480.0,480.0,480.0,480.0,480.0,480.0,416.0,208.0,137.14285714285714,0.8666666666666667,0.43333333333333335,0.2857142857142857,26,26,26
22901902,20,50,81,6999.999999999999,6999.999999999999,7000.0,704.975,725.99,716.0432098765432,700.0,700.0,700.0,20,50,81,700.0,700.0,700.0,700.0,700.0,700.0,233.33333333333331,116.66666666666666,76.92307692307692,0.3333333333333333,0.16666666666666666,0.10989010989010989,10,10,10
23023313,9,38,68,13649.999999999998,14299.999999999998,12649.999999999998,650.0,622.3684210526316,528.6764705882352,650.0,650.0,550.0,9,38,68,650.0,650.0,350.0,650.0,800.0,650.0,454.99999999999994,238.33333333333331,139.010989010989,0.7,0.36666666666666664,0.25274725274725274,21,22,23
23078040,4,24,54,15600.0,28800.0,29600.0,600.0,741.6666666666666,774.074074074074,600.0,800.0,800.0,4,24,54,600.0,600.0,800.0,600.0,800.0,800.0,520.0,480.0,325.27472527472526,0.8666666666666667,0.6,0.4065934065934066,26,36,37
23263225,11,11,11,5377.0,13867.0,22640.0,286.40909090909093,286.40909090909093,286.40909090909093,283.0,283.0,283.0,11,11,11,277.58333,277.58333,277.58333,300.0,300.0,300.0,179.23333333333332,231.11666666666667,248.7912087912088,0.6333333333333333,0.8166666666666667,0.8791208791208791,19,49,80
23343001,28,58,69,1200.0,1200.0,13200.0,635.7142857142857,587.0689655172414,565.2173913043479,600.0,600.0,600.0,28,58,69,600.0,487.5,450.0,700.0,675.0,600.0,40.0,20.0,145.05494505494505,0.06666666666666667,0.03333333333333333,0.24175824175824176,2,2,22
23779860,7,7,32,16100.000000000002,37099.99999999999,17700.0,700.0,700.0,406.25,700.0,700.0,300.0,7,7,32,700.0,700.0,300.0,700.0,700.0,496.875,536.6666666666667,618.3333333333333,194.5054945054945,0.7666666666666667,0.8833333333333333,0.6483516483516484,23,53,59
24171739,0,5,25,,46200.0,26400.0,,840.0,490.12,,840.0,400.0,0,5,25,,840.0,400.0,,840.0,432.0,,770.0,290.1098901098901,1.0,0.9166666666666666,0.7252747252747253,30,55,66
25165914,24,54,85,4200.0,4200.0,4200.0,700.0,675.925925925926,621.1764705882352,700.0,700.0,700.0,24,54,85,700.0,700.0,500.0,700.0,700.0,700.0,140.0,70.0,46.15384615384615,0.2,0.1,0.06593406593406594,6,6,6
26026295,4,10,27,16510.0,29000.000000000004,24960.000000000004,635.0,576.5,438.7037037037037,635.0,580.0,390.0,4,10,27,580.0,542.5,340.0,690.0,580.0,555.0,550.3333333333334,483.33333333333337,274.28571428571433,0.8666666666666667,0.8333333333333334,0.7032967032967034,26,50,64
26197944,9,27,58,10500.0,13200.000000000002,14025.0,500.0,433.3333333333333,432.7586206896552,500.0,400.0,425.0,9,27,58,500.0,400.0,400.0,500.0,496.5,450.0,350.0,220.00000000000003,154.12087912087912,0.7,0.55,0.3626373626373626,21,33,33
26334990,19,28,48,14299.999999999998,41600.0,51600.0,1313.267547368421,1280.43155,1217.3090291666667,1300.0,1300.0,1200.0,19,28,48,1300.0,1200.0,1126.8125,1326.875,1304.6875,1300.0,476.66666666666663,693.3333333333334,567.032967032967,0.36666666666666664,0.5333333333333333,0.4725274725274725,11,32,43
26570136,8,32,63,17600.0,22400.0,14933.332400000001,762.5,809.430803125,676.2346904761904,800.0,800.0,533.3333,8,32,63,700.0,700.0,500.0,800.0,959.375,800.0,586.6666666666666,373.3333333333333,164.10255384615385,0.7333333333333333,0.4666666666666667,0.3076923076923077,22,28,28
26708551,8,31,60,14387.999999999998,18966.0,13182.75,657.375,661.0349451612902,531.4013883333333,654.0,654.0,425.25,8,31,60,654.0,588.16665,393.875,663.0,663.0,654.0,479.59999999999997,316.1,144.8653846153846,0.7333333333333333,0.48333333333333334,0.34065934065934067,22,29,31
26839303,17,32,46,10400.0,22400.0,36000.0,843.6049,854.4151031250001,692.2018108695653,800.0,800.0,800.0,17,32,46,800.0,800.0,350.0,900.0,910.7625,800.0,346.6666666666667,373.3333333333333,395.6043956043956,0.43333333333333335,0.4666666666666667,0.4945054945054945,13,28,45
26895628,2,12,36,29876.0,51216.0,46750.0,1067.0,1048.9166666666667,824.6388888888889,1067.0,1067.0,850.0,2,12,36,1067.0,1067.0,650.0,1067.0,1067.0,1067.0,995.8666666666667,853.6,513.7362637362637,0.9333333333333333,0.8,0.6043956043956044,28,48,55
27022969,29,47,47,1450.0,18850.0,63800.0,1450.0,1502.127659574468,1502.127659574468,1450.0,1450.0,1450.0,29,47,47,1450.0,1450.0,1450.0,1450.0,1450.0,1450.0,48.333333333333336,314.1666666666667,701.0989010989011,0.03333333333333333,0.21666666666666667,0.4835164835164835,1,13,44
27201205,0,5,24,,35749.99999999999,34761.8311,,630.0,542.6111083333334,,650.0,518.8333,0,5,24,,600.0,500.0,,650.0,570.0,,595.8333333333333,381.998143956044,1.0,0.9166666666666666,0.7362637362637363,30,55,67
27704027,22,48,79,6400.0,9600.0,8400.0,800.0,770.8333333333334,734.1772151898734,800.0,800.0,700.0,22,48,79,800.0,700.0,700.0,800.0,800.0,800.0,213.33333333333334,160.0,92.3076923076923,0.26666666666666666,0.2,0.13186813186813187,8,12,12
27718978,0,0,14,,,38500.0,,,517.1428571428571,,,500.0,0,0,14,,,500.0,,,537.5,,,423.0769230769231,1.0,1.0,0.8461538461538461,30,60,77
27981528,20,39,46,5000.0,10500.0,22500.0,525.0,527.8205128205128,490.10869565217394,500.0,500.0,500.0,20,39,46,500.0,500.0,500.0,500.0,500.0,500.0,166.66666666666666,175.0,247.25274725274727,0.3333333333333333,0.35,0.4945054945054945,10,21,45
28071688,0,13,41,,41140.665100000006,27500.000000000004,,881.3589692307693,659.3739804878049,,875.3333,550.0,0,13,41,,550.0,550.0,,1200.0,603.0,,685.6777516666667,302.1978021978022,1.0,0.7833333333333333,0.5494505494505495,30,47,50
28075525,0,0,21,,,27825.0,,,394.2857142857143,,,397.5,0,0,21,,,380.0,,,400.0,,,305.7692307692308,1.0,1.0,0.7692307692307693,30,60,70
28160414,0,26,57,,23799.999999999996,16932.0,,702.0,591.0526315789474,,700.0,498.0,0,26,57,,700.0,498.0,,800.0,700.0,,396.66666666666663,186.06593406593407,1.0,0.5666666666666667,0.37362637362637363,30,34,34
28366360,24,41,66,6000.0,18999.999999999996,20000.0,929.5625,958.7682926829268,775.4318181818181,1000.0,1000.0,800.0,24,41,66,800.0,800.0,500.0,1000.0,1000.0,1000.0,200.0,316.66666666666663,219.7802197802198,0.2,0.31666666666666665,0.27472527472527475,6,19,25
28410850,22,46,76,4544.0,7952.0,7485.0,570.7878772727273,548.5507239130435,527.5438592105263,568.0,568.0,499.0,22,46,76,568.0,499.0,494.0,568.0,568.0,568.0,151.46666666666667,132.53333333333333,82.25274725274726,0.26666666666666666,0.23333333333333334,0.16483516483516483,8,14,15
28429135,2,32,63,12110.0,12098.33324,9262.400000000001,432.5,530.11354125,433.16878285714284,432.5,432.08333,330.8,2,32,63,431.25,331.2,330.0,433.75,648.5,432.08333,403.6666666666667,201.63888733333334,101.78461538461539,0.9333333333333333,0.4666666666666667,0.3076923076923077,28,28,28
28987242,0,6,28,,71280.0,31941.0,,1052.3333333333333,623.8571428571429,,1320.0,507.0,0,6,28,,717.75,507.0,,1320.0,507.0,,1188.0,351.0,1.0,0.9,0.6923076923076923,30,54,63
29008738,2,17,45,21112.0,23005.0,22723.999999999996,754.0,607.8235294117648,532.6444444444444,754.0,535.0,494.0,2,17,45,754.0,535.0,480.0,754.0,690.0,535.0,703.7333333333333,383.4166666666667,249.7142857142857,0.9333333333333333,0.7166666666666667,0.5054945054945055,28,43,46
29114516,2,5,36,11200.0,21999.999999999996,22000.0,400.0,400.0,354.375,400.0,400.0,400.0,2,5,36,400.0,400.0,300.0,400.0,400.0,400.0,373.3333333333333,366.66666666666663,241.75824175824175,0.9333333333333333,0.9166666666666666,0.6043956043956044,28,55,55
29341170,8,35,46,8777.999999999998,9975.0,15705.0,399.0,427.57142857142856,408.7826086956522,399.0,399.0,349.0,8,35,46,399.0,349.0,349.0,399.0,399.0,399.0,292.59999999999997,166.25,172.58241758241758,0.7333333333333333,0.4166666666666667,0.4945054945054945,22,25,45
2951220,24,54,85,4389.0,4620.0,4020.0,761.8645833333334,866.1064814814815,789.6676470588235,731.5,770.0,670.0,24,54,85,645.0,659.0,648.0,867.625,952.5,858.5,146.3,77.0,44.175824175824175,0.2,0.1,0.06593406593406594,6,6,6
29739100,8,38,69,16543.999999999996,16500.0,14557.400000000001,752.3333375,738.2570184210526,699.7922710144928,752.0,750.0,661.7,8,38,69,750.0,678.0,650.0,753.000025,762.0,750.0,551.4666666666666,275.0,159.9714285714286,0.7333333333333333,0.36666666666666664,0.24175824175824176,22,22,22
29761442,1,6,6,20300.0,20520.0,32300.0,700.0,433.3333333333333,433.3333333333333,700.0,380.0,380.0,1,6,6,700.0,380.0,380.0,700.0,380.0,380.0,676.6666666666666,342.0,354.94505494505495,0.9666666666666667,0.9,0.9340659340659341,29,54,85
29800671,14,44,75,9536.0,9536.0,8736.000000000002,601.0,609.6742431818183,548.8866666666667,596.0,596.0,546.0,14,44,75,546.0,533.5,376.0,646.0,646.0,646.0,317.8666666666667,158.93333333333334,96.00000000000001,0.5333333333333333,0.26666666666666666,0.17582417582417584,16,16,16
29870406,18,45,65,11760.0,14700.0,25142.0,984.4444444444445,924.0333333333333,781.1923076923077,980.0,980.0,967.0,18,45,65,980.0,860.0,499.0,990.0,990.0,980.0,392.0,245.0,276.2857142857143,0.4,0.25,0.2857142857142857,12,15,26
30032994,8,21,31,8689.999999999998,12870.0,18000.0,395.0,341.9047619047619,309.35483870967744,395.0,330.0,300.0,8,21,31,377.5,300.0,265.0,420.0,380.0,365.0,289.66666666666663,214.5,197.8021978021978,0.7333333333333333,0.65,0.6593406593406593,22,39,60
30085847,13,37,65,8330.0,13570.000000000002,15339.999999999998,498.7307692307692,544.418918918919,562.2435892307692,490.0,590.0,590.0,13,37,65,490.0,490.0,520.0,510.0,590.0,590.0,277.6666666666667,226.16666666666669,168.57142857142856,0.5666666666666667,0.38333333333333336,0.2857142857142857,17,23,26
30105402,29,56,87,900.0,3600.0,3600.0,937.9310344827586,931.6964285714286,777.8735632183908,900.0,900.0,900.0,29,56,87,900.0,900.0,500.0,1000.0,1000.0,900.0,30.0,60.0,39.56043956043956,0.03333333333333333,0.06666666666666667,0.04395604395604396,1,4,4
30153564,3,16,44,10773.0,17555.999999999996,18612.000000000004,399.0,397.83854125,388.54356045454546,399.0,399.0,396.0,3,16,44,399.0,358.0,358.0,399.0,447.25,428.75,359.1,292.59999999999997,204.52747252747255,0.9,0.7333333333333333,0.5164835164835165,27,44,47
30332330,3,19,46,8100.0,14698.5,14850.0,300.0,350.6096484210526,308.0271732608696,300.0,358.5,330.0,3,19,46,300.0,330.0,228.0,300.0,380.0,361.624995,270.0,244.975,163.1868131868132,0.9,0.6833333333333333,0.4945054945054945,27,41,45
30402651,28,37,48,1100.0,12650.0,23650.0,560.375,582.1756756756756,597.71875,550.0,550.0,550.0,28,37,48,549.0,549.5,550.0,550.0,650.0,650.0,36.666666666666664,210.83333333333334,259.8901098901099,0.06666666666666667,0.38333333333333336,0.4725274725274725,2,23,43
30491733,1,17,48,25839.0,38184.0,33110.0,891.0,862.5627470588234,753.41180625,891.0,888.0,770.0,1,17,48,891.0,803.0,650.0,891.0,899.0,805.0,861.3,636.4,363.8461538461538,0.9666666666666667,0.7166666666666667,0.4725274725274725,29,43,43
30493854,0,21,32,,17550.0,26550.0,,521.4285714285714,496.875,,450.0,450.0,0,21,32,,450.0,450.0,,700.0,450.0,,292.5,291.75824175824175,1.0,0.65,0.6483516483516484,30,39,59
30494198,13,29,59,8840.0,16120.000000000002,12032.000000000002,516.9230769230769,536.2068965517242,429.77966101694915,520.0,520.0,376.0,13,29,59,520.0,520.0,297.0,520.0,650.0,520.0,294.6666666666667,268.6666666666667,132.21978021978023,0.5666666666666667,0.5166666666666667,0.3516483516483517,17,31,32
30560948,15,36,67,14250.0,22800.0,16800.0,950.0,853.6768527777778,782.5726373134328,950.0,950.0,700.0,15,36,67,950.0,700.0,700.0,950.0,950.0,950.0,475.0,380.0,184.6153846153846,0.5,0.4,0.26373626373626374,15,24,24
30617740,10,40,71,13000.0,13000.0,10000.0,650.0,598.1416675,556.4929577464789,650.0,650.0,500.0,10,40,71,650.0,500.0,500.0,650.0,650.0,650.0,433.3333333333333,216.66666666666666,109.89010989010988,0.6666666666666666,0.3333333333333333,0.21978021978021978,20,20,20
30785010,2,19,50,16800.0,24600.0,17630.0,600.0,621.4473684210526,487.05,600.0,600.0,430.0,2,19,50,600.0,430.0,385.0,600.0,900.0,450.0,560.0,410.0,193.73626373626374,0.9333333333333333,0.6833333333333333,0.45054945054945056,28,41,41
30910938,4,23,54,14625.0,16650.0,16650.0,564.5,482.95652173913044,475.14814814814815,562.5,450.0,450.0,4,23,54,550.0,450.0,450.0,577.0,550.0,450.0,487.5,277.5,182.96703296703296,0.8666666666666667,0.6166666666666667,0.4065934065934066,26,37,37
31055581,14,38,69,9680.0,9790.0,9130.0,559.2857142857143,475.2631578947368,422.1014492753623,605.0,445.0,415.0,14,38,69,485.0,415.0,325.0,605.0,565.0,445.0,322.6666666666667,163.16666666666666,100.32967032967034,0.5333333333333333,0.36666666666666664,0.24175824175824176,16,22,22
31059537,3,31,58,25623.0,28971.0,25748.249999999996,999.0,925.5053741935484,783.9425275862069,949.0,999.0,780.25,3,31,58,949.0,724.0,499.0,1024.0,999.0,999.0,854.1,482.85,282.94780219780216,0.9,0.48333333333333334,0.3626373626373626,27,29,33
31069380,6,19,19,15699.000000000002,34091.5,59868.0,648.6666666666666,777.3157894736842,777.3157894736842,654.125,831.5,831.5,6,19,19,633.375,654.125,654.125,661.75,899.0,899.0,523.3000000000001,568.1916666666667,657.8901098901099,0.8,0.6833333333333333,0.7912087912087912,24,41,72
31169655,5,34,65,12825.0,12740.0,9750.0,512.7,458.2867647058824,404.71923076923076,513.0,490.0,375.0,5,34,65,511.5,380.0,330.0,513.0,510.0,490.0,427.5,212.33333333333334,107.14285714285714,0.8333333333333334,0.43333333333333335,0.2857142857142857,25,26,26
31278015,0,25,56,,26250.0,15050.0,,596.4,504.2857142857143,,750.0,430.0,0,25,56,,430.0,430.0,,750.0,430.0,,437.5,165.3846153846154,1.0,0.5833333333333334,0.38461538461538464,30,35,35
31284638,9,20,40,20790.0,39600.0,43095.0,1093.3333333333333,1036.5,868.25,990.0,990.0,845.0,9,20,40,990.0,990.0,700.0,1300.0,990.0,990.0,693.0,660.0,473.57142857142856,0.7,0.6666666666666666,0.5604395604395604,21,40,51
31380471,3,26,57,21573.0,27200.0,25500.0,799.0,967.1923076923077,767.6578947368421,799.0,800.0,750.0,3,26,57,799.0,800.0,500.0,799.0,1200.0,800.0,719.1,453.3333333333333,280.2197802197802,0.9,0.5666666666666667,0.37362637362637363,27,34,34
31441134,30,60,90,0.0,0.0,1500.0000000000002,1500.0,1500.0,1502.8666666666666,1500.0,1500.0,1500.0,30,60,90,1500.0,1500.0,1500.0,1500.0,1500.0,1500.0,0.0,0.0,16.483516483516485,0.0,0.0,0.01098901098901099,0,0,1
31454750,21,43,59,4386.00006,8426.33322,15328.000000000002,480.5238095238095,584.453488372093,544.4661016949152,487.33334,495.66666,479.0,21,43,59,479.0,479.0,437.0,495.66666,648.0,504.0,146.200002,140.438887,168.43956043956047,0.3,0.2833333333333333,0.3516483516483517,9,17,32
31511990,25,55,86,2250.0,2250.0,2500.0,453.56,474.09090909090907,483.43023255813955,450.0,450.0,500.0,25,55,86,450.0,450.0,450.0,450.0,500.0,500.0,75.0,37.5,27.47252747252747,0.16666666666666666,0.08333333333333333,0.054945054945054944,5,5,5
31530689,16,43,74,9800.0,11899.999999999998,11900.0,703.5625,728.3604651162791,716.4797297297297,700.0,700.0,700.0,16,43,74,700.0,700.0,700.0,700.0,700.0,700.0,326.6666666666667,198.33333333333331,130.76923076923077,0.4666666666666667,0.2833333333333333,0.18681318681318682,14,17,17
31543199,0,13,44,,32900.0,32312.500000000004,,892.6923076923077,751.2727272727273,,700.0,687.5,0,13,44,,675.0,650.0,,1170.0,700.0,,548.3333333333334,355.08241758241763,1.0,0.7833333333333333,0.5164835164835165,30,47,47
31560419,0,11,41,,22001.0,22450.000000000004,,449.0,402.6585365853659,,449.0,449.0,0,11,41,,449.0,349.0,,449.0,449.0,,366.68333333333334,246.70329670329673,1.0,0.8166666666666667,0.5494505494505495,30,49,50
31682871,3,27,38,8100.0,9570.0,15370.000000000002,300.0,334.82098740740736,321.84649105263156,300.0,290.0,290.0,3,27,38,300.0,290.0,290.0,300.0,316.75,300.0,270.0,159.5,168.90109890109892,0.9,0.55,0.5824175824175825,27,33,53
31859744,8,38,69,12539.999999999998,12539.999999999998,8139.999999999999,570.0,572.6315789473684,489.1304347826087,570.0,570.0,370.0,8,38,69,570.0,370.0,370.0,570.0,742.5,570.0,417.99999999999994,208.99999999999997,89.45054945054945,0.7333333333333333,0.36666666666666664,0.24175824175824176,22,22,22
31945494,3,29,53,17010.0,24800.000000000004,23940.0,630.0,729.6551724137931,551.0943396226415,630.0,800.0,630.0,3,29,53,630.0,630.0,280.0,630.0,800.0,800.0,567.0,413.33333333333337,263.0769230769231,0.9,0.5166666666666667,0.4175824175824176,27,31,38
32185033,10,15,37,26000.0,58500.0,54000.0,1360.0,1340.0,1116.2162162162163,1300.0,1300.0,1000.0,10,15,37,1300.0,1300.0,950.0,1450.0,1300.0,1300.0,866.6666666666666,975.0,593.4065934065934,0.6666666666666666,0.75,0.5934065934065934,20,45,54
32371924,0,1,31,,34810.0,31080.0,,590.0,545.8709677419355,,590.0,518.0,0,1,31,,590.0,518.0,,590.0,590.0,,580.1666666666666,341.53846153846155,1.0,0.9833333333333333,0.6593406593406593,30,59,60
32443120,0,13,13,,24863.0,41261.99999999999,,512.3974353846154,512.3974353846154,,529.0,529.0,0,13,13,,507.0,507.0,,529.0,529.0,,414.3833333333333,453.4285714285714,1.0,0.7833333333333333,0.8571428571428571,30,47,78
32486859,1,21,48,30450.0,35061.0,36507.0,1050.0,867.1190476190476,868.3854166666666,1050.0,899.0,849.0,1,21,48,1050.0,849.0,849.0,1050.0,949.0,899.0,1015.0,584.35,401.1758241758242,0.9666666666666667,0.65,0.4725274725274725,29,39,43
32585103,3,12,38,16200.0,28800.0,15900.000000000002,600.0,580.75,368.92105263157896,600.0,600.0,300.0,3,12,38,600.0,600.0,250.0,600.0,600.0,600.0,540.0,480.0,174.72527472527474,0.9,0.8,0.5824175824175825,27,48,53
32592683,11,30,56,28500.0,30000.0,35000.0,1500.0,1163.3333333333333,1123.2142857142858,1500.0,1000.0,1000.0,11,30,56,1500.0,1000.0,1000.0,1500.0,1500.0,1500.0,950.0,500.0,384.61538461538464,0.6333333333333333,0.5,0.38461538461538464,19,30,35
32600458,0,11,38,,29400.0,26500.000000000004,,590.9090909090909,506.14035000000007,,600.0,500.0,0,11,38,,600.0,450.0,,600.0,577.777775,,490.0,291.20879120879124,1.0,0.8166666666666667,0.5824175824175825,30,49,53
32606991,14,30,61,11984.0,19072.5,16094.999999999998,704.3214285714286,618.65,574.6803278688525,749.0,635.75,536.5,14,30,61,658.25,494.125,480.0,749.0,736.625,621.5,399.46666666666664,317.875,176.86813186813185,0.5333333333333333,0.5,0.32967032967032966,16,30,30
3263701,11,20,26,31350.0,66000.0,107250.00000000001,1650.0,1650.0,1488.4615384615386,1650.0,1650.0,1650.0,11,20,26,1650.0,1650.0,1650.0,1650.0,1650.0,1650.0,1045.0,1100.0,1178.5714285714287,0.6333333333333333,0.6666666666666666,0.7142857142857143,19,40,65
32766950,5,17,48,12500.0,12900.0,12900.0,500.0,358.8235294117647,320.8333333333333,500.0,300.0,300.0,5,17,48,500.0,300.0,300.0,500.0,500.0,300.0,416.6666666666667,215.0,141.75824175824175,0.8333333333333334,0.7166666666666667,0.4725274725274725,25,43,43
32990586,24,40,67,6900.0,23000.0,22800.0,1083.3333333333333,1133.05,998.8358208955224,1150.0,1150.0,950.0,24,40,67,950.0,1150.0,800.0,1150.0,1150.0,1150.0,230.0,383.3333333333333,250.54945054945057,0.2,0.3333333333333333,0.26373626373626374,6,20,24
33336758,5,19,30,13000.000000000002,21320.0,29280.0,520.0,545.2456157894736,471.45555666666667,520.0,520.0,480.0,5,19,30,520.0,500.0,344.0,520.0,648.0,559.75,433.33333333333337,355.3333333333333,321.75824175824175,0.8333333333333334,0.6833333333333333,0.6703296703296703,25,41,61
34218930,12,28,58,16560.0,29440.0,18810.0,870.0,894.0544607142857,726.2360620689656,920.0,920.0,570.0,12,28,58,800.0,800.0,560.0,920.0,979.625,920.0,552.0,490.6666666666667,206.7032967032967,0.6,0.5333333333333333,0.3626373626373626,18,32,33
34540951,3,31,62,15498.0,16646.0,14471.0,574.0,637.483870967742,543.241935483871,574.0,574.0,499.0,3,31,62,574.0,558.0,399.0,574.0,599.0,574.0,516.6,277.43333333333334,159.02197802197801,0.9,0.48333333333333334,0.31868131868131866,27,29,29
34866449,2,29,59,15400.000000000002,17050.0,12800.000000000002,550.0,535.0689655172414,468.93220338983053,550.0,550.0,400.0,2,29,59,550.0,400.0,400.0,550.0,550.0,550.0,513.3333333333334,284.1666666666667,140.65934065934067,0.9333333333333333,0.5166666666666667,0.3516483516483517,28,31,32
35481220,29,49,60,650.0,7149.999999999999,20101.28505,662.9329844827586,620.5580051020409,598.7350681666667,650.0,650.0,648.42855,29,49,60,650.0,643.7143,498.0,680.25,650.0,650.0,21.666666666666668,119.16666666666666,220.8932423076923,0.03333333333333333,0.18333333333333332,0.34065934065934067,1,11,31
35826155,0,0,20,,,41890.0,,,590.0,,,590.0,0,0,20,,,590.0,,,590.0,,,460.3296703296703,1.0,1.0,0.7802197802197802,30,60,71
35912580,0,10,38,,17500.0,18550.000000000004,,350.0,327.8157894736842,,350.0,350.0,0,10,38,,350.0,300.0,,350.0,350.0,,291.6666666666667,203.84615384615387,1.0,0.8333333333333334,0.5824175824175825,30,50,53
35934720,0,10,10,,25000.0,40500.0,,500.0,500.0,,500.0,500.0,0,10,10,,500.0,500.0,,500.0,500.0,,416.6666666666667,445.05494505494505,1.0,0.8333333333333334,0.8901098901098901,30,50,81
36032020,0,4,17,,30800.000000000004,33300.0,,550.0,473.52941176470586,,550.0,450.0,0,4,17,,550.0,450.0,,550.0,450.0,,513.3333333333334,365.9340659340659,1.0,0.9333333333333333,0.8131868131868132,30,56,74
36632832,17,43,70,9750.0,12750.0,9450.0,750.0,639.3372093023256,537.7357142857143,750.0,750.0,450.0,17,43,70,750.0,450.0,350.0,750.0,750.0,750.0,325.0,212.5,103.84615384615385,0.43333333333333335,0.2833333333333333,0.23076923076923078,13,17,21
36908385,2,10,19,18200.0,42250.00000000001,32760.0,650.0,786.5,629.4736842105264,650.0,845.0,455.0,2,10,19,650.0,503.75,455.0,650.0,1040.0,845.0,606.6666666666666,704.1666666666667,360.0,0.9333333333333333,0.8333333333333334,0.7912087912087912,28,50,72
37118794,8,31,62,21999.999999999996,29000.0,28999.999999999996,1000.0,1000.0,1000.0,1000.0,1000.0,1000.0,8,31,62,1000.0,1000.0,1000.0,1000.0,1000.0,1000.0,733.3333333333333,483.3333333333333,318.68131868131866,0.7333333333333333,0.48333333333333334,0.31868131868131866,22,29,29
37153670,8,23,53,12100.0,15410.500000000002,15200.0,527.125,452.1956521739131,386.8018867924528,550.0,416.5,400.0,8,23,53,512.5,400.0,300.0,562.5,491.5,411.33334,403.3333333333333,256.8416666666667,167.03296703296704,0.7333333333333333,0.6166666666666667,0.4175824175824176,22,37,38
37347085,27,57,88,1476.0,1476.0,1476.0,495.55555555555554,494.56140350877195,494.52272727272725,492.0,492.0,492.0,27,57,88,492.0,492.0,492.0,492.0,492.0,492.0,49.2,24.6,16.21978021978022,0.1,0.05,0.03296703296703297,3,3,3
37487828,4,17,43,15600.0,25800.0,18240.0,600.0,546.4705882352941,449.7674418604651,600.0,600.0,380.0,4,17,43,600.0,350.0,350.0,600.0,800.0,500.0,520.0,430.0,200.43956043956044,0.8666666666666667,0.7166666666666667,0.5274725274725275,26,43,48
37494985,18,48,79,11400.0,11400.0,10200.0,950.0,917.7083333333334,843.4493683544305,950.0,950.0,850.0,18,48,79,950.0,850.0,750.0,950.0,950.0,950.0,380.0,190.0,112.08791208791209,0.4,0.2,0.13186813186813187,12,12,12
37708447,2,10,39,19600.0,35000.0,36400.0,700.0,779.6,655.025641025641,700.0,700.0,700.0,2,10,39,700.0,700.0,550.0,700.0,899.0,700.0,653.3333333333334,583.3333333333334,400.0,0.9333333333333333,0.8333333333333334,0.5714285714285714,28,50,52
37989675,6,32,63,11160.0,12110.0,11200.0,437.5,436.375,418.4761904761905,465.0,432.5,400.0,6,32,63,465.0,400.0,400.0,465.0,465.0,432.5,372.0,201.83333333333334,123.07692307692308,0.8,0.4666666666666667,0.3076923076923077,24,28,28
38262480,16,24,24,16800.0,43200.0,80400.00000000001,1200.0,1200.0,1200.0,1200.0,1200.0,1200.0,16,24,24,1200.0,1200.0,1200.0,1200.0,1200.0,1200.0,560.0,720.0,883.5164835164836,0.4666666666666667,0.6,0.7362637362637363,14,36,67
38319706,18,48,79,7080.0,7080.0,7080.000000000001,590.0,588.0277770833333,526.902953164557,590.0,590.0,590.0,18,48,79,590.0,590.0,450.0,590.0,627.5,590.0,236.0,118.0,77.80219780219781,0.4,0.2,0.13186813186813187,12,12,12
38447436,30,60,91,0.0,0.0,0.0,1309.7333333333333,1175.35,995.7362637362637,1297.0,1295.0,875.0,30,60,91,1297.0,1018.5,693.0,1397.0,1322.0,1297.0,0.0,0.0,0.0,0.0,0.0,0.0,0,0,0
38514587,29,59,90,874.6667,873.75,867.3333,883.3362068965516,861.498586440678,857.3601844444444,874.6667,873.75,867.3333,29,59,90,867.3333,857.33335,830.0,882.0,878.3333,878.3333,29.155556666666666,14.5625,9.531135164835165,0.03333333333333333,0.016666666666666666,0.01098901098901099,1,1,1
38638326,7,34,65,16502.5,17550.0,15801.5,717.0238142857143,722.2990205882353,627.6333338461538,717.5,675.0,607.75,7,34,65,705.0,626.3125,495.0,730.83335,724.375025,675.0,550.0833333333334,292.5,173.64285714285714,0.7666666666666667,0.43333333333333335,0.2857142857142857,23,26,26
38693604,6,23,54,14400.0,16650.0,16650.0,616.6666666666666,528.2608695652174,483.3333333333333,600.0,450.0,450.0,6,23,54,600.0,450.0,450.0,637.5,625.0,450.0,480.0,277.5,182.96703296703296,0.8,0.6166666666666667,0.4065934065934066,24,37,37
38695314,6,22,53,19200.0,30399.999999999996,19000.0,741.6666666666666,775.0,564.6037735849056,800.0,800.0,500.0,6,22,53,800.0,487.5,380.0,800.0,800.0,800.0,640.0,506.66666666666663,208.7912087912088,0.8,0.6333333333333333,0.4175824175824176,24,38,38
38730549,8,33,64,18909.0,22734.000000000004,19629.0,944.625,810.1515151515151,740.625,859.5,842.0,727.0,8,33,64,842.0,727.0,618.0,1104.0,842.0,842.0,630.3,378.90000000000003,215.7032967032967,0.7333333333333333,0.45,0.2967032967032967,22,27,27
38800430,8,13,13,13199.999999999998,28200.0,46799.99999999999,600.0,503.84615384615387,503.84615384615387,600.0,600.0,600.0,8,13,13,600.0,350.0,350.0,600.0,600.0,600.0,439.99999999999994,470.0,514.2857142857142,0.7333333333333333,0.7833333333333333,0.8571428571428571,22,47,78
38852725,10,31,62,13399.999999999998,13456.0,13050.0,664.0,539.741935483871,494.8709677419355,670.0,464.0,450.0,10,31,62,655.0,450.0,450.0,670.0,650.0,460.5,446.66666666666663,224.26666666666668,143.4065934065934,0.6666666666666666,0.48333333333333334,0.31868131868131866,20,29,29
38899673,27,48,78,1194.0000000000002,4800.0,6500.0,397.75925925925924,484.54861041666663,544.0149564102563,398.0,400.0,500.0,27,48,78,395.0,396.5,400.0,400.0,500.0,710.0,39.800000000000004,80.0,71.42857142857143,0.1,0.2,0.14285714285714285,3,12,13
38957661,2,12,43,25200.0,31200.0,19200.0,900.0,650.0,483.72093023255815,900.0,650.0,400.0,2,12,43,900.0,400.0,400.0,900.0,900.0,400.0,840.0,520.0,210.989010989011,0.9333333333333333,0.8,0.5274725274725275,28,48,48
38980085,16,46,77,11200.0,11200.0,11200.0,800.0,896.195652173913,859.5324675324675,800.0,800.0,800.0,16,46,77,800.0,800.0,800.0,800.0,800.0,800.0,373.3333333333333,186.66666666666666,123.07692307692308,0.4666666666666667,0.23333333333333334,0.15384615384615385,14,14,14
38998610,11,37,68,3705.0,4485.0,4485.0,195.0,195.0,195.0,195.0,195.0,195.0,11,37,68,195.0,195.0,195.0,195.0,195.0,195.0,123.5,74.75,49.285714285714285,0.6333333333333333,0.38333333333333336,0.25274725274725274,19,23,23
39007372,27,57,88,3300.0,3300.0,3300.0,1100.0,1100.0,1100.0,1100.0,1100.0,1100.0,27,57,88,1100.0,1100.0,1100.0,1100.0,1100.0,1100.0,110.0,55.0,36.26373626373626,0.1,0.05,0.03296703296703297,3,3,3
39051477,30,60,91,0.0,0.0,0.0,1684.6444466666667,1557.6555566666668,1538.0146527472527,1563.0,1440.0,1500.0,30,60,91,1440.0,1440.0,1440.0,2000.0,1554.8333,1515.0,0.0,0.0,0.0,0.0,0.0,0.0,0,0,0
39109062,17,43,74,22100.000000000004,25500.0,23800.0,1700.0,1546.5116279069769,1485.1351351351352,1700.0,1500.0,1400.0,17,43,74,1700.0,1400.0,1400.0,1700.0,1700.0,1500.0,736.6666666666667,425.0,261.53846153846155,0.43333333333333335,0.2833333333333333,0.18681318681318682,13,17,17
39145712,0,15,19,,29295.0,46872.0,,786.0,751.8947368421053,,651.0,651.0,0,15,19,,651.0,632.0,,993.0,993.0,,488.25,515.0769230769231,1.0,0.75,0.7912087912087912,30,45,72
39316910,0,4,15,,44240.0,60040.0,,790.0,684.0,,790.0,790.0,0,4,15,,790.0,500.0,,790.0,802.5,,737.3333333333334,659.7802197802198,1.0,0.9333333333333333,0.8351648351648352,30,56,76
39363955,7,26,57,10925.0,15984.249999999998,12580.0,471.42857142857144,468.5634615384615,397.4149122807018,475.0,470.125,370.0,7,26,57,462.5,450.0,320.0,475.0,497.625,456.25,364.1666666666667,266.40416666666664,138.24175824175825,0.7666666666666667,0.5666666666666667,0.37362637362637363,23,34,34
39394644,12,42,73,14400.0,14400.0,11699.999999999998,812.1666666666666,781.1190452380953,726.2739698630138,800.0,800.0,650.0,12,42,73,800.0,670.3333,650.0,800.0,800.0,800.0,480.0,240.0,128.57142857142856,0.6,0.3,0.1978021978021978,18,18,18
39414948,7,33,61,18860.000000000004,18900.0,14700.0,807.1428571428571,669.2424242424242,561.8852459016393,820.0,700.0,490.0,7,33,61,780.0,520.0,400.0,827.5,780.0,780.0,628.6666666666667,315.0,161.53846153846155,0.7666666666666667,0.45,0.32967032967032966,23,27,30
39420557,14,33,33,12800.0,21600.0,46399.99999999999,792.8571428571429,798.4848484848485,798.4848484848485,800.0,800.0,800.0,14,33,33,800.0,750.0,750.0,800.0,850.0,850.0,426.6666666666667,360.0,509.89010989010984,0.5333333333333333,0.45,0.6373626373626373,16,27,58
39507664,4,12,39,15574.0,28752.000000000004,31148.0,609.25,626.75,533.4358974358975,599.0,599.0,599.0,4,12,39,599.0,599.0,429.0,609.25,609.25,599.0,519.1333333333333,479.20000000000005,342.2857142857143,0.8666666666666667,0.8,0.5714285714285714,26,48,52
39583346,16,25,50,11200.0,24500.000000000004,21525.0,762.5,740.0,545.0,800.0,700.0,525.0,16,25,50,700.0,700.0,350.0,800.0,800.0,700.0,373.3333333333333,408.33333333333337,236.53846153846155,0.4666666666666667,0.5833333333333334,0.45054945054945056,14,35,41
39629644,0,5,17,,30195.0,25900.000000000004,,549.0,410.47058823529414,,549.0,350.0,0,5,17,,549.0,350.0,,549.0,549.0,,503.25,284.61538461538464,1.0,0.9166666666666666,0.8131868131868132,30,55,74
39635217,2,2,16,22400.0,46400.0,28005.0,800.0,800.0,423.06562499999995,800.0,800.0,373.4,2,2,16,800.0,800.0,355.0,800.0,800.0,383.125,746.6666666666666,773.3333333333334,307.74725274725273,0.9333333333333333,0.9666666666666667,0.8241758241758241,28,58,75
39685785,7,37,68,12874.250000000002,12874.250000000002,10675.83318,560.7261857142857,569.5443675675675,529.8991414705881,559.75,559.75,464.16666,7,37,68,552.91665,450.0,450.0,569.5,622.0,596.875,429.1416666666667,214.57083333333335,117.31684813186813,0.7666666666666667,0.38333333333333336,0.25274725274725274,23,23,23
39715668,3,26,56,7290.0,8160.0,7525.0,270.0,243.69230769230768,225.10714285714286,270.0,240.0,215.0,3,26,56,270.0,210.0,200.0,270.0,270.0,240.0,243.0,136.0,82.6923076923077,0.9,0.5666666666666667,0.38461538461538464,27,34,35
39745810,28,58,89,4500.0,4500.0,4500.0,2250.0,2273.7838689655173,2352.5782516853933,2250.0,2250.0,2250.0,28,58,89,2250.0,2250.0,2250.0,2250.0,2250.0,2500.0,150.0,75.0,49.45054945054945,0.06666666666666667,0.03333333333333333,0.02197802197802198,2,2,2
3977675,14,44,55,5021.33328,3168.0,7127.999999999999,307.7976185714286,253.89015136363633,242.71212109090908,313.83333,198.0,198.0,14,44,55,300.0,198.0,198.0,330.0,306.91666499999997,300.0,167.37777599999998,52.8,78.32967032967032,0.5333333333333333,0.26666666666666666,0.3956043956043956,16,16,36
39972515,3,28,59,11286.0,11040.0,10336.0,398.3333333333333,370.1607142857143,337.7118644067797,418.0,345.0,323.0,3,28,59,388.5,323.0,304.5,418.0,418.0,330.875,376.2,184.0,113.58241758241759,0.9,0.5333333333333333,0.3516483516483517,27,32,32
40023421,16,46,77,7000.0,7000.0,5586.0,500.0,495.2826086956522,456.5194805194805,500.0,500.0,399.0,16,46,77,500.0,500.0,399.0,500.0,500.0,500.0,233.33333333333334,116.66666666666667,61.38461538461539,0.4666666666666667,0.23333333333333334,0.15384615384615385,14,14,14
40039627,10,36,67,6939.999999999999,8148.000000000001,7008.0,362.2,358.77777777777777,308.32835820895525,347.0,339.5,292.0,10,36,67,347.0,310.0,239.0,388.0,386.875,341.0,231.33333333333331,135.8,77.01098901098901,0.6666666666666666,0.4,0.26373626373626374,20,24,24
40209404,8,38,69,8382.0,8029.999999999999,6732.000000000001,394.0,374.13157894736844,327.6666666666667,381.0,365.0,306.0,8,38,69,377.0,289.875,263.0,395.5,381.0,377.0,279.4,133.83333333333331,73.97802197802199,0.7333333333333333,0.36666666666666664,0.24175824175824176,22,22,22
40246675,0,13,44,,21678.75,14805.000000000002,,462.11538461538464,328.70454545454544,,461.25,315.0,0,13,44,,382.5,229.0,,585.0,350.0,,361.3125,162.6923076923077,1.0,0.7833333333333333,0.5164835164835165,30,47,47
40250642,26,56,67,3360.0,3360.0,20160.0,847.6923076923077,840.4226178571428,833.7860686567163,840.0,840.0,840.0,26,56,67,840.0,800.0,800.0,865.0,840.0,840.0,112.0,56.0,221.53846153846155,0.13333333333333333,0.06666666666666667,0.26373626373626374,4,4,24
40289385,13,34,62,42500.0,64999.99999999999,72500.0,2500.0,2506.8088235294117,2586.3951612903224,2500.0,2500.0,2500.0,13,34,62,2500.0,2500.0,2500.0,2500.0,2500.0,2500.0,1416.6666666666667,1083.3333333333333,796.7032967032967,0.5666666666666667,0.43333333333333335,0.31868131868131866,17,26,29
40320100,16,46,75,10458.0,10458.0,12173.332800000002,750.78125625,753.7282586956522,783.2199986666666,747.0,747.0,760.8333,16,46,75,747.0,747.0,747.0,747.0,760.8333,830.0,348.6,174.3,133.77288791208792,0.4666666666666667,0.23333333333333334,0.17582417582417584,14,14,16
40342798,20,50,81,6999.999999999999,6999.999999999999,7000.0,700.0,663.7,657.2222222222222,700.0,700.0,700.0,20,50,81,700.0,550.0,550.0,700.0,700.0,700.0,233.33333333333331,116.66666666666666,76.92307692307692,0.3333333333333333,0.16666666666666666,0.10989010989010989,10,10,10
40351988,4,27,52,11700.0,14850.000000000002,12986.999999999998,450.0,393.6666666666667,347.53846153846155,450.0,450.0,333.0,4,27,52,450.0,333.0,270.0,450.0,450.0,450.0,390.0,247.50000000000003,142.7142857142857,0.8666666666666667,0.55,0.42857142857142855,26,33,39
40371384,21,51,82,5948.999999999999,5886.0,4510.49985,700.3809523809524,646.1584960784313,556.4562999999999,661.0,654.0,501.16665,21,51,82,654.0,505.5,404.0,772.0,741.0,656.1875,198.29999999999998,98.1,49.56593241758242,0.3,0.15,0.0989010989010989,9,9,9
40391575,0,0,7,,,840000.0,,,10000.0,,,10000.0,0,0,7,,,10000.0,,,10000.0,,,9230.76923076923,1.0,1.0,0.9230769230769231,30,60,84
40449599,6,31,62,15312.000000000002,18502.0,15360.3343,645.0,608.5645129032259,544.4704290322582,638.0,638.0,529.6667,6,31,62,638.0,522.3333,449.75,651.5,661.0,638.0,510.40000000000003,308.3666666666667,168.79488241758241,0.8,0.48333333333333334,0.31868131868131866,24,29,29
40532740,0,18,40,,13859.999999999998,16830.0,,338.8888888888889,309.625,,330.0,330.0,0,18,40,,330.0,250.0,,330.0,342.5,,230.99999999999997,184.94505494505495,1.0,0.7,0.5604395604395604,30,42,51
40560834,13,43,73,13787.0,13600.0,10044.0,869.4615384615385,781.3759697674419,669.9383561643835,811.0,800.0,558.0,13,43,73,800.0,558.0,500.0,945.0,907.0,800.0,459.56666666666666,226.66666666666666,110.37362637362637,0.5666666666666667,0.2833333333333333,0.1978021978021978,17,17,18
40576710,4,31,59,15600.0,14500.0,16000.0,600.0,579.0322580645161,541.5254237288135,600.0,500.0,500.0,4,31,59,600.0,500.0,500.0,600.0,600.0,550.0,520.0,241.66666666666666,175.82417582417582,0.8666666666666667,0.48333333333333334,0.3516483516483517,26,29,32
40777141,0,4,4,,84448.0,131196.0,,1508.0,1508.0,,1508.0,1508.0,0,4,4,,1508.0,1508.0,,1508.0,1508.0,,1407.4666666666667,1441.7142857142858,1.0,0.9333333333333333,0.9560439560439561,30,56,87
40892344,4,24,55,10634.0,15083.999999999998,14457.6,409.0,417.3333333333333,408.3636363636364,409.0,419.0,401.6,4,24,55,409.0,419.0,400.0,409.0,419.0,419.0,354.4666666666667,251.39999999999998,158.87472527472528,0.8666666666666667,0.6,0.3956043956043956,26,36,36
40910065,28,58,88,1440.0,1440.0,1950.0000000000002,720.1642857142857,695.9413793103448,604.7113636363637,720.0,720.0,650.0,28,58,88,720.0,650.0,650.0,720.0,720.0,720.0,48.0,24.0,21.42857142857143,0.06666666666666667,0.03333333333333333,0.03296703296703297,2,2,3
40971559,21,30,30,7200.0,24000.0,48799.99999999999,785.7142857142857,727.6,727.6,800.0,800.0,800.0,21,30,30,800.0,700.0,700.0,800.0,800.0,800.0,240.0,400.0,536.2637362637362,0.3,0.5,0.6703296703296703,9,30,61
41141790,19,39,39,7149.999999999999,13776.0,34112.0,650.0,697.248717948718,697.248717948718,650.0,656.0,656.0,19,39,39,650.0,650.0,650.0,650.0,745.0,745.0,238.33333333333331,229.6,374.85714285714283,0.36666666666666664,0.35,0.5714285714285714,11,21,52
41147466,0,14,45,,24840.0,24839.999999999996,,540.0,520.0,,540.0,540.0,0,14,45,,540.0,495.0,,540.0,540.0,,414.0,272.96703296703294,1.0,0.7666666666666667,0.5054945054945055,30,46,46
41193865,5,19,50,11625.0,16400.0,16400.0,449.5,413.0263157894737,405.8,465.0,400.0,400.0,5,19,50,400.0,400.0,400.0,482.5,400.0,400.0,387.5,273.3333333333333,180.21978021978023,0.8333333333333334,0.6833333333333333,0.45054945054945056,25,41,41
41227471,14,41,72,13440.0,15960.0,11590.0,840.0,771.4634146341464,638.0555555555555,840.0,840.0,610.0,14,41,72,840.0,610.0,460.0,840.0,840.0,840.0,448.0,266.0,127.36263736263737,0.5333333333333333,0.31666666666666665,0.2087912087912088,16,19,19
41260111,16,46,77,20965.0,21364.0,25438.0,1497.5,1641.6365956521738,1799.6010831168833,1497.5,1526.0,1817.0,16,46,77,1469.0,1469.0,1526.0,1526.0,1763.0,2034.0,698.8333333333334,356.06666666666666,279.53846153846155,0.4666666666666667,0.23333333333333334,0.15384615384615385,14,14,14
41270247,0,0,20,,,42600.0,,,605.266665,,,600.0,0,0,20,,,600.0,,,600.0,,,468.13186813186815,1.0,1.0,0.7802197802197802,30,60,71
41285546,27,49,79,2550.0,9349.999999999998,10200.0,850.0,799.4506804081632,610.2099156962025,850.0,850.0,850.0,27,49,79,850.0,850.0,300.0,850.0,850.0,850.0,85.0,155.83333333333331,112.08791208791209,0.1,0.18333333333333332,0.13186813186813187,3,11,12
41404141,7,37,68,15870.0,15870.0,15869.999999999998,690.0,709.6648648648649,700.6999999999999,690.0,690.0,690.0,7,37,68,690.0,690.0,690.0,690.0,690.0,690.0,529.0,264.5,174.39560439560438,0.7666666666666667,0.38333333333333336,0.25274725274725274,23,23,23
41473656,0,5,23,,34155.0,47600.0,,621.0,714.1529,,621.0,700.0,0,5,23,,621.0,700.0,,621.0,743.9,,569.25,523.0769230769231,1.0,0.9166666666666666,0.7472527472527473,30,55,68
41478160,14,29,29,6400.0,12400.000000000002,24800.0,400.0,488.51724137931035,488.51724137931035,400.0,400.0,400.0,14,29,29,400.0,400.0,400.0,400.0,600.0,600.0,213.33333333333334,206.66666666666669,272.5274725274725,0.5333333333333333,0.5166666666666667,0.6813186813186813,16,31,62
41493620,26,56,87,3000.0,3000.0,3000.0000000000005,750.0,752.1390339285714,774.4025758620689,750.0,750.0,750.0,26,56,87,750.0,750.0,750.0,750.0,750.0,772.13095,100.0,50.0,32.96703296703297,0.13333333333333333,0.06666666666666667,0.04395604395604396,4,4,4
41532894,28,47,61,1640.0,10660.000000000002,23745.0,804.4559535714286,880.1900723404256,761.9497278688525,820.0,820.0,791.5,28,47,61,785.6,780.0,768.4,820.0,820.0,820.0,54.666666666666664,177.66666666666669,260.9340659340659,0.06666666666666667,0.21666666666666667,0.32967032967032966,2,13,30
41590719,10,34,65,9400.0,11700.0,10400.0,470.0,466.1764705882353,392.2692307692308,470.0,450.0,400.0,10,34,65,450.0,400.0,300.0,490.0,490.0,450.0,313.3333333333333,195.0,114.28571428571428,0.6666666666666666,0.43333333333333335,0.2857142857142857,20,26,26
41676390,29,59,90,600.0,600.0,600.0,621.0172379310345,610.3305067796609,608.0055544444444,600.0,600.0,600.0,29,59,90,600.0,600.0,600.0,650.0,600.0,600.0,20.0,10.0,6.593406593406594,0.03333333333333333,0.016666666666666666,0.01098901098901099,1,1,1
41682475,10,14,43,13999.999999999998,32200.000000000004,19200.0,700.0,614.2857142857143,469.7674418604651,700.0,700.0,400.0,10,14,43,700.0,475.0,400.0,700.0,700.0,400.0,466.66666666666663,536.6666666666667,210.989010989011,0.6666666666666666,0.7666666666666667,0.5274725274725275,20,46,48
41686810,6,28,59,2160.0,2880.0,3200.0000000000005,90.0,90.35714285714286,95.42372881355932,90.0,90.0,100.0,6,28,59,90.0,90.0,90.0,90.0,90.0,100.0,72.0,48.0,35.16483516483517,0.8,0.5333333333333333,0.3516483516483517,24,32,32
41702158,0,6,34,,64800.0,68400.0,,1300.0,1217.6470588235295,,1200.0,1200.0,0,6,34,,1200.0,1200.0,,1425.0,1200.0,,1080.0,751.6483516483516,1.0,0.9,0.6263736263736264,30,54,57
41761142,0,9,34,,26520.0,15390.0,,530.0,334.70588235294116,,520.0,270.0,0,9,34,,520.0,260.0,,520.0,465.0,,442.0,169.12087912087912,1.0,0.85,0.6263736263736264,30,51,57
41762297,23,47,77,11025.0,20475.0,23275.0,1632.0652173913043,1604.787234042553,1661.3636363636363,1575.0,1575.0,1662.5,23,47,77,1575.0,1575.0,1575.0,1750.0,1575.0,1750.0,367.5,341.25,255.76923076923077,0.23333333333333334,0.21666666666666667,0.15384615384615385,7,13,14
41769298,12,37,48,18000.0,25300.0,47300.0,1016.9166666666666,1094.6756756756756,1095.8958333333333,1000.0,1100.0,1100.0,12,37,48,1000.0,1000.0,1000.0,1000.0,1100.0,1100.0,600.0,421.6666666666667,519.7802197802198,0.6,0.38333333333333336,0.4725274725274725,18,23,43
41786765,0,0,13,,,19500.0,,,250.0,,,250.0,0,0,13,,,250.0,,,250.0,,,214.28571428571428,1.0,1.0,0.8571428571428571,30,60,78
41883230,15,33,53,7050.0,12690.0,17860.0,470.0,587.2727272727273,535.4716981132076,470.0,470.0,470.0,15,33,53,470.0,470.0,450.0,470.0,900.0,470.0,235.0,211.5,196.26373626373626,0.5,0.45,0.4175824175824176,15,27,38
41888100,21,51,78,6066.0,6090.0003,6902.999999999999,666.0206333333333,666.6673196078431,552.9491448717948,674.0,676.6667,531.0,21,51,78,664.4,615.0,400.0,678.0,686.4,678.0,202.2,101.500005,75.85714285714285,0.3,0.15,0.14285714285714285,9,9,13
42003334,4,34,61,16042.0,16042.0,15000.000000000002,617.0,762.2892147058823,633.0792344262295,617.0,617.0,500.0,4,34,61,617.0,500.0,450.0,617.0,1100.0,701.5,534.7333333333333,267.3666666666667,164.83516483516485,0.8666666666666667,0.43333333333333335,0.32967032967032966,26,26,30
42270655,17,47,74,6435.0,6435.0,8330.0,495.0,563.54458,517.2512872972973,495.0,495.0,490.0,17,47,74,495.0,495.0,441.0,495.0,495.0,495.0,214.5,107.25,91.53846153846153,0.43333333333333335,0.21666666666666667,0.18681318681318682,13,13,17
42335961,7,28,56,15870.0,18880.0,15750.000000000002,647.1428571428571,554.1428571428571,456.5357142857143,690.0,590.0,450.0,7,28,56,590.0,450.0,300.0,690.0,590.0,590.0,529.0,314.6666666666667,173.0769230769231,0.7666666666666667,0.5333333333333333,0.38461538461538464,23,32,35
42362925,12,41,69,18432.0,17081.0,19228.0,939.2916666666666,1018.1341463414634,999.5579710144928,1024.0,899.0,874.0,12,41,69,749.0,749.0,749.0,1249.0,1299.0,1299.0,614.4,284.68333333333334,211.2967032967033,0.6,0.31666666666666665,0.24175824175824176,18,19,22
42588365,0,14,43,,22080.0,18720.0,,483.5357142857143,414.5620153488372,,480.0,390.0,0,14,43,,480.0,390.0,,486.25,480.0,,368.0,205.71428571428572,1.0,0.7666666666666667,0.5274725274725275,30,46,48
42625075,4,27,58,31200.0,39600.0,33000.0,1200.0,1114.4259259259259,1055.5818965517242,1200.0,1200.0,1000.0,4,27,58,1200.0,1000.0,1000.0,1200.0,1200.0,1134.875,1040.0,660.0,362.6373626373626,0.8666666666666667,0.55,0.3626373626373626,26,33,33
42704327,24,45,76,8829.0,20910.0,12885.0,1565.25,1392.2555555555555,1113.9934210526317,1471.5,1394.0,859.0,24,45,76,1394.0,1394.0,692.0,1799.0,1799.0,1549.0,294.3,348.5,141.5934065934066,0.2,0.25,0.16483516483516483,6,15,15
42709234,22,52,83,7192.0,7192.0,3360.0000000000005,949.0,828.3269230769231,675.8192771084338,899.0,899.0,420.0,22,52,83,899.0,895.75,420.0,990.6666749999999,999.0,899.0,239.73333333333332,119.86666666666666,36.92307692307693,0.26666666666666666,0.13333333333333333,0.08791208791208792,8,8,8
42735835,3,3,11,8073.000000000001,17043.0,16000.0,299.0,299.0,227.0,299.0,299.0,200.0,3,3,11,299.0,299.0,200.0,299.0,299.0,249.5,269.1,284.05,175.82417582417582,0.9,0.95,0.8791208791208791,27,57,80
42841323,0,1,17,,23895.0,29748.0,,405.0,413.9117647058824,,405.0,402.0,0,1,17,,405.0,402.0,,405.0,402.0,,398.25,326.9010989010989,1.0,0.9833333333333333,0.8131868131868132,30,59,74
43379132,3,11,26,18630.0,22540.0,22100.0,690.0,512.7272727272727,413.0769230769231,690.0,460.0,340.0,3,11,26,690.0,390.0,340.0,690.0,635.0,390.0,621.0,375.6666666666667,242.85714285714286,0.9,0.8166666666666667,0.7142857142857143,27,49,65
43499385,8,38,69,12869.999999999998,12869.999999999998,12869.999999999998,593.25,604.6315789473684,595.5942028985507,585.0,585.0,585.0,8,38,69,585.0,585.0,540.0,593.25,616.5,650.0,428.99999999999994,214.49999999999997,141.42857142857142,0.7333333333333333,0.36666666666666664,0.24175824175824176,22,22,22
43712530,11,21,21,11419.0,23439.000000000004,42070.0,601.0,601.0,601.0,601.0,601.0,601.0,11,21,21,601.0,601.0,601.0,601.0,601.0,601.0,380.6333333333333,390.65000000000003,462.3076923076923,0.6333333333333333,0.65,0.7692307692307693,19,39,70
43754654,26,51,81,4356.0,9801.0,8970.0,1146.4038461538462,1084.1274509803923,951.4876543209876,1089.0,1089.0,897.0,26,51,81,1089.0,897.0,897.0,1256.0,1256.0,1089.0,145.2,163.35,98.57142857142857,0.13333333333333333,0.15,0.10989010989010989,4,9,10
44153810,0,17,48,,7697.0,8557.0,,180.76470588235293,188.375,,179.0,199.0,0,17,48,,179.0,179.0,,179.0,199.0,,128.28333333333333,94.03296703296704,1.0,0.7166666666666667,0.4725274725274725,30,43,43
44369632,9,9,9,14804.999999999998,35955.0,57810.0,705.0,705.0,705.0,705.0,705.0,705.0,9,9,9,705.0,705.0,705.0,705.0,705.0,705.0,493.49999999999994,599.25,635.2747252747253,0.7,0.85,0.9010989010989011,21,51,82
44425260,5,35,66,12500.0,11250.0,11250.0,480.0,537.9085714285715,496.6181818181819,500.0,450.0,450.0,5,35,66,450.0,450.0,450.0,500.0,700.0,450.0,416.6666666666667,187.5,123.62637362637363,0.8333333333333334,0.4166666666666667,0.27472527472527475,25,25,25
44890294,2,2,2,28000.0,58000.0,89000.0,1000.0,1000.0,1000.0,1000.0,1000.0,1000.0,2,2,2,1000.0,1000.0,1000.0,1000.0,1000.0,1000.0,933.3333333333334,966.6666666666666,978.021978021978,0.9333333333333333,0.9666666666666667,0.978021978021978,28,58,89
44895797,13,13,13,11985.0,33135.0,54989.99999999999,703.0769230769231,703.0769230769231,703.0769230769231,705.0,705.0,705.0,13,13,13,700.0,700.0,700.0,705.0,705.0,705.0,399.5,552.25,604.2857142857142,0.5666666666666667,0.7833333333333333,0.8571428571428571,17,47,78
45002455,0,8,26,,36400.00000000001,16250.000000000002,,675.0,380.7692307692308,,700.0,250.0,0,8,26,,625.0,250.0,,750.0,550.0,,606.6666666666667,178.57142857142858,1.0,0.8666666666666667,0.7142857142857143,30,52,65
45350304,18,48,79,12600.0,12480.0,5400.0,1048.0,872.1666666666666,706.506329113924,1050.0,1040.0,450.0,18,48,79,1050.0,450.0,450.0,1050.0,1050.0,1047.0,420.0,208.0,59.34065934065934,0.4,0.2,0.13186813186813187,12,12,12
45480718,0,0,5,,,17200.0,,,200.0,,,200.0,0,0,5,,,200.0,,,200.0,,,189.010989010989,1.0,1.0,0.945054945054945,30,60,86
45513430,28,58,89,1600.0,1600.0,1560.0000000000002,817.8571428571429,829.3103448275862,782.9213483146067,800.0,800.0,780.0,28,58,89,800.0,785.0,780.0,850.0,850.0,800.0,53.333333333333336,26.666666666666668,17.142857142857146,0.06666666666666667,0.03333333333333333,0.02197802197802198,2,2,2
45531969,3,7,26,18900.0,37099.99999999999,42250.0,700.0,721.4285714285714,669.2307692307693,700.0,700.0,650.0,3,7,26,700.0,700.0,650.0,700.0,700.0,687.5,630.0,618.3333333333333,464.2857142857143,0.9,0.8833333333333333,0.7142857142857143,27,53,65
45621607,10,40,71,9000.0,7355.0,7000.0,431.4,386.69791649999996,331.2382628169014,450.0,367.75,350.0,10,40,71,450.0,350.0,210.0,450.0,421.0,376.16666,300.0,122.58333333333333,76.92307692307692,0.6666666666666666,0.3333333333333333,0.21978021978021978,20,20,20
45687710,18,48,79,7080.0,7080.0,4200.0,590.0,530.0,419.45569620253167,590.0,590.0,350.0,18,48,79,590.0,530.0,243.33333,590.0,590.0,590.0,236.0,118.0,46.15384615384615,0.4,0.2,0.13186813186813187,12,12,12
45711835,3,3,3,22950.0,48450.0,74800.0,850.0,850.0,850.0,850.0,850.0,850.0,3,3,3,850.0,850.0,850.0,850.0,850.0,850.0,765.0,807.5,821.978021978022,0.9,0.95,0.967032967032967,27,57,88
45726200,2,25,43,44520.0,57085.00000000001,76320.0,1590.0,1679.74,1423.4302325581396,1590.0,1631.0,1590.0,2,25,43,1590.0,1590.0,997.0,1590.0,1641.5,1631.0,1484.0,951.4166666666667,838.6813186813187,0.9333333333333333,0.5833333333333334,0.5274725274725275,28,35,48
45768161,20,40,71,8500.0,17000.0,9000.0,850.0,760.0,624.6478873239437,850.0,850.0,450.0,20,40,71,850.0,850.0,450.0,850.0,850.0,850.0,283.3333333333333,283.3333333333333,98.9010989010989,0.3333333333333333,0.3333333333333333,0.21978021978021978,10,20,20
45780750,0,0,12,,,67150.0,,,850.0,,,850.0,0,0,12,,,850.0,,,850.0,,,737.9120879120879,1.0,1.0,0.8681318681318682,30,60,79
45803876,6,25,54,15456.000000000002,19862.5,16650.0,644.0,609.54,540.5277777777778,644.0,567.5,450.0,6,25,54,644.0,455.0,450.0,644.0,644.0,644.0,515.2,331.0416666666667,182.96703296703296,0.8,0.5833333333333334,0.4065934065934066,24,35,37
45822839,8,28,59,11440.0,16640.0,12480.000000000002,520.0,468.92857142857144,427.45762711864404,520.0,520.0,390.0,8,28,59,520.0,390.0,390.0,520.0,520.0,520.0,381.3333333333333,277.3333333333333,137.14285714285717,0.7333333333333333,0.5333333333333333,0.3516483516483517,22,32,32
45889892,3,27,58,18765.0,19635.0,19635.0,695.0,639.4444444444445,615.6896551724138,695.0,595.0,595.0,3,27,58,695.0,595.0,595.0,695.0,695.0,595.0,625.5,327.25,215.76923076923077,0.9,0.55,0.3626373626373626,27,33,33
45911573,1,21,21,21750.0,29250.0,52500.0,750.0,914.2857142857143,914.2857142857143,750.0,750.0,750.0,1,21,21,750.0,700.0,700.0,750.0,750.0,750.0,725.0,487.5,576.9230769230769,0.9666666666666667,0.65,0.7692307692307693,29,39,70
45911990,3,3,3,27283.5,57598.49999999999,88924.0,1022.3888666666667,1022.3888666666667,1022.3888666666667,1010.5,1010.5,1010.5,3,3,3,996.75,996.75,996.75,1042.0833,1042.0833,1042.0833,909.45,959.9749999999999,977.1868131868132,0.9,0.95,0.967032967032967,27,57,88
45923984,3,6,28,11475.0,18900.0,19380.375,425.0,362.5,371.625,425.0,350.0,307.625,3,6,28,412.5,300.0,300.0,437.5,418.75,462.5,382.5,315.0,212.97115384615384,0.9,0.9,0.6923076923076923,27,54,63
45973790,26,56,87,2580.0,2584.0,2542.6668000000004,648.9551307692308,660.8392875,631.0593896551724,645.0,646.0,635.6667,26,56,87,632.1666749999999,630.0,610.0,664.6666749999999,666.9167,662.08335,86.0,43.06666666666666,27.94139340659341,0.13333333333333333,0.06666666666666667,0.04395604395604396,4,4,4
46036384,12,24,55,6372.0,12420.0,11880.0,390.5,365.0833333333333,346.3818181818182,354.0,345.0,330.0,12,24,55,345.0,340.0,330.0,420.75,352.875,348.25,212.4,207.0,130.54945054945054,0.6,0.6,0.3956043956043956,18,36,36
46048925,10,40,71,18200.0,18710.0,18200.0,940.63333,959.0187474999999,939.9260521126761,910.0,935.5,910.0,10,40,71,910.0,910.0,910.0,962.749975,1000.0,956.16665,606.6666666666666,311.8333333333333,200.0,0.6666666666666666,0.3333333333333333,0.21978021978021978,20,20,20
46072703,0,12,39,,50580.0,30368.0,,967.625,696.2948717948718,,1053.75,584.0,0,12,39,,852.0,570.0,,1080.0,829.0,,843.0,333.7142857142857,1.0,0.8,0.5714285714285714,30,48,52
46088002,7,32,43,14904.0,18144.0,31104.000000000004,648.0,648.0,648.0,648.0,648.0,648.0,7,32,43,648.0,648.0,648.0,648.0,648.0,648.0,496.8,302.4,341.80219780219784,0.7666666666666667,0.4666666666666667,0.5274725274725275,23,28,48
46116173,0,11,28,,30870.0,17010.0,,564.5454545454545,393.57142857142856,,630.0,270.0,0,11,28,,630.0,250.0,,630.0,630.0,,514.5,186.9230769230769,1.0,0.8166666666666667,0.6923076923076923,30,49,63
46220279,13,35,62,10999.0,17425.0,20009.999999999996,667.7307692307693,684.9285714285714,628.25,647.0,697.0,690.0,13,35,62,647.0,683.0,502.0,683.0,697.0,697.0,366.6333333333333,290.4166666666667,219.89010989010987,0.5666666666666667,0.4166666666666667,0.31868131868131866,17,25,29
46222390,17,43,73,5200.0,8500.0,8999.999999999998,408.4117647058824,471.69767441860466,483.32876712328766,400.0,500.0,500.0,17,43,73,400.0,400.0,500.0,400.0,500.0,500.0,173.33333333333334,141.66666666666666,98.90109890109889,0.43333333333333335,0.2833333333333333,0.1978021978021978,13,17,18
46298558,3,19,50,12150.0,36900.0,25973.5,450.0,772.8421052631579,679.68,450.0,900.0,633.5,3,19,50,450.0,633.5,450.0,450.0,900.0,900.0,405.0,615.0,285.4230769230769,0.9,0.6833333333333333,0.45054945054945056,27,41,41
46327705,3,33,40,29700.0,29592.0,48144.0,1100.0,1023.3308090909092,1003.4833350000001,1100.0,1096.0,944.0,3,33,40,1100.0,900.0,900.0,1100.0,1118.75,1101.5625,990.0,493.2,529.054945054945,0.9,0.45,0.5604395604395604,27,27,51
46451253,10,40,71,15999.999999999998,15999.999999999998,8800.0,817.0,700.0125,575.6549295774648,800.0,800.0,440.0,10,40,71,800.0,440.0,440.0,800.0,800.0,800.0,533.3333333333333,266.66666666666663,96.7032967032967,0.6666666666666666,0.3333333333333333,0.21978021978021978,20,20,20
46530405,22,52,83,8260.0,7839.999999999999,8176.000000000001,1055.8863636363637,991.8253230769229,1069.0230939759037,1032.5,980.0,1022.0,22,52,83,980.0,917.999975,938.0,1137.5,1055.50005,1216.25,275.3333333333333,130.66666666666666,89.84615384615385,0.26666666666666666,0.13333333333333333,0.08791208791208792,8,8,8
46550767,15,36,47,12000.0,19200.0,35200.0,813.3333333333334,775.0,757.4468085106383,800.0,800.0,800.0,15,36,47,800.0,700.0,700.0,825.0,800.0,800.0,400.0,320.0,386.8131868131868,0.5,0.4,0.4835164835164835,15,24,44
46598066,13,43,74,18700.0,18700.0,17000.0,1100.0,1100.0,1027.218468918919,1100.0,1100.0,1000.0,13,43,74,1100.0,1000.0,917.0,1100.0,1100.0,1100.0,623.3333333333334,311.6666666666667,186.8131868131868,0.5666666666666667,0.2833333333333333,0.18681318681318682,17,17,17
46604700,26,56,87,1400.0,1400.0,1400.0,341.38461538461536,351.1458332142857,350.73754781609193,350.0,350.0,350.0,26,56,87,322.0,350.0,350.0,350.0,350.0,350.0,46.666666666666664,23.333333333333332,15.384615384615385,0.13333333333333333,0.06666666666666667,0.04395604395604396,4,4,4
46678933,16,46,77,9100.0,9100.0,10500.0,650.0,715.2173913043479,729.2207792207793,650.0,650.0,750.0,16,46,77,650.0,650.0,650.0,650.0,750.0,750.0,303.3333333333333,151.66666666666666,115.38461538461539,0.4666666666666667,0.23333333333333334,0.15384615384615385,14,14,14
46704215,11,11,11,11020.0,28420.0,46400.0,583.6955909090909,583.6955909090909,583.6955909090909,580.0,580.0,580.0,11,11,11,566.0,566.0,566.0,600.41665,600.41665,600.41665,367.3333333333333,473.6666666666667,509.8901098901099,0.6333333333333333,0.8166666666666667,0.8791208791208791,19,49,80
46710652,6,36,67,14400.0,14400.0,13200.0,600.0,634.7222222222222,595.5223880597015,600.0,600.0,550.0,6,36,67,600.0,550.0,550.0,600.0,600.0,600.0,480.0,240.0,145.05494505494505,0.8,0.4,0.26373626373626374,24,24,24
46724379,16,39,65,6734.0,10101.0,6838.0,483.78125,451.11538461538464,348.68461538461537,481.0,481.0,263.0,16,39,65,481.0,481.0,170.0,481.0,481.0,481.0,224.46666666666667,168.35,75.14285714285714,0.4666666666666667,0.35,0.2857142857142857,14,21,26
46755580,17,47,58,3900.0,3900.0,9900.0,300.0,300.0,300.0,300.0,300.0,300.0,17,47,58,300.0,300.0,300.0,300.0,300.0,300.0,130.0,65.0,108.79120879120879,0.43333333333333335,0.21666666666666667,0.3626373626373626,13,13,33
46769078,29,49,79,987.9999999999999,10868.0,6732.000000000001,1141.2413793103449,965.955781632653,812.1751050632911,988.0,988.0,561.0,29,49,79,988.0,828.0,561.0,1392.0,988.0,988.0,32.93333333333333,181.13333333333333,73.97802197802199,0.03333333333333333,0.18333333333333332,0.13186813186813187,1,11,12
46866680,3,28,59,13500.0,14400.0,14400.0,500.0,489.5357142857143,470.4237288135593,500.0,450.0,450.0,3,28,59,500.0,450.0,450.0,500.0,550.0,474.5,450.0,240.0,158.24175824175825,0.9,0.5333333333333333,0.3516483516483517,27,32,32
46878566,21,45,75,5265.0,8100.0,8000.0,595.4761904761905,529.7333333333333,498.2,585.0,540.0,500.0,21,45,75,540.0,450.0,450.0,630.0,600.0,540.0,175.5,135.0,87.91208791208791,0.3,0.25,0.17582417582417584,9,15,16
46896012,4,25,56,17680.0,23800.0,19250.0,680.0,670.4,599.4642857142857,680.0,680.0,550.0,4,25,56,680.0,550.0,538.0,680.0,680.0,550.0,589.3333333333334,396.6666666666667,211.53846153846155,0.8666666666666667,0.5833333333333334,0.38461538461538464,26,35,35
46936020,18,43,54,5340.0,6800.0,14060.0,469.1666666666667,410.5813953488372,398.24074074074076,445.0,400.0,380.0,18,43,54,400.0,350.0,350.0,550.0,400.0,400.0,178.0,113.33333333333333,154.5054945054945,0.4,0.2833333333333333,0.4065934065934066,12,17,37
46990438,19,44,54,6599.999999999999,9600.0,22200.0,600.0,560.6818181818181,530.925925925926,600.0,600.0,600.0,19,44,54,600.0,500.0,400.0,600.0,600.0,600.0,219.99999999999997,160.0,243.95604395604394,0.36666666666666664,0.26666666666666666,0.4065934065934066,11,16,37
47000276,3,12,42,21330.0,37920.0,24500.0,790.0,790.0,582.8571428571429,790.0,790.0,500.0,3,12,42,790.0,790.0,500.0,790.0,790.0,790.0,711.0,632.0,269.2307692307692,0.9,0.8,0.5384615384615384,27,48,49
47006355,7,27,38,21620.000000000004,19800.0,31376.000000000004,940.0,700.8333333333334,670.7631578947369,940.0,600.0,592.0,7,27,38,940.0,592.0,592.0,940.0,868.0,619.25,720.6666666666667,330.0,344.7912087912088,0.7666666666666667,0.55,0.5824175824175825,23,33,53
47052262,15,37,68,8985.0,11477.000000000002,9177.0,559.0,502.6036037837838,443.46078441176473,599.0,499.0,399.0,15,37,68,499.0,389.0,386.0,599.0,599.0,499.0,299.5,191.28333333333336,100.84615384615384,0.5,0.38333333333333336,0.25274725274725274,15,23,23
47172145,5,30,60,17500.0,21000.0,15546.500000000002,700.0,670.9999966666668,585.6499983333332,700.0,700.0,501.5,5,30,60,700.0,700.0,500.0,700.0,700.0,700.0,583.3333333333334,350.0,170.84065934065936,0.8333333333333334,0.5,0.34065934065934067,25,30,31
47213093,2,11,22,9828.0,17199.0,20044.5,351.0,351.0,290.5,351.0,351.0,290.5,2,11,22,351.0,351.0,230.0,351.0,351.0,351.0,327.6,286.65,220.26923076923077,0.9333333333333333,0.8166666666666667,0.7582417582417582,28,49,69
47232230,7,15,15,23023.0,45045.0,76076.0,1001.0,1001.0,1001.0,1001.0,1001.0,1001.0,7,15,15,1001.0,1001.0,1001.0,1001.0,1001.0,1001.0,767.4333333333334,750.75,836.0,0.7666666666666667,0.75,0.8351648351648352,23,45,76
47254288,6,36,67,14400.0,14400.0,10800.0,600.0,580.5555555555555,490.2985074626866,600.0,600.0,450.0,6,36,67,600.0,450.0,350.0,600.0,600.0,600.0,480.0,240.0,118.68131868131869,0.8,0.4,0.26373626373626374,24,24,24
47260862,5,14,44,17500.0,27600.000000000004,21150.000000000004,740.0,608.7142857142857,503.09090909090907,700.0,600.0,450.0,5,14,44,700.0,500.0,450.0,800.0,700.0,500.0,583.3333333333334,460.00000000000006,232.41758241758245,0.8333333333333334,0.7666666666666667,0.5164835164835165,25,46,47
47269826,2,12,12,16884.0,28944.000000000004,47637.0,603.0,603.0,603.0,603.0,603.0,603.0,2,12,12,603.0,603.0,603.0,603.0,603.0,603.0,562.8,482.40000000000003,523.4835164835165,0.9333333333333333,0.8,0.8681318681318682,28,48,79
47325492,18,48,79,7800.0,7467.857400000001,7285.714800000001,645.2777777777778,668.2677354166667,626.8532012658228,650.0,622.32145,607.1429,18,48,79,600.0,603.75,600.0,672.5,657.5,650.0,260.0,124.46429,80.06280000000001,0.4,0.2,0.13186813186813187,12,12,12
47326216,16,46,77,15400.000000000002,15400.000000000002,15400.0,1100.0,1113.0434782608695,1107.7922077922078,1100.0,1100.0,1100.0,16,46,77,1100.0,1100.0,1100.0,1100.0,1100.0,1100.0,513.3333333333334,256.6666666666667,169.23076923076923,0.4666666666666667,0.23333333333333334,0.15384615384615385,14,14,14
47402735,6,35,66,14520.0,14975.0,9975.000000000002,605.0,517.8485714285714,462.02575757575755,605.0,599.0,399.0,6,35,66,605.0,399.0,399.0,605.0,605.0,599.0,484.0,249.58333333333334,109.61538461538463,0.8,0.4166666666666667,0.27472527472527475,24,25,25
47543180,0,7,38,,7155.0,13250.000000000002,,182.5,237.82894736842104,,135.0,250.0,0,7,38,,135.0,250.0,,243.75,250.0,,119.25,145.60439560439562,1.0,0.8833333333333333,0.5824175824175825,30,53,53
47558531,25,55,86,4475.0,4500.0,3750.0000000000005,886.08,839.1272727272727,755.6139534883721,895.0,900.0,750.0,25,55,86,850.0,850.0,600.0,909.2,900.0,900.0,149.16666666666666,75.0,41.20879120879121,0.16666666666666666,0.08333333333333333,0.054945054945054944,5,5,5
47783121,0,16,45,,22447.333479999998,19872.0,,508.68229,426.42036977777775,,510.16667,432.0,0,16,45,,432.0,350.0,,567.999975,450.0,,374.1222246666666,218.37362637362637,1.0,0.7333333333333333,0.5054945054945055,30,44,46
47802450,0,11,29,,10290.0,13020.000000000002,,233.63636363636363,209.9655172413793,,210.0,210.0,0,11,29,,210.0,181.0,,280.0,210.0,,171.5,143.0769230769231,1.0,0.8166666666666667,0.6813186813186813,30,49,62
47891397,15,45,76,8550.0,8550.0,7350.0,570.0,562.8888888888889,497.15225578947366,570.0,570.0,490.0,15,45,76,570.0,490.0,397.67858,570.0,570.0,570.0,285.0,142.5,80.76923076923077,0.5,0.25,0.16483516483516483,15,15,15
47909482,12,36,64,21600.0,26400.0,22140.0,1183.3333333333333,1063.3730166666667,877.834821875,1200.0,1100.0,820.0,12,36,64,1200.0,1000.0,600.0,1200.0,1200.0,1100.0,720.0,440.0,243.2967032967033,0.6,0.4,0.2967032967032967,18,24,27
48080102,0,19,36,,18450.0,19250.0,,445.36842105263156,400.3333333333333,,450.0,350.0,0,19,36,,450.0,350.0,,466.0,450.0,,307.5,211.53846153846152,1.0,0.6833333333333333,0.6043956043956044,30,41,55
48109229,12,42,73,12240.0,12240.0,8639.999999999998,680.0,610.4761904761905,546.054794520548,680.0,680.0,480.0,12,42,73,680.0,410.0,410.0,680.0,680.0,680.0,408.0,204.0,94.94505494505493,0.6,0.3,0.1978021978021978,18,18,18
48158176,3,8,29,14850.0,20280.0,24180.0,550.0,450.0,364.54022965517237,550.0,390.0,390.0,3,8,29,550.0,390.0,290.0,550.0,550.0,390.0,495.0,338.0,265.7142857142857,0.9,0.8666666666666667,0.6813186813186813,27,52,62
48243472,16,37,48,15106.0,24817.0,50825.99999999999,1085.25,1141.6081081081081,1154.7604166666667,1079.0,1079.0,1182.0,16,37,48,1079.0,1079.0,1079.0,1079.0,1199.0,1199.0,503.53333333333336,413.6166666666667,558.5274725274725,0.4666666666666667,0.38333333333333336,0.4725274725274725,14,23,43
48254075,5,11,11,12725.0,24941.0,40720.0,509.0,509.0,509.0,509.0,509.0,509.0,5,11,11,509.0,509.0,509.0,509.0,509.0,509.0,424.1666666666667,415.68333333333334,447.4725274725275,0.8333333333333334,0.8166666666666667,0.8791208791208791,25,49,80
48624860,0,2,14,,23200.0,19250.0,,400.0,271.42857142857144,,400.0,250.0,0,2,14,,400.0,250.0,,400.0,250.0,,386.6666666666667,211.53846153846155,1.0,0.9666666666666667,0.8461538461538461,30,58,77
48699117,0,13,39,,19740.0,21840.0,,418.46153846153845,404.1025641025641,,420.0,420.0,0,13,39,,420.0,380.0,,420.0,420.0,,329.0,240.0,1.0,0.7833333333333333,0.5714285714285714,30,47,52
48848529,25,50,78,5000.0,10000.0,13000.0,1016.9,1062.45,943.3589743589744,1000.0,1000.0,1000.0,25,50,78,990.0,1000.0,990.0,1045.0,1045.0,1000.0,166.66666666666666,166.66666666666666,142.85714285714286,0.16666666666666666,0.16666666666666666,0.14285714285714285,5,10,13
48941838,3,18,41,17550.0,15540.0,18500.000000000004,650.0,477.77777777777777,402.6829268292683,650.0,370.0,370.0,3,18,41,650.0,370.0,330.0,650.0,590.0,370.0,585.0,259.0,203.29670329670333,0.9,0.7,0.5494505494505495,27,42,50
49050392,10,35,46,15999.999999999998,20000.000000000004,31500.000000000004,800.0,754.2857142857143,741.304347826087,800.0,800.0,700.0,10,35,46,800.0,700.0,700.0,800.0,800.0,800.0,533.3333333333333,333.33333333333337,346.1538461538462,0.6666666666666666,0.4166666666666667,0.4945054945054945,20,25,45
49123621,26,53,75,3800.0,6650.0,14000.000000000002,934.6153846153846,856.1320754716982,751.6666666666666,950.0,950.0,875.0,26,53,75,900.0,650.0,650.0,950.0,950.0,950.0,126.66666666666667,110.83333333333333,153.84615384615387,0.13333333333333333,0.11666666666666667,0.17582417582417584,4,7,16
49369605,0,1,10,,11800.0,16699.499864999998,,200.0,207.033333,,200.0,206.166665,0,1,10,,200.0,200.0,,200.0,209.33333249999998,,196.66666666666666,183.5109875274725,1.0,0.9833333333333333,0.8901098901098901,30,59,81
49824103,0,8,39,,21762.0,22880.0,,421.75,459.43589743589746,,418.5,440.0,0,8,39,,408.5,440.0,,440.0,440.0,,362.7,251.42857142857142,1.0,0.8666666666666667,0.5714285714285714,30,52,52
49968308,4,4,7,24700.0,53200.0,67200.0,950.0,950.0,800.0,950.0,950.0,800.0,4,4,7,800.0,800.0,600.0,1100.0,1100.0,950.0,823.3333333333334,886.6666666666666,738.4615384615385,0.8666666666666667,0.9333333333333333,0.9230769230769231,26,56,84
50047341,0,0,29,,,18600.0,,,298.44827586206895,,,300.0,0,0,29,,,295.0,,,300.0,,,204.3956043956044,1.0,1.0,0.6813186813186813,30,60,62
50059423,0,2,27,,29000.0,22400.0,,500.0,405.55555555555554,,500.0,350.0,0,2,27,,500.0,350.0,,500.0,500.0,,483.3333333333333,246.15384615384616,1.0,0.9666666666666667,0.7032967032967034,30,58,64
50561328,2,10,10,12460.0,70000.0,113400.0,445.0,1209.0,1209.0,445.0,1400.0,1400.0,2,10,10,445.0,1400.0,1400.0,445.0,1400.0,1400.0,415.3333333333333,1166.6666666666667,1246.1538461538462,0.9333333333333333,0.8333333333333334,0.8901098901098901,28,50,81
50958684,5,35,66,27250.0,27250.0,23000.0,1260.8,1068.4952400000002,989.6565666666667,1090.0,1090.0,920.0,5,35,66,1090.0,920.0,890.0,1517.0,1090.0,1090.0,908.3333333333334,454.1666666666667,252.74725274725276,0.8333333333333334,0.4166666666666667,0.27472527472527475,25,25,25
51405106,18,47,74,12000.0,13000.000000000002,13600.0,1000.0,977.9893617021277,863.722972972973,1000.0,1000.0,800.0,18,47,74,1000.0,856.25,750.0,1000.0,1000.0,1000.0,400.0,216.66666666666669,149.45054945054946,0.4,0.21666666666666667,0.18681318681318682,12,13,17
51453135,10,33,55,13600.0,18360.0,17999.999999999996,680.0,656.060606060606,539.0909090909091,680.0,680.0,500.0,10,33,55,680.0,500.0,300.0,680.0,680.0,680.0,453.3333333333333,306.0,197.80219780219778,0.6666666666666666,0.45,0.3956043956043956,20,27,36
51669111,27,57,87,2400.0,2400.0,2400.0,800.0,756.9298228070176,702.8160908045977,800.0,800.0,600.0,27,57,87,800.0,600.0,600.0,800.0,800.0,800.0,80.0,40.0,26.373626373626376,0.1,0.05,0.04395604395604396,3,3,4
51683537,0,10,28,,25000.0,25200.0,,500.0,435.7142857142857,,500.0,400.0,0,10,28,,500.0,400.0,,500.0,500.0,,416.6666666666667,276.9230769230769,1.0,0.8333333333333334,0.6923076923076923,30,50,63
51785337,7,25,56,8188.0,10472.0,10809.1669,356.0,311.9146664,313.07142857142856,356.0,299.2,308.83334,7,25,56,356.0,285.0,286.29166499999997,356.0,356.0,330.0,272.93333333333334,174.53333333333333,118.78205384615386,0.7666666666666667,0.5833333333333334,0.38461538461538464,23,35,35
51825638,23,43,74,4550.0,11050.0,11050.0,673.8695652173913,662.7674418604652,657.418918918919,650.0,650.0,650.0,23,43,74,650.0,650.0,650.0,650.0,650.0,650.0,151.66666666666666,184.16666666666666,121.42857142857143,0.23333333333333334,0.2833333333333333,0.18681318681318682,7,17,17
51861410,12,18,18,12600.0,29399.999999999996,51100.0,700.0,700.0,700.0,700.0,700.0,700.0,12,18,18,700.0,700.0,700.0,700.0,700.0,700.0,420.0,489.99999999999994,561.5384615384615,0.6,0.7,0.8021978021978022,18,42,73
51866473,1,17,45,18850.0,27950.0,20700.0,650.0,691.0098058823529,496.6037044444445,650.0,650.0,450.0,1,17,45,650.0,650.0,350.0,650.0,748.0,650.0,628.3333333333334,465.8333333333333,227.47252747252747,0.9666666666666667,0.7166666666666667,0.5054945054945055,29,43,46
52059007,22,52,83,8000.000000000001,8000.000000000001,8000.0,1005.6206590909093,1004.8107519230769,1004.0501096385543,1000.0,1000.0,1000.0,22,52,83,1000.0,1000.0,1000.0,1012.0714,1012.0714,1012.0714,266.6666666666667,133.33333333333334,87.91208791208791,0.26666666666666666,0.13333333333333333,0.08791208791208792,8,8,8
52172003,0,11,42,,15533.0,15532.999999999998,,317.0,317.0,,317.0,317.0,0,11,42,,317.0,317.0,,317.0,317.0,,258.8833333333333,170.69230769230768,1.0,0.8166666666666667,0.5384615384615384,30,49,49
52214716,23,52,76,11832.3338,13256.0,24705.0,1696.1304347826087,1706.6153807692308,1490.0350842105263,1690.3334,1657.0,1647.0,23,52,76,1657.0,1637.0,1014.0,1729.3333,1723.6666,1690.3334,394.4111266666667,220.93333333333334,271.4835164835165,0.23333333333333334,0.13333333333333333,0.16483516483516483,7,8,15
52266549,2,24,55,15400.000000000002,19800.0,19800.0,550.0,560.4166666666666,572.7272727272727,550.0,550.0,550.0,2,24,55,550.0,550.0,550.0,550.0,550.0,600.0,513.3333333333334,330.0,217.58241758241758,0.9333333333333333,0.6,0.3956043956043956,28,36,36
52346232,15,31,57,13350.0,25810.0,30260.0,894.0,893.9677419354839,689.8421052631579,890.0,890.0,890.0,15,31,57,890.0,890.0,288.0,900.0,899.0,890.0,445.0,430.1666666666667,332.5274725274725,0.5,0.48333333333333334,0.37362637362637363,15,29,34
52348108,0,12,43,,38400.0,19200.0,,800.0,530.2325581395348,,800.0,400.0,0,12,43,,800.0,400.0,,800.0,800.0,,640.0,210.989010989011,1.0,0.8,0.5274725274725275,30,48,48
52354467,1,20,51,19372.0,22460.0,18000.0,668.0,559.5,510.5882352941176,668.0,561.5,450.0,1,20,51,668.0,450.0,450.0,668.0,668.0,561.5,645.7333333333333,374.3333333333333,197.8021978021978,0.9666666666666667,0.6666666666666666,0.43956043956043955,29,40,40
52365560,14,44,75,4800.0,4800.0,4800.0,299.2857142857143,319.09090909090907,324.53333333333336,300.0,300.0,300.0,14,44,75,300.0,295.0,300.0,300.0,300.0,350.0,160.0,80.0,52.74725274725275,0.5333333333333333,0.26666666666666666,0.17582417582417584,16,16,16
52474050,11,11,22,10639.999999999998,27440.0,53820.0,560.0,560.0,780.0,560.0,560.0,780.0,11,11,22,560.0,560.0,560.0,560.0,560.0,1000.0,354.66666666666663,457.3333333333333,591.4285714285714,0.6333333333333333,0.8166666666666667,0.7582417582417582,19,49,69
52530322,13,43,74,8500.0,8500.0,7650.000000000001,500.0,489.5348837209302,472.97297297297297,500.0,500.0,450.0,13,43,74,500.0,450.0,450.0,500.0,500.0,500.0,283.3333333333333,141.66666666666666,84.06593406593407,0.5666666666666667,0.2833333333333333,0.18681318681318682,17,17,17
52536443,0,5,26,,24750.0,22100.0,,450.0,379.2307692307692,,450.0,340.0,0,5,26,,450.0,340.0,,450.0,430.0,,412.5,242.85714285714286,1.0,0.9166666666666666,0.7142857142857143,30,55,65
525472560929976068,23,48,79,6867.0,11772.000000000002,11772.0,973.2608695652174,979.5624979166665,1022.8987329113924,981.0,981.0,981.0,23,48,79,934.16665,981.0,981.0,981.0,981.0,1090.0,228.9,196.20000000000002,129.36263736263737,0.23333333333333334,0.2,0.13186813186813187,7,12,12
52596621,23,53,84,4900.0,4900.0,5250.0,701.695652173913,751.5396226415094,757.3880952380953,700.0,700.0,750.0,23,53,84,700.0,700.0,700.0,700.0,799.0,799.0,163.33333333333334,81.66666666666667,57.69230769230769,0.23333333333333334,0.11666666666666667,0.07692307692307693,7,7,7
52619006,1,24,38,17400.0,16200.0,23850.000000000004,600.0,529.875,488.60526315789474,600.0,450.0,450.0,1,24,38,600.0,450.0,450.0,600.0,625.0,450.0,580.0,270.0,262.0879120879121,0.9666666666666667,0.6,0.5824175824175825,29,36,53
52627650,12,12,12,6300.0,16800.0,27650.000000000004,356.9583333333333,356.9583333333333,356.9583333333333,350.0,350.0,350.0,12,12,12,350.0,350.0,350.0,366.5,366.5,366.5,210.0,280.0,303.84615384615387,0.6,0.8,0.8681318681318682,18,48,79
52646204,5,35,66,24975.0,24975.0,22475.0,1037.2,1064.4571428571428,965.0151515151515,999.0,999.0,899.0,5,35,66,999.0,899.0,899.0,999.0,999.0,999.0,832.5,416.25,246.97802197802199,0.8333333333333334,0.4166666666666667,0.27472527472527475,25,25,25
52650644,3,33,64,20250.0,21060.0,16200.0,750.0,720.0,661.875,750.0,780.0,600.0,3,33,64,750.0,600.0,600.0,750.0,780.0,780.0,675.0,351.0,178.02197802197801,0.9,0.45,0.2967032967032967,27,27,27
52670832,0,0,13,,,36660.0,,,477.2307692307692,,,470.0,0,0,13,,,470.0,,,470.0,,,402.85714285714283,1.0,1.0,0.8571428571428571,30,60,78
52758042,28,58,89,5380.0,5500.0,6000.000000000001,2709.285714285714,2842.5,2897.3595505617977,2690.0,2750.0,3000.0,28,58,89,2690.0,2690.0,2690.0,2750.0,3000.0,3000.0,179.33333333333334,91.66666666666667,65.93406593406594,0.06666666666666667,0.03333333333333333,0.02197802197802198,2,2,2
52826190,0,9,38,,20400.0,15900.000000000002,,387.5,321.6885963157894,,400.0,300.0,0,9,38,,375.0,300.0,,400.0,310.0,,340.0,174.72527472527474,1.0,0.85,0.5824175824175825,30,51,53
52969803,7,30,61,8050.000000000001,10050.0,10500.0,341.42857142857144,347.6666666666667,346.1475409836066,350.0,335.0,350.0,7,30,61,330.0,335.0,335.0,350.0,350.0,350.0,268.33333333333337,167.5,115.38461538461539,0.7666666666666667,0.5,0.32967032967032966,23,30,30
53008127,3,22,51,12150.0,17100.0,11999.999999999998,450.0,397.27272727272725,329.4117647058824,450.0,450.0,300.0,3,22,51,450.0,350.0,300.0,450.0,450.0,400.0,405.0,285.0,131.86813186813185,0.9,0.6333333333333333,0.43956043956043955,27,38,40
53077335,0,0,11,,,80000.0,,,1000.0,,,1000.0,0,0,11,,,1000.0,,,1000.0,,,879.1208791208791,1.0,1.0,0.8791208791208791,30,60,80
53113087,11,21,48,12349.999999999998,25350.0,18927.16681,631.0909090909091,630.0952380952381,519.84028,650.0,650.0,440.16667,11,21,48,650.0,650.0,400.0,650.0,650.0,650.0,411.66666666666663,422.5,207.99084406593406,0.6333333333333333,0.65,0.4725274725274725,19,39,43
53133732,11,41,72,17004.999999999996,17004.999999999996,12787.000000000002,895.0,841.780487804878,769.1111111111111,895.0,895.0,673.0,11,41,72,895.0,673.0,673.0,895.0,895.0,895.0,566.8333333333333,283.41666666666663,140.51648351648353,0.6333333333333333,0.31666666666666665,0.2087912087912088,19,19,19
53154219,18,48,79,8532.000000000002,8532.000000000002,6924.0,711.0,647.6041666666666,616.0527430379747,711.0,711.0,577.0,18,48,79,711.0,519.0,550.0,711.0,711.0,711.0,284.40000000000003,142.20000000000002,76.08791208791209,0.4,0.2,0.13186813186813187,12,12,12
53175731,29,59,90,1199.0,1199.0,1199.0,1199.0,1195.6101694915253,1012.3333333333334,1199.0,1199.0,1199.0,29,59,90,1199.0,1199.0,999.0,1199.0,1199.0,1199.0,39.96666666666667,19.983333333333334,13.175824175824177,0.03333333333333333,0.016666666666666666,0.01098901098901099,1,1,1
53190433,7,11,39,23000.000000000004,49000.0,41600.0,1000.0,872.7272727272727,820.5128205128206,1000.0,1000.0,800.0,7,11,39,1000.0,650.0,800.0,1000.0,1000.0,800.0,766.6666666666667,816.6666666666666,457.1428571428571,0.7666666666666667,0.8166666666666667,0.5714285714285714,23,49,52
53195241,21,51,82,17910.0,17910.0,15749.999999999998,1990.0,1919.2156862745098,1835.121951219512,1990.0,1990.0,1750.0,21,51,82,1990.0,1600.0,1600.0,1990.0,2150.0,1990.0,597.0,298.5,173.07692307692307,0.3,0.15,0.0989010989010989,9,9,9
53240300,20,44,75,9900.0,15840.0,15840.0,990.0,1011.9318204545456,1004.066668,990.0,990.0,990.0,20,44,75,990.0,990.0,990.0,990.0,990.0,990.0,330.0,264.0,174.06593406593407,0.3333333333333333,0.26666666666666666,0.17582417582417584,10,16,16
53280496,0,6,27,,22302.0,24320.0,,413.0,382.70987629629633,,413.0,380.0,0,6,27,,413.0,380.0,,413.0,380.0,,371.7,267.25274725274727,1.0,0.9,0.7032967032967034,30,54,64
53314692,2,22,53,21840.0,29640.0,29640.0,780.0,661.8181818181819,728.8050320754717,780.0,780.0,780.0,2,22,53,780.0,520.0,520.0,780.0,780.0,950.0,728.0,494.0,325.7142857142857,0.9333333333333333,0.6333333333333333,0.4175824175824176,28,38,38
53325047,4,20,41,15600.0,18000.0,22500.0,600.0,511.35,456.1463414634146,600.0,450.0,450.0,4,20,41,600.0,450.0,450.0,600.0,600.0,450.0,520.0,300.0,247.25274725274727,0.8666666666666667,0.6666666666666666,0.5494505494505495,26,40,50
53337464,28,58,89,1100.0,1100.0,1100.0000000000002,550.0,605.8275862068965,586.3820224719101,550.0,550.0,550.0,28,58,89,550.0,550.0,550.0,550.0,550.0,550.0,36.666666666666664,18.333333333333332,12.08791208791209,0.06666666666666667,0.03333333333333333,0.02197802197802198,2,2,2
53340772,8,28,59,13199.999999999998,19200.0,12800.000000000002,600.0,633.3035714285714,518.8559322033898,600.0,600.0,400.0,8,28,59,600.0,600.0,380.0,600.0,600.0,600.0,439.99999999999994,320.0,140.65934065934067,0.7333333333333333,0.5333333333333333,0.3516483516483517,22,32,32
53445765,5,21,52,9250.000000000002,12285.0,13601.249999999998,370.0,321.2738095238095,387.22596153846155,370.0,315.0,348.75,5,21,52,370.0,300.0,300.0,370.0,319.375,500.0,308.33333333333337,204.75,149.4642857142857,0.8333333333333334,0.65,0.42857142857142855,25,39,39
53448627,11,26,26,8455.0,17170.0,32825.0,497.3636363636364,533.1794884615384,533.1794884615384,445.0,505.0,505.0,11,26,26,445.0,445.0,445.0,567.0,567.0,567.0,281.8333333333333,286.1666666666667,360.7142857142857,0.6333333333333333,0.5666666666666667,0.7142857142857143,19,34,65
53458717,0,17,43,,17630.0,18240.0,,403.39215647058825,389.2480618604651,,410.0,380.0,0,17,43,,407.66666,380.0,,410.0,410.0,,293.8333333333333,200.43956043956044,1.0,0.7166666666666667,0.5274725274725275,30,43,48
53474066,2,14,38,22400.0,41400.0,45050.00000000001,800.0,882.1428571428571,861.8421052631579,800.0,900.0,850.0,2,14,38,800.0,900.0,850.0,800.0,900.0,900.0,746.6666666666666,690.0,495.0549450549451,0.9333333333333333,0.7666666666666667,0.5824175824175825,28,46,53
53581602,10,40,70,10000.0,10000.0,10500.0,500.0,536.45,520.8285714285714,500.0,500.0,500.0,10,40,70,500.0,500.0,500.0,500.0,500.0,500.0,333.3333333333333,166.66666666666666,115.38461538461539,0.6666666666666666,0.3333333333333333,0.23076923076923078,20,20,21
53643568,8,17,17,13232.999999999998,30100.0,51800.00000000001,607.75,689.0588235294117,689.0588235294117,601.5,700.0,700.0,8,17,17,539.0,664.0,664.0,670.25,769.0,769.0,441.09999999999997,501.6666666666667,569.2307692307693,0.7333333333333333,0.7166666666666667,0.8131868131868132,22,43,74
53645678,0,30,61,,20850.0,20850.0,,688.8333333333334,740.5737704918033,,695.0,695.0,0,30,61,,610.0,610.0,,770.0,890.0,,347.5,229.12087912087912,1.0,0.5,0.32967032967032966,30,30,30
53669499,30,59,59,0.0,543.0,17376.0,543.0,543.0,543.0,543.0,543.0,543.0,30,59,59,543.0,543.0,543.0,543.0,543.0,543.0,0.0,9.05,190.94505494505495,0.0,0.016666666666666666,0.3516483516483517,0,1,32
53717416,0,29,60,,21483.0,16895.0,,705.8793103448276,648.225,,693.0,545.0,0,29,60,,545.0,523.0,,804.0,736.5,,358.05,185.65934065934067,1.0,0.5166666666666667,0.34065934065934067,30,31,31
53733977,1,14,22,9860.0,15640.000000000002,24149.999999999996,340.0,342.57142857142856,345.27272727272725,340.0,340.0,350.0,1,14,22,340.0,332.5,340.0,340.0,350.0,350.0,328.6666666666667,260.6666666666667,265.38461538461536,0.9666666666666667,0.7666666666666667,0.7582417582417582,29,46,69
53738511,23,53,64,3262.0,3262.0,12582.0,466.0,466.0,466.0,466.0,466.0,466.0,23,53,64,466.0,466.0,466.0,466.0,466.0,466.0,108.73333333333333,54.36666666666667,138.26373626373626,0.23333333333333334,0.11666666666666667,0.2967032967032967,7,7,27
53794321,27,42,42,1647.0000000000002,9882.0,26900.999999999996,549.0,563.4285714285714,563.4285714285714,549.0,549.0,549.0,27,42,42,549.0,549.0,549.0,549.0,549.0,549.0,54.900000000000006,164.7,295.6153846153846,0.1,0.3,0.5384615384615384,3,18,49
53803935,11,26,26,12236.0,20547.3322,39281.6645,726.0,642.4166653846153,642.4166653846153,644.0,604.3333,604.3333,11,26,26,629.0,581.0,581.0,890.0,636.5,636.5,407.8666666666667,342.45553666666666,431.66664285714285,0.6333333333333333,0.5666666666666667,0.7142857142857143,19,34,65
53825192,0,13,23,,76140.0,62900.0,,1421.5384615384614,1036.2173913043478,,1620.0,925.0,0,13,23,,1125.0,533.0,,1620.0,1620.0,,1269.0,691.2087912087912,1.0,0.7833333333333333,0.7472527472527473,30,47,68
53893648,0,21,52,,21450.0,21449.999999999996,,700.8095238095239,622.4423076923077,,550.0,550.0,0,21,52,,550.0,550.0,,967.0,550.0,,357.5,235.7142857142857,1.0,0.65,0.42857142857142855,30,39,39
53903158,6,36,66,28320.0,28320.0,27250.000000000004,1180.0,1215.5555555555557,1158.4848484848485,1180.0,1180.0,1090.0,6,36,66,1180.0,1090.0,1090.0,1180.0,1400.0,1180.0,944.0,472.0,299.4505494505495,0.8,0.4,0.27472527472527475,24,24,25
53914255,6,18,47,24960.0,38220.0,17160.0,1040.0,866.6666666666666,588.6879425531914,1040.0,910.0,390.0,6,18,47,1040.0,910.0,390.0,1040.0,1040.0,910.0,832.0,637.0,188.57142857142858,0.8,0.7,0.4835164835164835,24,42,44
53915734,4,34,45,9789.0,10985.0,19320.0,378.625,468.52941176470586,453.44444444444446,376.5,422.5,420.0,4,34,45,350.0,400.0,400.0,405.125,488.0,450.5,326.3,183.08333333333334,212.3076923076923,0.8666666666666667,0.43333333333333335,0.5054945054945055,26,26,46
53936201,2,12,43,28840.0,42708.00000000001,39456.0,1030.0,961.6666666666666,832.6744186046511,1030.0,889.75,822.0,2,12,43,1030.0,871.0625,749.375,1030.0,1047.75,870.5,961.3333333333334,711.8000000000001,433.5824175824176,0.9333333333333333,0.8,0.5274725274725275,28,48,48
53972959,0,17,48,,38657.0,38657.0,,902.5098,864.6041645833334,,899.0,899.0,0,17,48,,899.0,799.0,,899.0,899.0,,644.2833333333333,424.8021978021978,1.0,0.7166666666666667,0.4725274725274725,30,43,43
53973724,3,28,55,18603.0,18848.0,21204.0,731.6666666666666,640.0,577.5090909090909,689.0,589.0,589.0,3,28,55,689.0,589.0,459.0,753.0,689.0,589.0,620.1,314.1333333333333,233.010989010989,0.9,0.5333333333333333,0.3956043956043956,27,32,36
53986731,0,7,15,,19186.0,22800.0,,367.14285714285717,331.3333333333333,,362.0,300.0,0,7,15,,362.0,300.0,,368.0,362.0,,319.76666666666665,250.54945054945057,1.0,0.8833333333333333,0.8351648351648352,30,53,76
54167570,21,47,78,12600.0,18200.000000000004,18200.0,1400.0,1402.5531914893618,1406.1538461538462,1400.0,1400.0,1400.0,21,47,78,1400.0,1400.0,1400.0,1400.0,1400.0,1400.0,420.0,303.33333333333337,200.0,0.3,0.21666666666666667,0.14285714285714285,9,13,13
54237040,15,38,66,9750.0,15399.999999999998,17500.0,680.5111133333334,693.1754394736843,696.0707075757576,650.0,700.0,700.0,15,38,66,650.0,693.625,700.0,700.0,700.0,700.0,325.0,256.66666666666663,192.30769230769232,0.5,0.36666666666666664,0.27472527472527475,15,22,25
54245203,10,23,23,10600.0,21386.0,39304.0,530.0,591.5869565217391,591.5869565217391,530.0,578.0,578.0,10,23,23,530.0,530.0,530.0,530.0,656.4000000000001,656.4000000000001,353.3333333333333,356.43333333333334,431.91208791208794,0.6666666666666666,0.6166666666666667,0.7472527472527473,20,37,68
54246694,28,58,89,1600.0,1600.0,1600.0000000000002,800.0,800.0,710.1123595505618,800.0,800.0,800.0,28,58,89,800.0,800.0,800.0,800.0,800.0,800.0,53.333333333333336,26.666666666666668,17.582417582417584,0.06666666666666667,0.03333333333333333,0.02197802197802198,2,2,2
54287612,0,19,50,,15949.0,16359.0,,439.14035263157893,414.25333400000005,,389.0,399.0,0,19,50,,389.0,399.0,,399.0,399.0,,265.81666666666666,179.76923076923077,1.0,0.6833333333333333,0.45054945054945056,30,41,41
543584528464360785,0,29,60,,10943.000000000002,10850.0,,402.7413793103448,375.4916666666667,,353.0,350.0,0,29,60,,350.0,350.0,,390.0,352.25,,182.38333333333335,119.23076923076924,1.0,0.5166666666666667,0.34065934065934067,30,31,31
54365625,20,50,81,6999.999999999999,6999.999999999999,7000.0,615.0,684.0,670.8024691358024,700.0,700.0,700.0,20,50,81,500.0,700.0,600.0,700.0,700.0,700.0,233.33333333333331,116.66666666666666,76.92307692307692,0.3333333333333333,0.16666666666666666,0.10989010989010989,10,10,10
549056203343531816,5,5,25,17500.0,38500.0,21780.0,710.0,710.0,431.4,700.0,700.0,330.0,5,5,25,700.0,700.0,300.0,700.0,700.0,650.0,583.3333333333334,641.6666666666666,239.34065934065933,0.8333333333333334,0.9166666666666666,0.7252747252747253,25,55,66
573122310094338767,0,16,44,,27719.999999999996,32900.0,,635.3125,676.4772727272727,,630.0,700.0,0,16,44,,630.0,630.0,,630.0,700.0,,461.99999999999994,361.53846153846155,1.0,0.7333333333333333,0.5164835164835165,30,44,47
577333685681759877,5,16,37,18750.0,24200.0,26892.0,690.0,574.25,534.027027027027,750.0,550.0,498.0,5,16,37,600.0,498.0,498.0,750.0,600.0,550.0,625.0,403.3333333333333,295.5164835164835,0.8333333333333334,0.7333333333333333,0.5934065934065934,25,44,54
577547502503396579,8,30,58,14299.999999999998,19500.0,21449.999999999996,725.0,686.8333333333334,610.6551724137931,650.0,650.0,650.0,8,30,58,650.0,650.0,450.0,850.0,690.0,650.0,476.66666666666663,325.0,235.7142857142857,0.7333333333333333,0.5,0.3626373626373626,22,30,33
580407424598756855,0,8,14,,35377.334200000005,44159.5,,669.1458375,538.7976214285715,,680.33335,573.5,0,8,14,,634.0,365.0,,714.125,692.6666749999999,,589.6222366666667,485.2692307692308,1.0,0.8666666666666667,0.8461538461538461,30,52,77
599368528094352718,0,7,22,,31747.0,20665.5,,564.8571428571429,384.6818181818182,,599.0,299.5,0,7,22,,599.0,299.0,,599.0,539.25,,529.1166666666667,227.0934065934066,1.0,0.8833333333333333,0.7582417582417582,30,53,69
605748852048435444,7,28,59,13723.3341,13866.66656,12800.000000000002,596.9524,462.913695,402.73870271186445,596.6667,433.33333,400.0,7,28,59,596.6667,400.0,320.0,601.33335,482.0,428.95833,457.44447,231.11110933333333,140.65934065934067,0.7666666666666667,0.5333333333333333,0.3516483516483517,23,32,32
610155932497817911,24,54,65,3108.0000000000005,3108.0000000000005,13468.0,518.0,518.0,518.0,518.0,518.0,518.0,24,54,65,518.0,518.0,518.0,518.0,518.0,518.0,103.60000000000001,51.800000000000004,148.0,0.2,0.1,0.2857142857142857,6,6,26
612245203931813020,10,33,61,19980.0,27000.0,15000.000000000002,999.0,990.6060606060606,738.360655737705,999.0,1000.0,500.0,10,33,61,998.0,998.0,400.0,1000.0,1000.0,1000.0,666.0,450.0,164.83516483516485,0.6666666666666666,0.45,0.32967032967032966,20,27,30
613221032690703355,6,23,24,19224.000000000004,27232.0,49228.25,801.0,731.9347826086956,720.1875,801.0,736.0,734.75,6,23,24,801.0,711.0,711.0,801.0,801.0,801.0,640.8000000000001,453.8666666666667,540.9697802197802,0.8,0.6166666666666667,0.7362637362637363,24,37,67
618943952389206201,13,40,71,11899.999999999998,13999.999999999998,8000.0,713.2307692307693,576.8,501.3380281690141,700.0,700.0,400.0,13,40,71,700.0,400.0,400.0,700.0,700.0,700.0,396.66666666666663,233.33333333333331,87.91208791208791,0.5666666666666667,0.3333333333333333,0.21978021978021978,17,20,20
622878708674009200,13,43,74,11899.999999999998,11050.0,11050.0,680.0,678.8372093023256,666.7567567567568,700.0,650.0,650.0,13,43,74,650.0,650.0,650.0,700.0,700.0,650.0,396.66666666666663,184.16666666666666,121.42857142857143,0.5666666666666667,0.2833333333333333,0.18681318681318682,17,17,17
627388721154300829,4,15,26,12350.0,24750.0,30875.0,475.0,530.0,432.6923076923077,475.0,550.0,475.0,4,15,26,400.0,550.0,300.0,550.0,550.0,550.0,411.6666666666667,412.5,339.2857142857143,0.8666666666666667,0.75,0.7142857142857143,26,45,65
628340205412932131,4,10,10,10400.0,20000.000000000004,32400.0,400.0,500.0,500.0,400.0,400.0,400.0,4,10,10,400.0,400.0,400.0,400.0,650.0,650.0,346.6666666666667,333.33333333333337,356.04395604395603,0.8666666666666667,0.8333333333333334,0.8901098901098901,26,50,81
629724091250673746,10,28,52,14299.999999999998,22880.0,25369.5,698.9,697.7619035714285,665.0448711538461,715.0,715.0,650.5,10,28,52,694.375,655.25,493.75,715.0,770.625,746.75,476.66666666666663,381.3333333333333,278.7857142857143,0.6666666666666666,0.5333333333333333,0.42857142857142855,20,32,39
633809099013662442,3,14,42,16200.0,24150.0,22050.0,600.0,525.0,454.76190476190476,600.0,525.0,450.0,3,14,42,600.0,450.0,400.0,600.0,600.0,450.0,540.0,402.5,242.3076923076923,0.9,0.7666666666666667,0.5384615384615384,27,46,49
639216644351145145,0,4,16,,64399.99999999999,67500.0,,1150.0,962.5,,1150.0,900.0,0,4,16,,1150.0,900.0,,1150.0,962.5,,1073.3333333333333,741.7582417582418,1.0,0.9333333333333333,0.8241758241758241,30,56,75
6569062,30,60,90,0.0,0.0,732.5,732.5,706.0833333333334,720.7222222222222,712.5,675.0,732.5,30,60,90,675.0,675.0,675.0,800.0,728.75,750.0,0.0,0.0,8.04945054945055,0.0,0.0,0.01098901098901099,0,0,1
667324814851452653,8,32,63,17600.0,22400.0,22400.0,725.0,795.84375,861.3809523809524,800.0,800.0,800.0,8,32,63,600.0,800.0,800.0,800.0,800.0,1000.0,586.6666666666666,373.3333333333333,246.15384615384616,0.7333333333333333,0.4666666666666667,0.3076923076923077,22,28,28
668715506986619718,3,12,23,19440.0,26040.0,30600.000000000004,720.0,558.5416666666666,510.97826086956513,720.0,542.5,450.0,3,12,23,720.0,462.499995,450.0,720.0,624.375,542.5,648.0,434.0,336.2637362637363,0.9,0.8,0.7472527472527473,27,48,68
670778657683556451,1,15,26,28304.0,43920.0,47840.00000000001,976.0,880.5333333333333,819.3846153846154,976.0,976.0,736.0,1,15,26,976.0,736.0,736.0,976.0,976.0,976.0,943.4666666666667,732.0,525.7142857142858,0.9666666666666667,0.75,0.7142857142857143,29,45,65
673825002694927178,2,21,31,25760.0,35880.0,55200.0,920.0,889.5238095238095,793.5483870967741,920.0,920.0,920.0,2,21,31,920.0,920.0,592.0,920.0,1000.0,920.0,858.6666666666666,598.0,606.5934065934066,0.9333333333333333,0.65,0.6593406593406593,28,39,60
673826204715344716,8,14,25,23760.0,49680.0,69828.0,1080.0,1047.5714285714287,910.48,1080.0,1080.0,1058.0,8,14,25,1080.0,1058.0,736.0,1080.0,1080.0,1080.0,792.0,828.0,767.3406593406593,0.7333333333333333,0.7666666666666667,0.7252747252747253,22,46,66
673826267743797671,0,16,27,,33439.99999999999,45056.00000000001,,753.6875,733.4444444444445,,760.0,704.0,0,16,27,,704.0,704.0,,760.0,760.0,,557.3333333333333,495.1208791208792,1.0,0.7333333333333333,0.7032967032967034,30,44,64
674566887638611404,13,15,40,11050.0,29250.0,30600.000000000004,650.0,643.3333333333334,488.75,650.0,650.0,600.0,13,15,40,650.0,650.0,300.0,650.0,650.0,650.0,368.3333333333333,487.5,336.2637362637363,0.5666666666666667,0.75,0.5604395604395604,17,45,51
675242237586865339,10,40,71,10260.0,9280.0,9070.0,498.3,482.77083350000004,445.4342723943662,513.0,464.0,453.5,10,40,71,476.25,419.0,360.0,513.0,513.0,465.0,342.0,154.66666666666666,99.67032967032966,0.6666666666666666,0.3333333333333333,0.21978021978021978,20,20,20
676838365540390245,0,0,20,,,17750.0,,,250.0,,,250.0,0,0,20,,,250.0,,,250.0,,,195.05494505494505,1.0,1.0,0.7802197802197802,30,60,71
678242953903453952,2,20,47,12600.0,13999.999999999998,15400.0,450.0,377.5,344.6808510638298,450.0,350.0,350.0,2,20,47,450.0,350.0,300.0,450.0,400.0,350.0,420.0,233.33333333333331,169.23076923076923,0.9333333333333333,0.6666666666666666,0.4835164835164835,28,40,44
679166677359467385,18,48,79,16452.0,16452.0,11244.0,1371.0,1230.95833125,1130.6708848101266,1371.0,1371.0,937.0,18,48,79,1371.0,937.0,937.0,1371.0,1371.0,1371.0,548.4,274.2,123.56043956043956,0.4,0.2,0.13186813186813187,12,12,12
681894806923375678,0,18,29,,43785.0,36704.0,,903.5555555555555,785.3793103448276,,1042.5,592.0,0,18,29,,614.3333,592.0,,1192.0,1083.3334,,729.75,403.34065934065933,1.0,0.7,0.6813186813186813,30,42,62
684782448665574114,4,22,53,16640.000000000004,24129.999999999996,24130.0,640.0,637.0454545454545,578.3962264150944,640.0,635.0,635.0,4,22,53,640.0,635.0,480.0,640.0,640.0,640.0,554.6666666666667,402.16666666666663,265.16483516483515,0.8666666666666667,0.6333333333333333,0.4175824175824176,26,38,38
686743101124580615,5,16,27,23550.0,41448.0,41472.0,942.0,935.21875,818.2037037037037,942.0,942.0,648.0,5,16,27,942.0,868.5,648.0,942.0,1094.5,969.5,785.0,690.8,455.73626373626377,0.8333333333333334,0.7333333333333333,0.7032967032967034,25,44,64
687757820659405525,25,55,86,2787.4999999999995,2787.4999999999995,2787.5,564.4,576.6818181818181,570.2906976744187,557.5,557.5,557.5,25,55,86,550.0,550.0,550.0,580.0,580.0,572.5,92.91666666666666,46.45833333333333,30.63186813186813,0.16666666666666666,0.08333333333333333,0.054945054945054944,5,5,5
693024169316156606,10,29,40,16020.0,17546.0,28662.000000000004,792.2,612.448275862069,591.875,801.0,566.0,562.0,10,29,40,801.0,476.0,494.0,801.0,801.0,713.75,534.0,292.43333333333334,314.967032967033,0.6666666666666666,0.5166666666666667,0.5604395604395604,20,31,51
694313018923554703,7,18,25,23920.0,57329.99999999999,68640.0,1040.0,1398.342588888889,1188.806664,1040.0,1365.0,1040.0,7,18,25,1040.0,1040.0,650.0,1040.0,1867.125,1820.0,797.3333333333334,955.4999999999999,754.2857142857142,0.7666666666666667,0.7,0.7252747252747253,23,42,66
694947516825280143,0,2,21,,19140.0,23100.000000000004,,330.0,332.23809523809524,,330.0,330.0,0,2,21,,330.0,330.0,,330.0,330.0,,319.0,253.84615384615387,1.0,0.9666666666666667,0.7692307692307693,30,58,70
703527486074504582,6,36,67,9552.000000000002,9552.000000000002,7200.0,381.6666666666667,363.1111111111111,333.910447761194,398.0,398.0,300.0,6,36,67,398.0,300.0,300.0,398.0,398.0,398.0,318.40000000000003,159.20000000000002,79.12087912087912,0.8,0.4,0.26373626373626374,24,24,24
703538637731385185,9,35,66,7980.0,10050.0,10050.000000000002,383.0370377777778,393.24761942857145,398.97979818181824,380.0,402.0,402.0,9,35,66,380.0,380.0,385.5,380.0,404.5,406.375,266.0,167.5,110.43956043956045,0.7,0.4166666666666667,0.27472527472527475,21,25,25
703678241822238330,4,29,60,10348.0,9300.000000000002,9300.0,398.0,343.9310344827586,321.23333333333335,398.0,300.0,300.0,4,29,60,398.0,300.0,300.0,398.0,398.0,300.0,344.93333333333334,155.00000000000003,102.1978021978022,0.8666666666666667,0.5166666666666667,0.34065934065934067,26,31,31
705946468067026302,12,34,60,8640.0,12480.0,11780.0,486.6666666666667,524.1176470588235,439.0,480.0,480.0,380.0,12,34,60,480.0,480.0,300.0,500.0,500.0,480.0,288.0,208.0,129.45054945054946,0.6,0.43333333333333335,0.34065934065934067,18,26,31
708045427082372124,30,60,91,0.0,0.0,0.0,1250.0,1254.0666666666666,1258.043956043956,1250.0,1250.0,1250.0,30,60,91,1250.0,1250.0,1250.0,1250.0,1250.0,1250.0,0.0,0.0,0.0,0.0,0.0,0.0,0,0,0
719355891470345652,22,47,78,5200.0,8450.0,6500.0,668.1818181818181,606.3191531914894,538.8653871794871,650.0,650.0,500.0,22,47,78,650.0,516.1667,429.0,658.25,650.0,650.0,173.33333333333334,140.83333333333334,71.42857142857143,0.26666666666666666,0.21666666666666667,0.14285714285714285,8,13,13
721635424816164605,0,21,52,,29640.0,29249.999999999996,,755.0,753.0192288461537,,760.0,750.0,0,21,52,,746.6667,740.0,,760.0,760.0,,494.0,321.4285714285714,1.0,0.65,0.42857142857142855,30,39,39
725867973010290782,6,33,64,11520.0,12960.0,12960.0,480.0,509.09090909090907,496.09375,480.0,480.0,480.0,6,33,64,480.0,450.0,450.0,480.0,480.0,500.0,384.0,216.0,142.41758241758242,0.8,0.45,0.2967032967032967,24,27,27
728531681504670920,9,15,37,3800.9999999999995,7785.0,7209.0,194.27777777777777,176.56666666666666,151.86936918918917,181.0,173.0,133.5,9,15,37,178.5,148.5,120.0,240.5,184.0,173.33333,126.69999999999999,129.75,79.21978021978022,0.7,0.75,0.5934065934065934,21,45,54
730437501239201082,23,53,84,5496.75,5496.75,4958.333450000001,781.2090608695653,766.3473264150944,668.5941469047619,785.25,785.25,708.33335,23,53,84,774.0,774.0,500.0,785.25,793.2857,785.25,183.225,91.6125,54.487180769230775,0.23333333333333334,0.11666666666666667,0.07692307692307693,7,7,7
730503580289648392,5,10,10,20625.0,38750.0,62775.0,825.0,787.5,787.5,825.0,775.0,775.0,5,10,10,825.0,750.0,750.0,825.0,825.0,825.0,687.5,645.8333333333334,689.8351648351648,0.8333333333333334,0.8333333333333334,0.8901098901098901,25,50,81
730553947980169722,0,17,48,,34830.0,38700.0,,820.5882352941177,888.5416666666666,,810.0,900.0,0,17,48,,810.0,810.0,,810.0,900.0,,580.5,425.27472527472526,1.0,0.7166666666666667,0.4725274725274725,30,43,43
731853350375474350,7,17,34,13800.000000000002,25800.0,39900.0,601.7857142857143,640.4411764705883,705.5147058823529,600.0,600.0,700.0,7,17,34,600.0,600.0,603.125,600.0,700.0,700.0,460.00000000000006,430.0,438.46153846153845,0.7666666666666667,0.7166666666666667,0.6263736263736264,23,43,57
732572931172602640,8,32,63,7149.999999999999,8470.0,7840.000000000001,325.0,302.5,291.42857142857144,325.0,302.5,280.0,8,32,63,325.0,280.0,280.0,325.0,325.0,302.5,238.33333333333331,141.16666666666666,86.15384615384616,0.7333333333333333,0.4666666666666667,0.3076923076923077,22,28,28
734774611454860165,9,21,52,15329.999999999998,27105.0,23562.499350000002,733.8888888888889,707.047619047619,576.7067307692307,730.0,695.0,604.16665,9,21,52,660.0,660.0,415.0,800.0,800.0,660.0,510.99999999999994,451.75,258.9285642857143,0.7,0.65,0.42857142857142855,21,39,39
735732850757918650,0,11,35,,119070.0,51949.3352,,2332.4848454545454,1293.0666657142856,,2430.0,927.6667,0,11,35,,2259.66665,750.0,,2430.0,2186.66665,,1984.5,570.8718153846154,1.0,0.8166666666666667,0.6153846153846154,30,49,56
739015384619300207,17,47,58,21060.0,20852.0,52932.0,1620.0,1609.787234042553,1608.6896551724137,1620.0,1604.0,1604.0,17,47,58,1620.0,1604.0,1604.0,1620.0,1620.0,1620.0,702.0,347.53333333333336,581.6703296703297,0.43333333333333335,0.21666666666666667,0.3626373626373626,13,13,33
744210382596366805,6,14,45,14704.000800000002,23000.000000000004,23000.0,613.7222333333333,548.7380999999999,517.1851866666667,612.6667,500.0,500.0,6,14,45,612.5416749999999,500.0,500.0,612.9166749999999,612.625025,511.375,490.13336000000004,383.33333333333337,252.74725274725273,0.8,0.7666666666666667,0.5054945054945055,24,46,46
746451645715267085,28,58,89,1889.5,1919.75,1800.0,953.1964285714286,1011.8879310344828,974.9269662921348,944.75,959.875,900.0,28,58,89,900.0,900.0,900.0,1000.0,1000.0,1000.0,62.983333333333334,31.995833333333334,19.78021978021978,0.06666666666666667,0.03333333333333333,0.02197802197802198,2,2,2
748336742434217963,1,13,44,17806.0,21150.0,21150.000000000004,614.0,474.15384615384613,457.1363636363636,614.0,450.0,450.0,1,13,44,614.0,450.0,450.0,614.0,450.0,450.0,593.5333333333333,352.5,232.41758241758245,0.9666666666666667,0.7833333333333333,0.5164835164835165,29,47,47
753461577197808016,18,48,59,11760.0,11760.0,31360.000000000004,980.0,888.3333333333334,843.8983050847457,980.0,980.0,980.0,18,48,59,980.0,650.0,650.0,980.0,980.0,980.0,392.0,196.0,344.61538461538464,0.4,0.2,0.3516483516483517,12,12,32
753566944813003124,16,46,77,7700.000000000001,7700.000000000001,7700.0,550.0,553.5956521739131,578.1220779220779,550.0,550.0,550.0,16,46,77,550.0,550.0,550.0,550.0,560.0,650.0,256.6666666666667,128.33333333333334,84.61538461538461,0.4666666666666667,0.23333333333333334,0.15384615384615385,14,14,14
754141022905987471,19,49,80,7699.999999999999,7699.999999999999,6600.0,700.0,704.5986387755102,639.06666625,700.0,700.0,600.0,19,49,80,700.0,600.0,575.0,700.0,700.0,700.0,256.66666666666663,128.33333333333331,72.52747252747253,0.36666666666666664,0.18333333333333332,0.12087912087912088,11,11,11
754375397775403281,23,53,84,5460.0,5460.0,6230.000000000001,773.2333347826086,818.5729566037736,844.9329369047618,780.0,780.0,890.0,23,53,84,757.0,780.0,780.0,780.0,890.0,890.0,182.0,91.0,68.46153846153847,0.23333333333333334,0.11666666666666667,0.07692307692307693,7,7,7
754796838418506202,16,37,68,11375.0,16100.000000000002,13800.0,773.4375,718.2432432432432,574.4852941176471,812.5,700.0,600.0,16,37,68,700.0,700.0,392.5,850.0,850.0,700.0,379.1666666666667,268.33333333333337,151.64835164835165,0.4666666666666667,0.38333333333333336,0.25274725274725274,14,23,23
756997201912524343,23,50,81,5950.0,8500.0,8500.0,850.0,841.71,960.3148148148148,850.0,850.0,850.0,23,50,81,850.0,700.0,700.0,850.0,850.0,1200.0,198.33333333333334,141.66666666666666,93.4065934065934,0.23333333333333334,0.16666666666666666,0.10989010989010989,7,10,10
758758164947604865,26,51,82,680.0,1530.0,1530.0,179.23076923076923,176.4313725490196,153.90243902439025,170.0,170.0,170.0,26,51,82,170.0,170.0,100.0,200.0,170.0,170.0,22.666666666666668,25.5,16.813186813186814,0.13333333333333333,0.15,0.0989010989010989,4,9,9
762112217871324562,0,13,35,,18753.0,25200.000000000004,,440.9230769230769,442.37142857142857,,399.0,450.0,0,13,35,,399.0,399.0,,490.0,450.0,,312.55,276.92307692307696,1.0,0.7833333333333333,0.6153846153846154,30,47,56
762916089194134311,29,59,90,1000.0000000000001,1000.0000000000001,1000.0,1000.0,1000.0,1000.0,1000.0,1000.0,1000.0,29,59,90,1000.0,1000.0,1000.0,1000.0,1000.0,1000.0,33.333333333333336,16.666666666666668,10.989010989010989,0.03333333333333333,0.016666666666666666,0.01098901098901099,1,1,1
766052072199682693,3,26,57,10125.0,18700.0,25500.0,375.0,602.0961538461538,647.2105263157895,375.0,550.0,750.0,3,26,57,375.0,550.0,550.0,375.0,750.0,750.0,337.5,311.6666666666667,280.2197802197802,0.9,0.5666666666666667,0.37362637362637363,27,34,34
766788707373767791,0,5,35,,28599.999999999996,19880.0,,520.0,430.42857142857144,,520.0,355.0,0,5,35,,520.0,355.0,,520.0,520.0,,476.66666666666663,218.46153846153848,1.0,0.9166666666666666,0.6153846153846154,30,55,56
767407262472265686,10,40,68,15999.999999999998,15999.999999999998,16099.999999999998,800.0,794.75,729.0441176470588,800.0,800.0,700.0,10,40,68,800.0,700.0,700.0,800.0,800.0,800.0,533.3333333333333,266.66666666666663,176.9230769230769,0.6666666666666666,0.3333333333333333,0.25274725274725274,20,20,23
769009482417170004,3,27,55,16200.0,19800.0,17279.999999999996,600.0,652.9629629629629,567.0727272727273,600.0,600.0,480.0,3,27,55,600.0,480.0,480.0,600.0,650.0,600.0,540.0,330.0,189.89010989010987,0.9,0.55,0.3956043956043956,27,33,36
770131545986036241,15,41,72,13500.0,17100.0,17100.0,933.3333333333334,1012.1951219512196,963.8888888888889,900.0,900.0,900.0,15,41,72,900.0,900.0,900.0,1000.0,1000.0,900.0,450.0,285.0,187.9120879120879,0.5,0.31666666666666665,0.2087912087912088,15,19,19
771111761043546355,15,45,75,8355.0,8377.5,8912.0,569.8333333333334,632.9666666666667,603.2666666666667,557.0,558.5,557.0,15,45,75,557.0,557.0,557.0,569.5,627.0,582.75,278.5,139.625,97.93406593406594,0.5,0.25,0.17582417582417584,15,15,16
772261416620745030,13,43,74,14407.5,14025.0,14025.0,852.6923076923077,835.0697674418604,831.8378378378378,847.5,825.0,825.0,13,43,74,825.0,825.0,825.0,881.25,839.75,825.0,480.25,233.75,154.12087912087912,0.5666666666666667,0.2833333333333333,0.18681318681318682,17,17,17
772706520794806760,9,9,9,9450.0,22950.0,36900.0,450.0,450.0,450.0,450.0,450.0,450.0,9,9,9,450.0,450.0,450.0,450.0,450.0,450.0,315.0,382.5,405.4945054945055,0.7,0.85,0.9010989010989011,21,51,82
778933432062496662,29,39,70,950.0,19950.0,19950.000000000004,965.1724137931035,961.2820512820513,892.2857142857143,950.0,950.0,950.0,29,39,70,950.0,950.0,770.0,990.0,990.0,950.0,31.666666666666668,332.5,219.23076923076925,0.03333333333333333,0.35,0.23076923076923078,1,21,21
781223884036842600,8,34,62,10999.999999999998,13000.000000000002,9787.5,500.0,436.02941176470586,364.758064516129,500.0,500.0,337.5,8,34,62,500.0,380.0,270.0,500.0,500.0,500.0,366.66666666666663,216.66666666666669,107.55494505494505,0.7333333333333333,0.43333333333333335,0.31868131868131866,22,26,29
782548209247570691,8,20,51,19800.0,27999.999999999996,28000.0,900.0,790.0,656.8627450980392,900.0,700.0,700.0,8,20,51,900.0,700.0,500.0,900.0,900.0,700.0,660.0,466.66666666666663,307.6923076923077,0.7333333333333333,0.6666666666666666,0.43956043956043955,22,40,40
782734966853311782,18,48,79,11760.0,11760.0,6960.0,992.0,857.6458333333334,748.6962025316456,980.0,980.0,580.0,18,48,79,980.0,580.0,580.0,980.0,980.0,980.0,392.0,196.0,76.48351648351648,0.4,0.2,0.13186813186813187,12,12,12
783879004243392314,17,40,71,10400.0,15638.096,12480.0,802.2927176470589,763.73482,612.4905426760562,800.0,781.9048,624.0,17,40,71,773.3333,650.0,387.61905,850.0,850.0,800.0,346.6666666666667,260.6349333333333,137.14285714285714,0.43333333333333335,0.3333333333333333,0.21978021978021978,13,20,20
785658004981722606,16,46,62,6622.0,6622.0,14354.999999999998,473.0,553.054347826087,560.3306451612904,473.0,473.0,495.0,16,46,62,473.0,473.0,473.0,473.0,495.0,550.0,220.73333333333335,110.36666666666667,157.74725274725273,0.4666666666666667,0.23333333333333334,0.31868131868131866,14,14,29
786307999394390316,6,22,53,13200.0,20900.0,20900.000000000004,639.0,574.2727272727273,572.9056603773585,550.0,550.0,550.0,6,22,53,550.0,550.0,550.0,750.25,550.0,550.0,440.0,348.3333333333333,229.6703296703297,0.8,0.6333333333333333,0.4175824175824176,24,38,38
786807324710664147,4,17,43,40300.00000000001,100190.0,40800.0,1550.0,1798.235294117647,1205.1162790697674,1550.0,2330.0,850.0,4,17,43,1550.0,1550.0,800.0,1550.0,2330.0,1550.0,1343.3333333333335,1669.8333333333333,448.35164835164835,0.8666666666666667,0.7166666666666667,0.5274725274725275,26,43,48
787195284335262595,0,23,50,,20350.0,22288.625,,574.0181173913044,539.5633332000001,,550.0,543.625,0,23,50,,539.25,481.125,,650.0,550.0,,339.1666666666667,244.92994505494505,1.0,0.6166666666666667,0.45054945054945056,30,37,41
787847078680683474,3,21,52,17280.0,12870.0,12869.999999999998,640.0,371.9047619047619,322.88461538461536,640.0,330.0,330.0,3,21,52,640.0,330.0,260.0,640.0,330.0,330.0,576.0,214.5,141.42857142857142,0.9,0.65,0.42857142857142855,27,39,39
790431243381422888,29,59,90,1000.0000000000001,1000.0000000000001,1000.0,1027.5862068965516,997.6440677966102,914.2333333333333,1000.0,1000.0,1000.0,29,59,90,1000.0,1000.0,750.0,1100.0,1000.0,1000.0,33.333333333333336,16.666666666666668,10.989010989010989,0.03333333333333333,0.016666666666666666,0.01098901098901099,1,1,1
790518755885066166,0,16,47,,33000.0,33000.0,,752.5,806.1702127659574,,750.0,750.0,0,16,47,,750.0,750.0,,750.0,880.0,,550.0,362.6373626373626,1.0,0.7333333333333333,0.4835164835164835,30,44,44
790752171303746450,15,45,76,7500.0,7500.0,7500.000000000001,503.4,502.26666666666665,502.6842105263158,500.0,500.0,500.0,15,45,76,500.0,500.0,500.0,500.0,500.0,500.0,250.0,125.0,82.41758241758242,0.5,0.25,0.16483516483516483,15,15,15
792096103347120988,11,24,24,7410.0,14040.0,26130.000000000004,377.27272727272725,410.90625,410.90625,390.0,390.0,390.0,11,24,24,390.0,390.0,390.0,390.0,412.9375,412.9375,247.0,234.0,287.14285714285717,0.6333333333333333,0.6,0.7362637362637363,19,36,67
792184367926408145,0,20,50,,15840.0,14233.833470000001,,418.183334,371.04,,396.0,347.16667,0,20,50,,396.0,323.750005,,409.75,396.0,,264.0,156.41575241758244,1.0,0.6666666666666666,0.45054945054945056,30,40,41
794710559970994170,1,10,36,15949.999999999998,27500.000000000004,28874.999999999996,550.0,546.25,503.81944444444446,550.0,550.0,525.0,1,10,36,550.0,550.0,450.0,550.0,550.0,550.0,531.6666666666666,458.33333333333337,317.30769230769226,0.9666666666666667,0.8333333333333334,0.6043956043956044,29,50,55
794996321339600522,10,27,58,10000.0,14850.000000000002,11550.0,510.0,456.18518518518516,371.8448275862069,500.0,450.0,350.0,10,27,58,500.0,450.0,250.0,500.0,500.0,450.0,333.3333333333333,247.50000000000003,126.92307692307692,0.6666666666666666,0.55,0.3626373626373626,20,33,33
795495744056169046,7,25,45,25300.0,28000.0,36800.0,1103.5714285714287,901.0,856.1111111111111,1100.0,800.0,800.0,7,25,45,1050.0,800.0,800.0,1150.0,1025.0,800.0,843.3333333333334,466.6666666666667,404.3956043956044,0.7666666666666667,0.5833333333333334,0.5054945054945055,23,35,46
796481545034280714,19,45,71,6929.999999999999,8700.0,11600.0,634.7368421052631,616.6666666666666,579.2957746478874,630.0,580.0,580.0,19,45,71,580.0,580.0,580.0,690.0,650.0,605.0,230.99999999999997,145.0,127.47252747252747,0.36666666666666664,0.25,0.21978021978021978,11,15,20
797261187302809924,20,37,68,6000.0,12420.0,11500.0,582.0,547.027027027027,528.5441176470588,600.0,540.0,500.0,20,37,68,540.0,500.0,500.0,600.0,600.0,546.75,200.0,207.0,126.37362637362637,0.3333333333333333,0.38333333333333336,0.25274725274725274,10,23,23
798475021925579344,4,23,25,9100.000000000002,11840.0,19800.0,350.0,332.95652173913044,330.32,350.0,320.0,300.0,4,23,25,350.0,300.0,300.0,350.0,369.0,360.0,303.33333333333337,197.33333333333334,217.58241758241758,0.8666666666666667,0.6166666666666667,0.7252747252747253,26,37,66
799251513158018593,0,20,51,,20000.0,20000.0,,552.0,520.3921568627451,,500.0,500.0,0,20,51,,500.0,500.0,,500.0,500.0,,333.3333333333333,219.78021978021977,1.0,0.6666666666666666,0.43956043956043955,30,40,40
800942299109284552,4,21,39,9100.000000000002,11700.0,15599.999999999998,350.0,328.57142857142856,306.4102564102564,350.0,300.0,300.0,4,21,39,350.0,300.0,300.0,350.0,350.0,300.0,303.33333333333337,195.0,171.42857142857142,0.8666666666666667,0.65,0.5714285714285714,26,39,52
801271167231006592,0,3,34,,14991.0,14250.0,,263.0,254.1666664705882,,263.0,250.0,0,3,34,,263.0,250.0,,263.0,262.75,,249.85,156.5934065934066,1.0,0.95,0.6263736263736264,30,57,57
801611117719633492,7,32,57,12650.0,15400.000000000002,13600.0,571.4285714285714,512.625,456.2105263157895,550.0,550.0,400.0,7,32,57,550.0,400.0,350.0,600.0,562.5,550.0,421.6666666666667,256.6666666666667,149.45054945054946,0.7666666666666667,0.4666666666666667,0.37362637362637363,23,28,34
802047490248101970,0,4,35,,14126.0,14000.000000000002,,253.75,251.57142857142858,,252.25,250.0,0,4,35,,251.375,250.0,,254.625,251.916665,,235.43333333333334,153.84615384615387,1.0,0.9333333333333333,0.6153846153846154,30,56,56
802357806571870530,10,24,55,12409.999999999998,22032.0,24480.0,624.4,620.0,654.9363636363636,620.5,612.0,680.0,10,24,55,612.0,612.0,612.0,637.25,629.0,680.0,413.66666666666663,367.2,269.010989010989,0.6666666666666666,0.6,0.3956043956043956,20,36,36
805726391815686158,3,19,47,14040.0,16359.000000000002,17556.0,520.0,418.10526315789474,406.72340425531917,520.0,399.0,399.0,3,19,47,520.0,399.0,399.0,520.0,399.0,399.0,468.0,272.65000000000003,192.92307692307693,0.9,0.6833333333333333,0.4835164835164835,27,41,44
806702099486447309,11,29,60,14250.0,15500.000000000002,15500.0,756.0,622.9655172413793,571.2833333333333,750.0,500.0,500.0,11,29,60,750.0,500.0,500.0,758.25,750.0,658.0,475.0,258.33333333333337,170.32967032967034,0.6333333333333333,0.5166666666666667,0.34065934065934067,19,31,31
807400945391416643,8,8,19,18875.999999999996,44616.0,32400.0,876.125,876.125,629.421052631579,858.0,858.0,450.0,8,8,19,858.0,858.0,450.0,900.0,900.0,858.0,629.1999999999999,743.6,356.04395604395603,0.7333333333333333,0.8666666666666667,0.7912087912087912,22,52,72
809946874989632205,16,44,75,5180.0,5920.0,5920.000000000001,377.0625,382.5113636363636,380.00666666666666,370.0,370.0,370.0,16,44,75,370.0,370.0,370.0,370.0,390.0,370.0,172.66666666666666,98.66666666666667,65.05494505494507,0.4666666666666667,0.26666666666666666,0.17582417582417584,14,16,16
811053746893495263,4,28,59,16900.0,12800.0,12800.000000000002,651.0,509.7857142857143,393.864406779661,650.0,400.0,400.0,4,28,59,612.5,400.0,200.0,688.5,650.0,400.0,563.3333333333334,213.33333333333334,140.65934065934067,0.8666666666666667,0.5333333333333333,0.3516483516483517,26,32,32
812231708820863156,0,12,35,,52752.0,28000.000000000004,,1005.097225,672.8047628571429,,1099.0,500.0,0,12,35,,1023.9166749999999,500.0,,1099.0,948.83335,,879.2,307.69230769230774,1.0,0.8,0.6153846153846154,30,48,56
813090046454458015,25,55,84,1950.0,1950.0,2730.0,397.6,391.27272727272725,388.45238095238096,390.0,390.0,390.0,25,55,84,390.0,370.0,370.0,400.0,400.0,400.0,65.0,32.5,30.0,0.16666666666666666,0.08333333333333333,0.07692307692307693,5,5,7
815806026505024003,13,33,33,15300.0,24300.0,52200.0,894.4615384615385,897.2121212121212,897.2121212121212,900.0,900.0,900.0,13,33,33,888.0,900.0,900.0,900.0,900.0,900.0,510.0,405.0,573.6263736263736,0.5666666666666667,0.45,0.6373626373626373,17,27,58
816613605644920543,24,51,79,12600.0,18900.0,21600.0,2208.3333333333335,2050.9803921568628,1897.4683544303798,2100.0,2100.0,1800.0,24,51,79,2100.0,1800.0,1800.0,2350.0,2100.0,2100.0,420.0,315.0,237.36263736263737,0.2,0.15,0.13186813186813187,6,9,12
821574780923920105,0,13,44,,28200.0,28200.0,,600.0,602.5909090909091,,600.0,600.0,0,13,44,,600.0,600.0,,600.0,600.0,,470.0,309.8901098901099,1.0,0.7833333333333333,0.5164835164835165,30,47,47
821920276390293366,11,25,38,12349.999999999998,22750.0,34450.00000000001,740.9090909090909,725.1,601.1052631578947,650.0,650.0,650.0,11,25,38,650.0,650.0,359.375,900.0,900.0,837.5,411.66666666666663,379.1666666666667,378.5714285714286,0.6333333333333333,0.5833333333333334,0.5824175824175825,19,35,53
822365439954007216,4,26,57,20800.0,27200.0,27200.0,800.0,800.0,704.2280701754386,800.0,800.0,800.0,4,26,57,800.0,800.0,520.0,800.0,800.0,800.0,693.3333333333334,453.3333333333333,298.9010989010989,0.8666666666666667,0.5666666666666667,0.37362637362637363,26,34,34
826063757882656916,21,43,73,6075.0,11050.0,9288.0,728.5714285714286,634.5116279069767,585.8082191780821,675.0,650.0,516.0,21,43,73,650.0,516.0,516.0,800.0,675.0,650.0,202.5,184.16666666666666,102.06593406593406,0.3,0.2833333333333333,0.1978021978021978,9,17,18
826617189908528565,4,18,49,12870.0,16624.99986,16800.0,495.0,543.1666666666666,472.24829959183677,495.0,395.83333,400.0,4,18,49,438.75,361.66666499999997,400.0,551.25,821.25,450.0,429.0,277.083331,184.6153846153846,0.8666666666666667,0.7,0.46153846153846156,26,42,42
828036946101813387,0,7,24,,39484.99999999999,16833.75,,554.2857142857143,341.3541666666667,,745.0,251.25,0,7,24,,300.0,240.0,,745.0,300.0,,658.0833333333333,184.98626373626374,1.0,0.8833333333333333,0.7362637362637363,30,53,67
8287843,11,36,67,15199.999999999998,16800.0,16800.0,690.9090909090909,719.4444444444445,591.4179104477612,800.0,700.0,700.0,11,36,67,600.0,700.0,302.5,800.0,800.0,700.0,506.66666666666663,280.0,184.6153846153846,0.6333333333333333,0.4,0.26373626373626374,19,24,24
831740758559247685,0,23,34,,29600.000000000004,45600.0,,810.5217391304348,807.1176470588235,,800.0,800.0,0,23,34,,800.0,800.0,,804.0,800.0,,493.33333333333337,501.0989010989011,1.0,0.6166666666666667,0.6263736263736264,30,37,57
832123000813215722,22,47,78,4240.0,6890.000000000001,6370.0,530.0,520.6382978723404,486.6666666666667,530.0,530.0,490.0,22,47,78,530.0,490.0,426.25,530.0,530.0,530.0,141.33333333333334,114.83333333333334,70.0,0.26666666666666666,0.21666666666666667,0.14285714285714285,8,13,13
834645644371228115,28,38,38,600.0,6599.999999999999,15900.000000000002,300.0,300.0,300.0,300.0,300.0,300.0,28,38,38,300.0,300.0,300.0,300.0,300.0,300.0,20.0,109.99999999999999,174.72527472527474,0.06666666666666667,0.36666666666666664,0.5824175824175825,2,22,53
836385234465202348,8,25,33,37180.0,59150.0,98020.0,1690.0,1450.8,1256.6666666666667,1690.0,1690.0,1690.0,8,25,33,1690.0,650.0,650.0,1690.0,1950.0,1950.0,1239.3333333333333,985.8333333333334,1077.142857142857,0.7333333333333333,0.5833333333333334,0.6373626373626373,22,35,58
837646263953285868,8,27,55,12012.0,18018.0,14400.0,546.0,529.0117296296296,454.8021218181818,546.0,546.0,400.0,8,27,55,546.0,500.0,374.0,546.0,569.08335,546.0,400.4,300.3,158.24175824175825,0.7333333333333333,0.55,0.3956043956043956,22,33,36
839184834439414765,3,15,42,4050.0,6750.0,7349.999999999999,150.0,154.0,154.71428571428572,150.0,150.0,150.0,3,15,42,150.0,150.0,150.0,150.0,150.0,150.0,135.0,112.5,80.76923076923076,0.9,0.75,0.5384615384615384,27,45,49
840525492567265584,0,13,39,,70500.0,52000.0,,1589.7692307692307,1196.5897435897436,,1500.0,1000.0,0,13,39,,1500.0,1000.0,,2000.0,1250.0,,1175.0,571.4285714285714,1.0,0.7833333333333333,0.5714285714285714,30,47,52
841394344184198064,2,19,27,16716.0,24600.0,38400.0,597.0,694.2631578947369,666.3333333333334,597.0,600.0,600.0,2,19,27,597.0,600.0,600.0,597.0,800.0,800.0,557.2,410.0,421.978021978022,0.9333333333333333,0.6833333333333333,0.7032967032967034,28,41,64
844864653127085626,13,43,74,18530.0,18530.0,18530.0,1136.1538461538462,1138.8372093023256,1028.9909905405405,1090.0,1090.0,1090.0,13,43,74,1090.0,1090.0,841.0,1190.0,1140.0,1090.0,617.6666666666666,308.8333333333333,203.62637362637363,0.5666666666666667,0.2833333333333333,0.18681318681318682,17,17,17
850675824952359571,25,55,66,4050.0,4009.9999999999995,20050.0,810.0,805.6363636363636,805.030303030303,810.0,802.0,802.0,25,55,66,810.0,802.0,802.0,810.0,810.0,810.0,135.0,66.83333333333333,220.32967032967034,0.16666666666666666,0.08333333333333333,0.27472527472527475,5,5,25
850931966820064700,2,14,40,18200.0,33120.0,36720.0,650.0,915.7142857142857,797.9000025,650.0,720.0,720.0,2,14,40,650.0,720.0,700.0,650.0,1200.0,783.33335,606.6666666666666,552.0,403.5164835164835,0.9333333333333333,0.7666666666666667,0.5604395604395604,28,46,51
856482117556875618,0,0,20,,,26269.999999999996,,,370.0,,,370.0,0,0,20,,,370.0,,,370.0,,,288.68131868131866,1.0,1.0,0.7802197802197802,30,60,71
859653300578357102,16,46,57,9828.0,9828.0,23868.0,702.0,702.0,702.0,702.0,702.0,702.0,16,46,57,702.0,702.0,702.0,702.0,702.0,702.0,327.6,163.8,262.2857142857143,0.4666666666666667,0.23333333333333334,0.37362637362637363,14,14,34
859925561562240250,0,19,29,,36408.00000000001,43648.0,,869.0526315789474,792.8275862068965,,888.0,704.0,0,19,29,,704.0,648.0,,1080.0,936.0,,606.8000000000001,479.64835164835165,1.0,0.6833333333333333,0.6813186813186813,30,41,62
863830918159371125,8,36,67,8382.0,8400.0,7344.0,394.5,380.05555555555554,329.46268656716416,381.0,350.0,306.0,8,36,67,380.0,284.5,263.0,395.5,386.5,375.0,279.4,140.0,80.7032967032967,0.7333333333333333,0.4,0.26373626373626374,22,24,24
869504505210568410,19,49,80,10999.999999999998,10999.999999999998,13750.000000000002,973.6842105263158,1107.142857142857,1162.5,1000.0,1000.0,1250.0,19,49,80,950.0,1000.0,1000.0,1000.0,1250.0,1250.0,366.66666666666663,183.33333333333331,151.0989010989011,0.36666666666666664,0.18333333333333332,0.12087912087912088,11,11,11
871084107630048364,2,23,54,13300.0,16650.0,16650.0,475.0,480.4347826086956,444.44444444444446,475.0,450.0,450.0,2,23,54,462.5,450.0,400.0,487.5,500.0,450.0,443.3333333333333,277.5,182.96703296703296,0.9333333333333333,0.6166666666666667,0.4065934065934066,28,37,37
873125740517449213,5,31,62,11550.0,13079.0,12122.0,455.4,508.93548387096774,456.0483870967742,462.0,451.0,418.0,5,31,62,451.0,416.0,366.0,462.0,539.0,486.75,385.0,217.98333333333335,133.2087912087912,0.8333333333333334,0.48333333333333334,0.31868131868131866,25,29,29
873255393900331818,10,40,71,12499.999999999998,12499.999999999998,10660.0,589.0,789.45,656.1267605633802,625.0,625.0,533.0,10,40,71,535.0,533.0,533.0,625.0,823.75,625.0,416.66666666666663,208.33333333333331,117.14285714285714,0.6666666666666666,0.3333333333333333,0.21978021978021978,20,20,20
881204142086821328,4,20,51,14300.0,21999.999999999996,22000.0,550.0,570.0,516.6666666666666,550.0,550.0,550.0,4,20,51,550.0,550.0,400.0,550.0,550.0,550.0,476.6666666666667,366.66666666666663,241.75824175824175,0.8666666666666667,0.6666666666666666,0.43956043956043955,26,40,40
8838629,12,38,66,11700.0,17160.0,16250.000000000002,732.1666666666666,863.0350868421052,747.7525242424243,650.0,780.0,650.0,12,38,66,650.0,650.0,552.5,808.0,895.75,780.0,390.0,286.0,178.57142857142858,0.6,0.36666666666666664,0.27472527472527475,18,22,25
892721989592935461,0,20,47,,14500.0,15400.0,,405.75,361.6808510638298,,362.5,350.0,0,20,47,,350.0,310.0,,490.0,368.75,,241.66666666666666,169.23076923076923,1.0,0.6666666666666666,0.4835164835164835,30,40,44
894985131313802009,3,33,64,17820.0,18711.0,15120.0,696.6666666666666,706.469696969697,652.1328125,660.0,693.0,560.0,3,33,64,660.0,545.0,523.0,715.0,775.0,753.75,594.0,311.85,166.15384615384616,0.9,0.45,0.2967032967032967,27,27,27
897144549301156856,12,27,27,14850.0,28050.000000000004,54400.0,825.0,984.4444444444445,984.4444444444445,825.0,850.0,850.0,12,27,27,800.0,800.0,800.0,850.0,850.0,850.0,495.0,467.50000000000006,597.8021978021978,0.6,0.55,0.7032967032967034,18,33,64
900757690500508426,1,4,25,23055.0,44520.0,31349.999999999996,795.0,835.5,571.08,795.0,795.0,475.0,1,4,25,795.0,795.0,475.0,795.0,835.5,795.0,768.5,742.0,344.5054945054945,0.9666666666666667,0.9333333333333333,0.7252747252747253,29,56,66
902324773092897293,3,3,3,27000.0,57000.0,88000.0,1000.0,1000.0,1000.0,1000.0,1000.0,1000.0,3,3,3,1000.0,1000.0,1000.0,1000.0,1000.0,1000.0,900.0,950.0,967.032967032967,0.9,0.95,0.967032967032967,27,57,88
904512525045117852,0,20,40,,30000.0,28050.0,,711.495,530.9975000000001,,750.0,550.0,0,20,40,,639.375,300.0,,800.0,750.0,,500.0,308.24175824175825,1.0,0.6666666666666666,0.5604395604395604,30,40,51
906701409648697471,5,26,57,17450.000000000004,20332.0,20332.0,698.0,657.6153846153846,542.0175438596491,698.0,598.0,598.0,5,26,57,698.0,598.0,350.0,698.0,698.0,598.0,581.6666666666667,338.8666666666667,223.42857142857144,0.8333333333333334,0.5666666666666667,0.37362637362637363,25,34,34
910815231577364751,3,17,39,18900.0,30100.0,20800.0,700.0,740.4705882352941,502.2564102564103,700.0,700.0,400.0,3,17,39,700.0,700.0,300.0,700.0,900.0,700.0,630.0,501.6666666666667,228.57142857142856,0.9,0.7166666666666667,0.5714285714285714,27,43,52
911476333007658783,8,25,53,9349.999999999998,12250.000000000002,9500.0,425.0,333.5,257.311320754717,425.0,350.0,250.0,8,25,53,350.0,250.0,150.0,500.0,350.0,350.0,311.66666666666663,204.16666666666669,104.3956043956044,0.7333333333333333,0.5833333333333334,0.4175824175824176,22,35,38
913929715874853789,2,21,52,25732.0,37011.0,35061.0,919.0,983.1746,919.5320499999999,919.0,949.0,899.0,2,21,52,919.0,899.0,849.0,919.0,949.0,949.0,857.7333333333333,616.85,385.2857142857143,0.9333333333333333,0.65,0.42857142857142855,28,39,39
915332897455058900,13,37,68,19558.499999999996,25254.000000000004,21344.0,1161.576923076923,1153.5337837837837,1075.0036764705883,1150.5,1098.0,928.0,13,37,68,1098.0,928.5,889.0,1255.0,1307.0,1186.375,651.9499999999999,420.90000000000003,234.54945054945054,0.5666666666666667,0.38333333333333336,0.25274725274725274,17,23,23
916052715744473224,30,40,40,0.0,23000.0,58650.0,1150.0,1150.0,1150.0,1150.0,1150.0,1150.0,30,40,40,1150.0,1150.0,1150.0,1150.0,1150.0,1150.0,0.0,383.3333333333333,644.5054945054945,0.0,0.3333333333333333,0.5604395604395604,0,20,51
923133320997277084,12,25,39,9900.0,19250.000000000004,15599.999999999998,550.0,462.44,396.43589743589746,550.0,550.0,300.0,12,25,39,550.0,300.0,300.0,550.0,550.0,550.0,330.0,320.83333333333337,171.42857142857142,0.6,0.5833333333333334,0.5714285714285714,18,35,52
929120660817262874,25,55,86,3495.0,3495.0,3495.0,702.0,744.0636363636364,734.796511627907,699.0,699.0,699.0,25,55,86,674.0,699.0,699.0,749.0,749.0,749.0,116.5,58.25,38.40659340659341,0.16666666666666666,0.08333333333333333,0.054945054945054944,5,5,5
9327293,8,22,33,20900.0,36100.0,52200.0,931.25,933.6136363636364,922.4090909090909,950.0,950.0,900.0,8,22,33,900.0,900.0,900.0,950.0,950.0,950.0,696.6666666666666,601.6666666666666,573.6263736263736,0.7333333333333333,0.6333333333333333,0.6373626373626373,22,38,58
936216057908307884,0,30,61,,11760.0,13200.0,,365.34,388.69180327868855,,392.0,440.0,0,30,61,,227.08333249999998,250.0,,472.0,500.0,,196.0,145.05494505494505,1.0,0.5,0.32967032967032966,30,30,30
939325387438995809,16,37,68,23800.0,32200.000000000004,27600.0,1568.75,1467.5675675675675,1345.5882352941176,1700.0,1400.0,1200.0,16,37,68,1400.0,1200.0,1200.0,1700.0,1700.0,1475.0,793.3333333333334,536.6666666666667,303.2967032967033,0.4666666666666667,0.38333333333333336,0.25274725274725274,14,23,23
939698664229028471,5,9,35,10000.000000000002,17850.0,16800.0,390.0,344.44444444444446,306.35714285714283,400.0,350.0,300.0,5,9,35,400.0,300.0,300.0,400.0,400.0,300.0,333.33333333333337,297.5,184.6153846153846,0.8333333333333334,0.85,0.6153846153846154,25,51,56
944320965810800803,23,53,84,6300.0,6300.0,5600.0,910.8695652173913,933.3553471698114,884.1408738095239,900.0,900.0,800.0,23,53,84,900.0,890.0,800.0,900.0,900.0,900.0,210.0,105.0,61.53846153846154,0.23333333333333334,0.11666666666666667,0.07692307692307693,7,7,7
946451380352813662,0,0,20,,,78100.0,,,1104.875,,,1100.0,0,0,20,,,1100.0,,,1100.0,,,858.2417582417582,1.0,1.0,0.7802197802197802,30,60,71
946609581890906389,0,6,23,,26946.0,26792.0,,467.6666666666667,407.2753626086957,,499.0,394.0,0,6,23,,428.5,385.0,,499.0,405.0,,449.1,294.4175824175824,1.0,0.9,0.7472527472527473,30,54,68
950059146531590785,3,17,17,10719.0,17071.0,29378.0,397.0,469.05882352941177,469.05882352941177,397.0,397.0,397.0,3,17,17,397.0,397.0,397.0,397.0,537.0,537.0,357.3,284.51666666666665,322.83516483516485,0.9,0.7166666666666667,0.8131868131868132,27,43,74
956398979498945273,0,14,39,,23000.000000000004,26000.0,,500.0,464.1025641025641,,500.0,500.0,0,14,39,,500.0,400.0,,500.0,500.0,,383.33333333333337,285.7142857142857,1.0,0.7666666666666667,0.5714285714285714,30,46,52
956676934234107014,3,11,14,13608.0,24695.999999999996,30415.0,576.0,412.90909090909093,409.07142857142856,504.0,504.0,395.0,3,11,14,504.0,248.0,275.0,612.0,504.0,504.0,453.6,411.59999999999997,334.2307692307692,0.9,0.8166666666666667,0.8461538461538461,27,49,77
957349094500016515,25,51,82,1999.9999999999998,3600.0,6291.0,400.0,509.04901960784315,583.2378048780488,400.0,400.0,699.0,25,51,82,400.0,400.0,400.0,400.0,699.0,699.0,66.66666666666666,60.0,69.13186813186813,0.16666666666666666,0.15,0.0989010989010989,5,9,9
963040775940890055,19,49,80,7221.499999999999,7314.999999999999,7083.999999999999,669.3157894736842,708.396257142857,650.24687375,656.5,665.0,644.0,19,49,80,644.0,644.0,545.0,687.0,718.5,693.125,240.71666666666664,121.91666666666666,77.84615384615384,0.36666666666666664,0.18333333333333332,0.12087912087912088,11,11,11
963916345061155113,10,24,35,31500.0,56700.0,78400.0,1678.75,1571.1458333333333,1364.454762857143,1575.0,1575.0,1400.0,10,24,35,1421.875,1400.0,950.0,1575.0,1685.0,1605.0,1050.0,945.0,861.5384615384615,0.6666666666666666,0.6,0.6153846153846154,20,36,56
964579064376617710,3,33,64,19008.0,20061.0,17874.0,744.3333333333334,800.8030303030303,742.4609375,704.0,743.0,662.0,3,33,64,704.0,644.0,627.0,764.5,825.0,780.0,633.6,334.35,196.41758241758242,0.9,0.45,0.2967032967032967,27,27,27
965310801955633109,10,32,63,13000.0,16800.0,12600.000000000002,650.0,565.625,476.984126984127,650.0,600.0,450.0,10,32,63,650.0,500.0,350.0,650.0,650.0,600.0,433.3333333333333,280.0,138.46153846153848,0.6666666666666666,0.4666666666666667,0.3076923076923077,20,28,28
9658725,0,0,10,,,24299.999999999996,,,282.1,,,300.0,0,0,10,,,300.0,,,300.0,,,267.032967032967,1.0,1.0,0.8901098901098901,30,60,81
966687088388761169,27,57,88,2550.0,2550.0,2100.0,866.6666666666666,818.421052631579,776.7045454545455,850.0,850.0,700.0,27,57,88,850.0,700.0,700.0,900.0,850.0,850.0,85.0,42.5,23.076923076923077,0.1,0.05,0.03296703296703297,3,3,3
968213956640500474,23,53,81,3486.0,3486.0,4730.0,533.8695652173913,520.2106916981132,465.27366246913573,498.0,498.0,473.0,23,53,81,498.0,473.0,398.0,573.0,573.0,510.5,116.2,58.1,51.97802197802198,0.23333333333333334,0.11666666666666667,0.10989010989010989,7,7,10
978095320445301654,12,42,73,14400.0,16200.0,16200.0,800.0,924.4047619047619,871.5753424657535,800.0,900.0,900.0,12,42,73,800.0,800.0,800.0,800.0,900.0,900.0,480.0,270.0,178.02197802197801,0.6,0.3,0.1978021978021978,18,18,18
978244263452010977,3,23,47,10260.0,16872.0,20064.0,370.0,431.6521739130435,433.63829787234044,380.0,456.0,456.0,3,23,47,365.0,361.0,380.0,380.0,456.0,456.0,342.0,281.2,220.4835164835165,0.9,0.6166666666666667,0.4835164835164835,27,37,44
980310639590708922,7,37,68,15180.000000000002,15019.000000000002,12282.0,612.0714285714286,674.3378378378378,615.0073529411765,660.0,653.0,534.0,7,37,68,572.0,495.0,484.0,665.25,693.0,666.0,506.00000000000006,250.3166666666667,134.96703296703296,0.7666666666666667,0.38333333333333336,0.25274725274725274,23,23,23
983188724209547131,23,53,73,7000.0,7000.0,17999.999999999996,1000.0,990.566037735849,878.6986301369863,1000.0,1000.0,1000.0,23,53,73,1000.0,800.0,800.0,1000.0,1000.0,1000.0,233.33333333333334,116.66666666666667,197.80219780219778,0.23333333333333334,0.11666666666666667,0.1978021978021978,7,7,18
984846668146064982,30,48,48,0.0,11352.000000000002,40678.0,932.35,995.5104166666666,995.5104166666666,946.0,946.0,946.0,30,48,48,896.0,946.0,946.0,946.0,974.375,974.375,0.0,189.20000000000002,447.010989010989,0.0,0.2,0.4725274725274725,0,12,43
985445004274818605,7,34,59,4600.0,4875.0,4800.0,200.0,176.22058823529412,165.11016949152543,200.0,187.5,150.0,7,34,59,200.0,150.0,150.0,200.0,200.0,200.0,153.33333333333334,81.25,52.74725274725275,0.7666666666666667,0.43333333333333335,0.3516483516483517,23,26,32
985716714802993034,0,17,48,,21500.0,21500.0,,500.0,541.3472229166667,,500.0,500.0,0,17,48,,500.0,500.0,,500.0,599.0,,358.3333333333333,236.26373626373626,1.0,0.7166666666666667,0.4725274725274725,30,43,43
986245345084467584,25,55,86,4500.0,4500.0,4000.0,873.34,887.8818181818182,832.9476744186046,900.0,900.0,800.0,25,55,86,800.0,800.0,800.0,900.0,900.0,900.0,150.0,75.0,43.956043956043956,0.16666666666666666,0.08333333333333333,0.054945054945054944,5,5,5
986407426689940399,0,7,35,,15370.000000000002,15400.0,,285.0,269.57142857142856,,290.0,275.0,0,7,35,,275.0,250.0,,290.0,290.0,,256.1666666666667,169.23076923076923,1.0,0.8833333333333333,0.6153846153846154,30,53,56
991407580891691701,0,24,55,,23075.999999999996,19620.0,,703.4375,641.9181818181818,,641.0,545.0,0,24,55,,545.0,509.0,,889.875,715.5,,384.59999999999997,215.6043956043956,1.0,0.6,0.3956043956043956,30,36,36
995680028058206783,27,53,84,10500.0,24500.0,24500.0,3521.037037037037,3510.7169811320755,3520.285714285714,3500.0,3500.0,3500.0,27,53,84,3500.0,3500.0,3500.0,3500.0,3500.0,3500.0,350.0,408.3333333333333,269.2307692307692,0.1,0.11666666666666667,0.07692307692307693,3,7,7
996227938456591020,16,42,73,5586.000000000001,7181.999999999999,6300.0,436.875,385.0238095238095,333.5342465753425,399.0,399.0,350.0,16,42,73,399.0,350.0,252.0,500.0,399.0,399.0,186.20000000000002,119.69999999999999,69.23076923076923,0.4666666666666667,0.3,0.1978021978021978,14,18,18
999226382307972271,23,53,84,3500.0,3500.0,3139.5,500.0,564.0943396226415,491.6309523809524,500.0,500.0,448.5,23,53,84,500.0,500.0,400.0,500.0,500.0,500.0,116.66666666666667,58.333333333333336,34.5,0.23333333333333334,0.11666666666666667,0.07692307692307693,7,7,7
