airbnb_listing_id,listing_type,number_of_bedrooms,number_of_bathrooms,number_of_guests,number_of_beds,number_of_reviews,cleaning_fee,star_rating,suburb,star_rating_original,star_rating_clean,available_nights_H_30,available_nights_H_60,available_nights_H_91,mean_available_price_H_30,mean_available_price_H_60,mean_available_price_H_91,median_available_price_H_30,median_available_price_H_60,median_available_price_H_91,n_prices_observed_H_30,n_prices_observed_H_60,n_prices_observed_H_91,p25_price_H_30,p25_price_H_60,p25_price_H_91,p75_price_H_30,p75_price_H_60,p75_price_H_91,static_revenue_proxy_H_30,static_revenue_proxy_H_60,static_revenue_proxy_H_91,unavailability_rate_H_30,unavailability_rate_H_60,unavailability_rate_H_91,unavailable_nights_H_30,unavailable_nights_H_60,unavailable_nights_H_91,has_price_H_30,has_price_H_60,has_price_H_91,is_in_price_av_20jan,is_balanced_panel
1018938592594574382,apartamento,1,1.0,4,1,0,200.0,0.0,Centro,0.0,,,,,,,,,,,,,,,,,,,,,,,,,,,,,,,,0,0
991407580891691701,apartamento,3,2.0,6,3,11,439.0,4.550000190734863,Meia Praia,4.550000190734863,4.550000190734863,0.0,24.0,55.0,,703.4375,641.9181818181818,,641.0,545.0,0.0,24.0,55.0,,545.0,509.0,,889.875,715.5,,23076.0,19620.0,1.0,0.6,0.3956043956043956,30.0,36.0,36.0,False,True,True,1,1
41074064,casa,3,2.0,7,4,6,180.0,5.0,Varzea,5.0,5.0,,,,,,,,,,,,,,,,,,,,,,,,,,,,,,,0,0
54177663,apartamento,3,2.0,6,3,0,300.0,0.0,Meia Praia,0.0,,,,,,,,,,,,,,,,,,,,,,,,,,,,,,,,0,0
51975323,apartamento,3,3.0,8,5,2,400.0,4.5,Meia Praia,4.5,4.5,,,,,,,,,,,,,,,,,,,,,,,,,,,,,,,0,0
1036307719150120163,hotel,2,2.0,6,4,1,460.0,5.0,Meia Praia,5.0,5.0,,,,,,,,,,,,,,,,,,,,,,,,,,,,,,,0,0
41193865,apartamento,3,2.0,7,4,46,250.0,4.71999979019165,Meia Praia,4.71999979019165,4.71999979019165,5.0,19.0,50.0,449.5,413.0263157894737,405.8,465.0,400.0,400.0,5.0,19.0,50.0,400.0,400.0,400.0,482.5,400.0,400.0,11625.0,16400.0,16400.0,0.8333333333333334,0.6833333333333333,0.45054945054945056,25.0,41.0,41.0,True,True,True,1,1
1225665671183261027,apartamento,3,3.0,6,3,0,0.0,0.0,Meia Praia,0.0,,,,,,,,,,,,,,,,,,,,,,,,,,,,,,,,0,0
45894423,apartamento,3,4.0,8,6,1,300.0,5.0,Centro,5.0,5.0,,,,,,,,,,,,,,,,,,,,,,,,,,,,,,,0,0
21633529,casa,3,2.0,6,3,0,0.0,0.0,Canto da Praia,0.0,,,,,,,,,,,,,,,,,,,,,,,,,,,,,,,,0,0
1048799886066100123,casa,3,2.0,10,7,5,300.0,5.0,Tabuleiro dos Oliveiras,5.0,5.0,,,,,,,,,,,,,,,,,,,,,,,,,,,,,,,0,0
760325801206777466,apartamento,3,2.0,8,3,0,300.0,0.0,Meia Praia,0.0,,,,,,,,,,,,,,,,,,,,,,,,,,,,,,,,0,0
1034199140186021598,casa,1,1.0,2,0,5,0.0,4.400000095367432,Sertaozinho,4.400000095367432,4.400000095367432,,,,,,,,,,,,,,,,,,,,,,,,,,,,,,,0,0
20564012,apartamento,1,1.0,4,1,5,0.0,5.0,Centro,5.0,5.0,,,,,,,,,,,,,,,,,,,,,,,,,,,,,,,0,0
564507628435735448,apartamento,2,2.0,4,2,3,0.0,4.329999923706055,Meia Praia,4.329999923706055,4.329999923706055,,,,,,,,,,,,,,,,,,,,,,,,,,,,,,,0,0
20329580,apartamento,2,2.0,8,2,6,0.0,4.670000076293945,Meia Praia,4.670000076293945,4.670000076293945,,,,,,,,,,,,,,,,,,,,,,,,,,,,,,,0,0
680483739240925875,apartamento,3,2.0,6,3,0,0.0,0.0,Meia Praia,0.0,,,,,,,,,,,,,,,,,,,,,,,,,,,,,,,,0,0
31897704,apartamento,2,1.0,5,3,5,0.0,4.800000190734863,Meia Praia,4.800000190734863,4.800000190734863,,,,,,,,,,,,,,,,,,,,,,,,,,,,,,,0,0
1298043421274344956,apartamento,3,3.0,8,3,0,350.0,0.0,Meia Praia,0.0,,,,,,,,,,,,,,,,,,,,,,,,,,,,,,,,0,0
981207078966019606,apartamento,4,3.0,10,5,0,350.0,0.0,Meia Praia,0.0,,,,,,,,,,,,,,,,,,,,,,,,,,,,,,,,0,0
822704,apartamento,3,3.0,8,8,3,420.0,4.0,Centro,4.0,4.0,,,,,,,,,,,,,,,,,,,,,,,,,,,,,,,0,0
45973790,apartamento,2,2.0,4,3,12,380.0,4.829999923706055,Meia Praia,4.829999923706055,4.829999923706055,26.0,56.0,87.0,648.9551307692308,660.8392875,631.0593896551724,645.0,646.0,635.6667,26.0,56.0,87.0,632.1666749999999,630.0,610.0,664.6666749999999,666.9167,662.08335,2580.0,2584.0,2542.6668,0.13333333333333333,0.06666666666666667,0.04395604395604396,4.0,4.0,4.0,True,True,True,1,1
803572440296677315,casa,3,2.0,10,3,0,0.0,0.0,Centro,0.0,,,,,,,,,,,,,,,,,,,,,,,,,,,,,,,,0,0
46725966,apartamento,3,2.0,9,5,5,0.0,4.199999809265137,Meia Praia,4.199999809265137,4.199999809265137,,,,,,,,,,,,,,,,,,,,,,,,,,,,,,,0,0
22337474,apartamento,1,1.0,4,1,3,0.0,4.329999923706055,Centro,4.329999923706055,4.329999923706055,,,,,,,,,,,,,,,,,,,,,,,,,,,,,,,0,0
54228706,apartamento,2,2.0,6,2,3,0.0,4.0,Meia Praia,4.0,4.0,,,,,,,,,,,,,,,,,,,,,,,,,,,,,,,0,0
39200531,apartamento,2,2.0,6,2,1,0.0,5.0,Meia Praia,5.0,5.0,,,,,,,,,,,,,,,,,,,,,,,,,,,,,,,0,0
46559971,apartamento,4,3.0,8,5,2,0.0,4.5,Meia Praia,4.5,4.5,,,,,,,,,,,,,,,,,,,,,,,,,,,,,,,0,0
22495339,apartamento,3,2.0,7,5,0,0.0,0.0,Meia Praia,0.0,,,,,,,,,,,,,,,,,,,,,,,,,,,,,,,,0,0
53997426,apartamento,2,2.0,5,3,15,0.0,4.800000190734863,Meia Praia,4.800000190734863,4.800000190734863,,,,,,,,,,,,,,,,,,,,,,,,,,,,,,,0,0
41315084,apartamento,3,3.0,6,3,0,0.0,0.0,Meia Praia,0.0,,,,,,,,,,,,,,,,,,,,,,,,,,,,,,,,0,0
549043584001550140,apartamento,3,2.0,6,3,10,0.0,5.0,Morretes,5.0,5.0,,,,,,,,,,,,,,,,,,,,,,,,,,,,,,,0,0
1285464464711559089,apartamento,4,3.0,8,5,0,250.0,0.0,Meia Praia,0.0,,,,,,,,,,,,,,,,,,,,,,,,,,,,,,,,0,0
1137721159040537759,apartamento,2,2.0,6,3,0,450.0,0.0,Meia Praia,0.0,,,,,,,,,,,,,,,,,,,,,,,,,,,,,,,,0,0
761755938032745270,apartamento,2,1.0,6,3,1,250.0,5.0,Alto Sao Bento,5.0,5.0,,,,,,,,,,,,,,,,,,,,,,,,,,,,,,,0,0
1312562292467201207,outros,1,3.0,3,1,1,0.0,5.0,Meia Praia,5.0,5.0,,,,,,,,,,,,,,,,,,,,,,,,,,,,,,,0,0
1303827409239579310,apartamento,2,2.0,5,4,1,0.0,5.0,Meia Praia,5.0,5.0,,,,,,,,,,,,,,,,,,,,,,,,,,,,,,,0,0
1312455974923738904,apartamento,3,4.0,8,4,0,0.0,0.0,Meia Praia,0.0,,,,,,,,,,,,,,,,,,,,,,,,,,,,,,,,0,0
1287791569613797023,apartamento,2,1.0,6,4,0,0.0,0.0,Centro,0.0,,,,,,,,,,,,,,,,,,,,,,,,,,,,,,,,0,0
40899047,apartamento,2,2.0,6,5,57,230.0,4.960000038146973,Meia Praia,4.960000038146973,4.960000038146973,,,,,,,,,,,,,,,,,,,,,,,,,,,,,,,0,0
1318858709362899560,apartamento,1,1.0,2,1,1,250.0,5.0,Centro,5.0,5.0,,,,,,,,,,,,,,,,,,,,,,,,,,,,,,,0,0
15980108,apartamento,4,3.0,10,5,26,180.0,4.849999904632568,Meia Praia,4.849999904632568,4.849999904632568,,,,,,,,,,,,,,,,,,,,,,,,,,,,,,,0,0
1218884949697936191,apartamento,3,2.0,10,3,0,300.0,0.0,Meia Praia,0.0,,,,,,,,,,,,,,,,,,,,,,,,,,,,,,,,0,0
52416938,apartamento,3,3.0,8,6,1,0.0,5.0,Meia Praia,5.0,5.0,,,,,,,,,,,,,,,,,,,,,,,,,,,,,,,0,0
857361220927905784,apartamento,4,3.0,10,4,1,0.0,5.0,Meia Praia,5.0,5.0,,,,,,,,,,,,,,,,,,,,,,,,,,,,,,,0,0
1006638831023535047,apartamento,4,3.0,10,5,5,0.0,4.599999904632568,Meia Praia,4.599999904632568,4.599999904632568,,,,,,,,,,,,,,,,,,,,,,,,,,,,,,,0,0
870095737549163049,apartamento,3,3.0,7,3,1,0.0,5.0,Meia Praia,5.0,5.0,,,,,,,,,,,,,,,,,,,,,,,,,,,,,,,0,0
46811251,apartamento,3,3.0,8,5,5,0.0,4.599999904632568,Meia Praia,4.599999904632568,4.599999904632568,,,,,,,,,,,,,,,,,,,,,,,,,,,,,,,0,0
1047224175824987718,casa,1,1.0,2,1,1,0.0,5.0,Morretes,5.0,5.0,,,,,,,,,,,,,,,,,,,,,,,,,,,,,,,0,0
1044298410289154930,apartamento,3,3.0,8,4,0,250.0,0.0,Meia Praia,0.0,,,,,,,,,,,,,,,,,,,,,,,,,,,,,,,,0,0
1290544635478660353,apartamento,3,3.0,8,3,0,0.0,0.0,Meia Praia,0.0,,,,,,,,,,,,,,,,,,,,,,,,,,,,,,,,0,0
22861662,casa,3,2.0,6,3,0,0.0,0.0,Centro,0.0,,,,,,,,,,,,,,,,,,,,,,,,,,,,,,,,0,0
45749084,casa,4,2.0,16,10,6,0.0,5.0,Morretes,5.0,5.0,,,,,,,,,,,,,,,,,,,,,,,,,,,,,,,0,0
40486178,casa,3,2.0,8,3,21,250.0,4.570000171661377,Alto Sao Bento,4.570000171661377,4.570000171661377,,,,,,,,,,,,,,,,,,,,,,,,,,,,,,,0,0
1064782738514497988,apartamento,2,1.0,6,4,0,0.0,0.0,Meia Praia,0.0,,,,,,,,,,,,,,,,,,,,,,,,,,,,,,,,0,0
1219627949874086286,apartamento,3,3.0,5,3,0,0.0,0.0,Meia Praia,0.0,,,,,,,,,,,,,,,,,,,,,,,,,,,,,,,,0,0
750120088858561250,casa,3,2.0,8,3,3,0.0,5.0,Meia Praia,5.0,5.0,,,,,,,,,,,,,,,,,,,,,,,,,,,,,,,0,0
40759616,outros,3,3.0,10,8,0,0.0,0.0,Meia Praia,0.0,,,,,,,,,,,,,,,,,,,,,,,,,,,,,,,,0,0
1046625655653490260,apartamento,2,2.0,4,3,2,0.0,5.0,Meia Praia,5.0,5.0,,,,,,,,,,,,,,,,,,,,,,,,,,,,,,,0,0
801396664037385433,apartamento,2,2.0,6,3,4,250.0,5.0,Morretes,5.0,5.0,,,,,,,,,,,,,,,,,,,,,,,,,,,,,,,0,0
828140424202045550,outros,1,1.0,2,1,6,100.0,5.0,Meia Praia,5.0,5.0,,,,,,,,,,,,,,,,,,,,,,,,,,,,,,,0,0
1044445280351458950,apartamento,3,4.0,12,3,0,300.0,0.0,Meia Praia,0.0,,,,,,,,,,,,,,,,,,,,,,,,,,,,,,,,0,0
16454119,apartamento,2,2.0,6,3,0,0.0,0.0,Meia Praia,0.0,,,,,,,,,,,,,,,,,,,,,,,,,,,,,,,,0,0
29891621,apartamento,3,3.0,8,3,2,0.0,5.0,Meia Praia,5.0,5.0,,,,,,,,,,,,,,,,,,,,,,,,,,,,,,,0,0
604252467686730216,apartamento,3,3.0,6,3,11,0.0,4.820000171661377,Meia Praia,4.820000171661377,4.820000171661377,,,,,,,,,,,,,,,,,,,,,,,,,,,,,,,0,0
1026884253092849014,apartamento,3,3.0,8,3,0,0.0,0.0,Centro,0.0,,,,,,,,,,,,,,,,,,,,,,,,,,,,,,,,0,0
1002366973577941952,apartamento,2,1.0,6,2,2,0.0,4.5,Morretes,4.5,4.5,,,,,,,,,,,,,,,,,,,,,,,,,,,,,,,0,0
39104516,apartamento,4,2.0,10,6,7,0.0,4.139999866485596,Meia Praia,4.139999866485596,4.139999866485596,,,,,,,,,,,,,,,,,,,,,,,,,,,,,,,0,0
39548776,apartamento,3,1.0,8,4,6,0.0,4.0,Meia Praia,4.0,4.0,,,,,,,,,,,,,,,,,,,,,,,,,,,,,,,0,0
41396290,apartamento,2,2.0,4,1,3,0.0,5.0,Meia Praia,5.0,5.0,,,,,,,,,,,,,,,,,,,,,,,,,,,,,,,0,0
47904218,apartamento,2,2.0,6,2,17,180.0,4.820000171661377,Morretes,4.820000171661377,4.820000171661377,,,,,,,,,,,,,,,,,,,,,,,,,,,,,,,0,0
29078899,apartamento,2,2.0,5,5,1,0.0,4.0,Meia Praia,4.0,4.0,,,,,,,,,,,,,,,,,,,,,,,,,,,,,,,0,0
747114691595591344,apartamento,3,2.0,7,3,0,300.0,0.0,Morretes,0.0,,,,,,,,,,,,,,,,,,,,,,,,,,,,,,,,0,0
22983456,casa,2,2.0,5,2,0,0.0,0.0,Morretes,0.0,,,,,,,,,,,,,,,,,,,,,,,,,,,,,,,,0,0
21273318,apartamento,2,2.0,5,3,17,0.0,5.0,Meia Praia,5.0,5.0,,,,,,,,,,,,,,,,,,,,,,,,,,,,,,,0,0
29649494,apartamento,3,2.0,7,5,1,0.0,5.0,Centro,5.0,5.0,,,,,,,,,,,,,,,,,,,,,,,,,,,,,,,0,0
28656277,apartamento,3,1.0,6,5,2,0.0,5.0,Meia Praia,5.0,5.0,,,,,,,,,,,,,,,,,,,,,,,,,,,,,,,0,0
1195820394794383581,apartamento,2,2.0,6,3,2,0.0,5.0,Tabuleiro dos Oliveiras,5.0,5.0,,,,,,,,,,,,,,,,,,,,,,,,,,,,,,,0,0
47866298,apartamento,2,2.0,4,2,0,0.0,0.0,Meia Praia,0.0,,,,,,,,,,,,,,,,,,,,,,,,,,,,,,,,0,0
1308804641940706812,casa,2,1.0,4,2,0,0.0,0.0,Morretes,0.0,,,,,,,,,,,,,,,,,,,,,,,,,,,,,,,,0,0
31740181,apartamento,2,1.0,5,2,5,0.0,5.0,Meia Praia,5.0,5.0,,,,,,,,,,,,,,,,,,,,,,,,,,,,,,,0,0
28960945,apartamento,4,4.0,8,6,0,0.0,0.0,Meia Praia,0.0,,,,,,,,,,,,,,,,,,,,,,,,,,,,,,,,0,0
28771132,apartamento,4,2.0,9,6,1,0.0,5.0,Meia Praia,5.0,5.0,,,,,,,,,,,,,,,,,,,,,,,,,,,,,,,0,0
1303122595112715726,apartamento,3,3.0,6,3,0,0.0,0.0,Meia Praia,0.0,,,,,,,,,,,,,,,,,,,,,,,,,,,,,,,,0,0
1165429298213741062,apartamento,2,1.0,4,2,3,0.0,5.0,Meia Praia,5.0,5.0,,,,,,,,,,,,,,,,,,,,,,,,,,,,,,,0,0
751396284745576875,casa,3,2.0,4,3,2,0.0,5.0,Varzea,5.0,5.0,,,,,,,,,,,,,,,,,,,,,,,,,,,,,,,0,0
42807186,casa,3,3.0,8,4,50,0.0,4.920000076293945,Meia Praia,4.920000076293945,4.920000076293945,,,,,,,,,,,,,,,,,,,,,,,,,,,,,,,0,0
15596961,apartamento,3,2.0,6,3,1,0.0,5.0,Meia Praia,5.0,5.0,,,,,,,,,,,,,,,,,,,,,,,,,,,,,,,0,0
892939412471094403,apartamento,3,2.0,5,3,2,0.0,5.0,Morretes,5.0,5.0,,,,,,,,,,,,,,,,,,,,,,,,,,,,,,,0,0
11293115,apartamento,3,2.0,10,8,2,0.0,5.0,Meia Praia,5.0,5.0,,,,,,,,,,,,,,,,,,,,,,,,,,,,,,,0,0
20255211,apartamento,3,3.0,10,4,1,0.0,5.0,Meia Praia,5.0,5.0,,,,,,,,,,,,,,,,,,,,,,,,,,,,,,,0,0
1265179422155119704,apartamento,3,3.0,8,3,0,0.0,0.0,Meia Praia,0.0,,,,,,,,,,,,,,,,,,,,,,,,,,,,,,,,0,0
39610907,casa,2,1.0,6,3,0,0.0,0.0,Varzea,0.0,,,,,,,,,,,,,,,,,,,,,,,,,,,,,,,,0,0
732485216021311985,outros,2,1.0,2,3,0,0.0,0.0,Meia Praia,0.0,,,,,,,,,,,,,,,,,,,,,,,,,,,,,,,,0,0
1039687876304007269,apartamento,2,2.0,7,3,0,0.0,0.0,Meia Praia,0.0,,,,,,,,,,,,,,,,,,,,,,,,,,,,,,,,0,0
1321391695290036955,outros,1,1.0,6,3,2,0.0,5.0,Tabuleiro dos Oliveiras,5.0,5.0,,,,,,,,,,,,,,,,,,,,,,,,,,,,,,,0,0
1023885231203292759,apartamento,1,1.0,4,1,11,200.0,5.0,Meia Praia,5.0,5.0,14.0,39.0,70.0,568.9285714285714,536.7948717948718,496.1619045714285,570.0,520.0,490.0,14.0,39.0,70.0,532.5,490.0,490.0,605.0,570.0,570.0,9120.0,10920.0,10290.0,0.5333333333333333,0.35,0.23076923076923078,16.0,21.0,21.0,True,True,True,1,1
790641967285368720,apartamento,2,1.0,5,2,0,0.0,0.0,Meia Praia,0.0,,,,,,,,,,,,,,,,,,,,,,,,,,,,,,,,0,0
1257341245626158111,apartamento,3,3.0,8,3,0,370.0,0.0,Meia Praia,0.0,,,,,,,,,,,,,,,,,,,,,,,,,,,,,,,,0,0
1057531933814586873,apartamento,3,2.0,7,4,0,0.0,0.0,Centro,0.0,,,,,,,,,,,,,,,,,,,,,,,,,,,,,,,,0,0
46407747,apartamento,3,4.0,7,7,0,400.0,0.0,Meia Praia,0.0,,,,,,,,,,,,,,,,,,,,,,,,,,,,,,,,0,0
46415530,outros,1,1.0,2,1,0,300.0,0.0,Tabuleiro dos Oliveiras,0.0,,,,,,,,,,,,,,,,,,,,,,,,,,,,,,,,0,0
20740151,apartamento,4,1.0,8,5,4,0.0,4.75,Meia Praia,4.75,4.75,,,,,,,,,,,,,,,,,,,,,,,,,,,,,,,0,0
828082707814771775,apartamento,3,3.0,8,3,0,0.0,0.0,Meia Praia,0.0,,,,,,,,,,,,,,,,,,,,,,,,,,,,,,,,0,0
39197229,apartamento,3,2.0,7,3,0,0.0,0.0,Meia Praia,0.0,,,,,,,,,,,,,,,,,,,,,,,,,,,,,,,,0,0
38060727,apartamento,3,3.0,8,4,83,0.0,4.949999809265137,Meia Praia,4.949999809265137,4.949999809265137,,,,,,,,,,,,,,,,,,,,,,,,,,,,,,,0,0
41551599,apartamento,2,2.0,7,4,0,0.0,0.0,Morretes,0.0,,,,,,,,,,,,,,,,,,,,,,,,,,,,,,,,0,0
39387989,apartamento,1,1.0,5,2,0,0.0,0.0,Meia Praia,0.0,,,,,,,,,,,,,,,,,,,,,,,,,,,,,,,,0,0
785469895044199706,casa,4,2.0,8,4,0,0.0,0.0,Meia Praia,0.0,,,,,,,,,,,,,,,,,,,,,,,,,,,,,,,,0,0
37687728,apartamento,3,2.0,6,4,0,0.0,0.0,Meia Praia,0.0,,,,,,,,,,,,,,,,,,,,,,,,,,,,,,,,0,0
699403988780642696,apartamento,3,2.0,8,3,7,300.0,4.429999828338623,Meia Praia,4.429999828338623,4.429999828338623,,,,,,,,,,,,,,,,,,,,,,,,,,,,,,,0,0
8936081,apartamento,2,2.0,5,4,35,250.0,4.889999866485596,Meia Praia,4.889999866485596,4.889999866485596,,,,,,,,,,,,,,,,,,,,,,,,,,,,,,,0,0
31465816,apartamento,2,1.0,5,2,1,350.0,4.0,Meia Praia,4.0,4.0,,,,,,,,,,,,,,,,,,,,,,,,,,,,,,,0,0
29055134,apartamento,3,3.0,10,4,0,0.0,0.0,Meia Praia,0.0,,,,,,,,,,,,,,,,,,,,,,,,,,,,,,,,0,0
1050048929165275755,apartamento,2,2.0,6,2,2,0.0,5.0,Meia Praia,5.0,5.0,,,,,,,,,,,,,,,,,,,,,,,,,,,,,,,0,0
1305851005909610330,casa,3,3.0,10,3,0,0.0,0.0,Meia Praia,0.0,,,,,,,,,,,,,,,,,,,,,,,,,,,,,,,,0,0
805679801256003794,casa,3,3.0,8,3,0,0.0,0.0,Centro,0.0,,,,,,,,,,,,,,,,,,,,,,,,,,,,,,,,0,0
1318373666373260125,apartamento,3,3.0,8,3,0,400.0,0.0,Meia Praia,0.0,,,,,,,,,,,,,,,,,,,,,,,,,,,,,,,,0,0
787847078680683474,apartamento,2,2.0,6,2,6,300.0,5.0,Tabuleiro dos Oliveiras,5.0,5.0,3.0,21.0,52.0,640.0,371.9047619047619,322.88461538461536,640.0,330.0,330.0,3.0,21.0,52.0,640.0,330.0,260.0,640.0,330.0,330.0,17280.0,12870.0,12870.0,0.9,0.65,0.42857142857142855,27.0,39.0,39.0,True,True,True,1,1
1052976875586976373,apartamento,2,1.0,4,3,5,250.0,4.800000190734863,Meia Praia,4.800000190734863,4.800000190734863,,,,,,,,,,,,,,,,,,,,,,,,,,,,,,,0,0
983224576066312557,apartamento,3,4.0,8,6,0,300.0,0.0,Meia Praia,0.0,,,,,,,,,,,,,,,,,,,,,,,,,,,,,,,,0,0
1261754620394990554,apartamento,4,5.0,10,5,0,700.0,0.0,Meia Praia,0.0,,,,,,,,,,,,,,,,,,,,,,,,,,,,,,,,0,0
1046398096008427810,apartamento,2,1.0,4,2,1,200.0,5.0,Casa Branca,5.0,5.0,,,,,,,,,,,,,,,,,,,,,,,,,,,,,,,0,0
22963968,apartamento,3,2.0,8,4,0,0.0,0.0,Meia Praia,0.0,,,,,,,,,,,,,,,,,,,,,,,,,,,,,,,,0,0
30254040,hotel,1,1.0,4,3,0,0.0,0.0,Centro,0.0,,,,,,,,,,,,,,,,,,,,,,,,,,,,,,,,0,0
1008887103856494871,apartamento,3,2.0,6,5,0,250.0,0.0,Meia Praia,0.0,,,,,,,,,,,,,,,,,,,,,,,,,,,,,,,,0,0
768032727158094436,apartamento,3,2.0,7,3,5,0.0,5.0,Meia Praia,5.0,5.0,,,,,,,,,,,,,,,,,,,,,,,,,,,,,,,0,0
16762897,apartamento,2,1.0,4,3,1,0.0,5.0,Centro,5.0,5.0,,,,,,,,,,,,,,,,,,,,,,,,,,,,,,,0,0
949562813539842033,apartamento,3,2.0,8,3,11,0.0,4.909999847412109,Meia Praia,4.909999847412109,4.909999847412109,,,,,,,,,,,,,,,,,,,,,,,,,,,,,,,0,0
1309576728275300387,apartamento,2,3.0,6,6,0,0.0,0.0,Morretes,0.0,,,,,,,,,,,,,,,,,,,,,,,,,,,,,,,,0,0
1165930732976404813,outros,1,2.0,2,1,0,0.0,0.0,Meia Praia,0.0,,,,,,,,,,,,,,,,,,,,,,,,,,,,,,,,0,0
54121561,apartamento,3,2.0,6,3,13,0.0,4.849999904632568,Meia Praia,4.849999904632568,4.849999904632568,,,,,,,,,,,,,,,,,,,,,,,,,,,,,,,0,0
41291609,apartamento,3,2.0,6,5,17,0.0,4.760000228881836,Morretes,4.760000228881836,4.760000228881836,,,,,,,,,,,,,,,,,,,,,,,,,,,,,,,0,0
1047986058535134333,casa,3,2.0,6,4,0,0.0,0.0,Ilhota,0.0,,,,,,,,,,,,,,,,,,,,,,,,,,,,,,,,0,0
798418210975890259,apartamento,2,2.0,6,3,0,150.0,0.0,Meia Praia,0.0,,,,,,,,,,,,,,,,,,,,,,,,,,,,,,,,0,0
39587487,apartamento,2,1.0,5,3,5,0.0,5.0,Centro,5.0,5.0,,,,,,,,,,,,,,,,,,,,,,,,,,,,,,,0,0
42848487,apartamento,2,2.0,5,3,37,0.0,4.96999979019165,Meia Praia,4.96999979019165,4.96999979019165,,,,,,,,,,,,,,,,,,,,,,,,,,,,,,,0,0
863210633926045285,apartamento,3,3.0,9,3,0,300.0,0.0,Meia Praia,0.0,,,,,,,,,,,,,,,,,,,,,,,,,,,,,,,,0,0
40749720,casa,3,2.0,15,3,1,0.0,5.0,Morretes,5.0,5.0,,,,,,,,,,,,,,,,,,,,,,,,,,,,,,,0,0
1054353526536060455,outros,1,1.0,2,1,4,0.0,5.0,Meia Praia,5.0,5.0,,,,,,,,,,,,,,,,,,,,,,,,,,,,,,,0,0
28739877,apartamento,4,4.0,10,5,1,0.0,5.0,Meia Praia,5.0,5.0,,,,,,,,,,,,,,,,,,,,,,,,,,,,,,,0,0
790711871601179238,apartamento,4,4.0,10,5,3,0.0,4.670000076293945,Meia Praia,4.670000076293945,4.670000076293945,,,,,,,,,,,,,,,,,,,,,,,,,,,,,,,0,0
52470280,apartamento,3,2.0,8,4,0,0.0,0.0,Meia Praia,0.0,,,,,,,,,,,,,,,,,,,,,,,,,,,,,,,,0,0
53592531,casa,2,1.0,6,4,2,0.0,5.0,Morretes,5.0,5.0,,,,,,,,,,,,,,,,,,,,,,,,,,,,,,,0,0
1064568011899577251,outros,1,1.0,2,1,0,0.0,0.0,Morretes,0.0,,,,,,,,,,,,,,,,,,,,,,,,,,,,,,,,0,0
1035696928420988226,apartamento,3,2.0,9,3,1,0.0,5.0,Meia Praia,5.0,5.0,,,,,,,,,,,,,,,,,,,,,,,,,,,,,,,0,0
1305066140733755291,apartamento,4,4.0,10,4,1,350.0,5.0,Meia Praia,5.0,5.0,,,,,,,,,,,,,,,,,,,,,,,,,,,,,,,0,0
47099466,apartamento,2,2.0,8,4,2,0.0,5.0,Meia Praia,5.0,5.0,,,,,,,,,,,,,,,,,,,,,,,,,,,,,,,0,0
46688926,apartamento,2,2.0,6,6,2,0.0,5.0,Meia Praia,5.0,5.0,,,,,,,,,,,,,,,,,,,,,,,,,,,,,,,0,0
37749402,apartamento,3,2.0,9,3,0,0.0,0.0,Meia Praia,0.0,,,,,,,,,,,,,,,,,,,,,,,,,,,,,,,,0,0
31041645,apartamento,3,4.0,6,3,0,0.0,0.0,Meia Praia,0.0,,,,,,,,,,,,,,,,,,,,,,,,,,,,,,,,0,0
46940475,outros,2,1.0,4,3,8,0.0,4.25,Centro,4.25,4.25,,,,,,,,,,,,,,,,,,,,,,,,,,,,,,,0,0
54064425,apartamento,3,3.0,6,3,0,0.0,0.0,Meia Praia,0.0,,,,,,,,,,,,,,,,,,,,,,,,,,,,,,,,0,0
52648380,casa,2,2.0,6,2,2,100.0,4.0,Morretes,4.0,4.0,,,,,,,,,,,,,,,,,,,,,,,,,,,,,,,0,0
37747080,apartamento,2,2.0,7,4,8,0.0,4.75,Meia Praia,4.75,4.75,,,,,,,,,,,,,,,,,,,,,,,,,,,,,,,0,0
551639377566480967,apartamento,2,2.0,5,3,4,0.0,5.0,Morretes,5.0,5.0,,,,,,,,,,,,,,,,,,,,,,,,,,,,,,,0,0
41493414,apartamento,3,4.0,8,5,0,0.0,0.0,Meia Praia,0.0,,,,,,,,,,,,,,,,,,,,,,,,,,,,,,,,0,0
837547626347040579,apartamento,1,1.0,5,2,6,0.0,5.0,Meia Praia,5.0,5.0,,,,,,,,,,,,,,,,,,,,,,,,,,,,,,,0,0
10870815,apartamento,3,2.0,8,12,10,0.0,4.900000095367432,Meia Praia,4.900000095367432,4.900000095367432,,,,,,,,,,,,,,,,,,,,,,,,,,,,,,,0,0
21471904,apartamento,4,5.0,8,5,0,0.0,0.0,Meia Praia,0.0,,,,,,,,,,,,,,,,,,,,,,,,,,,,,,,,0,0
755010668469409111,apartamento,2,2.0,4,2,6,300.0,4.829999923706055,Jardim Praiamar,4.829999923706055,4.829999923706055,,,,,,,,,,,,,,,,,,,,,,,,,,,,,,,0,0
733855907068114161,apartamento,3,3.0,8,5,0,0.0,0.0,Alto Sao Bento,0.0,,,,,,,,,,,,,,,,,,,,,,,,,,,,,,,,0,0
593973706024976205,apartamento,3,2.0,7,3,0,0.0,0.0,Meia Praia,0.0,,,,,,,,,,,,,,,,,,,,,,,,,,,,,,,,0,0
27625347,apartamento,3,2.0,10,4,10,0.0,4.900000095367432,Meia Praia,4.900000095367432,4.900000095367432,,,,,,,,,,,,,,,,,,,,,,,,,,,,,,,0,0
47530161,apartamento,3,3.0,4,3,0,0.0,0.0,Meia Praia,0.0,,,,,,,,,,,,,,,,,,,,,,,,,,,,,,,,0,0
52985182,apartamento,1,1.0,1,8,1,0.0,5.0,Meia Praia,5.0,5.0,,,,,,,,,,,,,,,,,,,,,,,,,,,,,,,0,0
20798615,apartamento,3,2.0,9,5,6,0.0,5.0,Meia Praia,5.0,5.0,,,,,,,,,,,,,,,,,,,,,,,,,,,,,,,0,0
1013945065014511988,apartamento,3,2.0,6,4,13,0.0,4.920000076293945,Meia Praia,4.920000076293945,4.920000076293945,,,,,,,,,,,,,,,,,,,,,,,,,,,,,,,0,0
31579601,apartamento,2,1.0,4,4,0,0.0,0.0,Meia Praia,0.0,,,,,,,,,,,,,,,,,,,,,,,,,,,,,,,,0,0
1018864104390865384,apartamento,3,2.0,6,3,1,0.0,5.0,Meia Praia,5.0,5.0,,,,,,,,,,,,,,,,,,,,,,,,,,,,,,,0,0
40794568,casa,2,1.0,4,2,2,0.0,5.0,Alto Sao Bento,5.0,5.0,,,,,,,,,,,,,,,,,,,,,,,,,,,,,,,0,0
17096490,casa,2,1.0,4,2,3,0.0,4.329999923706055,Centro,4.329999923706055,4.329999923706055,,,,,,,,,,,,,,,,,,,,,,,,,,,,,,,0,0
846192475290641463,apartamento,2,2.0,6,3,0,0.0,0.0,Meia Praia,0.0,,,,,,,,,,,,,,,,,,,,,,,,,,,,,,,,0,0
40219645,apartamento,3,3.0,7,5,1,0.0,5.0,Meia Praia,5.0,5.0,,,,,,,,,,,,,,,,,,,,,,,,,,,,,,,0,0
48239078,apartamento,3,4.0,8,4,7,0.0,5.0,Centro,5.0,5.0,,,,,,,,,,,,,,,,,,,,,,,,,,,,,,,0,0
1061599235445335647,apartamento,3,2.0,6,3,0,0.0,0.0,Meia Praia,0.0,,,,,,,,,,,,,,,,,,,,,,,,,,,,,,,,0,0
1254484147811810402,casa,2,1.0,8,4,3,0.0,5.0,Meia Praia,5.0,5.0,,,,,,,,,,,,,,,,,,,,,,,,,,,,,,,0,0
1273261171500755755,apartamento,3,4.0,8,3,0,0.0,0.0,Meia Praia,0.0,,,,,,,,,,,,,,,,,,,,,,,,,,,,,,,,0,0
1201489814240131016,apartamento,1,1.0,3,1,0,0.0,0.0,Meia Praia,0.0,,,,,,,,,,,,,,,,,,,,,,,,,,,,,,,,0,0
19111244,apartamento,2,2.0,4,4,17,0.0,4.53000020980835,Meia Praia,4.53000020980835,4.53000020980835,,,,,,,,,,,,,,,,,,,,,,,,,,,,,,,0,0
1273109864545308382,apartamento,3,4.0,8,3,0,0.0,0.0,Meia Praia,0.0,,,,,,,,,,,,,,,,,,,,,,,,,,,,,,,,0,0
27605526,apartamento,2,1.0,4,3,48,0.0,4.670000076293945,Alto Sao Bento,4.670000076293945,4.670000076293945,,,,,,,,,,,,,,,,,,,,,,,,,,,,,,,0,0
1065814003249573470,casa,3,1.0,7,4,0,0.0,0.0,Centro,0.0,,,,,,,,,,,,,,,,,,,,,,,,,,,,,,,,0,0
41011569,apartamento,3,3.0,7,3,6,0.0,5.0,Meia Praia,5.0,5.0,,,,,,,,,,,,,,,,,,,,,,,,,,,,,,,0,0
39603639,apartamento,3,2.0,8,3,0,0.0,0.0,Meia Praia,0.0,,,,,,,,,,,,,,,,,,,,,,,,,,,,,,,,0,0
41335739,apartamento,3,3.0,7,5,0,0.0,0.0,Meia Praia,0.0,,,,,,,,,,,,,,,,,,,,,,,,,,,,,,,,0,0
1046376716927714308,casa,2,1.0,8,4,2,0.0,5.0,Morretes,5.0,5.0,,,,,,,,,,,,,,,,,,,,,,,,,,,,,,,0,0
1311026076722834123,apartamento,3,3.0,6,3,0,0.0,0.0,Meia Praia,0.0,,,,,,,,,,,,,,,,,,,,,,,,,,,,,,,,0,0
24948647,apartamento,2,2.0,5,3,61,0.0,5.0,Centro,5.0,5.0,,,,,,,,,,,,,,,,,,,,,,,,,,,,,,,0,0
11026819,apartamento,3,2.0,9,6,20,180.0,4.75,Meia Praia,4.75,4.75,,,,,,,,,,,,,,,,,,,,,,,,,,,,,,,0,0
46107816,apartamento,0,2.0,4,2,0,0.0,0.0,Ilhota,0.0,,,,,,,,,,,,,,,,,,,,,,,,,,,,,,,,0,0
54078098,apartamento,3,3.0,6,4,1,0.0,5.0,Centro,5.0,5.0,,,,,,,,,,,,,,,,,,,,,,,,,,,,,,,0,0
784095086320805052,apartamento,3,3.0,8,4,1,0.0,5.0,Meia Praia,5.0,5.0,,,,,,,,,,,,,,,,,,,,,,,,,,,,,,,0,0
786943675253123046,apartamento,2,1.0,6,2,0,0.0,0.0,Meia Praia,0.0,,,,,,,,,,,,,,,,,,,,,,,,,,,,,,,,0,0
31882500,apartamento,3,4.0,8,7,10,0.0,4.400000095367432,Meia Praia,4.400000095367432,4.400000095367432,,,,,,,,,,,,,,,,,,,,,,,,,,,,,,,0,0
1321148094471249643,apartamento,1,1.0,2,1,1,180.0,5.0,Centro,5.0,5.0,,,,,,,,,,,,,,,,,,,,,,,,,,,,,,,0,0
1254435743641185340,outros,1,1.0,4,3,4,0.0,5.0,Meia Praia,5.0,5.0,,,,,,,,,,,,,,,,,,,,,,,,,,,,,,,0,0
1184152596221501552,apartamento,1,1.0,4,2,11,190.0,4.820000171661377,Centro,4.820000171661377,4.820000171661377,19.0,43.0,74.0,567.2368421052631,578.2674418604652,535.25,604.0,604.0,475.75,19.0,43.0,74.0,499.75,459.25,446.0,627.0,648.0,627.0,6644.0,10268.0,8087.75,0.36666666666666664,0.2833333333333333,0.18681318681318682,11.0,17.0,17.0,True,True,True,1,1
743290246112415428,apartamento,3,2.0,8,4,4,250.0,5.0,Morretes,5.0,5.0,,,,,,,,,,,,,,,,,,,,,,,,,,,,,,,0,0
1158718375039431597,apartamento,2,3.0,6,3,4,200.0,5.0,Meia Praia,5.0,5.0,,,,,,,,,,,,,,,,,,,,,,,,,,,,,,,0,0
1316679578115494337,outros,1,1.0,2,1,0,100.0,0.0,Alto Sao Bento,0.0,,,,,,,,,,,,,,,,,,,,,,,,,,,,,,,,0,0
806655793264388558,outros,1,1.0,2,1,7,0.0,5.0,Varzea,5.0,5.0,,,,,,,,,,,,,,,,,,,,,,,,,,,,,,,0,0
1201614499255585122,apartamento,3,2.0,9,3,0,0.0,0.0,Centro,0.0,,,,,,,,,,,,,,,,,,,,,,,,,,,,,,,,0,0
42240176,apartamento,4,3.0,10,4,1,200.0,5.0,Meia Praia,5.0,5.0,,,,,,,,,,,,,,,,,,,,,,,,,,,,,,,0,0
1322652053185668743,apartamento,3,2.0,7,3,0,0.0,0.0,Meia Praia,0.0,,,,,,,,,,,,,,,,,,,,,,,,,,,,,,,,0,0
1302405242803159421,outros,1,1.0,5,2,0,50.0,0.0,Casa Branca,0.0,,,,,,,,,,,,,,,,,,,,,,,,,,,,,,,,0,0
1294887704959781657,apartamento,3,1.0,8,5,1,300.0,5.0,Meia Praia,5.0,5.0,,,,,,,,,,,,,,,,,,,,,,,,,,,,,,,0,0
24171739,apartamento,3,2.0,8,3,23,250.0,4.829999923706055,Meia Praia,4.829999923706055,4.829999923706055,0.0,5.0,25.0,,840.0,490.12,,840.0,400.0,0.0,5.0,25.0,,840.0,400.0,,840.0,432.0,,46200.0,26400.0,1.0,0.9166666666666666,0.7252747252747253,30.0,55.0,66.0,False,True,True,1,1
822365439954007216,apartamento,3,3.0,8,3,15,350.0,4.869999885559082,Meia Praia,4.869999885559082,4.869999885559082,4.0,26.0,57.0,800.0,800.0,704.2280701754386,800.0,800.0,800.0,4.0,26.0,57.0,800.0,800.0,520.0,800.0,800.0,800.0,20800.0,27200.0,27200.0,0.8666666666666667,0.5666666666666667,0.37362637362637363,26.0,34.0,34.0,True,True,True,1,1
1322650018711665934,apartamento,3,4.0,8,5,0,0.0,0.0,Meia Praia,0.0,,,,,,,,,,,,,,,,,,,,,,,,,,,,,,,,0,0
32740819,apartamento,3,2.0,6,4,1,0.0,5.0,Meia Praia,5.0,5.0,,,,,,,,,,,,,,,,,,,,,,,,,,,,,,,0,0
22448318,apartamento,3,2.0,6,3,0,0.0,0.0,Meia Praia,0.0,,,,,,,,,,,,,,,,,,,,,,,,,,,,,,,,0,0
47885829,casa,2,1.0,6,5,3,0.0,4.0,Centro,4.0,4.0,,,,,,,,,,,,,,,,,,,,,,,,,,,,,,,0,0
46017736,apartamento,2,2.0,5,3,0,0.0,0.0,Meia Praia,0.0,,,,,,,,,,,,,,,,,,,,,,,,,,,,,,,,0,0
47031775,apartamento,2,2.0,6,2,6,0.0,5.0,Meia Praia,5.0,5.0,,,,,,,,,,,,,,,,,,,,,,,,,,,,,,,0,0
32007988,apartamento,4,4.0,10,7,4,0.0,5.0,Centro,5.0,5.0,,,,,,,,,,,,,,,,,,,,,,,,,,,,,,,0,0
997025680479822274,apartamento,3,2.0,8,6,10,0.0,5.0,Meia Praia,5.0,5.0,,,,,,,,,,,,,,,,,,,,,,,,,,,,,,,0,0
41869708,apartamento,3,3.0,6,3,1,0.0,5.0,Meia Praia,5.0,5.0,,,,,,,,,,,,,,,,,,,,,,,,,,,,,,,0,0
1049981729833754496,apartamento,1,1.0,5,3,1,0.0,5.0,Meia Praia,5.0,5.0,,,,,,,,,,,,,,,,,,,,,,,,,,,,,,,0,0
10239823,apartamento,3,2.0,8,6,0,0.0,0.0,Meia Praia,0.0,,,,,,,,,,,,,,,,,,,,,,,,,,,,,,,,0,0
41057391,apartamento,2,2.0,4,2,0,250.0,0.0,Meia Praia,0.0,,,,,,,,,,,,,,,,,,,,,,,,,,,,,,,,0,0
28948953,apartamento,2,2.0,6,4,2,0.0,4.5,Meia Praia,4.5,4.5,,,,,,,,,,,,,,,,,,,,,,,,,,,,,,,0,0
738997212246318088,outros,1,1.0,2,1,0,0.0,0.0,Meia Praia,0.0,,,,,,,,,,,,,,,,,,,,,,,,,,,,,,,,0,0
1277484156057727375,hotel,1,6.0,3,2,0,0.0,0.0,Ilhota,0.0,,,,,,,,,,,,,,,,,,,,,,,,,,,,,,,,0,0
31974419,apartamento,1,1.0,5,4,2,0.0,4.5,Centro,4.5,4.5,,,,,,,,,,,,,,,,,,,,,,,,,,,,,,,0,0
26718564,apartamento,3,2.0,6,6,0,0.0,0.0,Meia Praia,0.0,,,,,,,,,,,,,,,,,,,,,,,,,,,,,,,,0,0
38452816,apartamento,2,2.0,6,2,4,0.0,4.5,Meia Praia,4.5,4.5,,,,,,,,,,,,,,,,,,,,,,,,,,,,,,,0,0
51302806,apartamento,3,3.0,8,5,0,0.0,0.0,Meia Praia,0.0,,,,,,,,,,,,,,,,,,,,,,,,,,,,,,,,0,0
707087342579493959,apartamento,3,2.0,6,4,6,0.0,5.0,Centro,5.0,5.0,,,,,,,,,,,,,,,,,,,,,,,,,,,,,,,0,0
24084027,outros,1,1.0,2,1,9,0.0,5.0,Meia Praia,5.0,5.0,,,,,,,,,,,,,,,,,,,,,,,,,,,,,,,0,0
45780750,apartamento,3,2.0,6,6,26,0.0,4.960000038146973,Meia Praia,4.960000038146973,4.960000038146973,0.0,0.0,12.0,,,850.0,,,850.0,0.0,0.0,12.0,,,850.0,,,850.0,,,67150.0,1.0,1.0,0.8681318681318682,30.0,60.0,79.0,False,False,True,1,0
53885902,apartamento,2,2.0,4,3,32,0.0,4.96999979019165,Morretes,4.96999979019165,4.96999979019165,,,,,,,,,,,,,,,,,,,,,,,,,,,,,,,0,0
45675384,apartamento,3,2.0,6,5,23,0.0,4.739999771118164,Meia Praia,4.739999771118164,4.739999771118164,,,,,,,,,,,,,,,,,,,,,,,,,,,,,,,0,0
33366949,apartamento,3,2.0,8,4,25,0.0,4.840000152587891,Meia Praia,4.840000152587891,4.840000152587891,,,,,,,,,,,,,,,,,,,,,,,,,,,,,,,0,0
22581739,apartamento,2,2.0,6,2,1,0.0,5.0,Meia Praia,5.0,5.0,,,,,,,,,,,,,,,,,,,,,,,,,,,,,,,0,0
42097509,apartamento,3,2.0,6,3,0,300.0,0.0,Centro,0.0,,,,,,,,,,,,,,,,,,,,,,,,,,,,,,,,0,0
1836680,apartamento,4,3.0,8,5,0,0.0,0.0,Centro,0.0,,,,,,,,,,,,,,,,,,,,,,,,,,,,,,,,0,0
51384806,apartamento,3,3.0,8,3,54,0.0,4.829999923706055,Meia Praia,4.829999923706055,4.829999923706055,,,,,,,,,,,,,,,,,,,,,,,,,,,,,,,0,0
769776969258262223,apartamento,3,2.0,6,4,2,0.0,5.0,Meia Praia,5.0,5.0,,,,,,,,,,,,,,,,,,,,,,,,,,,,,,,0,0
1018784133881099782,apartamento,3,3.0,6,3,1,0.0,5.0,Meia Praia,5.0,5.0,,,,,,,,,,,,,,,,,,,,,,,,,,,,,,,0,0
45328516,apartamento,3,2.0,7,4,47,0.0,4.829999923706055,Meia Praia,4.829999923706055,4.829999923706055,,,,,,,,,,,,,,,,,,,,,,,,,,,,,,,0,0
46939505,outros,2,1.0,4,3,3,0.0,4.0,Centro,4.0,4.0,,,,,,,,,,,,,,,,,,,,,,,,,,,,,,,0,0
1197133735305151438,apartamento,2,2.0,6,2,0,0.0,0.0,Morretes,0.0,,,,,,,,,,,,,,,,,,,,,,,,,,,,,,,,0,0
42589028,apartamento,3,2.0,4,4,49,0.0,4.980000019073486,Meia Praia,4.980000019073486,4.980000019073486,,,,,,,,,,,,,,,,,,,,,,,,,,,,,,,0,0
997104127337676238,apartamento,2,2.0,4,2,1,0.0,5.0,Meia Praia,5.0,5.0,,,,,,,,,,,,,,,,,,,,,,,,,,,,,,,0,0
714413334110733158,apartamento,3,2.0,8,4,5,0.0,4.800000190734863,Meia Praia,4.800000190734863,4.800000190734863,,,,,,,,,,,,,,,,,,,,,,,,,,,,,,,0,0
22927807,outros,1,1.0,2,2,10,0.0,5.0,Meia Praia,5.0,5.0,,,,,,,,,,,,,,,,,,,,,,,,,,,,,,,0,0
1081099742146958736,apartamento,2,3.0,6,3,0,0.0,0.0,Meia Praia,0.0,,,,,,,,,,,,,,,,,,,,,,,,,,,,,,,,0,0
648522985326081489,apartamento,3,3.0,7,3,5,0.0,4.599999904632568,Meia Praia,4.599999904632568,4.599999904632568,,,,,,,,,,,,,,,,,,,,,,,,,,,,,,,0,0
1245615230822962833,apartamento,2,2.0,6,3,2,100.0,5.0,Meia Praia,5.0,5.0,,,,,,,,,,,,,,,,,,,,,,,,,,,,,,,0,0
809931632986462060,casa,3,2.0,10,3,0,0.0,0.0,Morretes,0.0,,,,,,,,,,,,,,,,,,,,,,,,,,,,,,,,0,0
45910353,apartamento,3,4.0,8,6,0,300.0,0.0,Centro,0.0,,,,,,,,,,,,,,,,,,,,,,,,,,,,,,,,0,0
560903783071466646,outros,1,1.0,2,1,0,100.0,0.0,Meia Praia,0.0,,,,,,,,,,,,,,,,,,,,,,,,,,,,,,,,0,0
46119087,apartamento,3,4.0,8,6,0,300.0,0.0,Centro,0.0,,,,,,,,,,,,,,,,,,,,,,,,,,,,,,,,0,0
29013012,apartamento,3,2.0,6,4,1,250.0,5.0,Meia Praia,5.0,5.0,,,,,,,,,,,,,,,,,,,,,,,,,,,,,,,0,0
967555647952229771,apartamento,0,4.0,8,3,3,150.0,5.0,Meia Praia,5.0,5.0,,,,,,,,,,,,,,,,,,,,,,,,,,,,,,,0,0
52182814,apartamento,3,2.0,8,4,4,300.0,5.0,Meia Praia,5.0,5.0,,,,,,,,,,,,,,,,,,,,,,,,,,,,,,,0,0
1265365629580514358,apartamento,3,2.0,11,8,6,250.0,4.829999923706055,Centro,4.829999923706055,4.829999923706055,,,,,,,,,,,,,,,,,,,,,,,,,,,,,,,0,0
40261346,casa,3,3.0,8,3,0,150.0,0.0,Ilhota,0.0,,,,,,,,,,,,,,,,,,,,,,,,,,,,,,,,0,0
618590759205763607,apartamento,3,2.0,9,3,2,250.0,5.0,Meia Praia,5.0,5.0,,,,,,,,,,,,,,,,,,,,,,,,,,,,,,,0,0
21280090,apartamento,3,2.0,8,5,36,150.0,5.0,Meia Praia,5.0,5.0,5.0,26.0,57.0,785.55,772.2211538461538,815.8377192982456,765.0,765.0,850.0,5.0,26.0,57.0,765.0,765.0,765.0,799.25,765.0,850.0,19125.0,26010.0,28900.0,0.8333333333333334,0.5666666666666667,0.37362637362637363,25.0,34.0,34.0,True,True,True,1,1
39696102,apartamento,2,1.0,6,3,2,0.0,4.5,Meia Praia,4.5,4.5,,,,,,,,,,,,,,,,,,,,,,,,,,,,,,,0,0
46327364,apartamento,1,1.0,4,1,8,150.0,4.75,Casa Branca,4.75,4.75,,,,,,,,,,,,,,,,,,,,,,,,,,,,,,,0,0
40375457,apartamento,3,2.0,11,4,4,0.0,5.0,Meia Praia,5.0,5.0,,,,,,,,,,,,,,,,,,,,,,,,,,,,,,,0,0
1285822871391313366,apartamento,4,3.0,8,5,1,0.0,5.0,Meia Praia,5.0,5.0,,,,,,,,,,,,,,,,,,,,,,,,,,,,,,,0,0
40237010,apartamento,2,1.0,5,3,1,0.0,5.0,Alto Sao Bento,5.0,5.0,,,,,,,,,,,,,,,,,,,,,,,,,,,,,,,0,0
673825002694927178,apartamento,3,4.0,8,3,9,300.0,5.0,Meia Praia,5.0,5.0,2.0,21.0,31.0,920.0,889.5238095238095,793.5483870967741,920.0,920.0,920.0,2.0,21.0,31.0,920.0,920.0,592.0,920.0,1000.0,920.0,25760.0,35880.0,55200.0,0.9333333333333333,0.65,0.6593406593406593,28.0,39.0,60.0,True,True,True,1,1
986194057106171598,outros,3,2.0,8,5,0,350.0,0.0,Meia Praia,0.0,,,,,,,,,,,,,,,,,,,,,,,,,,,,,,,,0,0
41256358,casa,1,1.0,2,1,1,50.0,5.0,Canto da Praia,5.0,5.0,,,,,,,,,,,,,,,,,,,,,,,,,,,,,,,0,0
1287306414198127460,apartamento,4,5.0,12,4,0,400.0,0.0,Meia Praia,0.0,,,,,,,,,,,,,,,,,,,,,,,,,,,,,,,,0,0
963716432778300005,apartamento,3,2.0,8,6,1,320.0,5.0,Meia Praia,5.0,5.0,,,,,,,,,,,,,,,,,,,,,,,,,,,,,,,0,0
1295423596943803129,apartamento,3,2.0,6,3,0,0.0,0.0,Meia Praia,0.0,,,,,,,,,,,,,,,,,,,,,,,,,,,,,,,,0,0
53674047,casa,1,1.0,2,1,6,0.0,4.829999923706055,Tabuleiro dos Oliveiras,4.829999923706055,4.829999923706055,,,,,,,,,,,,,,,,,,,,,,,,,,,,,,,0,0
818869279883503366,apartamento,3,3.0,7,3,0,0.0,0.0,Meia Praia,0.0,,,,,,,,,,,,,,,,,,,,,,,,,,,,,,,,0,0
21601396,outros,2,1.0,8,3,11,0.0,4.909999847412109,Meia Praia,4.909999847412109,4.909999847412109,,,,,,,,,,,,,,,,,,,,,,,,,,,,,,,0,0
31381073,apartamento,3,2.0,8,5,15,0.0,4.670000076293945,Meia Praia,4.670000076293945,4.670000076293945,,,,,,,,,,,,,,,,,,,,,,,,,,,,,,,0,0
813617500464130151,apartamento,2,2.0,4,3,0,0.0,0.0,Meia Praia,0.0,,,,,,,,,,,,,,,,,,,,,,,,,,,,,,,,0,0
53055679,apartamento,1,1.0,4,1,9,0.0,4.889999866485596,Meia Praia,4.889999866485596,4.889999866485596,,,,,,,,,,,,,,,,,,,,,,,,,,,,,,,0,0
773039905942910109,apartamento,3,3.0,8,3,3,0.0,5.0,Meia Praia,5.0,5.0,,,,,,,,,,,,,,,,,,,,,,,,,,,,,,,0,0
23058353,apartamento,3,2.0,6,3,1,0.0,5.0,Centro,5.0,5.0,,,,,,,,,,,,,,,,,,,,,,,,,,,,,,,0,0
40489485,outros,1,1.0,2,1,2,0.0,5.0,Meia Praia,5.0,5.0,,,,,,,,,,,,,,,,,,,,,,,,,,,,,,,0,0
41495109,apartamento,3,1.0,7,4,1,200.0,5.0,Meia Praia,5.0,5.0,,,,,,,,,,,,,,,,,,,,,,,,,,,,,,,0,0
48600810,outros,1,1.0,3,2,3,0.0,4.329999923706055,Centro,4.329999923706055,4.329999923706055,,,,,,,,,,,,,,,,,,,,,,,,,,,,,,,0,0
30154927,apartamento,3,2.0,8,4,4,0.0,5.0,Meia Praia,5.0,5.0,,,,,,,,,,,,,,,,,,,,,,,,,,,,,,,0,0
21699700,casa,3,2.0,9,5,0,0.0,0.0,Casa Branca,0.0,,,,,,,,,,,,,,,,,,,,,,,,,,,,,,,,0,0
31083803,apartamento,2,2.0,6,2,3,0.0,5.0,Meia Praia,5.0,5.0,,,,,,,,,,,,,,,,,,,,,,,,,,,,,,,0,0
1221038550806797942,casa,2,2.0,4,2,0,0.0,0.0,Sertao do Trombudo,0.0,,,,,,,,,,,,,,,,,,,,,,,,,,,,,,,,0,0
39896394,apartamento,3,3.0,9,5,3,0.0,4.670000076293945,Meia Praia,4.670000076293945,4.670000076293945,,,,,,,,,,,,,,,,,,,,,,,,,,,,,,,0,0
22612962,apartamento,3,3.0,6,3,0,0.0,0.0,Meia Praia,0.0,,,,,,,,,,,,,,,,,,,,,,,,,,,,,,,,0,0
812330321788324738,outros,1,1.0,3,1,0,0.0,0.0,Centro,0.0,,,,,,,,,,,,,,,,,,,,,,,,,,,,,,,,0,0
47561292,apartamento,1,1.0,4,2,7,0.0,4.429999828338623,Meia Praia,4.429999828338623,4.429999828338623,,,,,,,,,,,,,,,,,,,,,,,,,,,,,,,0,0
966584099593023622,apartamento,3,2.0,6,3,3,0.0,5.0,Meia Praia,5.0,5.0,,,,,,,,,,,,,,,,,,,,,,,,,,,,,,,0,0
781349166008760597,apartamento,3,3.0,7,7,3,0.0,5.0,Meia Praia,5.0,5.0,,,,,,,,,,,,,,,,,,,,,,,,,,,,,,,0,0
33184703,outros,1,1.0,3,1,2,0.0,4.0,Centro,4.0,4.0,,,,,,,,,,,,,,,,,,,,,,,,,,,,,,,0,0
1058078593052494531,casa,2,2.0,6,3,0,0.0,0.0,Morretes,0.0,,,,,,,,,,,,,,,,,,,,,,,,,,,,,,,,0,0
1040659324048251711,apartamento,3,3.0,7,3,1,0.0,5.0,Meia Praia,5.0,5.0,,,,,,,,,,,,,,,,,,,,,,,,,,,,,,,0,0
970445468070597218,apartamento,2,1.0,6,3,7,0.0,5.0,Morretes,5.0,5.0,,,,,,,,,,,,,,,,,,,,,,,,,,,,,,,0,0
1129248541782633263,apartamento,3,2.0,6,3,0,0.0,0.0,Meia Praia,0.0,,,,,,,,,,,,,,,,,,,,,,,,,,,,,,,,0,0
687742022165487214,apartamento,2,2.0,6,3,0,300.0,0.0,Meia Praia,0.0,,,,,,,,,,,,,,,,,,,,,,,,,,,,,,,,0,0
16591695,apartamento,2,2.0,4,2,6,0.0,4.829999923706055,Meia Praia,4.829999923706055,4.829999923706055,,,,,,,,,,,,,,,,,,,,,,,,,,,,,,,0,0
683254546329214746,apartamento,3,3.0,6,4,8,250.0,4.880000114440918,Meia Praia,4.880000114440918,4.880000114440918,,,,,,,,,,,,,,,,,,,,,,,,,,,,,,,0,0
786698298677447363,apartamento,2,1.0,6,3,0,0.0,0.0,Meia Praia,0.0,,,,,,,,,,,,,,,,,,,,,,,,,,,,,,,,0,0
1161754032045126774,apartamento,3,0.0,9,0,0,450.0,0.0,Meia Praia,0.0,,,,,,,,,,,,,,,,,,,,,,,,,,,,,,,,0,0
1153593997091090463,apartamento,3,2.0,8,5,0,0.0,0.0,Meia Praia,0.0,,,,,,,,,,,,,,,,,,,,,,,,,,,,,,,,0,0
639163267116212627,outros,1,1.0,2,1,23,0.0,5.0,Tabuleiro dos Oliveiras,5.0,5.0,,,,,,,,,,,,,,,,,,,,,,,,,,,,,,,0,0
794092172388379022,outros,1,1.0,2,1,2,0.0,5.0,Centro,5.0,5.0,,,,,,,,,,,,,,,,,,,,,,,,,,,,,,,0,0
568211772680384095,apartamento,2,1.0,4,2,0,0.0,0.0,Casa Branca,0.0,,,,,,,,,,,,,,,,,,,,,,,,,,,,,,,,0,0
32420779,apartamento,3,3.0,11,3,2,0.0,5.0,Meia Praia,5.0,5.0,,,,,,,,,,,,,,,,,,,,,,,,,,,,,,,0,0
30318398,apartamento,2,2.0,6,7,0,0.0,0.0,Morretes,0.0,,,,,,,,,,,,,,,,,,,,,,,,,,,,,,,,0,0
44890294,apartamento,3,2.0,7,4,80,0.0,4.949999809265137,Meia Praia,4.949999809265137,4.949999809265137,2.0,2.0,2.0,1000.0,1000.0,1000.0,1000.0,1000.0,1000.0,2.0,2.0,2.0,1000.0,1000.0,1000.0,1000.0,1000.0,1000.0,28000.0,58000.0,89000.0,0.9333333333333333,0.9666666666666667,0.978021978021978,28.0,58.0,89.0,True,True,True,1,0
1001366525682248434,apartamento,3,4.0,10,3,0,250.0,0.0,Meia Praia,0.0,,,,,,,,,,,,,,,,,,,,,,,,,,,,,,,,0,0
1262383729665263313,apartamento,3,4.0,10,4,8,450.0,5.0,Meia Praia,5.0,5.0,,,,,,,,,,,,,,,,,,,,,,,,,,,,,,,0,0
778842002947876931,apartamento,2,2.0,6,2,1,250.0,4.0,Meia Praia,4.0,4.0,,,,,,,,,,,,,,,,,,,,,,,,,,,,,,,0,0
15732070,apartamento,3,3.0,6,4,40,240.0,4.949999809265137,Meia Praia,4.949999809265137,4.949999809265137,18.0,26.0,37.0,754.8240722222222,753.3397423076923,752.3468459459459,750.0,750.0,750.0,18.0,26.0,37.0,750.0,750.0,750.0,758.75,753.124975,750.0,9000.0,25500.0,40500.0,0.4,0.5666666666666667,0.5934065934065934,12.0,34.0,54.0,True,True,True,1,0
984846668146064982,casa,4,5.0,10,4,4,300.0,5.0,Ilhota,5.0,5.0,30.0,48.0,48.0,932.35,995.5104166666666,995.5104166666666,946.0,946.0,946.0,30.0,48.0,48.0,896.0,946.0,946.0,946.0,974.375,974.375,0.0,11352.0,40678.0,0.0,0.2,0.4725274725274725,0.0,12.0,43.0,True,True,True,1,1
10812059,apartamento,3,3.0,8,3,10,280.0,5.0,Centro,5.0,5.0,,,,,,,,,,,,,,,,,,,,,,,,,,,,,,,0,0
1281153546154125196,apartamento,2,2.0,6,2,0,0.0,0.0,Morretes,0.0,,,,,,,,,,,,,,,,,,,,,,,,,,,,,,,,0,0
29114516,apartamento,3,2.0,5,4,33,200.0,4.909999847412109,Meia Praia,4.909999847412109,4.909999847412109,2.0,5.0,36.0,400.0,400.0,354.375,400.0,400.0,400.0,2.0,5.0,36.0,400.0,400.0,300.0,400.0,400.0,400.0,11200.0,22000.0,22000.0,0.9333333333333333,0.9166666666666666,0.6043956043956044,28.0,55.0,55.0,True,True,True,1,1
31116044,casa,3,1.0,12,7,4,100.0,4.0,Morretes,4.0,4.0,,,,,,,,,,,,,,,,,,,,,,,,,,,,,,,0,0
1309581324578515590,casa,1,1.0,3,2,1,0.0,1.0,Varzea,1.0,1.0,,,,,,,,,,,,,,,,,,,,,,,,,,,,,,,0,0
41586617,apartamento,3,2.0,6,3,2,180.0,5.0,Centro,5.0,5.0,,,,,,,,,,,,,,,,,,,,,,,,,,,,,,,0,0
888527868742432806,apartamento,1,1.0,4,1,4,155.0,4.75,Morretes,4.75,4.75,,,,,,,,,,,,,,,,,,,,,,,,,,,,,,,0,0
38971311,apartamento,2,2.0,6,2,7,200.0,4.429999828338623,Meia Praia,4.429999828338623,4.429999828338623,,,,,,,,,,,,,,,,,,,,,,,,,,,,,,,0,0
1288374267745361208,outros,1,1.0,2,1,0,0.0,0.0,Leopoldo Zarling,0.0,,,,,,,,,,,,,,,,,,,,,,,,,,,,,,,,0,0
40298680,apartamento,2,1.0,6,3,8,300.0,4.75,Centro,4.75,4.75,,,,,,,,,,,,,,,,,,,,,,,,,,,,,,,0,0
963054628265659928,apartamento,3,2.0,8,5,1,320.0,5.0,Meia Praia,5.0,5.0,,,,,,,,,,,,,,,,,,,,,,,,,,,,,,,0,0
1293393457367207509,apartamento,2,2.0,4,2,0,150.0,0.0,Meia Praia,0.0,,,,,,,,,,,,,,,,,,,,,,,,,,,,,,,,0,0
960841637535061939,apartamento,2,2.0,8,3,1,250.0,5.0,Meia Praia,5.0,5.0,,,,,,,,,,,,,,,,,,,,,,,,,,,,,,,0,0
47306948,apartamento,3,3.0,6,3,0,180.0,0.0,Centro,0.0,,,,,,,,,,,,,,,,,,,,,,,,,,,,,,,,0,0
52955273,apartamento,3,3.0,8,3,0,300.0,0.0,Meia Praia,0.0,,,,,,,,,,,,,,,,,,,,,,,,,,,,,,,,0,0
721000003000337530,casa,2,1.0,6,2,1,200.0,5.0,Morretes,5.0,5.0,,,,,,,,,,,,,,,,,,,,,,,,,,,,,,,0,0
1321752049570348832,outros,1,2.0,2,1,0,100.0,0.0,Meia Praia,0.0,,,,,,,,,,,,,,,,,,,,,,,,,,,,,,,,0,0
53320899,apartamento,3,2.0,9,5,3,250.0,5.0,Centro,5.0,5.0,,,,,,,,,,,,,,,,,,,,,,,,,,,,,,,0,0
52262759,apartamento,3,3.0,10,9,1,300.0,5.0,Meia Praia,5.0,5.0,,,,,,,,,,,,,,,,,,,,,,,,,,,,,,,0,0
46633406,apartamento,3,2.0,6,4,2,0.0,4.5,Ilhota,4.5,4.5,,,,,,,,,,,,,,,,,,,,,,,,,,,,,,,0,0
1293349860236511246,apartamento,4,1.0,10,4,0,0.0,0.0,Meia Praia,0.0,,,,,,,,,,,,,,,,,,,,,,,,,,,,,,,,0,0
1271949799457355450,apartamento,2,2.0,6,4,0,250.0,0.0,Centro,0.0,,,,,,,,,,,,,,,,,,,,,,,,,,,,,,,,0,0
1111626053814730010,apartamento,3,2.0,6,4,8,500.0,4.75,Centro,4.75,4.75,6.0,32.0,63.0,668.0,762.1015625,735.3373015873016,653.75,666.5,629.0,6.0,32.0,63.0,632.125,580.0,580.0,712.5,772.1875,703.0,15690.0,18662.0,17612.0,0.8,0.4666666666666667,0.3076923076923077,24.0,28.0,28.0,True,True,True,1,1
1289222059126849451,apartamento,3,0.0,6,3,0,250.0,0.0,Meia Praia,0.0,,,,,,,,,,,,,,,,,,,,,,,,,,,,,,,,0,0
1287287626939063617,apartamento,3,4.0,8,4,0,0.0,0.0,Meia Praia,0.0,,,,,,,,,,,,,,,,,,,,,,,,,,,,,,,,0,0
1059720292483100976,apartamento,3,2.0,8,4,0,0.0,0.0,Meia Praia,0.0,,,,,,,,,,,,,,,,,,,,,,,,,,,,,,,,0,0
1031245572964869323,apartamento,3,2.0,6,4,0,160.0,0.0,Centro,0.0,,,,,,,,,,,,,,,,,,,,,,,,,,,,,,,,0,0
1282615576178333475,apartamento,3,3.0,8,4,2,0.0,5.0,Meia Praia,5.0,5.0,,,,,,,,,,,,,,,,,,,,,,,,,,,,,,,0,0
1313774771710708805,casa,3,1.0,8,3,0,0.0,0.0,Varzea,0.0,,,,,,,,,,,,,,,,,,,,,,,,,,,,,,,,0,0
12067632,apartamento,3,3.0,8,3,21,350.0,5.0,Meia Praia,5.0,5.0,5.0,14.0,14.0,720.0,712.2857142857143,712.2857142857143,720.0,720.0,720.0,5.0,14.0,14.0,720.0,684.0,684.0,720.0,735.0,735.0,18000.0,33120.0,55440.0,0.8333333333333334,0.7666666666666667,0.8461538461538461,25.0,46.0,77.0,True,True,True,1,1
1060288793250267218,casa,1,1.0,5,2,7,0.0,4.429999828338623,Tabuleiro dos Oliveiras,4.429999828338623,4.429999828338623,,,,,,,,,,,,,,,,,,,,,,,,,,,,,,,0,0
23078040,apartamento,3,2.0,7,3,213,190.0,4.590000152587891,Meia Praia,4.590000152587891,4.590000152587891,4.0,24.0,54.0,600.0,741.6666666666666,774.074074074074,600.0,800.0,800.0,4.0,24.0,54.0,600.0,600.0,800.0,600.0,800.0,800.0,15600.0,28800.0,29600.0,0.8666666666666667,0.6,0.4065934065934066,26.0,36.0,37.0,True,True,True,1,0
1284049938417204519,apartamento,2,2.0,4,2,1,250.0,5.0,Meia Praia,5.0,5.0,,,,,,,,,,,,,,,,,,,,,,,,,,,,,,,0,0
42239404,apartamento,3,2.0,7,4,1,250.0,5.0,Meia Praia,5.0,5.0,,,,,,,,,,,,,,,,,,,,,,,,,,,,,,,0,0
42515348,apartamento,4,3.0,12,7,28,250.0,5.0,Meia Praia,5.0,5.0,,,,,,,,,,,,,,,,,,,,,,,,,,,,,,,0,0
805381324514930766,apartamento,3,2.0,8,6,59,380.0,4.980000019073486,Meia Praia,4.980000019073486,4.980000019073486,,,,,,,,,,,,,,,,,,,,,,,,,,,,,,,0,0
46566783,apartamento,3,3.0,10,3,17,300.0,5.0,Meia Praia,5.0,5.0,,,,,,,,,,,,,,,,,,,,,,,,,,,,,,,0,0
1279257338640004889,apartamento,2,1.0,6,2,3,0.0,4.670000076293945,Meia Praia,4.670000076293945,4.670000076293945,,,,,,,,,,,,,,,,,,,,,,,,,,,,,,,0,0
1259452900483933175,apartamento,2,1.0,4,2,0,0.0,0.0,Centro,0.0,,,,,,,,,,,,,,,,,,,,,,,,,,,,,,,,0,0
1315268761678890149,apartamento,2,2.0,5,4,1,0.0,5.0,Meia Praia,5.0,5.0,,,,,,,,,,,,,,,,,,,,,,,,,,,,,,,0,0
1087116894120974285,outros,1,1.0,2,0,3,0.0,4.329999923706055,Centro,4.329999923706055,4.329999923706055,,,,,,,,,,,,,,,,,,,,,,,,,,,,,,,0,0
1228579526649749239,apartamento,2,2.0,6,2,0,150.0,0.0,Leopoldo Zarling,0.0,,,,,,,,,,,,,,,,,,,,,,,,,,,,,,,,0,0
1307396902018325411,apartamento,2,2.0,6,3,1,150.0,5.0,Meia Praia,5.0,5.0,,,,,,,,,,,,,,,,,,,,,,,,,,,,,,,0,0
42735835,apartamento,2,2.0,5,7,87,250.0,4.849999904632568,Meia Praia,4.849999904632568,4.849999904632568,3.0,3.0,11.0,299.0,299.0,227.0,299.0,299.0,200.0,3.0,3.0,11.0,299.0,299.0,200.0,299.0,299.0,249.5,8073.0,17043.0,16000.0,0.9,0.95,0.8791208791208791,27.0,57.0,80.0,True,True,True,1,1
41060336,casa,2,2.0,5,3,17,260.0,5.0,Centro,5.0,5.0,,,,,,,,,,,,,,,,,,,,,,,,,,,,,,,0,0
30785010,apartamento,2,2.0,6,2,46,280.0,4.829999923706055,Meia Praia,4.829999923706055,4.829999923706055,2.0,19.0,50.0,600.0,621.4473684210526,487.05,600.0,600.0,430.0,2.0,19.0,50.0,600.0,430.0,385.0,600.0,900.0,450.0,16800.0,24600.0,17630.0,0.9333333333333333,0.6833333333333333,0.45054945054945056,28.0,41.0,41.0,True,True,True,1,1
40835980,apartamento,3,3.0,8,5,1,400.0,5.0,Meia Praia,5.0,5.0,,,,,,,,,,,,,,,,,,,,,,,,,,,,,,,0,0
1052912761207502450,apartamento,3,2.0,7,5,1,300.0,5.0,Centro,5.0,5.0,,,,,,,,,,,,,,,,,,,,,,,,,,,,,,,0,0
1302822771090631328,apartamento,4,4.0,8,4,0,200.0,0.0,Centro,0.0,,,,,,,,,,,,,,,,,,,,,,,,,,,,,,,,0,0
805726391815686158,apartamento,2,2.0,5,5,6,200.0,5.0,Tabuleiro dos Oliveiras,5.0,5.0,3.0,19.0,47.0,520.0,418.10526315789474,406.72340425531917,520.0,399.0,399.0,3.0,19.0,47.0,520.0,399.0,399.0,520.0,399.0,399.0,14040.0,16359.0,17556.0,0.9,0.6833333333333333,0.4835164835164835,27.0,41.0,44.0,True,True,True,1,1
1318396160993271480,apartamento,2,2.0,6,2,0,80.0,0.0,Meia Praia,0.0,,,,,,,,,,,,,,,,,,,,,,,,,,,,,,,,0,0
1321781665233199185,apartamento,3,3.0,9,4,0,350.0,0.0,Meia Praia,0.0,,,,,,,,,,,,,,,,,,,,,,,,,,,,,,,,0,0
1248634457200208684,apartamento,3,4.0,8,4,0,200.0,0.0,Meia Praia,0.0,,,,,,,,,,,,,,,,,,,,,,,,,,,,,,,,0,0
729663458450271713,apartamento,4,3.0,10,9,0,300.0,0.0,Meia Praia,0.0,,,,,,,,,,,,,,,,,,,,,,,,,,,,,,,,0,0
1320995339425720277,apartamento,2,1.0,4,3,1,200.0,5.0,Centro,5.0,5.0,10.0,27.0,55.0,747.65,738.8888888888889,679.8121218181818,749.0,749.0,627.0,10.0,27.0,55.0,732.0,627.0,592.25,762.625,830.08335,767.0,14980.0,24717.0,22572.0,0.6666666666666666,0.55,0.3956043956043956,20.0,33.0,36.0,True,True,True,1,1
773986911749214420,apartamento,2,2.0,6,0,3,250.0,4.670000076293945,Meia Praia,4.670000076293945,4.670000076293945,,,,,,,,,,,,,,,,,,,,,,,,,,,,,,,0,0
10939638,apartamento,2,1.0,5,2,50,250.0,4.659999847412109,Centro,4.659999847412109,4.659999847412109,,,,,,,,,,,,,,,,,,,,,,,,,,,,,,,0,0
1192203546642091539,apartamento,3,2.0,8,5,4,250.0,4.75,Centro,4.75,4.75,,,,,,,,,,,,,,,,,,,,,,,,,,,,,,,0,0
827598917856589723,apartamento,2,3.0,6,5,2,250.0,5.0,Morretes,5.0,5.0,,,,,,,,,,,,,,,,,,,,,,,,,,,,,,,0,0
1260668525649650706,apartamento,2,1.0,4,3,1,250.0,4.0,Meia Praia,4.0,4.0,,,,,,,,,,,,,,,,,,,,,,,,,,,,,,,0,0
759511217465301309,apartamento,3,3.0,8,3,0,300.0,0.0,Varzea,0.0,,,,,,,,,,,,,,,,,,,,,,,,,,,,,,,,0,0
1162463827242033905,apartamento,2,2.0,6,2,1,200.0,5.0,Meia Praia,5.0,5.0,,,,,,,,,,,,,,,,,,,,,,,,,,,,,,,0,0
1309611129200999325,apartamento,3,4.0,6,3,1,300.0,5.0,Meia Praia,5.0,5.0,,,,,,,,,,,,,,,,,,,,,,,,,,,,,,,0,0
1312944639911263294,outros,1,1.0,4,2,0,200.0,0.0,Meia Praia,0.0,,,,,,,,,,,,,,,,,,,,,,,,,,,,,,,,0,0
48526011,casa,3,2.0,10,3,17,300.0,4.880000114440918,Morretes,4.880000114440918,4.880000114440918,,,,,,,,,,,,,,,,,,,,,,,,,,,,,,,0,0
774739767156064413,apartamento,2,2.0,6,5,5,350.0,5.0,Tabuleiro dos Oliveiras,5.0,5.0,,,,,,,,,,,,,,,,,,,,,,,,,,,,,,,0,0
53356928,apartamento,3,2.0,6,4,3,150.0,5.0,Meia Praia,5.0,5.0,,,,,,,,,,,,,,,,,,,,,,,,,,,,,,,0,0
979967869501829090,apartamento,3,2.0,10,3,5,350.0,4.800000190734863,Meia Praia,4.800000190734863,4.800000190734863,,,,,,,,,,,,,,,,,,,,,,,,,,,,,,,0,0
1311099643317095318,apartamento,2,2.0,4,3,1,250.0,5.0,Morretes,5.0,5.0,,,,,,,,,,,,,,,,,,,,,,,,,,,,,,,0,0
21664523,apartamento,4,3.0,10,6,0,350.0,0.0,Meia Praia,0.0,,,,,,,,,,,,,,,,,,,,,,,,,,,,,,,,0,0
771107086495739413,apartamento,2,1.0,4,4,16,120.0,4.380000114440918,Meia Praia,4.380000114440918,4.380000114440918,,,,,,,,,,,,,,,,,,,,,,,,,,,,,,,0,0
1085348122147915155,apartamento,1,1.0,4,0,0,0.0,0.0,Meia Praia,0.0,,,,,,,,,,,,,,,,,,,,,,,,,,,,,,,,0,0
30466884,apartamento,3,2.0,7,4,0,0.0,0.0,Tabuleiro dos Oliveiras,0.0,,,,,,,,,,,,,,,,,,,,,,,,,,,,,,,,0,0
1188476386889166335,apartamento,1,2.0,4,2,12,190.0,4.75,Centro,4.75,4.75,11.0,33.0,64.0,571.5,606.7348484848485,543.0013015625,615.0,615.0,484.0,11.0,33.0,64.0,493.25,471.0,458.0,647.5,701.5,639.75,11685.0,16605.0,13068.0,0.6333333333333333,0.45,0.2967032967032967,19.0,27.0,27.0,True,True,True,1,1
1321643417058221287,apartamento,2,1.0,6,2,0,250.0,0.0,Casa Branca,0.0,,,,,,,,,,,,,,,,,,,,,,,,,,,,,,,,0,0
36470124,apartamento,3,2.0,6,5,0,250.0,0.0,Meia Praia,0.0,,,,,,,,,,,,,,,,,,,,,,,,,,,,,,,,0,0
1275368456135849426,apartamento,2,1.0,4,4,0,0.0,0.0,Casa Branca,0.0,,,,,,,,,,,,,,,,,,,,,,,,,,,,,,,,0,0
942799468059853700,apartamento,3,2.0,8,3,1,0.0,5.0,Meia Praia,5.0,5.0,,,,,,,,,,,,,,,,,,,,,,,,,,,,,,,0,0
622604387999781301,apartamento,2,3.0,6,2,1,300.0,5.0,Meia Praia,5.0,5.0,,,,,,,,,,,,,,,,,,,,,,,,,,,,,,,0,0
48601349,apartamento,3,2.0,6,3,10,300.0,4.800000190734863,Meia Praia,4.800000190734863,4.800000190734863,,,,,,,,,,,,,,,,,,,,,,,,,,,,,,,0,0
36698654,apartamento,4,4.0,12,4,14,300.0,4.789999961853027,Meia Praia,4.789999961853027,4.789999961853027,,,,,,,,,,,,,,,,,,,,,,,,,,,,,,,0,0
1042023715493333539,apartamento,3,3.0,8,3,2,400.0,5.0,Meia Praia,5.0,5.0,,,,,,,,,,,,,,,,,,,,,,,,,,,,,,,0,0
965258538716677226,casa,1,1.0,2,1,16,200.0,4.809999942779541,none,4.809999942779541,4.809999942779541,,,,,,,,,,,,,,,,,,,,,,,,,,,,,,,0,0
1293549528996953006,apartamento,2,1.0,8,3,0,0.0,0.0,Meia Praia,0.0,,,,,,,,,,,,,,,,,,,,,,,,,,,,,,,,0,0
939218400123538892,apartamento,2,1.0,5,3,6,120.0,5.0,Casa Branca,5.0,5.0,,,,,,,,,,,,,,,,,,,,,,,,,,,,,,,0,0
1049957766939803349,apartamento,3,2.0,6,4,3,150.0,5.0,Meia Praia,5.0,5.0,,,,,,,,,,,,,,,,,,,,,,,,,,,,,,,0,0
21545686,apartamento,2,1.0,5,3,92,120.0,4.760000228881836,Centro,4.760000228881836,4.760000228881836,2.0,32.0,63.0,340.0,332.1875,301.0952380952381,340.0,340.0,269.0,2.0,32.0,63.0,340.0,269.0,269.0,340.0,399.0,340.0,9520.0,9520.0,7532.0,0.9333333333333333,0.4666666666666667,0.3076923076923077,28.0,28.0,28.0,True,True,True,1,1
1323401571036927098,apartamento,2,2.0,6,2,0,250.0,0.0,Meia Praia,0.0,,,,,,,,,,,,,,,,,,,,,,,,,,,,,,,,0,0
46686898,apartamento,3,3.0,7,5,2,400.0,5.0,Meia Praia,5.0,5.0,,,,,,,,,,,,,,,,,,,,,,,,,,,,,,,0,0
30494198,apartamento,3,2.0,7,4,29,280.0,4.789999961853027,Meia Praia,4.789999961853027,4.789999961853027,13.0,29.0,59.0,516.9230769230769,536.2068965517242,429.77966101694915,520.0,520.0,376.0,13.0,29.0,59.0,520.0,520.0,297.0,520.0,650.0,520.0,8840.0,16120.0,12032.0,0.5666666666666667,0.5166666666666667,0.3516483516483517,17.0,31.0,32.0,True,True,True,1,1
40793369,outros,1,1.0,3,1,3,200.0,5.0,Varzea,5.0,5.0,,,,,,,,,,,,,,,,,,,,,,,,,,,,,,,0,0
1306861475702551090,apartamento,3,2.0,8,3,0,300.0,0.0,Meia Praia,0.0,,,,,,,,,,,,,,,,,,,,,,,,,,,,,,,,0,0
47442612,apartamento,3,2.0,7,4,0,200.0,0.0,Meia Praia,0.0,,,,,,,,,,,,,,,,,,,,,,,,,,,,,,,,0,0
999226382307972271,apartamento,2,2.0,5,2,16,200.0,4.809999942779541,Morretes,4.809999942779541,4.809999942779541,23.0,53.0,84.0,500.0,564.0943396226415,491.6309523809524,500.0,500.0,448.5,23.0,53.0,84.0,500.0,500.0,400.0,500.0,500.0,500.0,3500.0,3500.0,3139.5,0.23333333333333334,0.11666666666666667,0.07692307692307693,7.0,7.0,7.0,True,True,True,1,1
809946874989632205,casa,1,1.0,2,1,24,150.0,5.0,Sertao do Trombudo,5.0,5.0,16.0,44.0,75.0,377.0625,382.5113636363636,380.00666666666666,370.0,370.0,370.0,16.0,44.0,75.0,370.0,370.0,370.0,370.0,390.0,370.0,5180.0,5920.0,5920.0,0.4666666666666667,0.26666666666666666,0.17582417582417584,14.0,16.0,16.0,True,True,True,1,0
1062395236913376015,apartamento,2,2.0,5,2,6,120.0,4.329999923706055,Morretes,4.329999923706055,4.329999923706055,,,,,,,,,,,,,,,,,,,,,,,,,,,,,,,0,0
1291260491712535142,apartamento,3,4.0,8,3,0,350.0,0.0,Meia Praia,0.0,,,,,,,,,,,,,,,,,,,,,,,,,,,,,,,,0,0
1291430353539550065,apartamento,3,3.0,8,5,1,280.0,5.0,Meia Praia,5.0,5.0,,,,,,,,,,,,,,,,,,,,,,,,,,,,,,,0,0
1162368192513120905,casa,1,1.0,3,1,3,120.0,4.329999923706055,Morretes,4.329999923706055,4.329999923706055,,,,,,,,,,,,,,,,,,,,,,,,,,,,,,,0,0
764594935323413891,apartamento,3,1.0,6,4,3,200.0,5.0,Meia Praia,5.0,5.0,,,,,,,,,,,,,,,,,,,,,,,,,,,,,,,0,0
1211516641845060963,apartamento,2,2.0,4,2,0,300.0,0.0,Meia Praia,0.0,,,,,,,,,,,,,,,,,,,,,,,,,,,,,,,,0,0
1304433283397417052,apartamento,2,2.0,6,2,2,270.0,5.0,Morretes,5.0,5.0,7.0,34.0,65.0,1288.2857142857142,1201.0294117647059,1073.1461538461538,1210.0,1210.0,941.0,7.0,34.0,65.0,1210.0,903.5,889.0,1374.5,1401.75,1237.5,27830.0,31460.0,24466.0,0.7666666666666667,0.43333333333333335,0.2857142857142857,23.0,26.0,26.0,True,True,True,1,1
1000145696139286782,apartamento,5,4.0,10,7,4,450.0,4.75,Centro,4.75,4.75,,,,,,,,,,,,,,,,,,,,,,,,,,,,,,,0,0
1123351596385651099,apartamento,3,2.0,11,0,2,0.0,5.0,Meia Praia,5.0,5.0,,,,,,,,,,,,,,,,,,,,,,,,,,,,,,,0,0
30916169,apartamento,5,3.0,12,5,24,300.0,4.75,Meia Praia,4.75,4.75,,,,,,,,,,,,,,,,,,,,,,,,,,,,,,,0,0
802047490248101970,apartamento,2,2.0,6,3,22,300.0,5.0,Meia Praia,5.0,5.0,0.0,4.0,35.0,,253.75,251.57142857142858,,252.25,250.0,0.0,4.0,35.0,,251.375,250.0,,254.625,251.916665,,14126.0,14000.0,1.0,0.9333333333333333,0.6153846153846154,30.0,56.0,56.0,False,True,True,1,1
32234626,casa,3,2.0,6,2,44,283.0,4.929999828338623,Meia Praia,4.929999828338623,4.929999828338623,,,,,,,,,,,,,,,,,,,,,,,,,,,,,,,0,0
1126828984504048053,apartamento,5,5.0,12,8,0,500.0,0.0,Meia Praia,0.0,,,,,,,,,,,,,,,,,,,,,,,,,,,,,,,,0,0
1242713378625026725,apartamento,1,1.0,4,2,8,190.0,4.75,Centro,4.75,4.75,8.0,38.0,69.0,612.1875,637.171052631579,574.1086956521739,660.0,660.0,546.0,8.0,38.0,69.0,546.0,506.375,495.0,660.0,759.0,660.0,14520.0,14520.0,12012.0,0.7333333333333333,0.36666666666666664,0.24175824175824176,22.0,22.0,22.0,True,True,True,1,1
1285127411265723715,outros,1,2.0,6,2,3,0.0,4.670000076293945,Meia Praia,4.670000076293945,4.670000076293945,,,,,,,,,,,,,,,,,,,,,,,,,,,,,,,0,0
1282721810691437355,apartamento,3,2.0,7,4,1,250.0,5.0,Meia Praia,5.0,5.0,,,,,,,,,,,,,,,,,,,,,,,,,,,,,,,0,0
1310174559824916300,casa,3,2.0,6,3,2,200.0,5.0,Meia Praia,5.0,5.0,,,,,,,,,,,,,,,,,,,,,,,,,,,,,,,0,0
1056827534457537585,casa,2,1.0,4,3,17,200.0,4.880000114440918,Morretes,4.880000114440918,4.880000114440918,21.0,48.0,79.0,299.0,316.38368083333336,301.1951479746835,299.0,299.0,299.0,21.0,48.0,79.0,299.0,299.0,299.0,299.0,310.0,299.0,2691.0,3588.0,3588.0,0.3,0.2,0.13186813186813187,9.0,12.0,12.0,True,True,True,1,1
47765127,apartamento,2,3.0,5,3,3,200.0,4.670000076293945,Meia Praia,4.670000076293945,4.670000076293945,,,,,,,,,,,,,,,,,,,,,,,,,,,,,,,0,0
1229859382554577590,casa,0,1.0,12,7,1,350.0,5.0,Tabuleiro dos Oliveiras,5.0,5.0,,,,,,,,,,,,,,,,,,,,,,,,,,,,,,,0,0
1309452425296796883,apartamento,2,2.0,5,2,0,0.0,0.0,Morretes,0.0,,,,,,,,,,,,,,,,,,,,,,,,,,,,,,,,0,0
1290111097559807016,outros,1,0.0,2,1,0,0.0,0.0,Centro,0.0,,,,,,,,,,,,,,,,,,,,,,,,,,,,,,,,0,0
23343001,apartamento,3,3.0,8,3,80,250.0,4.889999866485596,Meia Praia,4.889999866485596,4.889999866485596,28.0,58.0,69.0,635.7142857142857,587.0689655172414,565.2173913043479,600.0,600.0,600.0,28.0,58.0,69.0,600.0,487.5,450.0,700.0,675.0,600.0,1200.0,1200.0,13200.0,0.06666666666666667,0.03333333333333333,0.24175824175824176,2.0,2.0,22.0,True,True,True,1,1
39176080,apartamento,4,3.0,8,6,0,400.0,0.0,Meia Praia,0.0,,,,,,,,,,,,,,,,,,,,,,,,,,,,,,,,0,0
1122906973373442872,apartamento,3,2.0,6,2,1,190.0,5.0,Tabuleiro dos Oliveiras,5.0,5.0,,,,,,,,,,,,,,,,,,,,,,,,,,,,,,,0,0
22739656,apartamento,3,2.0,8,6,41,350.0,4.829999923706055,Meia Praia,4.829999923706055,4.829999923706055,13.0,35.0,66.0,1363.8461538461538,1187.142857142857,1162.878787878788,1590.0,1080.0,1100.0,13.0,35.0,66.0,1080.0,1080.0,1080.0,1590.0,1110.0,1200.0,27030.0,27000.0,27500.0,0.5666666666666667,0.4166666666666667,0.27472527472527475,17.0,25.0,25.0,True,True,True,1,1
1008079515072728451,apartamento,3,2.0,8,6,0,300.0,0.0,Meia Praia,0.0,,,,,,,,,,,,,,,,,,,,,,,,,,,,,,,,0,0
973211284957140427,apartamento,3,3.0,6,4,0,120.0,0.0,Meia Praia,0.0,,,,,,,,,,,,,,,,,,,,,,,,,,,,,,,,0,0
817856745947831093,apartamento,2,2.0,5,2,0,150.0,0.0,Morretes,0.0,,,,,,,,,,,,,,,,,,,,,,,,,,,,,,,,0,0
1302832759972608416,apartamento,3,2.0,8,5,0,300.0,0.0,Meia Praia,0.0,,,,,,,,,,,,,,,,,,,,,,,,,,,,,,,,0,0
1308089212728893994,apartamento,3,2.0,6,3,0,0.0,0.0,Ilhota,0.0,,,,,,,,,,,,,,,,,,,,,,,,,,,,,,,,0,0
46731696,apartamento,4,3.0,9,5,2,350.0,4.5,Meia Praia,4.5,4.5,,,,,,,,,,,,,,,,,,,,,,,,,,,,,,,0,0
1270349748357946766,apartamento,3,3.0,6,3,2,350.0,5.0,Meia Praia,5.0,5.0,,,,,,,,,,,,,,,,,,,,,,,,,,,,,,,0,0
719569644077465274,apartamento,0,0.0,6,3,3,150.0,4.670000076293945,Morretes,4.670000076293945,4.670000076293945,,,,,,,,,,,,,,,,,,,,,,,,,,,,,,,0,0
17512358,apartamento,2,2.0,6,6,79,200.0,4.940000057220459,Meia Praia,4.940000057220459,4.940000057220459,,,,,,,,,,,,,,,,,,,,,,,,,,,,,,,0,0
1248593272247115513,apartamento,1,1.0,3,1,0,400.0,0.0,Centro,0.0,,,,,,,,,,,,,,,,,,,,,,,,,,,,,,,,0,0
37153670,apartamento,3,2.0,8,5,25,200.0,4.920000076293945,Meia Praia,4.920000076293945,4.920000076293945,8.0,23.0,53.0,527.125,452.1956521739131,386.8018867924528,550.0,416.5,400.0,8.0,23.0,53.0,512.5,400.0,300.0,562.5,491.5,411.33334,12100.0,15410.5,15200.0,0.7333333333333333,0.6166666666666667,0.4175824175824176,22.0,37.0,38.0,True,True,True,1,0
1224838484756175094,apartamento,2,2.0,4,2,1,150.0,5.0,Meia Praia,5.0,5.0,,,,,,,,,,,,,,,,,,,,,,,,,,,,,,,0,0
1138471071714027004,outros,2,2.0,6,4,6,200.0,5.0,Meia Praia,5.0,5.0,,,,,,,,,,,,,,,,,,,,,,,,,,,,,,,0,0
31083925,apartamento,3,3.0,10,5,2,250.0,5.0,Meia Praia,5.0,5.0,,,,,,,,,,,,,,,,,,,,,,,,,,,,,,,0,0
4758094,apartamento,1,1.0,4,4,2,0.0,4.0,Centro,4.0,4.0,,,,,,,,,,,,,,,,,,,,,,,,,,,,,,,0,0
1010960424222368050,apartamento,3,2.0,8,5,7,365.0,4.860000133514404,Meia Praia,4.860000133514404,4.860000133514404,,,,,,,,,,,,,,,,,,,,,,,,,,,,,,,0,0
1197798435674435665,apartamento,3,2.0,10,6,0,350.0,0.0,Meia Praia,0.0,,,,,,,,,,,,,,,,,,,,,,,,,,,,,,,,0,0
53280496,apartamento,3,2.0,7,5,12,260.0,5.0,Centro,5.0,5.0,0.0,6.0,27.0,,413.0,382.70987629629633,,413.0,380.0,0.0,6.0,27.0,,413.0,380.0,,413.0,380.0,,22302.0,24320.0,1.0,0.9,0.7032967032967034,30.0,54.0,64.0,False,True,True,1,1
22245880,apartamento,3,3.0,8,6,63,250.0,4.900000095367432,Meia Praia,4.900000095367432,4.900000095367432,11.0,38.0,69.0,1411.6818181818182,1384.0789578947367,1285.1787565217392,1459.0,1323.3333,1201.0,11.0,38.0,69.0,1452.5,1196.0,1146.0,1462.125,1465.375,1452.0,27721.0,29113.3326,26422.0,0.6333333333333333,0.36666666666666664,0.24175824175824176,19.0,22.0,22.0,True,True,True,1,1
970349784670686464,apartamento,2,2.0,6,2,8,0.0,5.0,Meia Praia,5.0,5.0,,,,,,,,,,,,,,,,,,,,,,,,,,,,,,,0,0
1308111035777092645,apartamento,6,6.0,12,6,0,0.0,0.0,Meia Praia,0.0,,,,,,,,,,,,,,,,,,,,,,,,,,,,,,,,0,0
1232764608318047784,casa,7,4.0,16,7,4,400.0,5.0,Meia Praia,5.0,5.0,,,,,,,,,,,,,,,,,,,,,,,,,,,,,,,0,0
1267655586354072570,apartamento,2,2.0,5,2,0,250.0,0.0,Meia Praia,0.0,,,,,,,,,,,,,,,,,,,,,,,,,,,,,,,,0,0
1306527484021079571,apartamento,2,2.0,4,2,2,400.0,5.0,Morretes,5.0,5.0,,,,,,,,,,,,,,,,,,,,,,,,,,,,,,,0,0
1316831905020747925,casa,2,1.0,4,2,1,150.0,5.0,Morretes,5.0,5.0,,,,,,,,,,,,,,,,,,,,,,,,,,,,,,,0,0
955252501425290239,apartamento,3,2.0,10,3,0,350.0,0.0,Meia Praia,0.0,,,,,,,,,,,,,,,,,,,,,,,,,,,,,,,,0,0
1303080996905668831,apartamento,2,2.0,6,4,1,200.0,5.0,Morretes,5.0,5.0,,,,,,,,,,,,,,,,,,,,,,,,,,,,,,,0,0
1278507948518475714,apartamento,3,2.0,8,1,0,250.0,0.0,Meia Praia,0.0,,,,,,,,,,,,,,,,,,,,,,,,,,,,,,,,0,0
1323329039733622384,apartamento,3,2.0,8,4,0,0.0,0.0,Meia Praia,0.0,,,,,,,,,,,,,,,,,,,,,,,,,,,,,,,,0,0
1057964852411462810,casa,2,3.0,5,3,13,200.0,4.690000057220459,Morretes,4.690000057220459,4.690000057220459,16.0,46.0,77.0,335.9375,319.0217391304348,292.6623376623377,330.0,330.0,250.0,16.0,46.0,77.0,330.0,250.0,250.0,345.0,330.0,330.0,4620.0,4620.0,3500.0,0.4666666666666667,0.23333333333333334,0.15384615384615385,14.0,14.0,14.0,True,True,True,1,1
837846012155525926,apartamento,3,2.0,9,5,10,350.0,4.599999904632568,Meia Praia,4.599999904632568,4.599999904632568,,,,,,,,,,,,,,,,,,,,,,,,,,,,,,,0,0
1280276766939913444,apartamento,4,4.0,10,4,1,480.0,5.0,Centro,5.0,5.0,,,,,,,,,,,,,,,,,,,,,,,,,,,,,,,0,0
1038940330110057251,apartamento,2,2.0,6,2,0,0.0,0.0,Meia Praia,0.0,,,,,,,,,,,,,,,,,,,,,,,,,,,,,,,,0,0
953508817720867443,apartamento,3,3.0,6,4,4,250.0,4.75,Morretes,4.75,4.75,,,,,,,,,,,,,,,,,,,,,,,,,,,,,,,0,0
1021763794961945621,apartamento,3,3.0,6,3,9,250.0,4.889999866485596,Meia Praia,4.889999866485596,4.889999866485596,,,,,,,,,,,,,,,,,,,,,,,,,,,,,,,0,0
1303141680188349098,apartamento,2,2.0,6,4,0,300.0,0.0,Meia Praia,0.0,,,,,,,,,,,,,,,,,,,,,,,,,,,,,,,,0,0
1304224497885541506,apartamento,2,2.0,6,2,1,250.0,5.0,Tabuleiro dos Oliveiras,5.0,5.0,,,,,,,,,,,,,,,,,,,,,,,,,,,,,,,0,0
40299948,apartamento,3,2.0,8,3,0,150.0,0.0,Meia Praia,0.0,,,,,,,,,,,,,,,,,,,,,,,,,,,,,,,,0,0
39109062,apartamento,4,4.0,12,4,12,450.0,4.920000076293945,Meia Praia,4.920000076293945,4.920000076293945,17.0,43.0,74.0,1700.0,1546.5116279069769,1485.1351351351352,1700.0,1500.0,1400.0,17.0,43.0,74.0,1700.0,1400.0,1400.0,1700.0,1700.0,1500.0,22100.0,25500.0,23800.0,0.43333333333333335,0.2833333333333333,0.18681318681318682,13.0,17.0,17.0,True,True,True,1,1
938864231710660230,apartamento,2,2.0,4,3,2,300.0,5.0,Meia Praia,5.0,5.0,,,,,,,,,,,,,,,,,,,,,,,,,,,,,,,0,0
1298697184193258929,apartamento,2,3.0,4,2,0,350.0,0.0,Meia Praia,0.0,,,,,,,,,,,,,,,,,,,,,,,,,,,,,,,,0,0
803403468437987911,casa,1,1.0,2,0,21,44.0,5.0,Morretes,5.0,5.0,,,,,,,,,,,,,,,,,,,,,,,,,,,,,,,0,0
1294983267125990606,apartamento,3,4.0,6,3,0,0.0,0.0,Meia Praia,0.0,,,,,,,,,,,,,,,,,,,,,,,,,,,,,,,,0,0
827533315826218276,apartamento,2,2.0,5,1,0,0.0,0.0,Meia Praia,0.0,,,,,,,,,,,,,,,,,,,,,,,,,,,,,,,,0,0
27704027,apartamento,3,3.0,14,8,24,400.0,4.960000038146973,Centro,4.960000038146973,4.960000038146973,22.0,48.0,79.0,800.0,770.8333333333334,734.1772151898734,800.0,800.0,700.0,22.0,48.0,79.0,800.0,700.0,700.0,800.0,800.0,800.0,6400.0,9600.0,8400.0,0.26666666666666666,0.2,0.13186813186813187,8.0,12.0,12.0,True,True,True,1,1
1187813735726067477,apartamento,3,2.0,8,4,2,250.0,5.0,Meia Praia,5.0,5.0,,,,,,,,,,,,,,,,,,,,,,,,,,,,,,,0,0
44192417,apartamento,2,2.0,7,4,6,250.0,5.0,Meia Praia,5.0,5.0,,,,,,,,,,,,,,,,,,,,,,,,,,,,,,,0,0
1281305260723707646,apartamento,3,4.0,10,3,1,200.0,5.0,Meia Praia,5.0,5.0,,,,,,,,,,,,,,,,,,,,,,,,,,,,,,,0,0
1073738095860409206,apartamento,3,2.0,8,8,2,350.0,5.0,Meia Praia,5.0,5.0,,,,,,,,,,,,,,,,,,,,,,,,,,,,,,,0,0
41635095,apartamento,4,3.0,10,4,1,350.0,3.0,Meia Praia,3.0,3.0,,,,,,,,,,,,,,,,,,,,,,,,,,,,,,,0,0
1232881616131790997,apartamento,2,2.0,6,3,2,200.0,5.0,Meia Praia,5.0,5.0,,,,,,,,,,,,,,,,,,,,,,,,,,,,,,,0,0
840592168718968233,apartamento,3,3.0,8,3,0,300.0,0.0,Meia Praia,0.0,,,,,,,,,,,,,,,,,,,,,,,,,,,,,,,,0,0
1127012795040580227,apartamento,2,2.0,5,3,0,250.0,0.0,Meia Praia,0.0,,,,,,,,,,,,,,,,,,,,,,,,,,,,,,,,0,0
823312522991742278,apartamento,3,3.0,8,4,2,350.0,5.0,Meia Praia,5.0,5.0,,,,,,,,,,,,,,,,,,,,,,,,,,,,,,,0,0
1279830696286017830,apartamento,4,4.0,8,5,1,450.0,5.0,Meia Praia,5.0,5.0,,,,,,,,,,,,,,,,,,,,,,,,,,,,,,,0,0
800038464694663801,apartamento,3,4.0,9,6,0,450.0,0.0,Meia Praia,0.0,,,,,,,,,,,,,,,,,,,,,,,,,,,,,,,,0,0
1068879391520187607,apartamento,3,2.0,9,4,2,250.0,5.0,Meia Praia,5.0,5.0,,,,,,,,,,,,,,,,,,,,,,,,,,,,,,,0,0
1188379946998284675,apartamento,3,3.0,8,1,1,150.0,5.0,Meia Praia,5.0,5.0,,,,,,,,,,,,,,,,,,,,,,,,,,,,,,,0,0
1019689003168175177,apartamento,2,3.0,5,4,1,250.0,5.0,Meia Praia,5.0,5.0,,,,,,,,,,,,,,,,,,,,,,,,,,,,,,,0,0
1096326559739134649,apartamento,2,1.0,4,2,1,250.0,5.0,Meia Praia,5.0,5.0,,,,,,,,,,,,,,,,,,,,,,,,,,,,,,,0,0
760907484373197006,apartamento,3,4.0,10,10,0,250.0,0.0,Meia Praia,0.0,,,,,,,,,,,,,,,,,,,,,,,,,,,,,,,,0,0
673826204715344716,apartamento,3,4.0,8,3,7,300.0,5.0,Meia Praia,5.0,5.0,8.0,14.0,25.0,1080.0,1047.5714285714287,910.48,1080.0,1080.0,1058.0,8.0,14.0,25.0,1080.0,1058.0,736.0,1080.0,1080.0,1080.0,23760.0,49680.0,69828.0,0.7333333333333333,0.7666666666666667,0.7252747252747253,22.0,46.0,66.0,True,True,True,1,1
1226143239624076857,apartamento,2,2.0,4,2,0,0.0,0.0,Meia Praia,0.0,,,,,,,,,,,,,,,,,,,,,,,,,,,,,,,,0,0
1192836728602105901,apartamento,1,1.0,4,2,22,190.0,4.949999809265137,Centro,4.949999809265137,4.949999809265137,13.0,43.0,74.0,576.3461538461538,590.1046511627907,542.1283783783783,635.0,600.0,487.75,13.0,43.0,74.0,480.5,468.0,446.0,660.0,660.0,660.0,10795.0,10200.0,8291.75,0.5666666666666667,0.2833333333333333,0.18681318681318682,17.0,17.0,17.0,True,True,True,1,1
53899162,apartamento,2,1.0,7,4,20,180.0,4.900000095367432,Meia Praia,4.900000095367432,4.900000095367432,,,,,,,,,,,,,,,,,,,,,,,,,,,,,,,0,0
773080154193323911,outros,12,14.0,16,30,0,0.0,0.0,Meia Praia,0.0,,,,,,,,,,,,,,,,,,,,,,,,,,,,,,,,0,0
37568514,apartamento,3,2.0,6,5,36,250.0,4.940000057220459,Ilhota,4.940000057220459,4.940000057220459,,,,,,,,,,,,,,,,,,,,,,,,,,,,,,,0,0
47330953,apartamento,1,1.0,4,3,16,230.0,4.440000057220459,Centro,4.440000057220459,4.440000057220459,,,,,,,,,,,,,,,,,,,,,,,,,,,,,,,0,0
30771626,apartamento,3,2.0,8,3,0,300.0,0.0,Centro,0.0,,,,,,,,,,,,,,,,,,,,,,,,,,,,,,,,0,0
1285235358681702483,outros,1,2.0,4,1,6,0.0,4.829999923706055,Meia Praia,4.829999923706055,4.829999923706055,,,,,,,,,,,,,,,,,,,,,,,,,,,,,,,0,0
890645067987236866,apartamento,4,3.0,11,7,1,350.0,5.0,Meia Praia,5.0,5.0,,,,,,,,,,,,,,,,,,,,,,,,,,,,,,,0,0
41051267,apartamento,2,2.0,6,4,0,300.0,0.0,Meia Praia,0.0,,,,,,,,,,,,,,,,,,,,,,,,,,,,,,,,0,0
45655263,apartamento,4,4.0,10,5,8,450.0,4.25,Meia Praia,4.25,4.25,,,,,,,,,,,,,,,,,,,,,,,,,,,,,,,0,0
1322577870541989330,outros,2,1.0,6,3,0,250.0,0.0,Centro,0.0,,,,,,,,,,,,,,,,,,,,,,,,,,,,,,,,0,0
1043391376387909694,apartamento,2,2.0,5,2,1,250.0,5.0,Meia Praia,5.0,5.0,,,,,,,,,,,,,,,,,,,,,,,,,,,,,,,0,0
35912580,apartamento,3,2.0,8,3,13,260.0,5.0,Meia Praia,5.0,5.0,0.0,10.0,38.0,,350.0,327.8157894736842,,350.0,350.0,0.0,10.0,38.0,,350.0,300.0,,350.0,350.0,,17500.0,18550.0,1.0,0.8333333333333334,0.5824175824175825,30.0,50.0,53.0,False,True,True,1,0
753461577197808016,apartamento,3,2.0,6,4,16,300.0,5.0,Meia Praia,5.0,5.0,18.0,48.0,59.0,980.0,888.3333333333334,843.8983050847457,980.0,980.0,980.0,18.0,48.0,59.0,980.0,650.0,650.0,980.0,980.0,980.0,11760.0,11760.0,31360.0,0.4,0.2,0.3516483516483517,12.0,12.0,32.0,True,True,True,1,1
1290129225803180140,casa,2,1.0,4,3,0,150.0,0.0,Centro,0.0,,,,,,,,,,,,,,,,,,,,,,,,,,,,,,,,0,0
1313618372976960047,apartamento,3,3.0,7,3,0,300.0,0.0,Meia Praia,0.0,,,,,,,,,,,,,,,,,,,,,,,,,,,,,,,,0,0
742766344121956195,apartamento,2,2.0,4,2,1,0.0,5.0,Morretes,5.0,5.0,,,,,,,,,,,,,,,,,,,,,,,,,,,,,,,0,0
16527828,apartamento,4,3.0,8,8,18,350.0,4.829999923706055,Meia Praia,4.829999923706055,4.829999923706055,26.0,56.0,87.0,1093.076923076923,1097.75,1055.7931034482758,1050.0,1050.0,1050.0,26.0,56.0,87.0,1050.0,1050.0,980.0,1190.0,1192.5,1176.25,4200.0,4200.0,4200.0,0.13333333333333333,0.06666666666666667,0.04395604395604396,4.0,4.0,4.0,True,True,True,1,0
833187023897306300,apartamento,2,1.0,5,3,2,250.0,4.5,Meia Praia,4.5,4.5,,,,,,,,,,,,,,,,,,,,,,,,,,,,,,,0,0
1292800313128383230,apartamento,4,5.0,8,5,2,300.0,5.0,Meia Praia,5.0,5.0,,,,,,,,,,,,,,,,,,,,,,,,,,,,,,,0,0
1286433061620564612,apartamento,3,2.0,8,3,0,0.0,0.0,Meia Praia,0.0,,,,,,,,,,,,,,,,,,,,,,,,,,,,,,,,0,0
16270332,casa,4,2.0,11,7,43,100.0,4.809999942779541,Centro,4.809999942779541,4.809999942779541,,,,,,,,,,,,,,,,,,,,,,,,,,,,,,,0,0
41888100,apartamento,2,2.0,6,4,126,250.0,4.869999885559082,Meia Praia,4.869999885559082,4.869999885559082,21.0,51.0,78.0,666.0206333333333,666.6673196078431,552.9491448717948,674.0,676.6667,531.0,21.0,51.0,78.0,664.4,615.0,400.0,678.0,686.4,678.0,6066.0,6090.0003,6903.0,0.3,0.15,0.14285714285714285,9.0,9.0,13.0,True,True,True,1,0
1009298477241490681,apartamento,3,3.0,8,4,1,350.0,5.0,Morretes,5.0,5.0,,,,,,,,,,,,,,,,,,,,,,,,,,,,,,,0,0
1298470822445005971,outros,1,2.0,5,2,1,20.0,5.0,Casa Branca,5.0,5.0,,,,,,,,,,,,,,,,,,,,,,,,,,,,,,,0,0
33801856,apartamento,3,2.0,6,5,1,200.0,5.0,Meia Praia,5.0,5.0,,,,,,,,,,,,,,,,,,,,,,,,,,,,,,,0,0
9985986,apartamento,2,2.0,6,2,3,300.0,5.0,Meia Praia,5.0,5.0,,,,,,,,,,,,,,,,,,,,,,,,,,,,,,,0,0
1154503921019083216,apartamento,4,3.0,8,5,0,350.0,0.0,Meia Praia,0.0,,,,,,,,,,,,,,,,,,,,,,,,,,,,,,,,0,0
791866491124143496,apartamento,2,3.0,6,4,2,300.0,5.0,Morretes,5.0,5.0,,,,,,,,,,,,,,,,,,,,,,,,,,,,,,,0,0
813637154637076778,outros,1,1.0,2,1,0,0.0,0.0,Areal,0.0,,,,,,,,,,,,,,,,,,,,,,,,,,,,,,,,0,0
673864548944219599,apartamento,3,3.0,8,6,2,450.0,4.5,Centro,4.5,4.5,,,,,,,,,,,,,,,,,,,,,,,,,,,,,,,0,0
1268889705366032062,casa,2,2.0,6,3,0,0.0,0.0,Morretes,0.0,,,,,,,,,,,,,,,,,,,,,,,,,,,,,,,,0,0
47567640,apartamento,3,3.0,4,4,6,300.0,4.829999923706055,Meia Praia,4.829999923706055,4.829999923706055,,,,,,,,,,,,,,,,,,,,,,,,,,,,,,,0,0
1014537121391808016,apartamento,2,1.0,4,2,0,0.0,0.0,Casa Branca,0.0,,,,,,,,,,,,,,,,,,,,,,,,,,,,,,,,0,0
1057962914787354980,apartamento,3,2.0,6,6,0,0.0,0.0,Meia Praia,0.0,,,,,,,,,,,,,,,,,,,,,,,,,,,,,,,,0,0
1014054431960718116,apartamento,3,1.0,6,3,4,150.0,5.0,Meia Praia,5.0,5.0,,,,,,,,,,,,,,,,,,,,,,,,,,,,,,,0,0
1023065271121623234,apartamento,3,2.0,9,6,3,300.0,4.0,Meia Praia,4.0,4.0,,,,,,,,,,,,,,,,,,,,,,,,,,,,,,,0,0
25109763,apartamento,2,2.0,6,4,3,270.0,5.0,Meia Praia,5.0,5.0,,,,,,,,,,,,,,,,,,,,,,,,,,,,,,,0,0
1055164346252405793,apartamento,2,2.0,4,2,2,250.0,5.0,Meia Praia,5.0,5.0,,,,,,,,,,,,,,,,,,,,,,,,,,,,,,,0,0
1183673550969518157,outros,1,1.0,4,1,1,70.0,5.0,Meia Praia,5.0,5.0,,,,,,,,,,,,,,,,,,,,,,,,,,,,,,,0,0
816613605644920543,casa,4,5.0,12,10,5,0.0,5.0,Centro,5.0,5.0,24.0,51.0,79.0,2208.3333333333335,2050.9803921568628,1897.4683544303798,2100.0,2100.0,1800.0,24.0,51.0,79.0,2100.0,1800.0,1800.0,2350.0,2100.0,2100.0,12600.0,18900.0,21600.0,0.2,0.15,0.13186813186813187,6.0,9.0,12.0,True,True,True,1,0
53240300,apartamento,3,3.0,14,3,15,350.0,4.929999828338623,Meia Praia,4.929999828338623,4.929999828338623,20.0,44.0,75.0,990.0,1011.9318204545456,1004.066668,990.0,990.0,990.0,20.0,44.0,75.0,990.0,990.0,990.0,990.0,990.0,990.0,9900.0,15840.0,15840.0,0.3333333333333333,0.26666666666666666,0.17582417582417584,10.0,16.0,16.0,True,True,True,1,1
1318319689668160068,apartamento,2,1.0,6,2,1,300.0,4.0,Meia Praia,4.0,4.0,,,,,,,,,,,,,,,,,,,,,,,,,,,,,,,0,0
29986734,apartamento,2,2.0,8,2,17,100.0,4.940000057220459,Meia Praia,4.940000057220459,4.940000057220459,,,,,,,,,,,,,,,,,,,,,,,,,,,,,,,0,0
1034253092424551076,apartamento,2,3.0,6,2,2,200.0,5.0,Meia Praia,5.0,5.0,,,,,,,,,,,,,,,,,,,,,,,,,,,,,,,0,0
52627650,apartamento,1,1.0,3,1,50,200.0,4.800000190734863,Morretes,4.800000190734863,4.800000190734863,12.0,12.0,12.0,356.9583333333333,356.9583333333333,356.9583333333333,350.0,350.0,350.0,12.0,12.0,12.0,350.0,350.0,350.0,366.5,366.5,366.5,6300.0,16800.0,27650.0,0.6,0.8,0.8681318681318682,18.0,48.0,79.0,True,True,True,1,0
1311167400819391829,apartamento,3,3.0,8,3,2,300.0,5.0,Meia Praia,5.0,5.0,,,,,,,,,,,,,,,,,,,,,,,,,,,,,,,0,0
986229867966040844,hotel,3,2.0,8,3,0,575.0,0.0,Meia Praia,0.0,,,,,,,,,,,,,,,,,,,,,,,,,,,,,,,,0,0
41409542,apartamento,2,1.0,5,2,6,1200.0,4.829999923706055,Meia Praia,4.829999923706055,4.829999923706055,,,,,,,,,,,,,,,,,,,,,,,,,,,,,,,0,0
1206687841875201841,apartamento,3,2.0,7,3,1,200.0,5.0,Meia Praia,5.0,5.0,,,,,,,,,,,,,,,,,,,,,,,,,,,,,,,0,0
24755374,apartamento,3,2.0,8,6,73,300.0,5.0,Meia Praia,5.0,5.0,,,,,,,,,,,,,,,,,,,,,,,,,,,,,,,0,0
38327538,casa,1,1.0,2,1,70,0.0,4.989999771118164,Areal,4.989999771118164,4.989999771118164,,,,,,,,,,,,,,,,,,,,,,,,,,,,,,,0,0
8838629,apartamento,3,2.0,15,11,88,200.0,4.699999809265137,Morretes,4.699999809265137,4.699999809265137,12.0,38.0,66.0,732.1666666666666,863.0350868421052,747.7525242424243,650.0,780.0,650.0,12.0,38.0,66.0,650.0,650.0,552.5,808.0,895.75,780.0,11700.0,17160.0,16250.0,0.6,0.36666666666666664,0.27472527472527475,18.0,22.0,25.0,True,True,True,1,1
1313119053126491902,apartamento,1,1.0,4,1,1,250.0,4.0,Meia Praia,4.0,4.0,,,,,,,,,,,,,,,,,,,,,,,,,,,,,,,0,0
1315033876195918218,apartamento,2,3.0,6,4,0,250.0,0.0,Morretes,0.0,,,,,,,,,,,,,,,,,,,,,,,,,,,,,,,,0,0
813090046454458015,casa,1,1.0,2,1,47,150.0,5.0,Sertao do Trombudo,5.0,5.0,25.0,55.0,84.0,397.6,391.27272727272725,388.45238095238096,390.0,390.0,390.0,25.0,55.0,84.0,390.0,370.0,370.0,400.0,400.0,400.0,1950.0,1950.0,2730.0,0.16666666666666666,0.08333333333333333,0.07692307692307693,5.0,5.0,7.0,True,True,True,1,0
1026595190867060935,apartamento,2,1.0,4,2,6,0.0,4.5,Centro,4.5,4.5,,,,,,,,,,,,,,,,,,,,,,,,,,,,,,,0,0
1320948683801077576,apartamento,3,3.0,6,4,0,350.0,0.0,Meia Praia,0.0,,,,,,,,,,,,,,,,,,,,,,,,,,,,,,,,0,0
873260132509992833,apartamento,2,2.0,6,3,13,200.0,4.849999904632568,Morretes,4.849999904632568,4.849999904632568,,,,,,,,,,,,,,,,,,,,,,,,,,,,,,,0,0
794991238720374410,apartamento,3,2.0,8,5,0,0.0,0.0,Meia Praia,0.0,,,,,,,,,,,,,,,,,,,,,,,,,,,,,,,,0,0
845839014903182951,outros,1,1.0,2,1,2,0.0,5.0,Meia Praia,5.0,5.0,,,,,,,,,,,,,,,,,,,,,,,,,,,,,,,0,0
1038373281586080429,apartamento,3,3.0,8,3,1,0.0,5.0,Meia Praia,5.0,5.0,,,,,,,,,,,,,,,,,,,,,,,,,,,,,,,0,0
1068291825776382789,apartamento,3,3.0,6,3,2,300.0,5.0,Meia Praia,5.0,5.0,,,,,,,,,,,,,,,,,,,,,,,,,,,,,,,0,0
1248508282032800302,apartamento,1,2.0,4,1,1,25.0,5.0,Ilhota,5.0,5.0,,,,,,,,,,,,,,,,,,,,,,,,,,,,,,,0,0
1002178994566123489,apartamento,2,2.0,5,4,3,250.0,4.670000076293945,Tabuleiro dos Oliveiras,4.670000076293945,4.670000076293945,,,,,,,,,,,,,,,,,,,,,,,,,,,,,,,0,0
1268082071847685551,apartamento,2,2.0,6,2,2,200.0,5.0,Meia Praia,5.0,5.0,,,,,,,,,,,,,,,,,,,,,,,,,,,,,,,0,0
613221032690703355,apartamento,3,3.0,8,6,23,300.0,4.909999847412109,Meia Praia,4.909999847412109,4.909999847412109,6.0,23.0,24.0,801.0,731.9347826086956,720.1875,801.0,736.0,734.75,6.0,23.0,24.0,801.0,711.0,711.0,801.0,801.0,801.0,19224.0,27232.0,49228.25,0.8,0.6166666666666667,0.7362637362637363,24.0,37.0,67.0,True,True,True,1,1
784768505899236022,apartamento,4,5.0,9,4,0,350.0,0.0,Meia Praia,0.0,,,,,,,,,,,,,,,,,,,,,,,,,,,,,,,,0,0
1213820110443745185,apartamento,2,1.0,6,2,0,0.0,0.0,Meia Praia,0.0,,,,,,,,,,,,,,,,,,,,,,,,,,,,,,,,0,0
685453809891549636,apartamento,3,4.0,9,4,0,350.0,0.0,Meia Praia,0.0,,,,,,,,,,,,,,,,,,,,,,,,,,,,,,,,0,0
1300311449989355136,apartamento,4,3.0,10,5,0,350.0,0.0,Meia Praia,0.0,,,,,,,,,,,,,,,,,,,,,,,,,,,,,,,,0,0
1297226475865304273,apartamento,3,3.0,8,5,1,350.0,5.0,Meia Praia,5.0,5.0,,,,,,,,,,,,,,,,,,,,,,,,,,,,,,,0,0
1116064168031867528,apartamento,2,1.0,5,4,2,260.0,5.0,Casa Branca,5.0,5.0,,,,,,,,,,,,,,,,,,,,,,,,,,,,,,,0,0
1176887674899695718,apartamento,2,3.0,7,2,1,250.0,3.0,Meia Praia,3.0,3.0,,,,,,,,,,,,,,,,,,,,,,,,,,,,,,,0,0
1211542656704552749,apartamento,3,2.0,9,3,0,0.0,0.0,Meia Praia,0.0,,,,,,,,,,,,,,,,,,,,,,,,,,,,,,,,0,0
746562870945906511,apartamento,3,4.0,8,4,3,300.0,5.0,Meia Praia,5.0,5.0,,,,,,,,,,,,,,,,,,,,,,,,,,,,,,,0,0
54081600,casa,4,2.0,12,8,1,350.0,5.0,Centro,5.0,5.0,,,,,,,,,,,,,,,,,,,,,,,,,,,,,,,0,0
1197779971496056408,apartamento,3,4.0,7,3,1,350.0,5.0,Meia Praia,5.0,5.0,,,,,,,,,,,,,,,,,,,,,,,,,,,,,,,0,0
771579861882586110,apartamento,4,3.0,10,5,0,300.0,0.0,Meia Praia,0.0,,,,,,,,,,,,,,,,,,,,,,,,,,,,,,,,0,0
1306556941639987984,apartamento,2,1.0,4,2,0,150.0,0.0,Meia Praia,0.0,,,,,,,,,,,,,,,,,,,,,,,,,,,,,,,,0,0
1055816960029746165,apartamento,2,1.0,4,2,4,200.0,4.5,Morretes,4.5,4.5,,,,,,,,,,,,,,,,,,,,,,,,,,,,,,,0,0
839184834439414765,outros,1,1.0,2,1,37,5.0,5.0,Meia Praia,5.0,5.0,3.0,15.0,42.0,150.0,154.0,154.71428571428572,150.0,150.0,150.0,3.0,15.0,42.0,150.0,150.0,150.0,150.0,150.0,150.0,4050.0,6750.0,7350.0,0.9,0.75,0.5384615384615384,27.0,45.0,49.0,True,True,True,1,0
29341170,apartamento,2,1.0,5,2,81,180.0,4.880000114440918,Casa Branca,4.880000114440918,4.880000114440918,8.0,35.0,46.0,399.0,427.57142857142856,408.7826086956522,399.0,399.0,349.0,8.0,35.0,46.0,399.0,349.0,349.0,399.0,399.0,399.0,8778.0,9975.0,15705.0,0.7333333333333333,0.4166666666666667,0.4945054945054945,22.0,25.0,45.0,True,True,True,1,0
1304431241953712436,apartamento,3,1.0,6,1,0,350.0,0.0,Meia Praia,0.0,,,,,,,,,,,,,,,,,,,,,,,,,,,,,,,,0,0
42588365,apartamento,3,2.0,6,6,130,250.0,4.920000076293945,Meia Praia,4.920000076293945,4.920000076293945,0.0,14.0,43.0,,483.5357142857143,414.5620153488372,,480.0,390.0,0.0,14.0,43.0,,480.0,390.0,,486.25,480.0,,22080.0,18720.0,1.0,0.7666666666666667,0.5274725274725275,30.0,46.0,48.0,False,True,True,1,1
667324814851452653,apartamento,3,3.0,12,3,6,250.0,5.0,Meia Praia,5.0,5.0,8.0,32.0,63.0,725.0,795.84375,861.3809523809524,800.0,800.0,800.0,8.0,32.0,63.0,600.0,800.0,800.0,800.0,800.0,1000.0,17600.0,22400.0,22400.0,0.7333333333333333,0.4666666666666667,0.3076923076923077,22.0,28.0,28.0,True,True,True,1,1
1226473458721297844,outros,1,1.0,2,1,3,50.0,5.0,Morretes,5.0,5.0,,,,,,,,,,,,,,,,,,,,,,,,,,,,,,,0,0
1107502562777712197,apartamento,2,2.0,6,0,0,250.0,0.0,Tabuleiro dos Oliveiras,0.0,,,,,,,,,,,,,,,,,,,,,,,,,,,,,,,,0,0
50243281,apartamento,3,3.0,6,3,10,350.0,5.0,Meia Praia,5.0,5.0,,,,,,,,,,,,,,,,,,,,,,,,,,,,,,,0,0
752994213751607067,apartamento,3,3.0,8,3,4,250.0,4.75,Morretes,4.75,4.75,,,,,,,,,,,,,,,,,,,,,,,,,,,,,,,0,0
1031148728972114643,apartamento,3,3.0,8,3,8,300.0,4.630000114440918,Meia Praia,4.630000114440918,4.630000114440918,,,,,,,,,,,,,,,,,,,,,,,,,,,,,,,0,0
22428497,casa,2,1.0,4,2,36,250.0,4.809999942779541,Meia Praia,4.809999942779541,4.809999942779541,,,,,,,,,,,,,,,,,,,,,,,,,,,,,,,0,0
23390752,casa,7,3.0,13,8,47,250.0,4.940000057220459,Tabuleiro dos Oliveiras,4.940000057220459,4.940000057220459,,,,,,,,,,,,,,,,,,,,,,,,,,,,,,,0,0
1318263611491884662,casa,0,0.0,8,2,2,0.0,5.0,Morretes,5.0,5.0,,,,,,,,,,,,,,,,,,,,,,,,,,,,,,,0,0
1040596323630843856,casa,4,2.0,8,5,2,350.0,5.0,Morretes,5.0,5.0,,,,,,,,,,,,,,,,,,,,,,,,,,,,,,,0,0
52585644,apartamento,3,2.0,6,3,9,350.0,4.889999866485596,Meia Praia,4.889999866485596,4.889999866485596,,,,,,,,,,,,,,,,,,,,,,,,,,,,,,,0,0
1062373107763338007,apartamento,3,2.0,8,0,2,300.0,5.0,Meia Praia,5.0,5.0,,,,,,,,,,,,,,,,,,,,,,,,,,,,,,,0,0
1093309488997800034,apartamento,3,1.0,10,2,0,0.0,0.0,Meia Praia,0.0,,,,,,,,,,,,,,,,,,,,,,,,,,,,,,,,0,0
1188339469325210376,apartamento,1,1.0,4,2,22,190.0,4.949999809265137,Centro,4.949999809265137,4.949999809265137,6.0,36.0,67.0,632.0,602.0555555555555,543.5373134328358,660.0,653.0,492.0,6.0,36.0,67.0,660.0,455.375,446.0,660.0,693.0,660.0,15840.0,15672.0,11808.0,0.8,0.4,0.26373626373626374,24.0,24.0,24.0,True,True,True,1,1
16992951,apartamento,3,2.0,8,5,11,250.0,5.0,Centro,5.0,5.0,11.0,31.0,62.0,649.0,591.3225806451613,531.0483870967741,649.0,649.0,500.0,11.0,31.0,62.0,649.0,500.0,455.875,649.0,649.0,649.0,12331.0,18821.0,14500.0,0.6333333333333333,0.48333333333333334,0.31868131868131866,19.0,29.0,29.0,True,True,True,1,1
1212998223513440742,apartamento,3,4.0,6,3,0,0.0,0.0,Centro,0.0,,,,,,,,,,,,,,,,,,,,,,,,,,,,,,,,0,0
1301391860777035565,apartamento,2,1.0,5,2,1,0.0,5.0,Casa Branca,5.0,5.0,,,,,,,,,,,,,,,,,,,,,,,,,,,,,,,0,0
53796581,apartamento,4,4.0,12,8,6,400.0,5.0,Morretes,5.0,5.0,,,,,,,,,,,,,,,,,,,,,,,,,,,,,,,0,0
552215309820921425,apartamento,3,3.0,6,6,0,600.0,0.0,Meia Praia,0.0,,,,,,,,,,,,,,,,,,,,,,,,,,,,,,,,0,0
1307555899919242332,casa,2,1.0,4,3,1,150.0,5.0,Alto Sao Bento,5.0,5.0,,,,,,,,,,,,,,,,,,,,,,,,,,,,,,,0,0
1236318558548844431,apartamento,3,2.0,8,4,0,300.0,0.0,Meia Praia,0.0,,,,,,,,,,,,,,,,,,,,,,,,,,,,,,,,0,0
1071003618790011795,apartamento,3,4.0,6,3,2,0.0,5.0,Meia Praia,5.0,5.0,,,,,,,,,,,,,,,,,,,,,,,,,,,,,,,0,0
754165491472296852,apartamento,2,1.0,4,2,20,200.0,4.900000095367432,Alto Sao Bento,4.900000095367432,4.900000095367432,,,,,,,,,,,,,,,,,,,,,,,,,,,,,,,0,0
1051978232488580620,apartamento,2,1.0,4,3,5,200.0,4.800000190734863,Casa Branca,4.800000190734863,4.800000190734863,,,,,,,,,,,,,,,,,,,,,,,,,,,,,,,0,0
53671997,apartamento,2,2.0,6,3,12,250.0,4.920000076293945,Meia Praia,4.920000076293945,4.920000076293945,,,,,,,,,,,,,,,,,,,,,,,,,,,,,,,0,0
910707550951342167,apartamento,4,4.0,8,4,12,0.0,5.0,Meia Praia,5.0,5.0,,,,,,,,,,,,,,,,,,,,,,,,,,,,,,,0,0
29365238,apartamento,2,1.0,5,4,26,180.0,4.769999980926514,Casa Branca,4.769999980926514,4.769999980926514,,,,,,,,,,,,,,,,,,,,,,,,,,,,,,,0,0
1268778966288823537,apartamento,5,3.0,12,8,0,450.0,0.0,Meia Praia,0.0,,,,,,,,,,,,,,,,,,,,,,,,,,,,,,,,0,0
1211530236998935415,apartamento,1,1.0,4,3,0,0.0,0.0,Meia Praia,0.0,,,,,,,,,,,,,,,,,,,,,,,,,,,,,,,,0,0
1304430172341094678,apartamento,2,2.0,6,2,0,230.0,0.0,Meia Praia,0.0,,,,,,,,,,,,,,,,,,,,,,,,,,,,,,,,0,0
787606557854537606,apartamento,2,2.0,6,2,11,200.0,4.639999866485596,Meia Praia,4.639999866485596,4.639999866485596,,,,,,,,,,,,,,,,,,,,,,,,,,,,,,,0,0
721932162870590418,apartamento,2,2.0,5,4,5,150.0,5.0,Meia Praia,5.0,5.0,,,,,,,,,,,,,,,,,,,,,,,,,,,,,,,0,0
32592683,casa,4,3.0,12,5,10,300.0,5.0,Morretes,5.0,5.0,11.0,30.0,56.0,1500.0,1163.3333333333333,1123.2142857142858,1500.0,1000.0,1000.0,11.0,30.0,56.0,1500.0,1000.0,1000.0,1500.0,1500.0,1500.0,28500.0,30000.0,35000.0,0.6333333333333333,0.5,0.38461538461538464,19.0,30.0,35.0,True,True,True,1,1
24353133,apartamento,2,2.0,5,3,43,250.0,4.949999809265137,Meia Praia,4.949999809265137,4.949999809265137,,,,,,,,,,,,,,,,,,,,,,,,,,,,,,,0,0
753566944813003124,apartamento,1,2.0,3,2,15,200.0,4.929999828338623,Centro,4.929999828338623,4.929999828338623,16.0,46.0,77.0,550.0,553.5956521739131,578.1220779220779,550.0,550.0,550.0,16.0,46.0,77.0,550.0,550.0,550.0,550.0,560.0,650.0,7700.0,7700.0,7700.0,0.4666666666666667,0.23333333333333334,0.15384615384615385,14.0,14.0,14.0,True,True,True,1,1
1308053812320540684,apartamento,2,2.0,6,4,0,150.0,0.0,Meia Praia,0.0,,,,,,,,,,,,,,,,,,,,,,,,,,,,,,,,0,0
1260060540672540465,apartamento,3,3.0,8,4,1,350.0,5.0,Meia Praia,5.0,5.0,,,,,,,,,,,,,,,,,,,,,,,,,,,,,,,0,0
760964672507631048,apartamento,3,1.0,10,4,0,300.0,0.0,Meia Praia,0.0,,,,,,,,,,,,,,,,,,,,,,,,,,,,,,,,0,0
47891397,apartamento,3,2.0,6,3,8,250.0,5.0,Meia Praia,5.0,5.0,15.0,45.0,76.0,570.0,562.8888888888889,497.15225578947366,570.0,570.0,490.0,15.0,45.0,76.0,570.0,490.0,397.67858,570.0,570.0,570.0,8550.0,8550.0,7350.0,0.5,0.25,0.16483516483516483,15.0,15.0,15.0,True,True,True,1,0
1152837678284548308,hotel,1,1.0,4,2,0,0.0,0.0,Ilhota,0.0,,,,,,,,,,,,,,,,,,,,,,,,,,,,,,,,0,0
1231120871509362920,apartamento,3,2.0,9,3,0,350.0,0.0,Meia Praia,0.0,,,,,,,,,,,,,,,,,,,,,,,,,,,,,,,,0,0
1267369332645574239,apartamento,2,2.0,7,6,0,200.0,0.0,Morretes,0.0,,,,,,,,,,,,,,,,,,,,,,,,,,,,,,,,0,0
2951220,apartamento,3,2.0,5,4,236,200.0,4.880000114440918,Tabuleiro dos Oliveiras,4.880000114440918,4.880000114440918,24.0,54.0,85.0,761.8645833333334,866.1064814814815,789.6676470588235,731.5,770.0,670.0,24.0,54.0,85.0,645.0,659.0,648.0,867.625,952.5,858.5,4389.0,4620.0,4020.0,0.2,0.1,0.06593406593406594,6.0,6.0,6.0,True,True,True,1,0
848423588447759206,casa,2,1.0,5,3,1,50.0,5.0,Casa Branca,5.0,5.0,,,,,,,,,,,,,,,,,,,,,,,,,,,,,,,0,0
991884110410981530,apartamento,3,2.0,10,3,0,250.0,0.0,Morretes,0.0,,,,,,,,,,,,,,,,,,,,,,,,,,,,,,,,0,0
1288682883041408249,casa,1,1.0,4,1,1,200.0,5.0,Ilhota,5.0,5.0,,,,,,,,,,,,,,,,,,,,,,,,,,,,,,,0,0
19789678,casa,5,4.0,15,9,21,450.0,4.809999942779541,Meia Praia,4.809999942779541,4.809999942779541,,,,,,,,,,,,,,,,,,,,,,,,,,,,,,,0,0
988333738103213635,apartamento,2,2.0,6,5,0,180.0,0.0,Meia Praia,0.0,,,,,,,,,,,,,,,,,,,,,,,,,,,,,,,,0,0
1316769837283910391,apartamento,2,2.0,6,4,1,150.0,5.0,Meia Praia,5.0,5.0,,,,,,,,,,,,,,,,,,,,,,,,,,,,,,,0,0
20432864,outros,1,1.0,3,1,13,150.0,5.0,Meia Praia,5.0,5.0,,,,,,,,,,,,,,,,,,,,,,,,,,,,,,,0,0
1051400298310494200,apartamento,3,2.0,7,5,2,300.0,5.0,Meia Praia,5.0,5.0,,,,,,,,,,,,,,,,,,,,,,,,,,,,,,,0,0
50085393,apartamento,3,2.0,11,4,37,250.0,4.96999979019165,Meia Praia,4.96999979019165,4.96999979019165,,,,,,,,,,,,,,,,,,,,,,,,,,,,,,,0,0
1277665894063699406,apartamento,2,2.0,5,2,3,280.0,5.0,Centro,5.0,5.0,,,,,,,,,,,,,,,,,,,,,,,,,,,,,,,0,0
1007489873058076439,apartamento,4,3.0,9,4,0,400.0,0.0,Meia Praia,0.0,,,,,,,,,,,,,,,,,,,,,,,,,,,,,,,,0,0
986229069752783413,apartamento,3,2.0,9,5,0,575.0,0.0,Meia Praia,0.0,,,,,,,,,,,,,,,,,,,,,,,,,,,,,,,,0,0
1059678777841332955,casa,1,1.0,6,1,1,150.0,5.0,Morretes,5.0,5.0,,,,,,,,,,,,,,,,,,,,,,,,,,,,,,,0,0
804906753075289812,apartamento,3,3.0,6,3,4,300.0,5.0,Meia Praia,5.0,5.0,,,,,,,,,,,,,,,,,,,,,,,,,,,,,,,0,0
16451544,apartamento,3,2.0,6,4,11,200.0,5.0,Centro,5.0,5.0,0.0,3.0,31.0,,500.0,500.0,,500.0,500.0,0.0,3.0,31.0,,500.0,500.0,,500.0,500.0,,28500.0,30000.0,1.0,0.95,0.6593406593406593,30.0,57.0,60.0,False,True,True,1,1
1258711950198513312,apartamento,4,5.0,8,4,0,0.0,0.0,Meia Praia,0.0,,,,,,,,,,,,,,,,,,,,,,,,,,,,,,,,0,0
1036959415974715321,apartamento,2,1.0,8,6,0,150.0,0.0,Meia Praia,0.0,,,,,,,,,,,,,,,,,,,,,,,,,,,,,,,,0,0
700700156525928687,apartamento,3,3.0,10,4,0,700.0,0.0,Meia Praia,0.0,,,,,,,,,,,,,,,,,,,,,,,,,,,,,,,,0,0
52052904,apartamento,1,1.0,4,1,116,0.0,4.820000171661377,Alto Sao Bento,4.820000171661377,4.820000171661377,,,,,,,,,,,,,,,,,,,,,,,,,,,,,,,0,0
1254296608204397225,apartamento,3,2.0,10,5,1,350.0,5.0,Meia Praia,5.0,5.0,,,,,,,,,,,,,,,,,,,,,,,,,,,,,,,0,0
1305066565188143498,outros,1,1.0,2,1,1,0.0,5.0,Morretes,5.0,5.0,,,,,,,,,,,,,,,,,,,,,,,,,,,,,,,0,0
28987242,apartamento,4,2.0,10,5,47,297.0,4.940000057220459,Meia Praia,4.940000057220459,4.940000057220459,0.0,6.0,28.0,,1052.3333333333333,623.8571428571429,,1320.0,507.0,0.0,6.0,28.0,,717.75,507.0,,1320.0,507.0,,71280.0,31941.0,1.0,0.9,0.6923076923076923,30.0,54.0,63.0,False,True,True,1,0
16675568,casa,1,1.0,4,2,27,200.0,4.889999866485596,Canto da Praia,4.889999866485596,4.889999866485596,,,,,,,,,,,,,,,,,,,,,,,,,,,,,,,0,0
1061046394693913896,apartamento,4,4.0,9,4,3,350.0,5.0,Meia Praia,5.0,5.0,,,,,,,,,,,,,,,,,,,,,,,,,,,,,,,0,0
31020529,apartamento,4,4.0,10,6,13,350.0,4.920000076293945,Meia Praia,4.920000076293945,4.920000076293945,,,,,,,,,,,,,,,,,,,,,,,,,,,,,,,0,0
1295050448286805032,apartamento,3,2.0,6,3,0,0.0,0.0,Meia Praia,0.0,,,,,,,,,,,,,,,,,,,,,,,,,,,,,,,,0,0
1321706007508798489,casa,2,1.0,6,2,0,0.0,0.0,Alto Sao Bento,0.0,,,,,,,,,,,,,,,,,,,,,,,,,,,,,,,,0,0
667497066181493943,apartamento,3,2.0,10,6,74,250.0,4.96999979019165,Meia Praia,4.96999979019165,4.96999979019165,,,,,,,,,,,,,,,,,,,,,,,,,,,,,,,0,0
755847660472987641,apartamento,3,2.0,8,4,5,300.0,4.800000190734863,Meia Praia,4.800000190734863,4.800000190734863,,,,,,,,,,,,,,,,,,,,,,,,,,,,,,,0,0
1011452323460746831,apartamento,3,4.0,8,4,0,0.0,0.0,Meia Praia,0.0,,,,,,,,,,,,,,,,,,,,,,,,,,,,,,,,0,0
31167122,apartamento,2,2.0,6,4,13,180.0,4.769999980926514,Meia Praia,4.769999980926514,4.769999980926514,,,,,,,,,,,,,,,,,,,,,,,,,,,,,,,0,0
1317628952865329668,apartamento,4,4.0,12,9,1,500.0,5.0,Meia Praia,5.0,5.0,,,,,,,,,,,,,,,,,,,,,,,,,,,,,,,0,0
1075503699104403085,apartamento,4,3.0,12,4,1,250.0,5.0,Meia Praia,5.0,5.0,8.0,38.0,69.0,1200.0,1076.8894736842105,995.968115942029,1200.0,1200.0,800.0,8.0,38.0,69.0,1200.0,800.0,800.0,1200.0,1200.0,1200.0,26400.0,26400.0,17600.0,0.7333333333333333,0.36666666666666664,0.24175824175824176,22.0,22.0,22.0,True,True,True,1,0
29800671,apartamento,3,2.0,8,4,120,196.0,4.800000190734863,Meia Praia,4.800000190734863,4.800000190734863,14.0,44.0,75.0,601.0,609.6742431818183,548.8866666666667,596.0,596.0,546.0,14.0,44.0,75.0,546.0,533.5,376.0,646.0,646.0,646.0,9536.0,9536.0,8736.0,0.5333333333333333,0.26666666666666666,0.17582417582417584,16.0,16.0,16.0,True,True,True,1,1
947098784888443957,apartamento,1,2.0,5,2,8,200.0,4.880000114440918,Meia Praia,4.880000114440918,4.880000114440918,,,,,,,,,,,,,,,,,,,,,,,,,,,,,,,0,0
15980018,apartamento,2,2.0,5,6,103,130.0,4.900000095367432,Centro,4.900000095367432,4.900000095367432,0.0,0.0,22.0,,,400.0,,,400.0,0.0,0.0,22.0,,,400.0,,,400.0,,,27600.0,1.0,1.0,0.7582417582417582,30.0,60.0,69.0,False,False,True,1,1
705946468067026302,apartamento,2,2.0,6,4,22,300.0,5.0,Meia Praia,5.0,5.0,12.0,34.0,60.0,486.6666666666667,524.1176470588235,439.0,480.0,480.0,380.0,12.0,34.0,60.0,480.0,480.0,300.0,500.0,500.0,480.0,8640.0,12480.0,11780.0,0.6,0.43333333333333335,0.34065934065934067,18.0,26.0,31.0,True,True,True,1,1
45988760,casa,12,8.0,16,44,0,700.0,0.0,Meia Praia,0.0,,,,,,,,,,,,,,,,,,,,,,,,,,,,,,,,0,0
1313642429435228003,apartamento,3,3.0,10,3,1,350.0,5.0,Meia Praia,5.0,5.0,,,,,,,,,,,,,,,,,,,,,,,,,,,,,,,0,0
1046631065184778556,apartamento,3,2.0,7,4,2,250.0,4.5,Meia Praia,4.5,4.5,,,,,,,,,,,,,,,,,,,,,,,,,,,,,,,0,0
1290732349260769308,outros,2,1.0,6,5,1,50.0,5.0,Morretes,5.0,5.0,,,,,,,,,,,,,,,,,,,,,,,,,,,,,,,0,0
23023313,apartamento,2,1.0,6,2,11,300.0,4.820000171661377,Morretes,4.820000171661377,4.820000171661377,9.0,38.0,68.0,650.0,622.3684210526316,528.6764705882352,650.0,650.0,550.0,9.0,38.0,68.0,650.0,650.0,350.0,650.0,800.0,650.0,13650.0,14300.0,12650.0,0.7,0.36666666666666664,0.25274725274725274,21.0,22.0,23.0,True,True,True,1,1
1044302629857332421,apartamento,3,2.0,10,4,0,300.0,0.0,Meia Praia,0.0,,,,,,,,,,,,,,,,,,,,,,,,,,,,,,,,0,0
1183418487997408853,apartamento,1,1.0,4,2,20,190.0,4.75,Centro,4.75,4.75,5.0,32.0,63.0,558.1,588.890625,533.1349206349206,519.0,607.0,471.0,5.0,32.0,63.0,505.5,446.0,445.5,614.0,693.0,656.5,12975.0,16996.0,13188.0,0.8333333333333334,0.4666666666666667,0.3076923076923077,25.0,28.0,28.0,True,True,True,1,1
50113452,apartamento,2,2.0,6,2,0,200.0,0.0,Meia Praia,0.0,,,,,,,,,,,,,,,,,,,,,,,,,,,,,,,,0,0
1053625763515857065,apartamento,2,2.0,5,0,11,250.0,4.820000171661377,Meia Praia,4.820000171661377,4.820000171661377,14.0,41.0,72.0,644.9642857142857,596.6524404878049,494.7997694444445,648.16665,616.5,450.0,14.0,41.0,72.0,615.375,580.0,345.08334,662.500025,653.0,616.5416749999999,10370.6664,11713.5,8550.0,0.5333333333333333,0.31666666666666665,0.2087912087912088,16.0,19.0,19.0,True,True,True,1,0
1318010396571352908,apartamento,2,2.0,6,3,0,200.0,0.0,Tabuleiro dos Oliveiras,0.0,,,,,,,,,,,,,,,,,,,,,,,,,,,,,,,,0,0
1276929799418519035,apartamento,3,2.0,7,2,1,300.0,5.0,Meia Praia,5.0,5.0,,,,,,,,,,,,,,,,,,,,,,,,,,,,,,,0,0
975513700167378294,apartamento,3,2.0,6,4,0,250.0,0.0,Meia Praia,0.0,,,,,,,,,,,,,,,,,,,,,,,,,,,,,,,,0,0
46690986,apartamento,3,2.0,8,3,9,250.0,5.0,Meia Praia,5.0,5.0,,,,,,,,,,,,,,,,,,,,,,,,,,,,,,,0,0
1295724966320075965,apartamento,3,2.0,6,4,1,250.0,5.0,Tabuleiro dos Oliveiras,5.0,5.0,,,,,,,,,,,,,,,,,,,,,,,,,,,,,,,0,0
869545552419189156,apartamento,2,2.0,7,3,0,250.0,0.0,Morretes,0.0,,,,,,,,,,,,,,,,,,,,,,,,,,,,,,,,0,0
1279094794706661796,casa,3,2.0,10,5,0,0.0,0.0,Meia Praia,0.0,,,,,,,,,,,,,,,,,,,,,,,,,,,,,,,,0,0
1044284479378168960,apartamento,3,4.0,6,3,2,275.0,5.0,Meia Praia,5.0,5.0,,,,,,,,,,,,,,,,,,,,,,,,,,,,,,,0,0
22307401,apartamento,2,2.0,6,3,57,230.0,4.880000114440918,Meia Praia,4.880000114440918,4.880000114440918,,,,,,,,,,,,,,,,,,,,,,,,,,,,,,,0,0
1004353684494328431,apartamento,2,2.0,6,2,3,250.0,5.0,Centro,5.0,5.0,,,,,,,,,,,,,,,,,,,,,,,,,,,,,,,0,0
1219655958873769070,apartamento,2,2.0,6,3,16,240.0,4.5,Centro,4.5,4.5,16.0,36.0,67.0,693.5625,703.2337972222223,668.3942791044776,693.0,693.0,631.5,16.0,36.0,67.0,693.0,613.625,594.0,723.0,743.0,716.75,9702.0,16632.0,15156.0,0.4666666666666667,0.4,0.26373626373626374,14.0,24.0,24.0,True,True,True,1,1
39059902,apartamento,3,2.0,8,6,14,200.0,4.860000133514404,Meia Praia,4.860000133514404,4.860000133514404,,,,,,,,,,,,,,,,,,,,,,,,,,,,,,,0,0
1268008861497073326,apartamento,3,2.0,8,4,0,250.0,0.0,Meia Praia,0.0,,,,,,,,,,,,,,,,,,,,,,,,,,,,,,,,0,0
1313064371372817918,apartamento,1,1.0,4,2,2,190.0,5.0,Centro,5.0,5.0,22.0,52.0,83.0,880.0,880.0,880.0,880.0,880.0,880.0,22.0,52.0,83.0,880.0,880.0,880.0,880.0,880.0,880.0,7040.0,7040.0,7040.0,0.26666666666666666,0.13333333333333333,0.08791208791208792,8.0,8.0,8.0,True,True,True,1,1
1046548115446024729,outros,1,1.0,1,1,1,100.0,5.0,Meia Praia,5.0,5.0,,,,,,,,,,,,,,,,,,,,,,,,,,,,,,,0,0
46677384,apartamento,2,2.0,5,3,1,0.0,5.0,Meia Praia,5.0,5.0,,,,,,,,,,,,,,,,,,,,,,,,,,,,,,,0,0
791363554378785195,apartamento,3,2.0,6,3,4,250.0,5.0,Meia Praia,5.0,5.0,,,,,,,,,,,,,,,,,,,,,,,,,,,,,,,0,0
1001457436010199624,apartamento,3,2.0,6,3,2,300.0,4.0,Meia Praia,4.0,4.0,,,,,,,,,,,,,,,,,,,,,,,,,,,,,,,0,0
31115702,apartamento,2,1.0,7,2,27,200.0,4.590000152587891,Meia Praia,4.590000152587891,4.590000152587891,,,,,,,,,,,,,,,,,,,,,,,,,,,,,,,0,0
1277863717185313641,apartamento,3,3.0,8,1,0,300.0,0.0,Meia Praia,0.0,,,,,,,,,,,,,,,,,,,,,,,,,,,,,,,,0,0
1040557526311926033,apartamento,2,2.0,7,3,1,320.0,5.0,Morretes,5.0,5.0,,,,,,,,,,,,,,,,,,,,,,,,,,,,,,,0,0
1304967004078627456,apartamento,2,2.0,6,3,1,0.0,5.0,Morretes,5.0,5.0,,,,,,,,,,,,,,,,,,,,,,,,,,,,,,,0,0
1279100959475752460,apartamento,3,0.0,6,3,1,350.0,5.0,Meia Praia,5.0,5.0,,,,,,,,,,,,,,,,,,,,,,,,,,,,,,,0,0
1262589594492484713,apartamento,3,4.0,6,3,0,350.0,0.0,Meia Praia,0.0,,,,,,,,,,,,,,,,,,,,,,,,,,,,,,,,0,0
1121987205832463268,apartamento,1,1.0,4,1,14,100.0,5.0,Centro,5.0,5.0,,,,,,,,,,,,,,,,,,,,,,,,,,,,,,,0,0
996227938456591020,apartamento,2,2.0,6,2,10,150.0,5.0,Tabuleiro dos Oliveiras,5.0,5.0,16.0,42.0,73.0,436.875,385.0238095238095,333.5342465753425,399.0,399.0,350.0,16.0,42.0,73.0,399.0,350.0,252.0,500.0,399.0,399.0,5586.0,7182.0,6300.0,0.4666666666666667,0.3,0.1978021978021978,14.0,18.0,18.0,True,True,True,1,0
1225220239291557449,apartamento,3,3.0,8,3,0,300.0,0.0,Meia Praia,0.0,,,,,,,,,,,,,,,,,,,,,,,,,,,,,,,,0,0
27222202,apartamento,4,5.0,12,4,1,450.0,4.0,Meia Praia,4.0,4.0,,,,,,,,,,,,,,,,,,,,,,,,,,,,,,,0,0
42180312,casa,1,1.0,4,1,61,100.0,5.0,Jardim Praiamar,5.0,5.0,,,,,,,,,,,,,,,,,,,,,,,,,,,,,,,0,0
50535771,apartamento,3,2.0,6,4,14,200.0,4.570000171661377,Centro,4.570000171661377,4.570000171661377,,,,,,,,,,,,,,,,,,,,,,,,,,,,,,,0,0
1302366739912091646,apartamento,3,4.0,8,4,1,0.0,5.0,Meia Praia,5.0,5.0,,,,,,,,,,,,,,,,,,,,,,,,,,,,,,,0,0
1059271401855678406,apartamento,4,1.0,10,4,0,0.0,0.0,Meia Praia,0.0,,,,,,,,,,,,,,,,,,,,,,,,,,,,,,,,0,0
1034210399986340352,apartamento,3,2.0,10,3,0,300.0,0.0,Meia Praia,0.0,,,,,,,,,,,,,,,,,,,,,,,,,,,,,,,,0,0
52757508,apartamento,2,3.0,4,2,1,250.0,5.0,Centro,5.0,5.0,,,,,,,,,,,,,,,,,,,,,,,,,,,,,,,0,0
1203715541918813976,apartamento,2,2.0,6,2,1,250.0,4.0,Meia Praia,4.0,4.0,,,,,,,,,,,,,,,,,,,,,,,,,,,,,,,0,0
1297971406994937553,apartamento,2,2.0,4,2,0,250.0,0.0,Morretes,0.0,,,,,,,,,,,,,,,,,,,,,,,,,,,,,,,,0,0
1202791616864975880,apartamento,4,4.0,10,5,5,350.0,4.800000190734863,Meia Praia,4.800000190734863,4.800000190734863,,,,,,,,,,,,,,,,,,,,,,,,,,,,,,,0,0
1320244674220704469,casa,2,1.0,6,3,3,0.0,4.0,Tabuleiro dos Oliveiras,4.0,4.0,,,,,,,,,,,,,,,,,,,,,,,,,,,,,,,0,0
1058615618692011551,apartamento,3,2.0,8,5,1,200.0,5.0,Meia Praia,5.0,5.0,,,,,,,,,,,,,,,,,,,,,,,,,,,,,,,0,0
796481545034280714,apartamento,2,2.0,4,2,9,290.0,5.0,Centro,5.0,5.0,19.0,45.0,71.0,634.7368421052631,616.6666666666666,579.2957746478874,630.0,580.0,580.0,19.0,45.0,71.0,580.0,580.0,580.0,690.0,650.0,605.0,6930.0,8700.0,11600.0,0.36666666666666664,0.25,0.21978021978021978,11.0,15.0,20.0,True,True,True,1,1
1319027999133085311,apartamento,3,2.0,6,3,0,250.0,0.0,Meia Praia,0.0,,,,,,,,,,,,,,,,,,,,,,,,,,,,,,,,0,0
1094478094459566805,apartamento,2,2.0,6,3,0,0.0,0.0,Meia Praia,0.0,,,,,,,,,,,,,,,,,,,,,,,,,,,,,,,,0,0
22223346,apartamento,2,2.0,6,2,21,200.0,5.0,Meia Praia,5.0,5.0,,,,,,,,,,,,,,,,,,,,,,,,,,,,,,,0,0
1318315111310867765,apartamento,2,2.0,4,2,2,300.0,5.0,Morretes,5.0,5.0,21.0,51.0,81.0,714.539680952381,777.9477117647059,752.7510283950617,700.0,700.0,700.0,21.0,51.0,81.0,700.0,700.0,700.0,733.5,767.0,733.5,6300.0,6300.0,7000.0,0.3,0.15,0.10989010989010989,9.0,9.0,10.0,True,True,True,1,0
46329896,apartamento,3,4.0,10,3,0,350.0,0.0,Meia Praia,0.0,,,,,,,,,,,,,,,,,,,,,,,,,,,,,,,,0,0
958920935969700508,apartamento,4,3.0,9,7,1,350.0,5.0,Meia Praia,5.0,5.0,,,,,,,,,,,,,,,,,,,,,,,,,,,,,,,0,0
1048559390878502236,apartamento,3,2.0,6,3,1,100.0,4.0,Meia Praia,4.0,4.0,,,,,,,,,,,,,,,,,,,,,,,,,,,,,,,0,0
955055671222076395,apartamento,1,1.0,10,7,2,200.0,5.0,Meia Praia,5.0,5.0,,,,,,,,,,,,,,,,,,,,,,,,,,,,,,,0,0
1121034481241380853,apartamento,2,2.0,12,4,0,400.0,0.0,Meia Praia,0.0,,,,,,,,,,,,,,,,,,,,,,,,,,,,,,,,0,0
735647486124004932,apartamento,3,2.0,1,4,0,250.0,0.0,Morretes,0.0,,,,,,,,,,,,,,,,,,,,,,,,,,,,,,,,0,0
41411552,apartamento,3,3.0,10,5,0,180.0,0.0,Centro,0.0,,,,,,,,,,,,,,,,,,,,,,,,,,,,,,,,0,0
1062859978810832691,casa,1,1.0,10,1,0,0.0,0.0,Centro,0.0,,,,,,,,,,,,,,,,,,,,,,,,,,,,,,,,0,0
1308854008970743230,apartamento,2,2.0,6,2,0,350.0,0.0,Meia Praia,0.0,,,,,,,,,,,,,,,,,,,,,,,,,,,,,,,,0,0
1057809709923818937,casa,1,1.0,3,2,2,30.0,4.5,Tabuleiro dos Oliveiras,4.5,4.5,,,,,,,,,,,,,,,,,,,,,,,,,,,,,,,0,0
748336742434217963,apartamento,2,1.0,6,3,45,200.0,4.869999885559082,Meia Praia,4.869999885559082,4.869999885559082,1.0,13.0,44.0,614.0,474.15384615384613,457.1363636363636,614.0,450.0,450.0,1.0,13.0,44.0,614.0,450.0,450.0,614.0,450.0,450.0,17806.0,21150.0,21150.0,0.9666666666666667,0.7833333333333333,0.5164835164835165,29.0,47.0,47.0,True,True,True,1,1
11832843,apartamento,4,2.0,8,6,28,350.0,4.710000038146973,Meia Praia,4.710000038146973,4.710000038146973,,,,,,,,,,,,,,,,,,,,,,,,,,,,,,,0,0
967320141980123913,apartamento,2,2.0,6,4,0,400.0,0.0,Meia Praia,0.0,,,,,,,,,,,,,,,,,,,,,,,,,,,,,,,,0,0
40971559,apartamento,3,2.0,8,5,10,300.0,4.900000095367432,Meia Praia,4.900000095367432,4.900000095367432,21.0,30.0,30.0,785.7142857142857,727.6,727.6,800.0,800.0,800.0,21.0,30.0,30.0,800.0,700.0,700.0,800.0,800.0,800.0,7200.0,24000.0,48800.0,0.3,0.5,0.6703296703296703,9.0,30.0,61.0,True,True,True,1,1
1145542833405143102,apartamento,3,3.0,8,3,4,300.0,5.0,Meia Praia,5.0,5.0,,,,,,,,,,,,,,,,,,,,,,,,,,,,,,,0,0
791950122510420983,apartamento,3,2.0,6,4,0,300.0,0.0,Meia Praia,0.0,,,,,,,,,,,,,,,,,,,,,,,,,,,,,,,,0,0
1273248688766584799,casa,1,1.0,2,2,0,0.0,0.0,Centro,0.0,,,,,,,,,,,,,,,,,,,,,,,,,,,,,,,,0,0
40999104,apartamento,3,4.0,9,6,1,400.0,5.0,Meia Praia,5.0,5.0,,,,,,,,,,,,,,,,,,,,,,,,,,,,,,,0,0
41473656,apartamento,4,3.0,10,7,43,270.0,4.880000114440918,Meia Praia,4.880000114440918,4.880000114440918,0.0,5.0,23.0,,621.0,714.1529,,621.0,700.0,0.0,5.0,23.0,,621.0,700.0,,621.0,743.9,,34155.0,47600.0,1.0,0.9166666666666666,0.7472527472527473,30.0,55.0,68.0,False,True,True,1,1
902324773092897293,apartamento,3,2.0,6,3,13,250.0,5.0,Meia Praia,5.0,5.0,3.0,3.0,3.0,1000.0,1000.0,1000.0,1000.0,1000.0,1000.0,3.0,3.0,3.0,1000.0,1000.0,1000.0,1000.0,1000.0,1000.0,27000.0,57000.0,88000.0,0.9,0.95,0.967032967032967,27.0,57.0,88.0,True,True,True,1,1
1215950026376854271,apartamento,3,2.0,8,4,3,300.0,5.0,Morretes,5.0,5.0,,,,,,,,,,,,,,,,,,,,,,,,,,,,,,,0,0
41261098,apartamento,2,2.0,6,3,4,200.0,5.0,Centro,5.0,5.0,,,,,,,,,,,,,,,,,,,,,,,,,,,,,,,0,0
823351890427207194,apartamento,2,2.0,4,2,3,200.0,4.670000076293945,Morretes,4.670000076293945,4.670000076293945,,,,,,,,,,,,,,,,,,,,,,,,,,,,,,,0,0
1320307407992166735,apartamento,3,1.0,8,3,0,400.0,0.0,Meia Praia,0.0,,,,,,,,,,,,,,,,,,,,,,,,,,,,,,,,0,0
12490354,apartamento,3,2.0,6,3,42,250.0,4.980000019073486,Centro,4.980000019073486,4.980000019073486,,,,,,,,,,,,,,,,,,,,,,,,,,,,,,,0,0
1321131290017557594,apartamento,2,1.0,5,4,0,200.0,0.0,Casa Branca,0.0,,,,,,,,,,,,,,,,,,,,,,,,,,,,,,,,0,0
1241588725303924161,apartamento,2,2.0,4,7,0,250.0,0.0,Tabuleiro dos Oliveiras,0.0,,,,,,,,,,,,,,,,,,,,,,,,,,,,,,,,0,0
779662955490359947,casa,2,1.0,4,1,0,0.0,0.0,Morretes,0.0,,,,,,,,,,,,,,,,,,,,,,,,,,,,,,,,0,0
731853350375474350,apartamento,2,2.0,6,3,10,150.0,5.0,Morretes,5.0,5.0,7.0,17.0,34.0,601.7857142857143,640.4411764705883,705.5147058823529,600.0,600.0,700.0,7.0,17.0,34.0,600.0,600.0,603.125,600.0,700.0,700.0,13800.0,25800.0,39900.0,0.7666666666666667,0.7166666666666667,0.6263736263736264,23.0,43.0,57.0,True,True,True,1,0
1081779340685802851,apartamento,2,2.0,6,2,1,250.0,5.0,Meia Praia,5.0,5.0,,,,,,,,,,,,,,,,,,,,,,,,,,,,,,,0,0
738386989138220837,apartamento,2,2.0,6,2,1,300.0,5.0,Meia Praia,5.0,5.0,,,,,,,,,,,,,,,,,,,,,,,,,,,,,,,0,0
53922141,apartamento,3,2.0,6,3,1,200.0,5.0,Meia Praia,5.0,5.0,,,,,,,,,,,,,,,,,,,,,,,,,,,,,,,0,0
41595813,apartamento,3,2.0,8,4,10,350.0,4.800000190734863,Meia Praia,4.800000190734863,4.800000190734863,,,,,,,,,,,,,,,,,,,,,,,,,,,,,,,0,0
557867403241922176,apartamento,2,1.0,6,6,2,300.0,5.0,Centro,5.0,5.0,,,,,,,,,,,,,,,,,,,,,,,,,,,,,,,0,0
725205326528652381,casa,3,2.0,7,3,20,100.0,4.849999904632568,Meia Praia,4.849999904632568,4.849999904632568,,,,,,,,,,,,,,,,,,,,,,,,,,,,,,,0,0
1031308444081530641,apartamento,3,4.0,8,3,0,300.0,0.0,Meia Praia,0.0,,,,,,,,,,,,,,,,,,,,,,,,,,,,,,,,0,0
1071007597342666074,apartamento,1,1.0,3,2,0,100.0,0.0,Centro,0.0,,,,,,,,,,,,,,,,,,,,,,,,,,,,,,,,0,0
47802450,casa,2,1.0,5,4,54,100.0,4.980000019073486,Ilhota,4.980000019073486,4.980000019073486,0.0,11.0,29.0,,233.63636363636363,209.9655172413793,,210.0,210.0,0.0,11.0,29.0,,210.0,181.0,,280.0,210.0,,10290.0,13020.0,1.0,0.8166666666666667,0.6813186813186813,30.0,49.0,62.0,False,True,True,1,0
1263007976366972143,apartamento,2,1.0,4,2,0,0.0,0.0,Casa Branca,0.0,,,,,,,,,,,,,,,,,,,,,,,,,,,,,,,,0,0
1306590439478272233,apartamento,4,3.0,10,4,0,200.0,0.0,Meia Praia,0.0,,,,,,,,,,,,,,,,,,,,,,,,,,,,,,,,0,0
1207861972773686793,outros,3,2.0,8,6,0,0.0,0.0,Centro,0.0,,,,,,,,,,,,,,,,,,,,,,,,,,,,,,,,0,0
1236170846157658865,outros,1,1.0,4,2,0,0.0,0.0,Centro,0.0,,,,,,,,,,,,,,,,,,,,,,,,,,,,,,,,0,0
48169521,apartamento,2,2.0,4,3,1,250.0,5.0,Meia Praia,5.0,5.0,,,,,,,,,,,,,,,,,,,,,,,,,,,,,,,0,0
1304963809687964618,casa,2,2.0,6,3,0,250.0,0.0,Morretes,0.0,,,,,,,,,,,,,,,,,,,,,,,,,,,,,,,,0,0
1302959540649428885,casa,1,1.0,4,1,0,140.0,0.0,Meia Praia,0.0,,,,,,,,,,,,,,,,,,,,,,,,,,,,,,,,0,0
24404503,apartamento,3,2.0,6,4,24,150.0,4.960000038146973,Meia Praia,4.960000038146973,4.960000038146973,,,,,,,,,,,,,,,,,,,,,,,,,,,,,,,0,0
53738511,apartamento,2,1.0,5,4,81,200.0,4.829999923706055,Meia Praia,4.829999923706055,4.829999923706055,23.0,53.0,64.0,466.0,466.0,466.0,466.0,466.0,466.0,23.0,53.0,64.0,466.0,466.0,466.0,466.0,466.0,466.0,3262.0,3262.0,12582.0,0.23333333333333334,0.11666666666666667,0.2967032967032967,7.0,7.0,27.0,True,True,True,1,1
1023988647911895243,apartamento,2,2.0,4,3,0,0.0,0.0,Meia Praia,0.0,,,,,,,,,,,,,,,,,,,,,,,,,,,,,,,,0,0
52841443,apartamento,2,2.0,4,3,4,0.0,4.75,Centro,4.75,4.75,,,,,,,,,,,,,,,,,,,,,,,,,,,,,,,0,0
753076868199108828,apartamento,2,2.0,6,2,0,300.0,0.0,Meia Praia,0.0,,,,,,,,,,,,,,,,,,,,,,,,,,,,,,,,0,0
963916345061155113,apartamento,3,3.0,13,7,18,300.0,5.0,Meia Praia,5.0,5.0,10.0,24.0,35.0,1678.75,1571.1458333333333,1364.454762857143,1575.0,1575.0,1400.0,10.0,24.0,35.0,1421.875,1400.0,950.0,1575.0,1685.0,1605.0,31500.0,56700.0,78400.0,0.6666666666666666,0.6,0.6153846153846154,20.0,36.0,56.0,True,True,True,1,1
1247028916537033972,casa,4,6.0,12,4,0,500.0,0.0,Centro,0.0,,,,,,,,,,,,,,,,,,,,,,,,,,,,,,,,0,0
1075961351792144902,apartamento,1,1.0,4,2,2,0.0,5.0,Meia Praia,5.0,5.0,,,,,,,,,,,,,,,,,,,,,,,,,,,,,,,0,0
540415335028124722,apartamento,2,2.0,9,4,3,250.0,5.0,Meia Praia,5.0,5.0,,,,,,,,,,,,,,,,,,,,,,,,,,,,,,,0,0
1274055523929375490,apartamento,1,1.0,2,1,4,250.0,5.0,Meia Praia,5.0,5.0,8.0,38.0,69.0,548.375,592.1315789473684,557.8550724637681,605.0,545.0,509.0,8.0,38.0,69.0,440.0,495.0,471.0,608.5,615.5,605.0,13310.0,11990.0,11198.0,0.7333333333333333,0.36666666666666664,0.24175824175824176,22.0,22.0,22.0,True,True,True,1,1
780281674162046667,apartamento,2,2.0,8,2,7,150.0,4.570000171661377,Meia Praia,4.570000171661377,4.570000171661377,,,,,,,,,,,,,,,,,,,,,,,,,,,,,,,0,0
1294874891674328454,casa,2,2.0,4,2,0,150.0,0.0,Alto Sao Bento,0.0,,,,,,,,,,,,,,,,,,,,,,,,,,,,,,,,0,0
768031350632379804,apartamento,2,2.0,7,2,2,300.0,4.5,Meia Praia,4.5,4.5,,,,,,,,,,,,,,,,,,,,,,,,,,,,,,,0,0
1083301106167776779,apartamento,3,2.0,8,4,16,250.0,5.0,Morretes,5.0,5.0,0.0,10.0,30.0,,477.0,459.0,,477.0,430.0,0.0,10.0,30.0,,477.0,430.0,,477.0,477.0,,23850.0,26230.0,1.0,0.8333333333333334,0.6703296703296703,30.0,50.0,61.0,False,True,True,1,1
46990438,apartamento,2,3.0,6,4,17,300.0,5.0,Centro,5.0,5.0,19.0,44.0,54.0,600.0,560.6818181818181,530.925925925926,600.0,600.0,600.0,19.0,44.0,54.0,600.0,500.0,400.0,600.0,600.0,600.0,6600.0,9600.0,22200.0,0.36666666666666664,0.26666666666666666,0.4065934065934066,11.0,16.0,37.0,True,True,True,1,1
793411418553021490,casa,3,1.0,5,3,4,295.0,4.75,Meia Praia,4.75,4.75,,,,,,,,,,,,,,,,,,,,,,,,,,,,,,,0,0
718952546551607269,apartamento,2,2.0,8,5,13,150.0,4.769999980926514,Morretes,4.769999980926514,4.769999980926514,,,,,,,,,,,,,,,,,,,,,,,,,,,,,,,0,0
792818444122814819,casa,1,1.0,4,3,7,250.0,4.860000133514404,Casa Branca,4.860000133514404,4.860000133514404,,,,,,,,,,,,,,,,,,,,,,,,,,,,,,,0,0
766429111795213657,apartamento,2,2.0,6,3,3,200.0,4.670000076293945,Alto Sao Bento,4.670000076293945,4.670000076293945,,,,,,,,,,,,,,,,,,,,,,,,,,,,,,,0,0
21828399,casa,3,2.0,10,7,0,0.0,0.0,Centro,0.0,,,,,,,,,,,,,,,,,,,,,,,,,,,,,,,,0,0
1213004624007730769,apartamento,2,2.0,4,2,2,436.0,5.0,Meia Praia,5.0,5.0,,,,,,,,,,,,,,,,,,,,,,,,,,,,,,,0,0
45513430,apartamento,3,2.0,8,3,14,250.0,4.860000133514404,Meia Praia,4.860000133514404,4.860000133514404,28.0,58.0,89.0,817.8571428571429,829.3103448275862,782.9213483146067,800.0,800.0,780.0,28.0,58.0,89.0,800.0,785.0,780.0,850.0,850.0,800.0,1600.0,1600.0,1560.0,0.06666666666666667,0.03333333333333333,0.02197802197802198,2.0,2.0,2.0,True,True,True,1,0
1313086601561598314,apartamento,3,2.0,8,5,0,350.0,0.0,Meia Praia,0.0,,,,,,,,,,,,,,,,,,,,,,,,,,,,,,,,0,0
1188444070629752131,apartamento,2,2.0,6,2,3,210.0,5.0,Morretes,5.0,5.0,,,,,,,,,,,,,,,,,,,,,,,,,,,,,,,0,0
781404547457775738,apartamento,3,2.0,8,3,8,200.0,4.630000114440918,Meia Praia,4.630000114440918,4.630000114440918,,,,,,,,,,,,,,,,,,,,,,,,,,,,,,,0,0
1237683351553881707,apartamento,4,5.0,12,4,0,350.0,0.0,Meia Praia,0.0,,,,,,,,,,,,,,,,,,,,,,,,,,,,,,,,0,0
1315954985293478319,apartamento,1,1.0,4,2,0,170.0,0.0,Centro,0.0,,26.0,52.0,83.0,1213.2692307692307,1015.6826923076923,813.9578313253012,1320.0,1320.0,660.0,26.0,52.0,83.0,996.25,693.0,446.0,1320.0,1320.0,1320.0,5280.0,10560.0,5280.0,0.13333333333333333,0.13333333333333333,0.08791208791208792,4.0,8.0,8.0,True,True,True,1,1
850931966820064700,apartamento,3,3.0,7,4,18,300.0,5.0,Meia Praia,5.0,5.0,2.0,14.0,40.0,650.0,915.7142857142857,797.9000025,650.0,720.0,720.0,2.0,14.0,40.0,650.0,720.0,700.0,650.0,1200.0,783.33335,18200.0,33120.0,36720.0,0.9333333333333333,0.7666666666666667,0.5604395604395604,28.0,46.0,51.0,True,True,True,1,1
23779860,apartamento,3,2.0,12,4,14,200.0,4.570000171661377,Meia Praia,4.570000171661377,4.570000171661377,7.0,7.0,32.0,700.0,700.0,406.25,700.0,700.0,300.0,7.0,7.0,32.0,700.0,700.0,300.0,700.0,700.0,496.875,16100.0,37100.0,17700.0,0.7666666666666667,0.8833333333333333,0.6483516483516484,23.0,53.0,59.0,True,True,True,1,0
35678368,casa,5,4.0,16,11,8,800.0,5.0,Canto da Praia,5.0,5.0,,,,,,,,,,,,,,,,,,,,,,,,,,,,,,,0,0
1016012143491113652,apartamento,3,3.0,11,4,2,350.0,5.0,Meia Praia,5.0,5.0,,,,,,,,,,,,,,,,,,,,,,,,,,,,,,,0,0
41473343,casa,3,0.0,8,3,21,350.0,4.760000228881836,Casa Branca,4.760000228881836,4.760000228881836,,,,,,,,,,,,,,,,,,,,,,,,,,,,,,,0,0
1314795613510146224,apartamento,2,2.0,6,3,1,0.0,5.0,Meia Praia,5.0,5.0,,,,,,,,,,,,,,,,,,,,,,,,,,,,,,,0,0
53733977,apartamento,2,2.0,4,4,39,220.0,4.949999809265137,Meia Praia,4.949999809265137,4.949999809265137,1.0,14.0,22.0,340.0,342.57142857142856,345.27272727272725,340.0,340.0,350.0,1.0,14.0,22.0,340.0,332.5,340.0,340.0,350.0,350.0,9860.0,15640.0,24150.0,0.9666666666666667,0.7666666666666667,0.7582417582417582,29.0,46.0,69.0,True,True,True,1,1
53546501,apartamento,4,3.0,10,4,4,350.0,4.75,Meia Praia,4.75,4.75,,,,,,,,,,,,,,,,,,,,,,,,,,,,,,,0,0
31059537,apartamento,3,2.0,8,5,61,250.0,4.980000019073486,Centro,4.980000019073486,4.980000019073486,3.0,31.0,58.0,999.0,925.5053741935484,783.9425275862069,949.0,999.0,780.25,3.0,31.0,58.0,949.0,724.0,499.0,1024.0,999.0,999.0,25623.0,28971.0,25748.25,0.9,0.48333333333333334,0.3626373626373626,27.0,29.0,33.0,True,True,True,1,1
670778657683556451,apartamento,3,4.0,8,3,6,300.0,5.0,Meia Praia,5.0,5.0,1.0,15.0,26.0,976.0,880.5333333333333,819.3846153846154,976.0,976.0,736.0,1.0,15.0,26.0,976.0,736.0,736.0,976.0,976.0,976.0,28304.0,43920.0,47840.0,0.9666666666666667,0.75,0.7142857142857143,29.0,45.0,65.0,True,True,True,1,1
1260073276135845344,outros,1,1.0,4,2,5,0.0,4.800000190734863,Meia Praia,4.800000190734863,4.800000190734863,,,,,,,,,,,,,,,,,,,,,,,,,,,,,,,0,0
825382552172715801,outros,1,1.0,2,1,11,69.0,5.0,Morretes,5.0,5.0,,,,,,,,,,,,,,,,,,,,,,,,,,,,,,,0,0
1191386301072209798,apartamento,1,1.0,4,2,22,190.0,4.860000133514404,Centro,4.860000133514404,4.860000133514404,11.0,41.0,69.0,616.4545454545455,590.4512195121952,541.2826086956521,615.0,615.0,495.0,11.0,41.0,69.0,604.0,495.0,462.0,627.0,653.0,627.0,11685.0,11685.0,10890.0,0.6333333333333333,0.31666666666666665,0.24175824175824176,19.0,19.0,22.0,True,True,True,1,1
1055976456049597702,outros,1,1.0,2,1,0,100.0,0.0,Varzea,0.0,,,,,,,,,,,,,,,,,,,,,,,,,,,,,,,,0,0
1064312269850558226,apartamento,3,2.0,8,0,0,250.0,0.0,Meia Praia,0.0,,,,,,,,,,,,,,,,,,,,,,,,,,,,,,,,0,0
1308171203618991870,apartamento,3,2.0,6,3,0,300.0,0.0,Meia Praia,0.0,,,,,,,,,,,,,,,,,,,,,,,,,,,,,,,,0,0
54235622,casa,3,1.0,6,3,5,250.0,5.0,Alto Sao Bento,5.0,5.0,,,,,,,,,,,,,,,,,,,,,,,,,,,,,,,0,0
1208757710030861160,apartamento,1,1.0,2,1,4,150.0,5.0,Centro,5.0,5.0,1.0,31.0,62.0,385.0,406.39247419354837,404.64785,385.0,396.0,372.0,1.0,31.0,62.0,385.0,363.0,372.0,385.0,446.0,419.0,11165.0,11484.0,10788.0,0.9666666666666667,0.48333333333333334,0.31868131868131866,29.0,29.0,29.0,True,True,True,1,1
1297898752326109320,apartamento,3,2.0,9,3,0,0.0,0.0,Meia Praia,0.0,,,,,,,,,,,,,,,,,,,,,,,,,,,,,,,,0,0
674665840109609741,apartamento,2,2.0,5,2,1,200.0,5.0,Morretes,5.0,5.0,,,,,,,,,,,,,,,,,,,,,,,,,,,,,,,0,0
22347879,apartamento,1,1.0,4,2,83,100.0,4.980000019073486,Ilhota,4.980000019073486,4.980000019073486,,,,,,,,,,,,,,,,,,,,,,,,,,,,,,,0,0
1015005266575396818,apartamento,2,2.0,6,3,3,250.0,5.0,Morretes,5.0,5.0,,,,,,,,,,,,,,,,,,,,,,,,,,,,,,,0,0
953770908066855065,apartamento,3,2.0,6,3,4,350.0,5.0,Meia Praia,5.0,5.0,,,,,,,,,,,,,,,,,,,,,,,,,,,,,,,0,0
47172145,apartamento,3,3.0,9,4,5,300.0,5.0,Centro,5.0,5.0,5.0,30.0,60.0,700.0,670.9999966666668,585.6499983333332,700.0,700.0,501.5,5.0,30.0,60.0,700.0,700.0,500.0,700.0,700.0,700.0,17500.0,21000.0,15546.5,0.8333333333333334,0.5,0.34065934065934067,25.0,30.0,31.0,True,True,True,1,1
40537336,apartamento,2,2.0,6,3,0,100.0,0.0,Tabuleiro dos Oliveiras,0.0,,,,,,,,,,,,,,,,,,,,,,,,,,,,,,,,0,0
40892344,apartamento,3,2.0,8,3,38,350.0,4.820000171661377,Meia Praia,4.820000171661377,4.820000171661377,4.0,24.0,55.0,409.0,417.3333333333333,408.3636363636364,409.0,419.0,401.6,4.0,24.0,55.0,409.0,419.0,400.0,409.0,419.0,419.0,10634.0,15084.0,14457.6,0.8666666666666667,0.6,0.3956043956043956,26.0,36.0,36.0,True,True,True,1,1
1314681720008522187,casa,2,2.0,8,3,1,150.0,5.0,Centro,5.0,5.0,,,,,,,,,,,,,,,,,,,,,,,,,,,,,,,0,0
1279140828280260360,apartamento,2,2.0,6,4,0,200.0,0.0,Tabuleiro dos Oliveiras,0.0,,,,,,,,,,,,,,,,,,,,,,,,,,,,,,,,0,0
998585634464381026,apartamento,2,2.0,5,2,0,280.0,0.0,Meia Praia,0.0,,,,,,,,,,,,,,,,,,,,,,,,,,,,,,,,0,0
1285265603718821694,outros,1,2.0,4,2,4,0.0,4.75,Meia Praia,4.75,4.75,,,,,,,,,,,,,,,,,,,,,,,,,,,,,,,0,0
46351569,apartamento,3,2.0,8,3,42,299.0,4.690000057220459,Meia Praia,4.690000057220459,4.690000057220459,,,,,,,,,,,,,,,,,,,,,,,,,,,,,,,0,0
1273881511466684187,apartamento,4,5.0,10,5,0,450.0,0.0,Meia Praia,0.0,,,,,,,,,,,,,,,,,,,,,,,,,,,,,,,,0,0
1309330377175631175,apartamento,3,3.0,7,3,0,200.0,0.0,Meia Praia,0.0,,,,,,,,,,,,,,,,,,,,,,,,,,,,,,,,0,0
744296572655891049,apartamento,2,1.0,6,2,2,200.0,5.0,Tabuleiro dos Oliveiras,5.0,5.0,,,,,,,,,,,,,,,,,,,,,,,,,,,,,,,0,0
795757968903961791,apartamento,2,1.0,3,3,12,0.0,4.670000076293945,Casa Branca,4.670000076293945,4.670000076293945,,,,,,,,,,,,,,,,,,,,,,,,,,,,,,,0,0
35481220,apartamento,3,3.0,6,3,17,300.0,4.940000057220459,Meia Praia,4.940000057220459,4.940000057220459,29.0,49.0,60.0,662.9329844827586,620.5580051020409,598.7350681666667,650.0,650.0,648.42855,29.0,49.0,60.0,650.0,643.7143,498.0,680.25,650.0,650.0,650.0,7150.0,20101.28505,0.03333333333333333,0.18333333333333332,0.34065934065934067,1.0,11.0,31.0,True,True,True,1,1
1294493278977736177,apartamento,4,5.0,10,6,0,350.0,0.0,Centro,0.0,,,,,,,,,,,,,,,,,,,,,,,,,,,,,,,,0,0
1023872139502747437,apartamento,3,2.0,6,4,1,300.0,5.0,Meia Praia,5.0,5.0,,,,,,,,,,,,,,,,,,,,,,,,,,,,,,,0,0
1219482086255815601,apartamento,3,2.0,8,3,0,300.0,0.0,Meia Praia,0.0,,,,,,,,,,,,,,,,,,,,,,,,,,,,,,,,0,0
38820471,apartamento,2,2.0,6,5,0,200.0,0.0,Meia Praia,0.0,,,,,,,,,,,,,,,,,,,,,,,,,,,,,,,,0,0
1112509681400377090,apartamento,2,2.0,9,8,0,0.0,0.0,Meia Praia,0.0,,,,,,,,,,,,,,,,,,,,,,,,,,,,,,,,0,0
15314679,apartamento,4,3.0,10,5,32,550.0,4.78000020980835,Meia Praia,4.78000020980835,4.78000020980835,,,,,,,,,,,,,,,,,,,,,,,,,,,,,,,0,0
721146719017782279,apartamento,2,3.0,4,2,0,0.0,0.0,Centro,0.0,,,,,,,,,,,,,,,,,,,,,,,,,,,,,,,,0,0
1039847711036743933,apartamento,3,2.0,6,3,0,350.0,0.0,Meia Praia,0.0,,,,,,,,,,,,,,,,,,,,,,,,,,,,,,,,0,0
1316876009161752808,outros,1,1.0,2,1,1,200.0,5.0,Ilhota,5.0,5.0,,,,,,,,,,,,,,,,,,,,,,,,,,,,,,,0,0
1293813086644761705,apartamento,3,2.0,7,4,2,200.0,5.0,Meia Praia,5.0,5.0,,,,,,,,,,,,,,,,,,,,,,,,,,,,,,,0,0
29145061,apartamento,2,2.0,6,4,36,250.0,4.809999942779541,Meia Praia,4.809999942779541,4.809999942779541,,,,,,,,,,,,,,,,,,,,,,,,,,,,,,,0,0
1316212514590222684,apartamento,5,7.0,15,4,1,800.0,5.0,Morretes,5.0,5.0,,,,,,,,,,,,,,,,,,,,,,,,,,,,,,,0,0
1274533646308060247,apartamento,2,2.0,4,2,4,369.0,5.0,Morretes,5.0,5.0,20.0,50.0,81.0,497.85,561.836668,529.1090543209876,515.0,523.0,471.0,20.0,50.0,81.0,434.5,418.0,418.0,535.75,561.0,553.0,5150.0,5230.0,4710.0,0.3333333333333333,0.16666666666666666,0.10989010989010989,10.0,10.0,10.0,True,True,True,1,1
1092226767092383447,apartamento,4,1.0,10,4,1,300.0,5.0,Meia Praia,5.0,5.0,,,,,,,,,,,,,,,,,,,,,,,,,,,,,,,0,0
1239918903053704985,apartamento,4,4.0,10,4,1,350.0,5.0,Meia Praia,5.0,5.0,,,,,,,,,,,,,,,,,,,,,,,,,,,,,,,0,0
1040508918703339160,apartamento,3,4.0,16,6,0,0.0,0.0,Morretes,0.0,,,,,,,,,,,,,,,,,,,,,,,,,,,,,,,,0,0
48109229,apartamento,2,2.0,6,3,15,180.0,4.670000076293945,Meia Praia,4.670000076293945,4.670000076293945,12.0,42.0,73.0,680.0,610.4761904761905,546.054794520548,680.0,680.0,480.0,12.0,42.0,73.0,680.0,410.0,410.0,680.0,680.0,680.0,12240.0,12240.0,8640.0,0.6,0.3,0.1978021978021978,18.0,18.0,18.0,True,True,True,1,0
1011036019189946615,outros,1,1.0,2,1,0,150.0,0.0,Morretes,0.0,,,,,,,,,,,,,,,,,,,,,,,,,,,,,,,,0,0
1063328075776888031,casa,1,1.0,3,2,0,220.0,0.0,Meia Praia,0.0,,,,,,,,,,,,,,,,,,,,,,,,,,,,,,,,0,0
1050006747666380845,apartamento,2,2.0,8,2,0,200.0,0.0,Centro,0.0,,,,,,,,,,,,,,,,,,,,,,,,,,,,,,,,0,0
53482863,apartamento,2,2.0,6,2,13,250.0,4.849999904632568,Meia Praia,4.849999904632568,4.849999904632568,,,,,,,,,,,,,,,,,,,,,,,,,,,,,,,0,0
29074384,apartamento,3,2.0,6,3,5,300.0,4.400000095367432,Morretes,4.400000095367432,4.400000095367432,,,,,,,,,,,,,,,,,,,,,,,,,,,,,,,0,0
1049996742806553672,outros,0,1.0,2,1,0,50.0,0.0,Morretes,0.0,,,,,,,,,,,,,,,,,,,,,,,,,,,,,,,,0,0
778933432062496662,apartamento,3,4.0,6,4,15,300.0,5.0,Meia Praia,5.0,5.0,29.0,39.0,70.0,965.1724137931035,961.2820512820513,892.2857142857143,950.0,950.0,950.0,29.0,39.0,70.0,950.0,950.0,770.0,990.0,990.0,950.0,950.0,19950.0,19950.0,0.03333333333333333,0.35,0.23076923076923078,1.0,21.0,21.0,True,True,True,1,1
47909482,apartamento,3,3.0,12,6,26,350.0,5.0,Meia Praia,5.0,5.0,12.0,36.0,64.0,1183.3333333333333,1063.3730166666667,877.834821875,1200.0,1100.0,820.0,12.0,36.0,64.0,1200.0,1000.0,600.0,1200.0,1200.0,1100.0,21600.0,26400.0,22140.0,0.6,0.4,0.2967032967032967,18.0,24.0,27.0,True,True,True,1,1
1232633492287731867,apartamento,3,2.0,10,3,1,350.0,5.0,Meia Praia,5.0,5.0,,,,,,,,,,,,,,,,,,,,,,,,,,,,,,,0,0
1300854516270211840,apartamento,2,1.0,4,3,0,0.0,0.0,Meia Praia,0.0,,,,,,,,,,,,,,,,,,,,,,,,,,,,,,,,0,0
1052490589225547467,apartamento,3,2.0,8,6,16,290.0,5.0,Meia Praia,5.0,5.0,6.0,36.0,67.0,720.0,700.6527777777778,698.1119402985074,720.0,720.0,700.0,6.0,36.0,67.0,720.0,647.6666749999999,675.0,720.0,720.0,720.0,17280.0,17280.0,16800.0,0.8,0.4,0.26373626373626374,24.0,24.0,24.0,True,True,True,1,1
580541688425401383,apartamento,2,1.0,4,2,1,300.0,5.0,Ilhota,5.0,5.0,,,,,,,,,,,,,,,,,,,,,,,,,,,,,,,0,0
601319227614407174,apartamento,2,2.0,6,3,2,250.0,5.0,Meia Praia,5.0,5.0,,,,,,,,,,,,,,,,,,,,,,,,,,,,,,,0,0
801611117719633492,apartamento,2,2.0,6,2,9,250.0,5.0,Meia Praia,5.0,5.0,7.0,32.0,57.0,571.4285714285714,512.625,456.2105263157895,550.0,550.0,400.0,7.0,32.0,57.0,550.0,400.0,350.0,600.0,562.5,550.0,12650.0,15400.0,13600.0,0.7666666666666667,0.4666666666666667,0.37362637362637363,23.0,28.0,34.0,True,True,True,1,1
1292037149463859110,outros,1,1.0,2,1,1,0.0,5.0,Meia Praia,5.0,5.0,,,,,,,,,,,,,,,,,,,,,,,,,,,,,,,0,0
1251292507810344397,apartamento,3,2.0,7,7,0,150.0,0.0,Tabuleiro dos Oliveiras,0.0,,,,,,,,,,,,,,,,,,,,,,,,,,,,,,,,0,0
41765049,apartamento,2,2.0,4,2,6,400.0,4.329999923706055,Meia Praia,4.329999923706055,4.329999923706055,,,,,,,,,,,,,,,,,,,,,,,,,,,,,,,0,0
1321830703524224763,apartamento,4,3.0,10,6,1,400.0,5.0,Meia Praia,5.0,5.0,,,,,,,,,,,,,,,,,,,,,,,,,,,,,,,0,0
1263855348429375699,apartamento,2,1.0,4,2,1,110.0,5.0,Meia Praia,5.0,5.0,,,,,,,,,,,,,,,,,,,,,,,,,,,,,,,0,0
1321319006483514640,apartamento,1,1.0,4,1,0,250.0,0.0,Centro,0.0,,,,,,,,,,,,,,,,,,,,,,,,,,,,,,,,0,0
1065536776082329789,apartamento,4,6.0,10,5,2,0.0,5.0,Centro,5.0,5.0,,,,,,,,,,,,,,,,,,,,,,,,,,,,,,,0,0
1303485724361503403,apartamento,2,2.0,6,2,0,200.0,0.0,Meia Praia,0.0,,,,,,,,,,,,,,,,,,,,,,,,,,,,,,,,0,0
748470108899494566,apartamento,2,1.0,4,3,9,324.0,4.329999923706055,Alto Sao Bento,4.329999923706055,4.329999923706055,,,,,,,,,,,,,,,,,,,,,,,,,,,,,,,0,0
1257276844080185914,apartamento,2,2.0,4,2,11,85.0,5.0,Tabuleiro dos Oliveiras,5.0,5.0,,,,,,,,,,,,,,,,,,,,,,,,,,,,,,,0,0
1024578196422605683,apartamento,3,4.0,8,4,6,350.0,4.829999923706055,Meia Praia,4.829999923706055,4.829999923706055,,,,,,,,,,,,,,,,,,,,,,,,,,,,,,,0,0
1292809800578097786,apartamento,2,2.0,5,2,1,200.0,5.0,Morretes,5.0,5.0,,,,,,,,,,,,,,,,,,,,,,,,,,,,,,,0,0
31265630,apartamento,2,3.0,7,2,4,200.0,4.0,Meia Praia,4.0,4.0,,,,,,,,,,,,,,,,,,,,,,,,,,,,,,,0,0
1282753268533806013,casa,2,3.0,14,4,1,350.0,5.0,Meia Praia,5.0,5.0,,,,,,,,,,,,,,,,,,,,,,,,,,,,,,,0,0
40023421,apartamento,2,2.0,6,3,11,280.0,4.730000019073486,Morretes,4.730000019073486,4.730000019073486,16.0,46.0,77.0,500.0,495.2826086956522,456.5194805194805,500.0,500.0,399.0,16.0,46.0,77.0,500.0,500.0,399.0,500.0,500.0,500.0,7000.0,7000.0,5586.0,0.4666666666666667,0.23333333333333334,0.15384615384615385,14.0,14.0,14.0,True,True,True,1,1
1245358177594071514,apartamento,1,1.0,3,1,5,25.0,5.0,Ilhota,5.0,5.0,,,,,,,,,,,,,,,,,,,,,,,,,,,,,,,0,0
47068610,apartamento,2,2.0,5,3,0,250.0,0.0,Centro,0.0,,,,,,,,,,,,,,,,,,,,,,,,,,,,,,,,0,0
54033938,apartamento,3,2.0,8,4,29,220.0,4.860000133514404,Meia Praia,4.860000133514404,4.860000133514404,,,,,,,,,,,,,,,,,,,,,,,,,,,,,,,0,0
1282585098065467787,apartamento,1,1.0,2,1,7,150.0,5.0,Centro,5.0,5.0,7.0,33.0,64.0,374.2142857142857,404.56565757575754,403.7604171875,385.0,396.0,385.0,7.0,33.0,64.0,385.0,363.0,372.0,387.75,446.0,419.0,8855.0,10692.0,10395.0,0.7666666666666667,0.45,0.2967032967032967,23.0,27.0,27.0,True,True,True,1,1
798609957167332367,apartamento,2,2.0,6,4,5,250.0,5.0,Meia Praia,5.0,5.0,,,,,,,,,,,,,,,,,,,,,,,,,,,,,,,0,0
1190799156046065792,casa,4,4.0,15,11,0,150.0,0.0,Morretes,0.0,,,,,,,,,,,,,,,,,,,,,,,,,,,,,,,,0,0
46011731,apartamento,3,2.0,8,6,19,180.0,4.889999866485596,Meia Praia,4.889999866485596,4.889999866485596,,,,,,,,,,,,,,,,,,,,,,,,,,,,,,,0,0
1270377015190277716,apartamento,2,2.0,6,3,1,250.0,5.0,Meia Praia,5.0,5.0,,,,,,,,,,,,,,,,,,,,,,,,,,,,,,,0,0
1207992119242235910,apartamento,1,1.0,2,1,3,150.0,5.0,Centro,5.0,5.0,12.0,42.0,73.0,381.375,399.7539690476191,401.09132465753424,382.5,385.0,379.0,12.0,42.0,73.0,377.0,363.0,372.0,386.875,411.0,419.0,6885.0,6930.0,6822.0,0.6,0.3,0.1978021978021978,18.0,18.0,18.0,True,True,True,1,1
1093543433835743780,apartamento,3,2.0,6,3,5,350.0,5.0,Meia Praia,5.0,5.0,,,,,,,,,,,,,,,,,,,,,,,,,,,,,,,0,0
1071056510814014044,apartamento,2,0.0,6,3,0,250.0,0.0,Meia Praia,0.0,,,,,,,,,,,,,,,,,,,,,,,,,,,,,,,,0,0
39990143,casa,1,1.0,6,3,6,50.0,4.829999923706055,Casa Branca,4.829999923706055,4.829999923706055,,,,,,,,,,,,,,,,,,,,,,,,,,,,,,,0,0
581631443102244426,casa,2,2.0,4,2,3,99.0,5.0,Morretes,5.0,5.0,,,,,,,,,,,,,,,,,,,,,,,,,,,,,,,0,0
32270068,apartamento,4,4.0,10,6,0,350.0,0.0,Meia Praia,0.0,,,,,,,,,,,,,,,,,,,,,,,,,,,,,,,,0,0
1225979956577609938,apartamento,2,1.0,5,3,6,200.0,4.329999923706055,Meia Praia,4.329999923706055,4.329999923706055,,,,,,,,,,,,,,,,,,,,,,,,,,,,,,,0,0
1295718964285991991,apartamento,3,2.0,6,3,4,250.0,5.0,Meia Praia,5.0,5.0,,,,,,,,,,,,,,,,,,,,,,,,,,,,,,,0,0
1218952451555408044,apartamento,1,3.0,9,3,0,450.0,0.0,Meia Praia,0.0,,,,,,,,,,,,,,,,,,,,,,,,,,,,,,,,0,0
51623204,apartamento,4,3.0,10,8,12,350.0,5.0,Centro,5.0,5.0,,,,,,,,,,,,,,,,,,,,,,,,,,,,,,,0,0
51453135,apartamento,3,2.0,8,5,13,300.0,4.849999904632568,Meia Praia,4.849999904632568,4.849999904632568,10.0,33.0,55.0,680.0,656.060606060606,539.0909090909091,680.0,680.0,500.0,10.0,33.0,55.0,680.0,500.0,300.0,680.0,680.0,680.0,13600.0,18360.0,18000.0,0.6666666666666666,0.45,0.3956043956043956,20.0,27.0,36.0,True,True,True,1,1
1046481075180202571,outros,1,1.0,2,1,0,0.0,0.0,Meia Praia,0.0,,,,,,,,,,,,,,,,,,,,,,,,,,,,,,,,0,0
41227471,apartamento,3,2.0,7,4,34,300.0,5.0,Meia Praia,5.0,5.0,14.0,41.0,72.0,840.0,771.4634146341464,638.0555555555555,840.0,840.0,610.0,14.0,41.0,72.0,840.0,610.0,460.0,840.0,840.0,840.0,13440.0,15960.0,11590.0,0.5333333333333333,0.31666666666666665,0.2087912087912088,16.0,19.0,19.0,True,True,True,1,1
1066297179791641849,apartamento,2,2.0,6,1,4,250.0,5.0,Meia Praia,5.0,5.0,,,,,,,,,,,,,,,,,,,,,,,,,,,,,,,0,0
1287895051782414068,casa,1,1.0,4,2,0,300.0,0.0,Sertao do Trombudo,0.0,,,,,,,,,,,,,,,,,,,,,,,,,,,,,,,,0,0
779826083156013709,apartamento,2,2.0,4,0,10,200.0,4.900000095367432,Meia Praia,4.900000095367432,4.900000095367432,,,,,,,,,,,,,,,,,,,,,,,,,,,,,,,0,0
39610744,apartamento,3,2.0,6,5,7,250.0,4.429999828338623,Meia Praia,4.429999828338623,4.429999828338623,,,,,,,,,,,,,,,,,,,,,,,,,,,,,,,0,0
1044515710705238828,apartamento,3,2.0,6,4,1,180.0,5.0,Centro,5.0,5.0,,,,,,,,,,,,,,,,,,,,,,,,,,,,,,,0,0
16105751,apartamento,2,2.0,4,2,138,250.0,4.860000133514404,Centro,4.860000133514404,4.860000133514404,3.0,3.0,31.0,300.0,300.0,255.70967741935485,300.0,300.0,250.0,3.0,3.0,31.0,300.0,300.0,250.0,300.0,300.0,250.0,8100.0,17100.0,15000.0,0.9,0.95,0.6593406593406593,27.0,57.0,60.0,True,True,True,1,1
1045238168872550971,apartamento,2,2.0,6,4,2,250.0,5.0,Meia Praia,5.0,5.0,,,,,,,,,,,,,,,,,,,,,,,,,,,,,,,0,0
963771154258225093,apartamento,2,2.0,7,2,6,200.0,5.0,Meia Praia,5.0,5.0,,,,,,,,,,,,,,,,,,,,,,,,,,,,,,,0,0
1311955859629341439,outros,0,0.0,2,1,3,0.0,4.670000076293945,Meia Praia,4.670000076293945,4.670000076293945,,,,,,,,,,,,,,,,,,,,,,,,,,,,,,,0,0
53474976,apartamento,3,2.0,6,3,2,200.0,4.5,Meia Praia,4.5,4.5,,,,,,,,,,,,,,,,,,,,,,,,,,,,,,,0,0
48088712,apartamento,3,2.0,7,3,2,300.0,4.5,Meia Praia,4.5,4.5,,,,,,,,,,,,,,,,,,,,,,,,,,,,,,,0,0
1252195463712989125,apartamento,2,3.0,5,3,0,250.0,0.0,Meia Praia,0.0,,,,,,,,,,,,,,,,,,,,,,,,,,,,,,,,0,0
930375721985185754,apartamento,1,2.0,4,1,3,150.0,3.670000076293945,Jardim Praiamar,3.670000076293945,3.670000076293945,,,,,,,,,,,,,,,,,,,,,,,,,,,,,,,0,0
47000276,apartamento,3,3.0,8,6,28,390.0,4.820000171661377,Meia Praia,4.820000171661377,4.820000171661377,3.0,12.0,42.0,790.0,790.0,582.8571428571429,790.0,790.0,500.0,3.0,12.0,42.0,790.0,790.0,500.0,790.0,790.0,790.0,21330.0,37920.0,24500.0,0.9,0.8,0.5384615384615384,27.0,48.0,49.0,True,True,True,1,1
1300301067010145368,apartamento,2,2.0,5,2,1,250.0,5.0,Morretes,5.0,5.0,,,,,,,,,,,,,,,,,,,,,,,,,,,,,,,0,0
31543199,apartamento,3,3.0,7,4,27,200.0,5.0,Meia Praia,5.0,5.0,0.0,13.0,44.0,,892.6923076923077,751.2727272727273,,700.0,687.5,0.0,13.0,44.0,,675.0,650.0,,1170.0,700.0,,32900.0,32312.5,1.0,0.7833333333333333,0.5164835164835165,30.0,47.0,47.0,False,True,True,1,1
1277103969415516416,apartamento,2,2.0,8,4,8,100.0,5.0,Morretes,5.0,5.0,3.0,23.0,54.0,423.0,432.44927565217387,454.006172962963,423.0,423.0,470.0,3.0,23.0,54.0,423.0,423.0,423.0,423.0,423.0,470.0,11421.0,15651.0,17390.0,0.9,0.6166666666666667,0.4065934065934066,27.0,37.0,37.0,True,True,True,1,0
1066185870504338051,apartamento,2,2.0,6,2,2,300.0,5.0,Meia Praia,5.0,5.0,,,,,,,,,,,,,,,,,,,,,,,,,,,,,,,0,0
1012495421195045384,apartamento,2,1.0,6,3,2,300.0,5.0,Tabuleiro dos Oliveiras,5.0,5.0,,,,,,,,,,,,,,,,,,,,,,,,,,,,,,,0,0
54079496,outros,1,1.0,2,1,4,0.0,5.0,Meia Praia,5.0,5.0,,,,,,,,,,,,,,,,,,,,,,,,,,,,,,,0,0
1309424885216072922,apartamento,2,1.0,5,2,3,250.0,5.0,Morretes,5.0,5.0,,,,,,,,,,,,,,,,,,,,,,,,,,,,,,,0,0
1024759664751866511,casa,2,1.0,9,2,0,200.0,0.0,Varzea,0.0,,,,,,,,,,,,,,,,,,,,,,,,,,,,,,,,0,0
1052071486548207877,apartamento,3,3.0,8,3,0,399.0,0.0,Meia Praia,0.0,,,,,,,,,,,,,,,,,,,,,,,,,,,,,,,,0,0
1039000611979944065,apartamento,3,4.0,8,1,1,300.0,5.0,Meia Praia,5.0,5.0,,,,,,,,,,,,,,,,,,,,,,,,,,,,,,,0,0
1219792189503966808,casa,1,1.0,4,2,9,100.0,5.0,Tabuleiro dos Oliveiras,5.0,5.0,,,,,,,,,,,,,,,,,,,,,,,,,,,,,,,0,0
1216602433904805187,apartamento,1,1.0,4,2,10,190.0,4.599999904632568,Centro,4.599999904632568,4.599999904632568,8.0,32.0,63.0,641.625,571.182290625,524.1402111111111,660.0,600.0,471.0,8.0,32.0,63.0,630.0,446.0,445.5,660.0,660.0,644.0,14520.0,16800.0,13188.0,0.7333333333333333,0.4666666666666667,0.3076923076923077,22.0,28.0,28.0,True,True,True,1,1
22916493,apartamento,2,2.0,5,2,6,250.0,5.0,Meia Praia,5.0,5.0,,,,,,,,,,,,,,,,,,,,,,,,,,,,,,,0,0
32371924,apartamento,3,2.0,8,5,30,250.0,4.929999828338623,Centro,4.929999828338623,4.929999828338623,0.0,1.0,31.0,,590.0,545.8709677419355,,590.0,518.0,0.0,1.0,31.0,,590.0,518.0,,590.0,590.0,,34810.0,31080.0,1.0,0.9833333333333333,0.6593406593406593,30.0,59.0,60.0,False,True,True,1,1
46012033,apartamento,2,2.0,6,4,24,200.0,4.829999923706055,Meia Praia,4.829999923706055,4.829999923706055,,,,,,,,,,,,,,,,,,,,,,,,,,,,,,,0,0
921939869682797258,outros,2,1.0,4,5,0,100.0,0.0,Meia Praia,0.0,,,,,,,,,,,,,,,,,,,,,,,,,,,,,,,,0,0
1302973272571623526,apartamento,4,4.0,14,8,0,495.0,0.0,Meia Praia,0.0,,,,,,,,,,,,,,,,,,,,,,,,,,,,,,,,0,0
770188670926255894,apartamento,3,2.0,8,3,2,300.0,4.5,Meia Praia,4.5,4.5,,,,,,,,,,,,,,,,,,,,,,,,,,,,,,,0,0
1242297273130835704,apartamento,3,2.0,6,4,1,280.0,5.0,Centro,5.0,5.0,,,,,,,,,,,,,,,,,,,,,,,,,,,,,,,0,0
622878708674009200,apartamento,2,2.0,8,7,5,300.0,5.0,Meia Praia,5.0,5.0,13.0,43.0,74.0,680.0,678.8372093023256,666.7567567567568,700.0,650.0,650.0,13.0,43.0,74.0,650.0,650.0,650.0,700.0,700.0,650.0,11900.0,11050.0,11050.0,0.5666666666666667,0.2833333333333333,0.18681318681318682,17.0,17.0,17.0,True,True,True,1,0
725867973010290782,apartamento,2,2.0,6,4,26,300.0,5.0,Meia Praia,5.0,5.0,6.0,33.0,64.0,480.0,509.09090909090907,496.09375,480.0,480.0,480.0,6.0,33.0,64.0,480.0,450.0,450.0,480.0,480.0,500.0,11520.0,12960.0,12960.0,0.8,0.45,0.2967032967032967,24.0,27.0,27.0,True,True,True,1,1
1106426064936143096,apartamento,3,3.0,8,3,0,350.0,0.0,Meia Praia,0.0,,,,,,,,,,,,,,,,,,,,,,,,,,,,,,,,0,0
1287652895358252081,casa,2,0.0,5,2,0,250.0,0.0,Ilhota,0.0,,,,,,,,,,,,,,,,,,,,,,,,,,,,,,,,0,0
1054358063417818788,apartamento,3,3.0,8,0,1,300.0,5.0,Meia Praia,5.0,5.0,,,,,,,,,,,,,,,,,,,,,,,,,,,,,,,0,0
52571126,apartamento,3,3.0,6,4,5,400.0,5.0,Meia Praia,5.0,5.0,,,,,,,,,,,,,,,,,,,,,,,,,,,,,,,0,0
989929089837804050,apartamento,2,2.0,4,2,2,341.0,4.5,Meia Praia,4.5,4.5,,,,,,,,,,,,,,,,,,,,,,,,,,,,,,,0,0
1271243977226889133,apartamento,3,3.0,6,3,0,0.0,0.0,Meia Praia,0.0,,,,,,,,,,,,,,,,,,,,,,,,,,,,,,,,0,0
1284113129900372972,casa,2,0.0,6,3,1,200.0,2.0,Ilhota,2.0,2.0,,,,,,,,,,,,,,,,,,,,,,,,,,,,,,,0,0
32766950,apartamento,2,2.0,6,4,11,250.0,4.820000171661377,Centro,4.820000171661377,4.820000171661377,5.0,17.0,48.0,500.0,358.8235294117647,320.8333333333333,500.0,300.0,300.0,5.0,17.0,48.0,500.0,300.0,300.0,500.0,500.0,300.0,12500.0,12900.0,12900.0,0.8333333333333334,0.7166666666666667,0.4725274725274725,25.0,43.0,43.0,True,True,True,1,0
700581475456680268,apartamento,3,3.0,10,3,5,300.0,5.0,Meia Praia,5.0,5.0,,,,,,,,,,,,,,,,,,,,,,,,,,,,,,,0,0
10266012,outros,1,1.0,2,1,69,15.0,4.739999771118164,Morretes,4.739999771118164,4.739999771118164,,,,,,,,,,,,,,,,,,,,,,,,,,,,,,,0,0
1249919049392818339,apartamento,1,1.0,2,1,9,250.0,5.0,Meia Praia,5.0,5.0,13.0,43.0,74.0,542.4615384615385,584.5581395348837,555.7702702702703,575.0,545.0,516.0,13.0,43.0,74.0,440.0,495.0,471.0,575.0,594.0,575.0,9775.0,9265.0,8772.0,0.5666666666666667,0.2833333333333333,0.18681318681318682,17.0,17.0,17.0,True,True,True,1,1
783172100323993170,apartamento,3,1.0,7,5,3,0.0,3.3299999237060547,Meia Praia,3.3299999237060547,3.3299999237060547,,,,,,,,,,,,,,,,,,,,,,,,,,,,,,,0,0
46936020,apartamento,2,2.0,6,3,68,200.0,4.989999771118164,Morretes,4.989999771118164,4.989999771118164,18.0,43.0,54.0,469.1666666666667,410.5813953488372,398.24074074074076,445.0,400.0,380.0,18.0,43.0,54.0,400.0,350.0,350.0,550.0,400.0,400.0,5340.0,6800.0,14060.0,0.4,0.2833333333333333,0.4065934065934066,12.0,17.0,37.0,True,True,True,1,0
32155445,apartamento,2,2.0,5,2,3,0.0,5.0,Meia Praia,5.0,5.0,,,,,,,,,,,,,,,,,,,,,,,,,,,,,,,0,0
599113560319545877,apartamento,2,3.0,8,2,0,250.0,0.0,Meia Praia,0.0,,,,,,,,,,,,,,,,,,,,,,,,,,,,,,,,0,0
1005860682746801029,apartamento,2,2.0,6,2,10,200.0,4.900000095367432,Morretes,4.900000095367432,4.900000095367432,9.0,35.0,66.0,415.6111111111111,404.72857142857146,396.1515151515151,409.0,388.0,385.0,9.0,35.0,66.0,408.0,385.0,385.0,422.5,408.5,395.625,8589.0,9700.0,9625.0,0.7,0.4166666666666667,0.27472527472527475,21.0,25.0,25.0,True,True,True,1,0
21025393,apartamento,3,3.0,6,5,23,250.0,4.909999847412109,Meia Praia,4.909999847412109,4.909999847412109,4.0,19.0,36.0,700.0,744.2543842105264,710.8564805555555,700.0,700.0,700.0,4.0,19.0,36.0,700.0,700.0,650.0,700.0,763.75,712.5,18200.0,28700.0,38500.0,0.8666666666666667,0.6833333333333333,0.6043956043956044,26.0,41.0,55.0,True,True,True,1,1
1307081277437210476,apartamento,3,3.0,8,4,0,400.0,0.0,Meia Praia,0.0,,,,,,,,,,,,,,,,,,,,,,,,,,,,,,,,0,0
36557903,casa,4,2.0,10,3,0,200.0,0.0,Centro,0.0,,,,,,,,,,,,,,,,,,,,,,,,,,,,,,,,0,0
1208961418958310878,apartamento,2,2.0,6,2,1,300.0,5.0,Centro,5.0,5.0,,,,,,,,,,,,,,,,,,,,,,,,,,,,,,,0,0
1057143386880918828,apartamento,0,2.0,10,4,0,0.0,0.0,Meia Praia,0.0,,,,,,,,,,,,,,,,,,,,,,,,,,,,,,,,0,0
1039739725491516693,apartamento,2,2.0,6,2,2,250.0,3.5,Meia Praia,3.5,3.5,,,,,,,,,,,,,,,,,,,,,,,,,,,,,,,0,0
1287556370209031205,apartamento,3,3.0,6,4,0,300.0,0.0,Meia Praia,0.0,,,,,,,,,,,,,,,,,,,,,,,,,,,,,,,,0,0
1061592792230546703,outros,2,2.0,6,3,0,0.0,0.0,Meia Praia,0.0,,,,,,,,,,,,,,,,,,,,,,,,,,,,,,,,0,0
1320533330637264303,outros,1,2.0,1,5,1,0.0,5.0,Meia Praia,5.0,5.0,,,,,,,,,,,,,,,,,,,,,,,,,,,,,,,0,0
1312148183095765866,apartamento,3,3.0,7,3,0,250.0,0.0,Meia Praia,0.0,,,,,,,,,,,,,,,,,,,,,,,,,,,,,,,,0,0
822673802452481785,apartamento,3,3.0,6,3,6,350.0,5.0,Meia Praia,5.0,5.0,,,,,,,,,,,,,,,,,,,,,,,,,,,,,,,0,0
879719744254656243,apartamento,2,2.0,6,3,0,300.0,0.0,Centro,0.0,,,,,,,,,,,,,,,,,,,,,,,,,,,,,,,,0,0
1262098803619520767,apartamento,3,2.0,8,4,1,150.0,5.0,Meia Praia,5.0,5.0,,,,,,,,,,,,,,,,,,,,,,,,,,,,,,,0,0
1219584389251803391,apartamento,3,3.0,8,4,0,300.0,0.0,Meia Praia,0.0,,,,,,,,,,,,,,,,,,,,,,,,,,,,,,,,0,0
1030401532874842059,apartamento,3,2.0,8,4,0,350.0,0.0,Meia Praia,0.0,,,,,,,,,,,,,,,,,,,,,,,,,,,,,,,,0,0
45843768,apartamento,3,0.0,6,4,7,350.0,5.0,Meia Praia,5.0,5.0,,,,,,,,,,,,,,,,,,,,,,,,,,,,,,,0,0
1286924251843839509,apartamento,3,3.0,6,3,0,300.0,0.0,Meia Praia,0.0,,,,,,,,,,,,,,,,,,,,,,,,,,,,,,,,0,0
1172396251848641184,apartamento,1,1.0,4,2,3,200.0,5.0,Meia Praia,5.0,5.0,,,,,,,,,,,,,,,,,,,,,,,,,,,,,,,0,0
1290750492591348199,apartamento,3,3.0,8,3,0,350.0,0.0,Meia Praia,0.0,,,,,,,,,,,,,,,,,,,,,,,,,,,,,,,,0,0
1042032092670718662,apartamento,1,1.0,4,1,11,140.0,4.909999847412109,Meia Praia,4.909999847412109,4.909999847412109,2.0,9.0,25.0,418.0,401.55555555555554,397.6,418.0,402.0,385.0,2.0,9.0,25.0,418.0,385.0,385.0,418.0,418.0,418.0,11704.0,20502.0,25410.0,0.9333333333333333,0.85,0.7252747252747253,28.0,51.0,66.0,True,True,True,1,1
1277574920330532540,apartamento,4,3.0,10,5,1,420.0,5.0,Meia Praia,5.0,5.0,,,,,,,,,,,,,,,,,,,,,,,,,,,,,,,0,0
1197195878719681680,apartamento,1,1.0,3,1,16,160.0,4.559999942779541,Centro,4.559999942779541,4.559999942779541,4.0,33.0,64.0,390.25,407.2121224242424,405.2369803125,399.0,390.5,384.0,4.0,33.0,64.0,382.375,363.0,372.0,406.875,456.5,410.25,10374.0,10543.5,10368.0,0.8666666666666667,0.45,0.2967032967032967,26.0,27.0,27.0,True,True,True,1,1
1287612441681877437,apartamento,2,2.0,6,2,0,250.0,0.0,Meia Praia,0.0,,,,,,,,,,,,,,,,,,,,,,,,,,,,,,,,0,0
1294103150315914686,apartamento,1,2.0,2,1,2,200.0,5.0,Meia Praia,5.0,5.0,,,,,,,,,,,,,,,,,,,,,,,,,,,,,,,0,0
1046519715271612370,casa,3,2.0,6,3,5,75.0,5.0,Sertaozinho,5.0,5.0,,,,,,,,,,,,,,,,,,,,,,,,,,,,,,,0,0
53164553,outros,2,1.0,5,4,21,150.0,5.0,Meia Praia,5.0,5.0,,,,,,,,,,,,,,,,,,,,,,,,,,,,,,,0,0
839108891025075934,apartamento,2,2.0,8,10,38,150.0,4.96999979019165,Meia Praia,4.96999979019165,4.96999979019165,,,,,,,,,,,,,,,,,,,,,,,,,,,,,,,0,0
763760555124711556,casa,3,1.0,10,1,0,0.0,0.0,Meia Praia,0.0,,,,,,,,,,,,,,,,,,,,,,,,,,,,,,,,0,0
1304403734260231676,apartamento,2,2.0,4,3,1,215.0,4.0,Tabuleiro dos Oliveiras,4.0,4.0,16.0,37.0,68.0,497.3125,587.9256756756756,570.1801470588235,477.5,507.5,523.0,16.0,37.0,68.0,452.25,495.0,471.0,543.75,606.0,563.75,6685.0,11672.5,12029.0,0.4666666666666667,0.38333333333333336,0.25274725274725274,14.0,23.0,23.0,True,True,True,1,1
1306033116658241534,outros,1,1.0,4,2,5,150.0,5.0,Casa Branca,5.0,5.0,,,,,,,,,,,,,,,,,,,,,,,,,,,,,,,0,0
42427771,apartamento,2,1.0,7,4,10,0.0,4.900000095367432,Centro,4.900000095367432,4.900000095367432,,,,,,,,,,,,,,,,,,,,,,,,,,,,,,,0,0
52929834,apartamento,2,2.0,6,3,4,300.0,5.0,Meia Praia,5.0,5.0,,,,,,,,,,,,,,,,,,,,,,,,,,,,,,,0,0
893568015283925281,apartamento,4,4.0,9,6,2,300.0,5.0,Meia Praia,5.0,5.0,,,,,,,,,,,,,,,,,,,,,,,,,,,,,,,0,0
1283145087738297626,apartamento,4,5.0,10,6,0,300.0,0.0,Meia Praia,0.0,,,,,,,,,,,,,,,,,,,,,,,,,,,,,,,,0,0
1310863651304083661,apartamento,3,3.0,8,5,0,250.0,0.0,Meia Praia,0.0,,,,,,,,,,,,,,,,,,,,,,,,,,,,,,,,0,0
1298678967964045507,apartamento,3,0.0,7,3,3,200.0,5.0,Meia Praia,5.0,5.0,,,,,,,,,,,,,,,,,,,,,,,,,,,,,,,0,0
1042620911141302538,apartamento,3,3.0,8,3,0,0.0,0.0,Meia Praia,0.0,,,,,,,,,,,,,,,,,,,,,,,,,,,,,,,,0,0
1182018398755268829,apartamento,2,1.0,6,3,13,240.0,5.0,Centro,5.0,5.0,8.0,30.0,61.0,725.5625,698.4833333333333,662.5491803278688,728.5,665.0,627.0,8.0,30.0,61.0,652.75,594.0,594.0,806.625,803.0,761.0,16027.0,19950.0,18810.0,0.7333333333333333,0.5,0.32967032967032966,22.0,30.0,30.0,True,True,True,1,1
1052942227246615615,apartamento,3,3.0,6,3,0,300.0,0.0,Meia Praia,0.0,,,,,,,,,,,,,,,,,,,,,,,,,,,,,,,,0,0
1264430504073638439,apartamento,2,2.0,4,2,1,180.0,5.0,Meia Praia,5.0,5.0,,,,,,,,,,,,,,,,,,,,,,,,,,,,,,,0,0
1313125057162293363,apartamento,3,4.0,7,3,0,350.0,0.0,Meia Praia,0.0,,,,,,,,,,,,,,,,,,,,,,,,,,,,,,,,0,0
47921866,apartamento,2,2.0,7,5,1,150.0,5.0,Tabuleiro dos Oliveiras,5.0,5.0,,,,,,,,,,,,,,,,,,,,,,,,,,,,,,,0,0
1300181335701342835,casa,1,1.0,7,3,1,200.0,5.0,Tabuleiro dos Oliveiras,5.0,5.0,,,,,,,,,,,,,,,,,,,,,,,,,,,,,,,0,0
1230676911873998807,apartamento,3,1.0,8,3,0,350.0,0.0,Meia Praia,0.0,,,,,,,,,,,,,,,,,,,,,,,,,,,,,,,,0,0
1219440451890811691,apartamento,3,3.0,10,4,0,450.0,0.0,Meia Praia,0.0,,,,,,,,,,,,,,,,,,,,,,,,,,,,,,,,0,0
37394362,outros,1,1.0,4,1,0,0.0,0.0,Sertao do Trombudo,0.0,,,,,,,,,,,,,,,,,,,,,,,,,,,,,,,,0,0
1295160701752430552,apartamento,2,1.0,6,4,5,100.0,4.0,Centro,4.0,4.0,,,,,,,,,,,,,,,,,,,,,,,,,,,,,,,0,0
1011115904222911872,apartamento,3,2.0,6,3,15,350.0,5.0,Meia Praia,5.0,5.0,13.0,39.0,67.0,728.8461538461538,861.1752128205128,751.4601985074627,700.0,700.0,700.0,13.0,39.0,67.0,700.0,700.0,541.0,700.0,841.66665,755.41665,11900.0,14700.0,16800.0,0.5666666666666667,0.35,0.26373626373626374,17.0,21.0,24.0,True,True,True,1,1
1303875579914032798,apartamento,2,2.0,5,2,0,200.0,0.0,Tabuleiro dos Oliveiras,0.0,,,,,,,,,,,,,,,,,,,,,,,,,,,,,,,,0,0
1094357489158599823,apartamento,4,2.0,6,0,0,0.0,0.0,Centro,0.0,,,,,,,,,,,,,,,,,,,,,,,,,,,,,,,,0,0
1254232203932052126,apartamento,3,2.0,6,4,6,290.0,5.0,Meia Praia,5.0,5.0,,,,,,,,,,,,,,,,,,,,,,,,,,,,,,,0,0
1150663639430720811,casa,3,3.0,12,4,1,100.0,5.0,Areal,5.0,5.0,,,,,,,,,,,,,,,,,,,,,,,,,,,,,,,0,0
1264562560195071226,apartamento,2,1.0,6,1,0,350.0,0.0,Meia Praia,0.0,,,,,,,,,,,,,,,,,,,,,,,,,,,,,,,,0,0
1105718342831359474,apartamento,2,2.0,4,3,5,200.0,4.599999904632568,Meia Praia,4.599999904632568,4.599999904632568,,,,,,,,,,,,,,,,,,,,,,,,,,,,,,,0,0
1183396764840650494,apartamento,4,2.0,10,4,0,400.0,0.0,Meia Praia,0.0,,,,,,,,,,,,,,,,,,,,,,,,,,,,,,,,0,0
32990586,apartamento,3,2.0,6,5,23,350.0,4.960000038146973,Meia Praia,4.960000038146973,4.960000038146973,24.0,40.0,67.0,1083.3333333333333,1133.05,998.8358208955224,1150.0,1150.0,950.0,24.0,40.0,67.0,950.0,1150.0,800.0,1150.0,1150.0,1150.0,6900.0,23000.0,22800.0,0.2,0.3333333333333333,0.26373626373626374,6.0,20.0,24.0,True,True,True,1,1
1075393181592380782,apartamento,4,3.0,10,5,0,250.0,0.0,Meia Praia,0.0,,,,,,,,,,,,,,,,,,,,,,,,,,,,,,,,0,0
1213258423467625050,apartamento,2,1.0,6,2,1,250.0,4.0,Meia Praia,4.0,4.0,,,,,,,,,,,,,,,,,,,,,,,,,,,,,,,0,0
21454457,apartamento,2,1.0,5,2,57,320.0,4.809999942779541,Meia Praia,4.809999942779541,4.809999942779541,0.0,4.0,8.0,,300.0,236.0,,300.0,236.0,0.0,4.0,8.0,,300.0,172.0,,300.0,300.0,,16800.0,19588.0,1.0,0.9333333333333333,0.9120879120879121,30.0,56.0,83.0,False,True,True,1,1
828036946101813387,apartamento,2,2.0,6,4,12,260.0,5.0,Morretes,5.0,5.0,0.0,7.0,24.0,,554.2857142857143,341.3541666666667,,745.0,251.25,0.0,7.0,24.0,,300.0,240.0,,745.0,300.0,,39485.0,16833.75,1.0,0.8833333333333333,0.7362637362637363,30.0,53.0,67.0,False,True,True,1,1
1300065513439125772,apartamento,3,3.0,9,4,2,350.0,5.0,Meia Praia,5.0,5.0,,,,,,,,,,,,,,,,,,,,,,,,,,,,,,,0,0
1291472677278074629,apartamento,2,2.0,5,3,1,0.0,5.0,Morretes,5.0,5.0,,,,,,,,,,,,,,,,,,,,,,,,,,,,,,,0,0
807368706778426558,apartamento,3,3.0,8,4,12,300.0,4.829999923706055,Meia Praia,4.829999923706055,4.829999923706055,,,,,,,,,,,,,,,,,,,,,,,,,,,,,,,0,0
1063807278503566143,apartamento,2,2.0,6,3,5,280.0,5.0,Centro,5.0,5.0,3.0,21.0,49.0,606.6666666666666,509.35714285714283,431.9591836734694,570.0,488.0,480.0,3.0,21.0,49.0,570.0,480.0,299.0,625.0,490.0,488.0,15390.0,19032.0,20160.0,0.9,0.65,0.46153846153846156,27.0,39.0,42.0,True,True,True,1,1
38616586,apartamento,3,2.0,8,3,7,300.0,5.0,Meia Praia,5.0,5.0,,,,,,,,,,,,,,,,,,,,,,,,,,,,,,,0,0
628897724940732017,apartamento,4,3.0,10,4,21,250.0,4.949999809265137,Meia Praia,4.949999809265137,4.949999809265137,,,,,,,,,,,,,,,,,,,,,,,,,,,,,,,0,0
53325047,apartamento,2,2.0,6,2,20,250.0,4.900000095367432,Meia Praia,4.900000095367432,4.900000095367432,4.0,20.0,41.0,600.0,511.35,456.1463414634146,600.0,450.0,450.0,4.0,20.0,41.0,600.0,450.0,450.0,600.0,600.0,450.0,15600.0,18000.0,22500.0,0.8666666666666667,0.6666666666666666,0.5494505494505495,26.0,40.0,50.0,True,True,True,1,1
1059563894852615252,apartamento,3,3.0,9,8,0,700.0,0.0,Meia Praia,0.0,,,,,,,,,,,,,,,,,,,,,,,,,,,,,,,,0,0
873255393900331818,apartamento,3,2.0,6,3,20,200.0,4.75,Meia Praia,4.75,4.75,10.0,40.0,71.0,589.0,789.45,656.1267605633802,625.0,625.0,533.0,10.0,40.0,71.0,535.0,533.0,533.0,625.0,823.75,625.0,12500.0,12500.0,10660.0,0.6666666666666666,0.3333333333333333,0.21978021978021978,20.0,20.0,20.0,True,True,True,1,1
53113087,apartamento,3,2.0,8,3,12,300.0,5.0,Meia Praia,5.0,5.0,11.0,21.0,48.0,631.0909090909091,630.0952380952381,519.84028,650.0,650.0,440.16667,11.0,21.0,48.0,650.0,650.0,400.0,650.0,650.0,650.0,12350.0,25350.0,18927.16681,0.6333333333333333,0.65,0.4725274725274725,19.0,39.0,43.0,True,True,True,1,1
1197121947398131654,apartamento,1,1.0,2,1,21,170.0,4.670000076293945,Centro,4.670000076293945,4.670000076293945,4.0,21.0,50.0,380.5,417.04761904761904,408.64,387.5,411.0,387.5,4.0,21.0,50.0,376.75,385.0,372.0,391.25,440.0,434.75,10075.0,16029.0,15887.5,0.8666666666666667,0.65,0.45054945054945056,26.0,39.0,41.0,True,True,True,1,1
53030717,apartamento,3,3.0,4,3,0,350.0,0.0,Meia Praia,0.0,,,,,,,,,,,,,,,,,,,,,,,,,,,,,,,,0,0
53815397,apartamento,1,1.0,2,1,86,0.0,4.929999828338623,Alto Sao Bento,4.929999828338623,4.929999828338623,,,,,,,,,,,,,,,,,,,,,,,,,,,,,,,0,0
52350730,apartamento,3,2.0,6,3,0,250.0,0.0,Meia Praia,0.0,,,,,,,,,,,,,,,,,,,,,,,,,,,,,,,,0,0
1297982613778280118,apartamento,2,2.0,4,2,0,0.0,0.0,Meia Praia,0.0,,,,,,,,,,,,,,,,,,,,,,,,,,,,,,,,0,0
39721922,casa,2,2.0,6,2,0,0.0,0.0,Leopoldo Zarling,0.0,,,,,,,,,,,,,,,,,,,,,,,,,,,,,,,,0,0
1317384292826834585,apartamento,1,1.0,4,1,4,0.0,3.25,Varzea,3.25,3.25,,,,,,,,,,,,,,,,,,,,,,,,,,,,,,,0,0
999340430615610174,apartamento,1,1.0,4,1,0,200.0,0.0,Meia Praia,0.0,,,,,,,,,,,,,,,,,,,,,,,,,,,,,,,,0,0
781938884905307303,apartamento,2,1.0,6,3,4,150.0,4.25,Meia Praia,4.25,4.25,,,,,,,,,,,,,,,,,,,,,,,,,,,,,,,0,0
31021686,apartamento,4,4.0,12,8,0,450.0,0.0,Morretes,0.0,,,,,,,,,,,,,,,,,,,,,,,,,,,,,,,,0,0
22190101,apartamento,2,1.0,7,3,38,200.0,4.889999866485596,Meia Praia,4.889999866485596,4.889999866485596,0.0,15.0,46.0,,316.6666666666667,271.7391304347826,,300.0,250.0,0.0,15.0,46.0,,250.0,250.0,,400.0,250.0,,13500.0,11250.0,1.0,0.75,0.4945054945054945,30.0,45.0,45.0,False,True,True,1,1
1316268483085782889,outros,0,2.0,4,6,0,28.0,0.0,Meia Praia,0.0,,,,,,,,,,,,,,,,,,,,,,,,,,,,,,,,0,0
1055734074895960762,apartamento,2,2.0,5,2,2,300.0,5.0,Centro,5.0,5.0,,,,,,,,,,,,,,,,,,,,,,,,,,,,,,,0,0
741851754120319750,apartamento,2,3.0,8,8,0,150.0,0.0,Morretes,0.0,,,,,,,,,,,,,,,,,,,,,,,,,,,,,,,,0,0
800942299109284552,apartamento,2,2.0,5,5,22,100.0,4.860000133514404,Morretes,4.860000133514404,4.860000133514404,4.0,21.0,39.0,350.0,328.57142857142856,306.4102564102564,350.0,300.0,300.0,4.0,21.0,39.0,350.0,300.0,300.0,350.0,350.0,300.0,9100.0,11700.0,15600.0,0.8666666666666667,0.65,0.5714285714285714,26.0,39.0,52.0,True,True,True,1,1
1295149514360772183,apartamento,3,2.0,6,3,2,0.0,4.5,Meia Praia,4.5,4.5,,,,,,,,,,,,,,,,,,,,,,,,,,,,,,,0,0
1049768725414253564,apartamento,2,1.0,7,3,0,250.0,0.0,Meia Praia,0.0,,,,,,,,,,,,,,,,,,,,,,,,,,,,,,,,0,0
15517506,apartamento,3,4.0,12,3,0,220.0,0.0,Meia Praia,0.0,,,,,,,,,,,,,,,,,,,,,,,,,,,,,,,,0,0
21547223,apartamento,1,1.0,2,1,1,180.0,5.0,Meia Praia,5.0,5.0,,,,,,,,,,,,,,,,,,,,,,,,,,,,,,,0,0
16028904,apartamento,3,2.0,8,3,3,300.0,4.0,Meia Praia,4.0,4.0,,,,,,,,,,,,,,,,,,,,,,,,,,,,,,,0,0
1181971107577983158,apartamento,1,1.0,2,1,15,150.0,4.929999828338623,Centro,4.929999828338623,4.929999828338623,8.0,38.0,69.0,353.0,395.4122815789474,398.7777782608696,352.0,385.0,372.0,8.0,38.0,69.0,318.25,361.875,372.0,387.75,433.75,419.0,7744.0,8470.0,8184.0,0.7333333333333333,0.36666666666666664,0.24175824175824176,22.0,22.0,22.0,True,True,True,1,1
1226922486291226528,apartamento,2,2.0,6,2,0,250.0,0.0,Meia Praia,0.0,,,,,,,,,,,,,,,,,,,,,,,,,,,,,,,,0,0
1318867545790629357,outros,0,2.0,10,6,2,0.0,5.0,Meia Praia,5.0,5.0,,,,,,,,,,,,,,,,,,,,,,,,,,,,,,,0,0
781223884036842600,apartamento,2,2.0,5,2,26,250.0,4.650000095367432,Meia Praia,4.650000095367432,4.650000095367432,8.0,34.0,62.0,500.0,436.02941176470586,364.758064516129,500.0,500.0,337.5,8.0,34.0,62.0,500.0,380.0,270.0,500.0,500.0,500.0,11000.0,13000.0,9787.5,0.7333333333333333,0.43333333333333335,0.31868131868131866,22.0,26.0,29.0,True,True,True,1,0
31551540,apartamento,2,1.0,5,2,4,250.0,4.75,Centro,4.75,4.75,,,,,,,,,,,,,,,,,,,,,,,,,,,,,,,0,0
1258223404812828899,apartamento,3,3.0,6,3,0,450.0,0.0,Meia Praia,0.0,,,,,,,,,,,,,,,,,,,,,,,,,,,,,,,,0,0
719470154524862442,apartamento,3,2.0,7,3,0,190.0,0.0,Meia Praia,0.0,,,,,,,,,,,,,,,,,,,,,,,,,,,,,,,,0,0
1268021781075347257,apartamento,3,3.0,9,3,0,250.0,0.0,Meia Praia,0.0,,,,,,,,,,,,,,,,,,,,,,,,,,,,,,,,0,0
23443863,apartamento,4,3.0,10,7,1,350.0,5.0,Meia Praia,5.0,5.0,,,,,,,,,,,,,,,,,,,,,,,,,,,,,,,0,0
1271829505541557068,casa,3,2.0,10,4,1,200.0,5.0,Centro,5.0,5.0,,,,,,,,,,,,,,,,,,,,,,,,,,,,,,,0,0
53706823,apartamento,2,2.0,7,2,25,0.0,4.920000076293945,Meia Praia,4.920000076293945,4.920000076293945,,,,,,,,,,,,,,,,,,,,,,,,,,,,,,,0,0
1225568901497610397,apartamento,2,2.0,6,4,5,250.0,4.599999904632568,Meia Praia,4.599999904632568,4.599999904632568,,,,,,,,,,,,,,,,,,,,,,,,,,,,,,,0,0
1313264592943731140,apartamento,4,3.0,8,4,1,300.0,5.0,Meia Praia,5.0,5.0,,,,,,,,,,,,,,,,,,,,,,,,,,,,,,,0,0
1241963775870811556,apartamento,2,1.0,6,2,0,150.0,0.0,Meia Praia,0.0,,,,,,,,,,,,,,,,,,,,,,,,,,,,,,,,0,0
1306097236294644480,apartamento,3,3.0,8,5,0,350.0,0.0,Meia Praia,0.0,,,,,,,,,,,,,,,,,,,,,,,,,,,,,,,,0,0
913929715874853789,apartamento,4,3.0,9,6,27,400.0,4.889999866485596,Meia Praia,4.889999866485596,4.889999866485596,2.0,21.0,52.0,919.0,983.1746,919.5320499999999,919.0,949.0,899.0,2.0,21.0,52.0,919.0,899.0,849.0,919.0,949.0,949.0,25732.0,37011.0,35061.0,0.9333333333333333,0.65,0.42857142857142855,28.0,39.0,39.0,True,True,True,1,1
50480389,casa,3,2.0,8,4,1,300.0,5.0,Meia Praia,5.0,5.0,,,,,,,,,,,,,,,,,,,,,,,,,,,,,,,0,0
601592861131264636,apartamento,3,4.0,8,6,2,200.0,4.5,Meia Praia,4.5,4.5,,,,,,,,,,,,,,,,,,,,,,,,,,,,,,,0,0
775408609937031728,casa,3,3.0,12,3,3,0.0,5.0,Morretes,5.0,5.0,,,,,,,,,,,,,,,,,,,,,,,,,,,,,,,0,0
1068324036682185254,apartamento,3,2.0,7,3,1,250.0,5.0,Meia Praia,5.0,5.0,,,,,,,,,,,,,,,,,,,,,,,,,,,,,,,0,0
22421606,casa,2,1.0,11,8,27,100.0,4.849999904632568,Morretes,4.849999904632568,4.849999904632568,6.0,21.0,40.0,517.1666666666666,440.0952380952381,389.225,480.0,361.0,361.0,6.0,21.0,40.0,480.0,361.0,333.0,480.0,480.0,377.75,11520.0,14079.0,18411.0,0.8,0.65,0.5604395604395604,24.0,39.0,51.0,True,True,True,1,1
1063147119591984114,apartamento,2,1.0,5,2,0,200.0,0.0,Centro,0.0,,,,,,,,,,,,,,,,,,,,,,,,,,,,,,,,0,0
818048500029963765,apartamento,4,3.0,8,4,4,350.0,5.0,Meia Praia,5.0,5.0,,,,,,,,,,,,,,,,,,,,,,,,,,,,,,,0,0
681894806923375678,apartamento,3,4.0,8,3,19,300.0,5.0,Meia Praia,5.0,5.0,0.0,18.0,29.0,,903.5555555555555,785.3793103448276,,1042.5,592.0,0.0,18.0,29.0,,614.3333,592.0,,1192.0,1083.3334,,43785.0,36704.0,1.0,0.7,0.6813186813186813,30.0,42.0,62.0,False,True,True,1,1
755031430628890275,apartamento,3,2.0,6,3,1,250.0,5.0,Meia Praia,5.0,5.0,,,,,,,,,,,,,,,,,,,,,,,,,,,,,,,0,0
854324725717354272,apartamento,3,2.0,7,3,7,200.0,4.429999828338623,Meia Praia,4.429999828338623,4.429999828338623,,,,,,,,,,,,,,,,,,,,,,,,,,,,,,,0,0
944913407874781242,hotel,2,2.0,6,2,2,460.0,4.5,Morretes,4.5,4.5,,,,,,,,,,,,,,,,,,,,,,,,,,,,,,,0,0
1265161823691467042,apartamento,1,1.0,4,2,8,190.0,5.0,Centro,5.0,5.0,8.0,38.0,69.0,648.25,644.7631578947369,578.2898550724638,660.0,663.0,550.0,8.0,38.0,69.0,653.0,519.25,495.0,665.5,759.0,666.0,14520.0,14586.0,12100.0,0.7333333333333333,0.36666666666666664,0.24175824175824176,22.0,22.0,22.0,True,True,True,1,1
927428318431949202,hotel,3,2.0,9,4,0,575.0,0.0,Meia Praia,0.0,,,,,,,,,,,,,,,,,,,,,,,,,,,,,,,,0,0
1275479435641237202,apartamento,3,2.0,6,3,0,180.0,0.0,Meia Praia,0.0,,,,,,,,,,,,,,,,,,,,,,,,,,,,,,,,0,0
755690841665214982,apartamento,3,2.0,6,4,0,250.0,0.0,Centro,0.0,,,,,,,,,,,,,,,,,,,,,,,,,,,,,,,,0,0
27852364,apartamento,3,2.0,8,4,4,499.0,4.5,Centro,4.5,4.5,,,,,,,,,,,,,,,,,,,,,,,,,,,,,,,0,0
978244263452010977,apartamento,2,1.0,6,2,33,200.0,4.940000057220459,Meia Praia,4.940000057220459,4.940000057220459,3.0,23.0,47.0,370.0,431.6521739130435,433.63829787234044,380.0,456.0,456.0,3.0,23.0,47.0,365.0,361.0,380.0,380.0,456.0,456.0,10260.0,16872.0,20064.0,0.9,0.6166666666666667,0.4835164835164835,27.0,37.0,44.0,True,True,True,1,1
1317289846953500028,apartamento,2,2.0,4,2,0,250.0,0.0,Morretes,0.0,,,,,,,,,,,,,,,,,,,,,,,,,,,,,,,,0,0
794996321339600522,apartamento,2,2.0,6,2,8,250.0,5.0,Meia Praia,5.0,5.0,10.0,27.0,58.0,510.0,456.18518518518516,371.8448275862069,500.0,450.0,350.0,10.0,27.0,58.0,500.0,450.0,250.0,500.0,500.0,450.0,10000.0,14850.0,11550.0,0.6666666666666666,0.55,0.3626373626373626,20.0,33.0,33.0,True,True,True,1,1
41664387,outros,1,1.0,2,1,142,0.0,4.989999771118164,Meia Praia,4.989999771118164,4.989999771118164,,,,,,,,,,,,,,,,,,,,,,,,,,,,,,,0,0
1077396104359577731,apartamento,3,2.0,6,3,9,30.0,4.78000020980835,Meia Praia,4.78000020980835,4.78000020980835,,,,,,,,,,,,,,,,,,,,,,,,,,,,,,,0,0
54196670,apartamento,2,2.0,7,3,3,250.0,5.0,Centro,5.0,5.0,,,,,,,,,,,,,,,,,,,,,,,,,,,,,,,0,0
1002785860497857801,apartamento,3,2.0,6,3,12,0.0,5.0,Meia Praia,5.0,5.0,4.0,34.0,65.0,623.75,537.7205882352941,494.5153846153846,625.0,542.5,438.0,4.0,34.0,65.0,548.75,500.0,438.0,700.0,570.0,545.0,16250.0,14105.0,11388.0,0.8666666666666667,0.43333333333333335,0.2857142857142857,26.0,26.0,26.0,True,True,True,1,1
21608050,apartamento,3,2.0,7,4,5,200.0,4.599999904632568,Centro,4.599999904632568,4.599999904632568,,,,,,,,,,,,,,,,,,,,,,,,,,,,,,,0,0
1297798923844211366,apartamento,2,1.0,6,2,2,0.0,5.0,Tabuleiro dos Oliveiras,5.0,5.0,,,,,,,,,,,,,,,,,,,,,,,,,,,,,,,0,0
1310298092659359080,apartamento,3,3.0,8,3,1,200.0,5.0,Centro,5.0,5.0,,,,,,,,,,,,,,,,,,,,,,,,,,,,,,,0,0
694313018923554703,apartamento,3,2.0,7,3,5,380.0,5.0,Meia Praia,5.0,5.0,7.0,18.0,25.0,1040.0,1398.342588888889,1188.806664,1040.0,1365.0,1040.0,7.0,18.0,25.0,1040.0,1040.0,650.0,1040.0,1867.125,1820.0,23920.0,57330.0,68640.0,0.7666666666666667,0.7,0.7252747252747253,23.0,42.0,66.0,True,True,True,1,1
1311201273743600960,apartamento,3,3.0,12,6,1,275.0,5.0,Meia Praia,5.0,5.0,,,,,,,,,,,,,,,,,,,,,,,,,,,,,,,0,0
1090096975026452849,apartamento,2,2.0,6,2,1,250.0,5.0,Meia Praia,5.0,5.0,,,,,,,,,,,,,,,,,,,,,,,,,,,,,,,0,0
22648075,apartamento,2,2.0,6,5,16,150.0,5.0,Centro,5.0,5.0,17.0,38.0,65.0,499.94117647058823,431.2368421052632,396.66153846153844,539.0,456.0,348.0,17.0,38.0,65.0,456.0,350.0,348.0,539.0,456.0,456.0,7007.0,10032.0,9048.0,0.43333333333333335,0.36666666666666664,0.2857142857142857,13.0,22.0,26.0,True,True,True,1,0
549802551493491771,apartamento,2,2.0,4,0,4,0.0,5.0,Tabuleiro dos Oliveiras,5.0,5.0,,,,,,,,,,,,,,,,,,,,,,,,,,,,,,,0,0
1297882475361338003,apartamento,2,1.0,4,3,1,0.0,5.0,Meia Praia,5.0,5.0,,,,,,,,,,,,,,,,,,,,,,,,,,,,,,,0,0
708889911065031410,apartamento,4,3.0,8,5,0,500.0,0.0,Meia Praia,0.0,,,,,,,,,,,,,,,,,,,,,,,,,,,,,,,,0,0
1289819035449109072,apartamento,3,4.0,8,3,0,350.0,0.0,Meia Praia,0.0,,,,,,,,,,,,,,,,,,,,,,,,,,,,,,,,0,0
969451363844464830,apartamento,3,2.0,7,4,1,180.0,5.0,Centro,5.0,5.0,,,,,,,,,,,,,,,,,,,,,,,,,,,,,,,0,0
41682475,apartamento,3,2.0,8,3,7,200.0,5.0,Meia Praia,5.0,5.0,10.0,14.0,43.0,700.0,614.2857142857143,469.7674418604651,700.0,700.0,400.0,10.0,14.0,43.0,700.0,475.0,400.0,700.0,700.0,400.0,14000.0,32200.0,19200.0,0.6666666666666666,0.7666666666666667,0.5274725274725275,20.0,46.0,48.0,True,True,True,1,0
1315207320332089099,casa,3,2.0,9,6,1,330.0,5.0,Meia Praia,5.0,5.0,,,,,,,,,,,,,,,,,,,,,,,,,,,,,,,0,0
1147377772301199310,apartamento,2,2.0,6,3,2,250.0,5.0,Morretes,5.0,5.0,,,,,,,,,,,,,,,,,,,,,,,,,,,,,,,0,0
29296285,apartamento,2,2.0,4,3,0,100.0,0.0,Tabuleiro dos Oliveiras,0.0,,,,,,,,,,,,,,,,,,,,,,,,,,,,,,,,0,0
46048925,apartamento,3,3.0,8,3,11,300.0,5.0,Meia Praia,5.0,5.0,10.0,40.0,71.0,940.63333,959.0187474999999,939.9260521126761,910.0,935.5,910.0,10.0,40.0,71.0,910.0,910.0,910.0,962.749975,1000.0,956.16665,18200.0,18710.0,18200.0,0.6666666666666666,0.3333333333333333,0.21978021978021978,20.0,20.0,20.0,True,True,True,1,1
1004496327455456339,apartamento,2,2.0,6,3,16,300.0,5.0,Morretes,5.0,5.0,19.0,49.0,79.0,393.7105263157895,431.2448979591837,374.96835443037975,380.0,381.0,353.0,19.0,49.0,79.0,380.0,380.0,299.5,415.0,420.5,400.0,4180.0,4191.0,4236.0,0.36666666666666664,0.18333333333333332,0.13186813186813187,11.0,11.0,12.0,True,True,True,1,1
1227533252626886641,apartamento,3,4.0,8,3,0,350.0,0.0,Meia Praia,0.0,,,,,,,,,,,,,,,,,,,,,,,,,,,,,,,,0,0
51822238,apartamento,3,2.0,8,3,1,200.0,5.0,Meia Praia,5.0,5.0,,,,,,,,,,,,,,,,,,,,,,,,,,,,,,,0,0
673826267743797671,apartamento,3,4.0,8,3,14,300.0,4.929999828338623,Meia Praia,4.929999828338623,4.929999828338623,0.0,16.0,27.0,,753.6875,733.4444444444445,,760.0,704.0,0.0,16.0,27.0,,704.0,704.0,,760.0,760.0,,33440.0,45056.0,1.0,0.7333333333333333,0.7032967032967034,30.0,44.0,64.0,False,True,True,1,1
35968764,outros,1,1.0,2,1,3,50.0,5.0,Canto da Praia,5.0,5.0,,,,,,,,,,,,,,,,,,,,,,,,,,,,,,,0,0
783273442010116233,apartamento,3,2.0,8,6,0,250.0,0.0,Meia Praia,0.0,,,,,,,,,,,,,,,,,,,,,,,,,,,,,,,,0,0
1317538910104639213,casa,1,1.0,5,1,4,0.0,5.0,Alto Sao Bento,5.0,5.0,,,,,,,,,,,,,,,,,,,,,,,,,,,,,,,0,0
1294285206500696186,apartamento,2,1.0,7,5,0,230.0,0.0,Meia Praia,0.0,,,,,,,,,,,,,,,,,,,,,,,,,,,,,,,,0,0
559894916966869313,casa,3,3.0,8,3,0,200.0,0.0,Morretes,0.0,,,,,,,,,,,,,,,,,,,,,,,,,,,,,,,,0,0
1025140138154324694,apartamento,3,2.0,7,4,0,0.0,0.0,Meia Praia,0.0,,,,,,,,,,,,,,,,,,,,,,,,,,,,,,,,0,0
1147824179020677628,apartamento,1,1.0,4,2,11,140.0,5.0,Centro,5.0,5.0,1.0,12.0,42.0,440.0,492.9583333333333,455.1309523809524,440.0,460.75,440.0,1.0,12.0,42.0,440.0,440.0,440.0,440.0,528.0,440.0,12760.0,22116.0,21560.0,0.9666666666666667,0.8,0.5384615384615384,29.0,48.0,49.0,True,True,True,1,1
1031137498228753995,apartamento,3,2.0,8,0,0,300.0,0.0,Meia Praia,0.0,,,,,,,,,,,,,,,,,,,,,,,,,,,,,,,,0,0
1239056179694723410,apartamento,0,1.0,4,2,6,230.0,4.670000076293945,Meia Praia,4.670000076293945,4.670000076293945,,,,,,,,,,,,,,,,,,,,,,,,,,,,,,,0,0
1045520246239520927,apartamento,3,3.0,6,3,0,400.0,0.0,Centro,0.0,,20.0,50.0,81.0,934.47619,920.2666680000001,950.7818938271604,907.14285,900.0,957.1429,20.0,50.0,81.0,900.0,900.0,900.0,970.000025,932.142825,1000.0,9071.4285,9000.0,9571.429,0.3333333333333333,0.16666666666666666,0.10989010989010989,10.0,10.0,10.0,True,True,True,1,0
20943549,apartamento,2,2.0,6,2,27,220.0,4.960000038146973,Meia Praia,4.960000038146973,4.960000038146973,5.0,26.0,57.0,400.0,468.2692307692308,381.76432736842105,400.0,400.0,400.0,5.0,26.0,57.0,400.0,400.0,260.0,400.0,600.0,400.0,10000.0,13600.0,13600.0,0.8333333333333334,0.5666666666666667,0.37362637362637363,25.0,34.0,34.0,True,True,True,1,1
47213093,apartamento,2,2.0,4,2,14,250.0,4.929999828338623,Meia Praia,4.929999828338623,4.929999828338623,2.0,11.0,22.0,351.0,351.0,290.5,351.0,351.0,290.5,2.0,11.0,22.0,351.0,351.0,230.0,351.0,351.0,351.0,9828.0,17199.0,20044.5,0.9333333333333333,0.8166666666666667,0.7582417582417582,28.0,49.0,69.0,True,True,True,1,1
1283951524298463459,apartamento,2,1.0,4,2,2,175.0,5.0,Casa Branca,5.0,5.0,,,,,,,,,,,,,,,,,,,,,,,,,,,,,,,0,0
1293613882934791177,apartamento,3,1.0,6,4,0,300.0,0.0,Meia Praia,0.0,,,,,,,,,,,,,,,,,,,,,,,,,,,,,,,,0,0
1310948828934945578,apartamento,3,2.0,6,4,1,350.0,5.0,Meia Praia,5.0,5.0,,,,,,,,,,,,,,,,,,,,,,,,,,,,,,,0,0
53474066,apartamento,3,2.0,7,3,15,200.0,4.670000076293945,Centro,4.670000076293945,4.670000076293945,2.0,14.0,38.0,800.0,882.1428571428571,861.8421052631579,800.0,900.0,850.0,2.0,14.0,38.0,800.0,900.0,850.0,800.0,900.0,900.0,22400.0,41400.0,45050.0,0.9333333333333333,0.7666666666666667,0.5824175824175825,28.0,46.0,53.0,True,True,True,1,1
1051670951690974780,apartamento,3,3.0,5,3,1,0.0,5.0,Meia Praia,5.0,5.0,,,,,,,,,,,,,,,,,,,,,,,,,,,,,,,0,0
931420427404508155,apartamento,3,2.0,8,0,2,250.0,5.0,Meia Praia,5.0,5.0,,,,,,,,,,,,,,,,,,,,,,,,,,,,,,,0,0
1249385754807434824,apartamento,1,1.0,4,2,7,190.0,4.570000171661377,Centro,4.570000171661377,4.570000171661377,6.0,32.0,63.0,634.75,595.984375,536.7380952380952,635.0,607.0,471.0,6.0,32.0,63.0,635.0,446.0,445.5,639.875,693.0,638.25,15240.0,16996.0,13188.0,0.8,0.4666666666666667,0.3076923076923077,24.0,28.0,28.0,True,True,True,1,1
1244463705657703591,outros,1,1.0,2,1,1,150.0,5.0,Meia Praia,5.0,5.0,,,,,,,,,,,,,,,,,,,,,,,,,,,,,,,0,0
46941758,apartamento,3,2.0,8,8,11,350.0,4.449999809265137,Centro,4.449999809265137,4.449999809265137,,,,,,,,,,,,,,,,,,,,,,,,,,,,,,,0,0
1294398408677640574,apartamento,2,2.0,5,1,2,200.0,5.0,Morretes,5.0,5.0,,,,,,,,,,,,,,,,,,,,,,,,,,,,,,,0,0
786984063703855942,apartamento,3,2.0,8,4,0,250.0,0.0,Centro,0.0,,,,,,,,,,,,,,,,,,,,,,,,,,,,,,,,0,0
50958684,apartamento,3,3.0,8,4,42,495.0,4.980000019073486,Meia Praia,4.980000019073486,4.980000019073486,5.0,35.0,66.0,1260.8,1068.4952400000002,989.6565666666667,1090.0,1090.0,920.0,5.0,35.0,66.0,1090.0,920.0,890.0,1517.0,1090.0,1090.0,27250.0,27250.0,23000.0,0.8333333333333334,0.4166666666666667,0.27472527472527475,25.0,25.0,25.0,True,True,True,1,1
34218930,apartamento,3,3.0,8,5,20,300.0,4.900000095367432,Meia Praia,4.900000095367432,4.900000095367432,12.0,28.0,58.0,870.0,894.0544607142857,726.2360620689656,920.0,920.0,570.0,12.0,28.0,58.0,800.0,800.0,560.0,920.0,979.625,920.0,16560.0,29440.0,18810.0,0.6,0.5333333333333333,0.3626373626373626,18.0,32.0,33.0,True,True,True,1,1
934785490071199312,apartamento,3,3.0,9,3,0,250.0,0.0,Meia Praia,0.0,,,,,,,,,,,,,,,,,,,,,,,,,,,,,,,,0,0
36743876,apartamento,3,3.0,6,1,0,200.0,0.0,Meia Praia,0.0,,,,,,,,,,,,,,,,,,,,,,,,,,,,,,,,0,0
1257491577900768321,apartamento,4,5.0,10,4,0,400.0,0.0,Meia Praia,0.0,,,,,,,,,,,,,,,,,,,,,,,,,,,,,,,,0,0
783834470480143792,apartamento,2,2.0,5,2,5,300.0,4.800000190734863,Morretes,4.800000190734863,4.800000190734863,,,,,,,,,,,,,,,,,,,,,,,,,,,,,,,0,0
796888019932075012,apartamento,2,2.0,5,6,3,180.0,5.0,Morretes,5.0,5.0,,,,,,,,,,,,,,,,,,,,,,,,,,,,,,,0,0
21780661,apartamento,2,1.0,4,3,20,200.0,4.900000095367432,Casa Branca,4.900000095367432,4.900000095367432,,,,,,,,,,,,,,,,,,,,,,,,,,,,,,,0,0
1026113758934446617,apartamento,3,3.0,8,4,0,350.0,0.0,Meia Praia,0.0,,,,,,,,,,,,,,,,,,,,,,,,,,,,,,,,0,0
30500731,apartamento,4,4.0,8,4,0,350.0,0.0,Meia Praia,0.0,,,,,,,,,,,,,,,,,,,,,,,,,,,,,,,,0,0
772706520794806760,casa,1,1.0,4,4,19,50.0,5.0,Varzea,5.0,5.0,9.0,9.0,9.0,450.0,450.0,450.0,450.0,450.0,450.0,9.0,9.0,9.0,450.0,450.0,450.0,450.0,450.0,450.0,9450.0,22950.0,36900.0,0.7,0.85,0.9010989010989011,21.0,51.0,82.0,True,True,True,1,0
1028108003887861879,hotel,1,1.0,2,1,11,0.0,5.0,Meia Praia,5.0,5.0,,,,,,,,,,,,,,,,,,,,,,,,,,,,,,,0,0
1220240494709674428,apartamento,2,1.0,4,2,0,362.0,0.0,Meia Praia,0.0,,,,,,,,,,,,,,,,,,,,,,,,,,,,,,,,0,0
48699117,apartamento,2,2.0,6,5,24,250.0,4.920000076293945,Meia Praia,4.920000076293945,4.920000076293945,0.0,13.0,39.0,,418.46153846153845,404.1025641025641,,420.0,420.0,0.0,13.0,39.0,,420.0,380.0,,420.0,420.0,,19740.0,21840.0,1.0,0.7833333333333333,0.5714285714285714,30.0,47.0,52.0,False,True,True,1,1
1158693871328965376,apartamento,3,2.0,5,0,0,0.0,0.0,Meia Praia,0.0,,,,,,,,,,,,,,,,,,,,,,,,,,,,,,,,0,0
32249282,apartamento,2,2.0,4,0,0,0.0,0.0,Centro,0.0,,,,,,,,,,,,,,,,,,,,,,,,,,,,,,,,0,0
1253418790143840292,apartamento,2,2.0,5,2,1,250.0,5.0,Tabuleiro dos Oliveiras,5.0,5.0,,,,,,,,,,,,,,,,,,,,,,,,,,,,,,,0,0
732572931172602640,apartamento,1,2.0,4,1,14,0.0,4.860000133514404,Alto Sao Bento,4.860000133514404,4.860000133514404,8.0,32.0,63.0,325.0,302.5,291.42857142857144,325.0,302.5,280.0,8.0,32.0,63.0,325.0,280.0,280.0,325.0,325.0,302.5,7150.0,8470.0,7840.0,0.7333333333333333,0.4666666666666667,0.3076923076923077,22.0,28.0,28.0,True,True,True,1,0
1258886924686320546,apartamento,4,3.0,9,6,1,450.0,5.0,Meia Praia,5.0,5.0,,,,,,,,,,,,,,,,,,,,,,,,,,,,,,,0,0
787545869098587310,apartamento,4,4.0,11,7,8,420.0,5.0,Morretes,5.0,5.0,,,,,,,,,,,,,,,,,,,,,,,,,,,,,,,0,0
1313728949277754767,apartamento,2,2.0,4,2,0,250.0,0.0,Morretes,0.0,,,,,,,,,,,,,,,,,,,,,,,,,,,,,,,,0,0
800161522701036278,apartamento,3,4.0,6,4,0,450.0,0.0,Meia Praia,0.0,,,,,,,,,,,,,,,,,,,,,,,,,,,,,,,,0,0
1260309948363472212,apartamento,3,2.0,8,5,1,300.0,4.0,Meia Praia,4.0,4.0,,,,,,,,,,,,,,,,,,,,,,,,,,,,,,,0,0
1202150668882366518,apartamento,4,3.0,10,4,0,400.0,0.0,Meia Praia,0.0,,,,,,,,,,,,,,,,,,,,,,,,,,,,,,,,0,0
1188323084225041810,apartamento,1,1.0,4,2,14,190.0,4.860000133514404,Centro,4.860000133514404,4.860000133514404,9.0,35.0,66.0,561.8333333333334,581.0761885714286,531.0075742424243,519.0,600.0,481.75,9.0,35.0,66.0,480.5,463.25,446.0,660.0,680.75,624.5833250000001,10899.0,15000.0,12043.75,0.7,0.4166666666666667,0.27472527472527475,21.0,25.0,25.0,True,True,True,1,1
1288295676440566087,apartamento,3,2.0,6,4,3,250.0,5.0,Meia Praia,5.0,5.0,,,,,,,,,,,,,,,,,,,,,,,,,,,,,,,0,0
41634696,casa,3,2.0,8,3,22,0.0,4.590000152587891,Sertaozinho,4.590000152587891,4.590000152587891,,,,,,,,,,,,,,,,,,,,,,,,,,,,,,,0,0
1310100237992945017,apartamento,3,4.0,7,3,1,300.0,5.0,Meia Praia,5.0,5.0,,,,,,,,,,,,,,,,,,,,,,,,,,,,,,,0,0
1242896115291721538,apartamento,2,2.0,6,4,1,250.0,5.0,Tabuleiro dos Oliveiras,5.0,5.0,,,,,,,,,,,,,,,,,,,,,,,,,,,,,,,0,0
47179602,apartamento,3,2.0,7,4,8,350.0,4.880000114440918,Meia Praia,4.880000114440918,4.880000114440918,,,,,,,,,,,,,,,,,,,,,,,,,,,,,,,0,0
1065385331423061988,apartamento,3,3.0,8,3,0,200.0,0.0,Centro,0.0,,,,,,,,,,,,,,,,,,,,,,,,,,,,,,,,0,0
39664483,apartamento,3,2.0,7,3,3,320.0,5.0,Centro,5.0,5.0,,,,,,,,,,,,,,,,,,,,,,,,,,,,,,,0,0
40224344,apartamento,3,2.0,9,3,10,300.0,4.900000095367432,Meia Praia,4.900000095367432,4.900000095367432,,,,,,,,,,,,,,,,,,,,,,,,,,,,,,,0,0
1036329392471661752,apartamento,2,1.0,6,4,2,50.0,5.0,Centro,5.0,5.0,,,,,,,,,,,,,,,,,,,,,,,,,,,,,,,0,0
869504505210568410,apartamento,2,2.0,5,2,6,350.0,5.0,Centro,5.0,5.0,19.0,49.0,80.0,973.6842105263158,1107.142857142857,1162.5,1000.0,1000.0,1250.0,19.0,49.0,80.0,950.0,1000.0,1000.0,1000.0,1250.0,1250.0,11000.0,11000.0,13750.0,0.36666666666666664,0.18333333333333332,0.12087912087912088,11.0,11.0,11.0,True,True,True,1,0
42788291,apartamento,3,2.0,7,4,43,200.0,4.880000114440918,Meia Praia,4.880000114440918,4.880000114440918,,,,,,,,,,,,,,,,,,,,,,,,,,,,,,,0,0
53402429,apartamento,4,3.0,8,6,0,400.0,0.0,Meia Praia,0.0,,,,,,,,,,,,,,,,,,,,,,,,,,,,,,,,0,0
1085348408933830146,apartamento,2,1.0,6,1,0,0.0,0.0,Meia Praia,0.0,,,,,,,,,,,,,,,,,,,,,,,,,,,,,,,,0,0
40989500,apartamento,2,2.0,6,8,7,250.0,4.570000171661377,Meia Praia,4.570000171661377,4.570000171661377,,,,,,,,,,,,,,,,,,,,,,,,,,,,,,,0,0
1058009712463559090,apartamento,3,3.0,8,4,2,300.0,5.0,Meia Praia,5.0,5.0,,,,,,,,,,,,,,,,,,,,,,,,,,,,,,,0,0
1048747479672054315,casa,1,1.0,2,1,1,100.0,5.0,Varzea,5.0,5.0,,,,,,,,,,,,,,,,,,,,,,,,,,,,,,,0,0
1085437829031467755,apartamento,2,2.0,6,2,1,200.0,5.0,Centro,5.0,5.0,0.0,14.0,45.0,,942.8571428571429,662.222224,,1000.0,583.3333,0.0,14.0,45.0,,1000.0,500.0,,1000.0,1000.0,,46000.0,26833.3318,1.0,0.7666666666666667,0.5054945054945055,30.0,46.0,46.0,False,True,True,1,0
1043253170481639692,apartamento,3,1.0,8,2,0,250.0,0.0,Meia Praia,0.0,,,,,,,,,,,,,,,,,,,,,,,,,,,,,,,,0,0
821920276390293366,apartamento,3,4.0,8,5,19,250.0,5.0,Meia Praia,5.0,5.0,11.0,25.0,38.0,740.9090909090909,725.1,601.1052631578947,650.0,650.0,650.0,11.0,25.0,38.0,650.0,650.0,359.375,900.0,900.0,837.5,12350.0,22750.0,34450.0,0.6333333333333333,0.5833333333333334,0.5824175824175825,19.0,35.0,53.0,True,True,True,1,1
42335961,apartamento,3,2.0,8,5,17,250.0,4.940000057220459,Meia Praia,4.940000057220459,4.940000057220459,7.0,28.0,56.0,647.1428571428571,554.1428571428571,456.5357142857143,690.0,590.0,450.0,7.0,28.0,56.0,590.0,450.0,300.0,690.0,590.0,590.0,15870.0,18880.0,15750.0,0.7666666666666667,0.5333333333333333,0.38461538461538464,23.0,32.0,35.0,True,True,True,1,1
1047178848339451053,apartamento,3,2.0,7,3,2,300.0,5.0,Meia Praia,5.0,5.0,,,,,,,,,,,,,,,,,,,,,,,,,,,,,,,0,0
1034834401690359958,apartamento,3,2.0,8,6,0,0.0,0.0,Meia Praia,0.0,,,,,,,,,,,,,,,,,,,,,,,,,,,,,,,,0,0
46866680,apartamento,3,3.0,6,3,9,300.0,5.0,Meia Praia,5.0,5.0,3.0,28.0,59.0,500.0,489.5357142857143,470.4237288135593,500.0,450.0,450.0,3.0,28.0,59.0,500.0,450.0,450.0,500.0,550.0,474.5,13500.0,14400.0,14400.0,0.9,0.5333333333333333,0.3516483516483517,27.0,32.0,32.0,True,True,True,1,1
820853852181749006,apartamento,3,4.0,6,3,0,0.0,0.0,Meia Praia,0.0,,,,,,,,,,,,,,,,,,,,,,,,,,,,,,,,0,0
1313863643918666408,casa,16,16.0,16,16,0,0.0,0.0,Meia Praia,0.0,,,,,,,,,,,,,,,,,,,,,,,,,,,,,,,,0,0
750175589738501274,apartamento,2,1.0,6,4,21,100.0,4.760000228881836,Centro,4.760000228881836,4.760000228881836,,,,,,,,,,,,,,,,,,,,,,,,,,,,,,,0,0
860105942454694413,apartamento,3,2.0,9,3,0,200.0,0.0,Meia Praia,0.0,,,,,,,,,,,,,,,,,,,,,,,,,,,,,,,,0,0
777007864432486492,apartamento,2,2.0,4,2,1,220.0,5.0,Morretes,5.0,5.0,,,,,,,,,,,,,,,,,,,,,,,,,,,,,,,0,0
1241611184047961689,apartamento,3,2.0,8,8,2,0.0,5.0,Morretes,5.0,5.0,,,,,,,,,,,,,,,,,,,,,,,,,,,,,,,0,0
1311575286815584867,apartamento,2,2.0,6,5,1,210.0,5.0,Tabuleiro dos Oliveiras,5.0,5.0,21.0,51.0,82.0,907.3254,841.6029431372547,790.9603670731707,868.6667,844.0,753.0,21.0,51.0,82.0,844.0,739.0,679.0,919.5,917.25,872.0,7818.0003,7596.0,6777.0,0.3,0.15,0.0989010989010989,9.0,9.0,9.0,True,True,True,1,0
41317188,apartamento,3,3.0,7,4,4,300.0,5.0,Meia Praia,5.0,5.0,,,,,,,,,,,,,,,,,,,,,,,,,,,,,,,0,0
799129875640532531,apartamento,2,2.0,5,2,6,250.0,4.829999923706055,Morretes,4.829999923706055,4.829999923706055,,,,,,,,,,,,,,,,,,,,,,,,,,,,,,,0,0
1315513068814871645,apartamento,2,1.0,6,2,0,200.0,0.0,Meia Praia,0.0,,,,,,,,,,,,,,,,,,,,,,,,,,,,,,,,0,0
743224710628329962,apartamento,3,2.0,6,3,3,350.0,5.0,Meia Praia,5.0,5.0,,,,,,,,,,,,,,,,,,,,,,,,,,,,,,,0,0
31530689,apartamento,3,2.0,6,4,24,0.0,4.920000076293945,Meia Praia,4.920000076293945,4.920000076293945,16.0,43.0,74.0,703.5625,728.3604651162791,716.4797297297297,700.0,700.0,700.0,16.0,43.0,74.0,700.0,700.0,700.0,700.0,700.0,700.0,9800.0,11900.0,11900.0,0.4666666666666667,0.2833333333333333,0.18681318681318682,14.0,17.0,17.0,True,True,True,1,1
1283539179400796224,hotel,1,1.0,2,1,0,0.0,0.0,Ilhota,0.0,,,,,,,,,,,,,,,,,,,,,,,,,,,,,,,,0,0
1219633116101059428,apartamento,3,3.0,6,3,1,0.0,4.0,Meia Praia,4.0,4.0,,,,,,,,,,,,,,,,,,,,,,,,,,,,,,,0,0
52845343,apartamento,3,2.0,8,3,2,250.0,4.0,Meia Praia,4.0,4.0,,,,,,,,,,,,,,,,,,,,,,,,,,,,,,,0,0
1038203116924715165,apartamento,3,2.0,6,3,0,250.0,0.0,Morretes,0.0,,,,,,,,,,,,,,,,,,,,,,,,,,,,,,,,0,0
1161927707286622818,apartamento,1,1.0,2,1,27,250.0,5.0,Centro,5.0,5.0,2.0,6.0,32.0,276.5,243.16666666666666,213.4603415625,276.5,247.5,208.071425,2.0,6.0,32.0,257.75,207.5,190.95833249999998,295.25,256.0,228.0,7742.0,13365.0,12276.214075,0.9333333333333333,0.9,0.6483516483516484,28.0,54.0,59.0,True,True,True,1,1
1234728757158980090,outros,1,1.0,2,1,2,0.0,5.0,Meia Praia,5.0,5.0,,,,,,,,,,,,,,,,,,,,,,,,,,,,,,,0,0
1311664447955149186,casa,1,1.0,2,1,0,150.0,0.0,Centro,0.0,,,,,,,,,,,,,,,,,,,,,,,,,,,,,,,,0,0
1053132609735844516,apartamento,3,2.0,10,5,17,300.0,4.940000057220459,Meia Praia,4.940000057220459,4.940000057220459,0.0,11.0,11.0,,990.9090909090909,990.9090909090909,,1050.0,1050.0,0.0,11.0,11.0,,787.5,787.5,,1200.0,1200.0,,51450.0,84000.0,1.0,0.8166666666666667,0.8791208791208791,30.0,49.0,80.0,False,True,True,1,1
757094479685829275,casa,3,3.0,8,3,0,0.0,0.0,Ilhota,0.0,,,,,,,,,,,,,,,,,,,,,,,,,,,,,,,,0,0
40036539,apartamento,3,2.0,6,3,2,150.0,5.0,Meia Praia,5.0,5.0,,,,,,,,,,,,,,,,,,,,,,,,,,,,,,,0,0
1254454356021024631,apartamento,3,2.0,8,3,1,300.0,5.0,Meia Praia,5.0,5.0,,,,,,,,,,,,,,,,,,,,,,,,,,,,,,,0,0
789721918071761297,apartamento,3,3.0,10,7,0,300.0,0.0,Meia Praia,0.0,,,,,,,,,,,,,,,,,,,,,,,,,,,,,,,,0,0
1193414131980072087,apartamento,2,1.0,6,3,16,240.0,4.940000057220459,Centro,4.940000057220459,4.940000057220459,3.0,25.0,56.0,717.0,676.42,649.4910714285714,743.0,644.0,627.0,3.0,25.0,56.0,679.5,594.0,588.0,767.5,743.0,723.0,20061.0,22540.0,21945.0,0.9,0.5833333333333334,0.38461538461538464,27.0,35.0,35.0,True,True,True,1,1
30493854,apartamento,3,2.0,6,3,19,260.0,4.889999866485596,Meia Praia,4.889999866485596,4.889999866485596,0.0,21.0,32.0,,521.4285714285714,496.875,,450.0,450.0,0.0,21.0,32.0,,450.0,450.0,,700.0,450.0,,17550.0,26550.0,1.0,0.65,0.6483516483516484,30.0,39.0,59.0,False,True,True,1,1
1285469358606844167,apartamento,2,2.0,6,2,1,250.0,5.0,Meia Praia,5.0,5.0,,,,,,,,,,,,,,,,,,,,,,,,,,,,,,,0,0
6569062,apartamento,3,2.0,6,3,21,250.0,4.949999809265137,Meia Praia,4.949999809265137,4.949999809265137,30.0,60.0,90.0,732.5,706.0833333333334,720.7222222222222,712.5,675.0,732.5,30.0,60.0,90.0,675.0,675.0,675.0,800.0,728.75,750.0,0.0,0.0,732.5,0.0,0.0,0.01098901098901099,0.0,0.0,1.0,True,True,True,1,1
1033216780889607180,apartamento,3,2.0,8,4,1,300.0,5.0,Meia Praia,5.0,5.0,,,,,,,,,,,,,,,,,,,,,,,,,,,,,,,0,0
1072628338019760295,casa,3,3.0,10,4,0,0.0,0.0,Morretes,0.0,,,,,,,,,,,,,,,,,,,,,,,,,,,,,,,,0,0
1021276108598076840,apartamento,3,3.0,8,3,2,350.0,5.0,Centro,5.0,5.0,,,,,,,,,,,,,,,,,,,,,,,,,,,,,,,0,0
1317468256413703561,apartamento,2,2.0,5,2,0,300.0,0.0,Meia Praia,0.0,,,,,,,,,,,,,,,,,,,,,,,,,,,,,,,,0,0
1313081625949535881,apartamento,3,2.0,8,3,0,300.0,0.0,Meia Praia,0.0,,,,,,,,,,,,,,,,,,,,,,,,,,,,,,,,0,0
27582707,apartamento,3,2.0,6,4,1,250.0,5.0,Centro,5.0,5.0,,,,,,,,,,,,,,,,,,,,,,,,,,,,,,,0,0
1320624753089882960,apartamento,3,3.0,9,5,0,230.0,0.0,Meia Praia,0.0,,,,,,,,,,,,,,,,,,,,,,,,,,,,,,,,0,0
23068512,apartamento,2,2.0,6,4,19,250.0,4.369999885559082,Meia Praia,4.369999885559082,4.369999885559082,,,,,,,,,,,,,,,,,,,,,,,,,,,,,,,0,0
1304511705946860008,outros,1,1.0,2,1,3,50.0,5.0,Meia Praia,5.0,5.0,,,,,,,,,,,,,,,,,,,,,,,,,,,,,,,0,0
1293444541792116751,apartamento,2,2.0,7,4,0,300.0,0.0,Meia Praia,0.0,,,,,,,,,,,,,,,,,,,,,,,,,,,,,,,,0,0
719355891470345652,apartamento,2,2.0,6,4,9,300.0,5.0,Meia Praia,5.0,5.0,22.0,47.0,78.0,668.1818181818181,606.3191531914894,538.8653871794871,650.0,650.0,500.0,22.0,47.0,78.0,650.0,516.1667,429.0,658.25,650.0,650.0,5200.0,8450.0,6500.0,0.26666666666666666,0.21666666666666667,0.14285714285714285,8.0,13.0,13.0,True,True,True,1,1
42716006,apartamento,3,2.0,8,5,0,350.0,0.0,Morretes,0.0,,,,,,,,,,,,,,,,,,,,,,,,,,,,,,,,0,0
53592128,apartamento,4,3.0,8,5,4,250.0,5.0,Meia Praia,5.0,5.0,,,,,,,,,,,,,,,,,,,,,,,,,,,,,,,0,0
52472131,apartamento,2,2.0,6,3,19,200.0,4.840000152587891,Meia Praia,4.840000152587891,4.840000152587891,,,,,,,,,,,,,,,,,,,,,,,,,,,,,,,0,0
46755580,casa,1,1.0,2,1,11,150.0,4.909999847412109,Casa Branca,4.909999847412109,4.909999847412109,17.0,47.0,58.0,300.0,300.0,300.0,300.0,300.0,300.0,17.0,47.0,58.0,300.0,300.0,300.0,300.0,300.0,300.0,3900.0,3900.0,9900.0,0.43333333333333335,0.21666666666666667,0.3626373626373626,13.0,13.0,33.0,True,True,True,1,0
679166677359467385,apartamento,3,2.0,10,4,7,350.0,5.0,Meia Praia,5.0,5.0,18.0,48.0,79.0,1371.0,1230.95833125,1130.6708848101266,1371.0,1371.0,937.0,18.0,48.0,79.0,1371.0,937.0,937.0,1371.0,1371.0,1371.0,16452.0,16452.0,11244.0,0.4,0.2,0.13186813186813187,12.0,12.0,12.0,True,True,True,1,1
1078220658917372961,apartamento,3,1.0,8,4,6,250.0,5.0,Meia Praia,5.0,5.0,,,,,,,,,,,,,,,,,,,,,,,,,,,,,,,0,0
15024197,apartamento,3,2.0,8,5,12,250.0,4.75,Centro,4.75,4.75,,,,,,,,,,,,,,,,,,,,,,,,,,,,,,,0,0
813767688131518415,apartamento,3,2.0,8,4,5,285.0,4.400000095367432,Tabuleiro dos Oliveiras,4.400000095367432,4.400000095367432,,,,,,,,,,,,,,,,,,,,,,,,,,,,,,,0,0
41478160,apartamento,2,2.0,6,4,7,200.0,5.0,Meia Praia,5.0,5.0,14.0,29.0,29.0,400.0,488.51724137931035,488.51724137931035,400.0,400.0,400.0,14.0,29.0,29.0,400.0,400.0,400.0,400.0,600.0,600.0,6400.0,12400.0,24800.0,0.5333333333333333,0.5166666666666667,0.6813186813186813,16.0,31.0,62.0,True,True,True,1,0
1285247632121491635,outros,1,2.0,8,2,1,0.0,5.0,Meia Praia,5.0,5.0,,,,,,,,,,,,,,,,,,,,,,,,,,,,,,,0,0
1290786375482543244,outros,1,1.0,2,1,5,0.0,5.0,Meia Praia,5.0,5.0,,,,,,,,,,,,,,,,,,,,,,,,,,,,,,,0,0
1312949509621922876,apartamento,2,2.0,4,2,2,238.0,5.0,Morretes,5.0,5.0,7.0,37.0,68.0,589.1428571428571,605.0675675675676,546.375,572.0,572.0,471.0,7.0,37.0,68.0,572.0,446.0,418.0,611.5,649.0,599.75,13156.0,13156.0,10833.0,0.7666666666666667,0.38333333333333336,0.25274725274725274,23.0,23.0,23.0,True,True,True,1,1
16428654,apartamento,2,2.0,6,2,5,300.0,5.0,Meia Praia,5.0,5.0,,,,,,,,,,,,,,,,,,,,,,,,,,,,,,,0,0
39526710,apartamento,2,1.0,6,2,4,200.0,5.0,Meia Praia,5.0,5.0,,,,,,,,,,,,,,,,,,,,,,,,,,,,,,,0,0
21385106,casa,3,2.0,7,4,0,150.0,0.0,Meia Praia,0.0,,,,,,,,,,,,,,,,,,,,,,,,,,,,,,,,0,0
53341411,apartamento,3,2.0,8,4,1,250.0,5.0,Meia Praia,5.0,5.0,,,,,,,,,,,,,,,,,,,,,,,,,,,,,,,0,0
1030192901291028628,outros,3,3.0,2,3,0,80.0,0.0,Meia Praia,0.0,,,,,,,,,,,,,,,,,,,,,,,,,,,,,,,,0,0
42709234,apartamento,3,3.0,8,4,12,300.0,4.920000076293945,Centro,4.920000076293945,4.920000076293945,22.0,52.0,83.0,949.0,828.3269230769231,675.8192771084338,899.0,899.0,420.0,22.0,52.0,83.0,899.0,895.75,420.0,990.6666749999999,999.0,899.0,7192.0,7192.0,3360.0,0.26666666666666666,0.13333333333333333,0.08791208791208792,8.0,8.0,8.0,True,True,True,1,0
794707921952592251,outros,1,1.0,2,2,25,5.0,5.0,Meia Praia,5.0,5.0,,,,,,,,,,,,,,,,,,,,,,,,,,,,,,,0,0
54365625,casa,3,2.0,8,3,10,180.0,4.300000190734863,Ilhota,4.300000190734863,4.300000190734863,20.0,50.0,81.0,615.0,684.0,670.8024691358024,700.0,700.0,700.0,20.0,50.0,81.0,500.0,700.0,600.0,700.0,700.0,700.0,7000.0,7000.0,7000.0,0.3333333333333333,0.16666666666666666,0.10989010989010989,10.0,10.0,10.0,True,True,True,1,0
982856823235292051,apartamento,2,2.0,6,2,0,350.0,0.0,Meia Praia,0.0,,,,,,,,,,,,,,,,,,,,,,,,,,,,,,,,0,0
1052990902614730585,apartamento,3,3.0,8,3,0,400.0,0.0,Meia Praia,0.0,,,,,,,,,,,,,,,,,,,,,,,,,,,,,,,,0,0
49824103,apartamento,3,2.0,8,3,43,250.0,4.929999828338623,Meia Praia,4.929999828338623,4.929999828338623,0.0,8.0,39.0,,421.75,459.43589743589746,,418.5,440.0,0.0,8.0,39.0,,408.5,440.0,,440.0,440.0,,21762.0,22880.0,1.0,0.8666666666666667,0.5714285714285714,30.0,52.0,52.0,False,True,True,1,1
813754730744989168,apartamento,4,2.0,10,7,1,350.0,5.0,Meia Praia,5.0,5.0,,,,,,,,,,,,,,,,,,,,,,,,,,,,,,,0,0
1218887739806247772,apartamento,3,3.0,9,0,0,350.0,0.0,Meia Praia,0.0,,,,,,,,,,,,,,,,,,,,,,,,,,,,,,,,0,0
819022663873541571,casa,2,1.0,6,2,0,0.0,0.0,Morretes,0.0,,,,,,,,,,,,,,,,,,,,,,,,,,,,,,,,0,0
789278316021379910,apartamento,3,2.0,7,3,0,300.0,0.0,Meia Praia,0.0,,,,,,,,,,,,,,,,,,,,,,,,,,,,,,,,0,0
1236158616387181504,apartamento,2,2.0,4,2,2,250.0,5.0,Morretes,5.0,5.0,,,,,,,,,,,,,,,,,,,,,,,,,,,,,,,0,0
1269654654426524175,apartamento,1,1.0,2,1,9,180.0,5.0,Centro,5.0,5.0,,,,,,,,,,,,,,,,,,,,,,,,,,,,,,,0,0
53694042,apartamento,3,2.0,12,10,1,200.0,5.0,Meia Praia,5.0,5.0,,,,,,,,,,,,,,,,,,,,,,,,,,,,,,,0,0
1067320906990424780,apartamento,3,2.0,6,4,8,489.0,4.630000114440918,Centro,4.630000114440918,4.630000114440918,3.0,30.0,61.0,646.5,658.2833333333333,602.7459016393443,646.5,605.0,523.0,3.0,30.0,61.0,642.25,495.0,495.0,650.75,704.5,649.0,17455.5,18150.0,15690.0,0.9,0.5,0.32967032967032966,27.0,30.0,30.0,True,True,True,1,1
1294180665754421372,apartamento,3,3.0,6,3,3,350.0,5.0,Meia Praia,5.0,5.0,,,,,,,,,,,,,,,,,,,,,,,,,,,,,,,0,0
1318022005386763892,apartamento,1,1.0,3,1,1,200.0,5.0,Meia Praia,5.0,5.0,,,,,,,,,,,,,,,,,,,,,,,,,,,,,,,0,0
812862069113721900,apartamento,3,2.0,8,3,1,300.0,5.0,Meia Praia,5.0,5.0,,,,,,,,,,,,,,,,,,,,,,,,,,,,,,,0,0
1082133757143221839,apartamento,3,2.0,6,0,19,300.0,5.0,Meia Praia,5.0,5.0,15.0,15.0,15.0,1200.0,1200.0,1200.0,1200.0,1200.0,1200.0,15.0,15.0,15.0,1200.0,1200.0,1200.0,1200.0,1200.0,1200.0,18000.0,54000.0,91200.0,0.5,0.75,0.8351648351648352,15.0,45.0,76.0,True,True,True,1,1
1278469507626253077,apartamento,3,4.0,8,3,0,350.0,0.0,Centro,0.0,,,,,,,,,,,,,,,,,,,,,,,,,,,,,,,,0,0
1281958501821029308,apartamento,3,2.0,6,3,0,300.0,0.0,Meia Praia,0.0,,,,,,,,,,,,,,,,,,,,,,,,,,,,,,,,0,0
1040735075345912084,apartamento,3,2.0,6,3,0,250.0,0.0,Meia Praia,0.0,,,,,,,,,,,,,,,,,,,,,,,,,,,,,,,,0,0
1247920573551671393,apartamento,3,2.0,6,2,0,300.0,0.0,Meia Praia,0.0,,,,,,,,,,,,,,,,,,,,,,,,,,,,,,,,0,0
812414122339223996,apartamento,3,2.0,6,3,1,0.0,5.0,Meia Praia,5.0,5.0,,,,,,,,,,,,,,,,,,,,,,,,,,,,,,,0,0
993394434817489229,apartamento,3,3.0,6,4,1,300.0,5.0,Meia Praia,5.0,5.0,,,,,,,,,,,,,,,,,,,,,,,,,,,,,,,0,0
1294874329939231631,apartamento,3,3.0,8,4,0,350.0,0.0,Centro,0.0,,,,,,,,,,,,,,,,,,,,,,,,,,,,,,,,0,0
980365989956218871,apartamento,3,3.0,9,3,10,449.0,4.900000095367432,Meia Praia,4.900000095367432,4.900000095367432,,,,,,,,,,,,,,,,,,,,,,,,,,,,,,,0,0
1290619438075027005,apartamento,3,2.0,10,5,0,350.0,0.0,Meia Praia,0.0,,,,,,,,,,,,,,,,,,,,,,,,,,,,,,,,0,0
45350304,apartamento,3,2.0,8,3,13,500.0,5.0,Meia Praia,5.0,5.0,18.0,48.0,79.0,1048.0,872.1666666666666,706.506329113924,1050.0,1040.0,450.0,18.0,48.0,79.0,1050.0,450.0,450.0,1050.0,1050.0,1047.0,12600.0,12480.0,5400.0,0.4,0.2,0.13186813186813187,12.0,12.0,12.0,True,True,True,1,0
46926821,apartamento,2,2.0,6,4,8,280.0,4.880000114440918,Centro,4.880000114440918,4.880000114440918,,,,,,,,,,,,,,,,,,,,,,,,,,,,,,,0,0
762976491172050742,apartamento,3,2.0,6,1,3,350.0,5.0,Centro,5.0,5.0,,,,,,,,,,,,,,,,,,,,,,,,,,,,,,,0,0
1322523528896072804,casa,1,1.0,2,1,0,150.0,0.0,Varzea,0.0,,,,,,,,,,,,,,,,,,,,,,,,,,,,,,,,0,0
1322539954309330702,apartamento,2,2.0,6,2,0,350.0,0.0,Meia Praia,0.0,,,,,,,,,,,,,,,,,,,,,,,,,,,,,,,,0,0
48331137,casa,3,2.0,6,3,8,350.0,4.880000114440918,Meia Praia,4.880000114440918,4.880000114440918,,,,,,,,,,,,,,,,,,,,,,,,,,,,,,,0,0
47782568,casa,3,2.0,6,6,0,0.0,0.0,Centro,0.0,,,,,,,,,,,,,,,,,,,,,,,,,,,,,,,,0,0
54047391,apartamento,3,4.0,7,4,0,350.0,0.0,Meia Praia,0.0,,,,,,,,,,,,,,,,,,,,,,,,,,,,,,,,0,0
1301668070466138919,casa,12,19.0,16,50,0,700.0,0.0,none,0.0,,,,,,,,,,,,,,,,,,,,,,,,,,,,,,,,0,0
1154469108917092944,apartamento,3,2.0,7,5,1,350.0,4.0,Meia Praia,4.0,4.0,,,,,,,,,,,,,,,,,,,,,,,,,,,,,,,0,0
1051583057257965748,apartamento,3,3.0,8,1,3,300.0,5.0,Meia Praia,5.0,5.0,,,,,,,,,,,,,,,,,,,,,,,,,,,,,,,0,0
1314733888543570386,apartamento,2,2.0,5,3,0,300.0,0.0,Morretes,0.0,,,,,,,,,,,,,,,,,,,,,,,,,,,,,,,,0,0
53154219,apartamento,2,2.0,5,3,27,300.0,4.849999904632568,Meia Praia,4.849999904632568,4.849999904632568,18.0,48.0,79.0,711.0,647.6041666666666,616.0527430379747,711.0,711.0,577.0,18.0,48.0,79.0,711.0,519.0,550.0,711.0,711.0,711.0,8532.0,8532.0,6924.0,0.4,0.2,0.13186813186813187,12.0,12.0,12.0,True,True,True,1,1
52672896,casa,2,2.0,6,5,0,300.0,0.0,Tabuleiro dos Oliveiras,0.0,,,,,,,,,,,,,,,,,,,,,,,,,,,,,,,,0,0
1056050804223218242,apartamento,3,2.0,7,4,0,0.0,0.0,Meia Praia,0.0,,,,,,,,,,,,,,,,,,,,,,,,,,,,,,,,0,0
19766116,apartamento,3,2.0,9,3,0,300.0,0.0,Meia Praia,0.0,,,,,,,,,,,,,,,,,,,,,,,,,,,,,,,,0,0
552083532240233859,apartamento,2,2.0,8,6,0,200.0,0.0,Meia Praia,0.0,,,,,,,,,,,,,,,,,,,,,,,,,,,,,,,,0,0
46098049,apartamento,3,2.0,8,6,4,140.0,5.0,Centro,5.0,5.0,,,,,,,,,,,,,,,,,,,,,,,,,,,,,,,0,0
991285268208008087,apartamento,3,2.0,6,4,0,200.0,0.0,Meia Praia,0.0,,,,,,,,,,,,,,,,,,,,,,,,,,,,,,,,0,0
782734966853311782,apartamento,3,3.0,8,4,9,350.0,5.0,Meia Praia,5.0,5.0,18.0,48.0,79.0,992.0,857.6458333333334,748.6962025316456,980.0,980.0,580.0,18.0,48.0,79.0,980.0,580.0,580.0,980.0,980.0,980.0,11760.0,11760.0,6960.0,0.4,0.2,0.13186813186813187,12.0,12.0,12.0,True,True,True,1,1
1288058186413244472,hotel,2,0.0,3,2,0,0.0,0.0,Centro,0.0,,,,,,,,,,,,,,,,,,,,,,,,,,,,,,,,0,0
40225576,apartamento,4,4.0,10,5,0,400.0,0.0,Meia Praia,0.0,,,,,,,,,,,,,,,,,,,,,,,,,,,,,,,,0,0
1305130414883751759,apartamento,2,2.0,5,3,1,0.0,4.0,Morretes,4.0,4.0,,,,,,,,,,,,,,,,,,,,,,,,,,,,,,,0,0
807362268619601978,apartamento,2,2.0,6,4,2,250.0,5.0,Meia Praia,5.0,5.0,,,,,,,,,,,,,,,,,,,,,,,,,,,,,,,0,0
1301654152186584161,apartamento,2,1.0,5,3,4,160.0,5.0,Casa Branca,5.0,5.0,,,,,,,,,,,,,,,,,,,,,,,,,,,,,,,0,0
48094294,apartamento,2,1.0,5,3,31,150.0,4.96999979019165,Centro,4.96999979019165,4.96999979019165,,,,,,,,,,,,,,,,,,,,,,,,,,,,,,,0,0
1088583802794691728,apartamento,3,2.0,8,6,5,250.0,4.800000190734863,Meia Praia,4.800000190734863,4.800000190734863,,,,,,,,,,,,,,,,,,,,,,,,,,,,,,,0,0
1207335703563012811,apartamento,1,1.0,2,1,1,150.0,5.0,Centro,5.0,5.0,17.0,43.0,74.0,427.0,431.1860465116279,434.6216216216216,427.0,427.0,427.0,17.0,43.0,74.0,427.0,427.0,427.0,427.0,427.0,427.0,5551.0,7259.0,7259.0,0.43333333333333335,0.2833333333333333,0.18681318681318682,13.0,17.0,17.0,True,True,True,1,1
1275408256366937393,apartamento,3,2.0,6,3,0,0.0,0.0,Meia Praia,0.0,,,,,,,,,,,,,,,,,,,,,,,,,,,,,,,,0,0
41926345,apartamento,3,2.0,8,4,2,350.0,5.0,Meia Praia,5.0,5.0,,,,,,,,,,,,,,,,,,,,,,,,,,,,,,,0,0
1033202997223117530,apartamento,4,3.0,12,7,17,450.0,5.0,Meia Praia,5.0,5.0,4.0,29.0,29.0,2087.25,1938.8908034482758,1938.8908034482758,1790.0,1800.0,1800.0,4.0,29.0,29.0,1790.0,1790.0,1790.0,2087.25,1958.5,1958.5,46540.0,55800.0,111600.0,0.8666666666666667,0.5166666666666667,0.6813186813186813,26.0,31.0,62.0,True,True,True,1,0
52536443,apartamento,2,2.0,5,4,13,260.0,5.0,Centro,5.0,5.0,0.0,5.0,26.0,,450.0,379.2307692307692,,450.0,340.0,0.0,5.0,26.0,,450.0,340.0,,450.0,430.0,,24750.0,22100.0,1.0,0.9166666666666666,0.7142857142857143,30.0,55.0,65.0,False,True,True,1,1
30271062,apartamento,2,1.0,6,3,6,250.0,5.0,Meia Praia,5.0,5.0,,,,,,,,,,,,,,,,,,,,,,,,,,,,,,,0,0
1313285672926322461,apartamento,3,3.0,6,3,0,450.0,0.0,Meia Praia,0.0,,,,,,,,,,,,,,,,,,,,,,,,,,,,,,,,0,0
37148632,apartamento,2,2.0,4,2,1,370.0,5.0,Meia Praia,5.0,5.0,,,,,,,,,,,,,,,,,,,,,,,,,,,,,,,0,0
753462768477570402,apartamento,3,2.0,8,4,2,300.0,5.0,Meia Praia,5.0,5.0,,,,,,,,,,,,,,,,,,,,,,,,,,,,,,,0,0
1284704260167117937,apartamento,5,3.0,10,5,0,0.0,0.0,Meia Praia,0.0,,,,,,,,,,,,,,,,,,,,,,,,,,,,,,,,0,0
31069380,apartamento,3,3.0,6,3,58,350.0,4.840000152587891,Meia Praia,4.840000152587891,4.840000152587891,6.0,19.0,19.0,648.6666666666666,777.3157894736842,777.3157894736842,654.125,831.5,831.5,6.0,19.0,19.0,633.375,654.125,654.125,661.75,899.0,899.0,15699.0,34091.5,59868.0,0.8,0.6833333333333333,0.7912087912087912,24.0,41.0,72.0,True,True,True,1,1
784671558918539992,apartamento,2,1.0,6,3,4,300.0,5.0,Ilhota,5.0,5.0,,,,,,,,,,,,,,,,,,,,,,,,,,,,,,,0,0
1194934061037707415,apartamento,3,2.0,6,3,0,300.0,0.0,Meia Praia,0.0,,,,,,,,,,,,,,,,,,,,,,,,,,,,,,,,0,0
1193496259129259761,apartamento,2,2.0,6,3,13,240.0,4.769999980926514,Centro,4.769999980926514,4.769999980926514,15.0,45.0,76.0,702.4,710.0444444444445,676.5526315789474,770.0,737.0,631.75,15.0,45.0,76.0,591.75,597.5,594.0,792.0,792.0,770.0,11550.0,11055.0,9476.25,0.5,0.25,0.16483516483516483,15.0,15.0,15.0,True,True,True,1,1
1156649912857014385,apartamento,2,2.0,5,2,1,0.0,5.0,Tabuleiro dos Oliveiras,5.0,5.0,,,,,,,,,,,,,,,,,,,,,,,,,,,,,,,0,0
1051258841276296327,casa,2,2.0,6,2,0,250.0,0.0,Sertaozinho,0.0,,,,,,,,,,,,,,,,,,,,,,,,,,,,,,,,0,0
40675590,apartamento,2,2.0,7,3,6,350.0,4.829999923706055,Meia Praia,4.829999923706055,4.829999923706055,,,,,,,,,,,,,,,,,,,,,,,,,,,,,,,0,0
835592468124655281,apartamento,3,3.0,7,5,1,300.0,5.0,Meia Praia,5.0,5.0,,,,,,,,,,,,,,,,,,,,,,,,,,,,,,,0,0
1316630486457857640,casa,1,1.0,6,1,0,300.0,0.0,Leopoldo Zarling,0.0,,,,,,,,,,,,,,,,,,,,,,,,,,,,,,,,0,0
970832114891296635,apartamento,3,2.0,7,3,6,300.0,4.670000076293945,Meia Praia,4.670000076293945,4.670000076293945,,,,,,,,,,,,,,,,,,,,,,,,,,,,,,,0,0
1217995628954539177,apartamento,3,3.0,8,6,0,300.0,0.0,Meia Praia,0.0,,,,,,,,,,,,,,,,,,,,,,,,,,,,,,,,0,0
1315531524716923051,apartamento,2,2.0,8,4,0,250.0,0.0,Morretes,0.0,,,,,,,,,,,,,,,,,,,,,,,,,,,,,,,,0,0
1061820958506073620,casa,3,2.0,16,5,1,0.0,3.0,Morretes,3.0,3.0,,,,,,,,,,,,,,,,,,,,,,,,,,,,,,,0,0
1310804213962211160,outros,1,0.0,2,1,1,0.0,5.0,Meia Praia,5.0,5.0,,,,,,,,,,,,,,,,,,,,,,,,,,,,,,,0,0
1306477586777971034,apartamento,1,1.0,3,1,4,100.0,1.5,Centro,1.5,1.5,,,,,,,,,,,,,,,,,,,,,,,,,,,,,,,0,0
1297930815921503919,apartamento,3,2.0,6,4,3,339.0,5.0,Meia Praia,5.0,5.0,13.0,43.0,74.0,864.3846153846154,937.5872093023256,898.3277027027027,836.0,842.0,839.0,13.0,43.0,74.0,836.0,836.0,798.0,889.0,941.0,889.0,14212.0,14314.0,14263.0,0.5666666666666667,0.2833333333333333,0.18681318681318682,17.0,17.0,17.0,True,True,True,1,1
1315912442862954203,apartamento,3,2.0,8,5,0,250.0,0.0,Centro,0.0,,,,,,,,,,,,,,,,,,,,,,,,,,,,,,,,0,0
983414023585763213,apartamento,4,0.0,8,4,1,300.0,4.0,Meia Praia,4.0,4.0,,,,,,,,,,,,,,,,,,,,,,,,,,,,,,,0,0
46878566,apartamento,3,3.0,6,3,20,250.0,4.800000190734863,Centro,4.800000190734863,4.800000190734863,21.0,45.0,75.0,595.4761904761905,529.7333333333333,498.2,585.0,540.0,500.0,21.0,45.0,75.0,540.0,450.0,450.0,630.0,600.0,540.0,5265.0,8100.0,8000.0,0.3,0.25,0.17582417582417584,9.0,15.0,16.0,True,True,True,1,1
639216644351145145,apartamento,5,5.0,14,6,29,450.0,4.96999979019165,Meia Praia,4.96999979019165,4.96999979019165,0.0,4.0,16.0,,1150.0,962.5,,1150.0,900.0,0.0,4.0,16.0,,1150.0,900.0,,1150.0,962.5,,64400.0,67500.0,1.0,0.9333333333333333,0.8241758241758241,30.0,56.0,75.0,False,True,True,1,0
1302839171498608412,apartamento,2,3.0,5,3,0,0.0,0.0,Meia Praia,0.0,,,,,,,,,,,,,,,,,,,,,,,,,,,,,,,,0,0
1154338348449938646,apartamento,3,3.0,8,3,1,300.0,5.0,Meia Praia,5.0,5.0,,,,,,,,,,,,,,,,,,,,,,,,,,,,,,,0,0
995680028058206783,casa,6,9.0,16,25,2,0.0,5.0,Sertaozinho,5.0,5.0,27.0,53.0,84.0,3521.037037037037,3510.7169811320755,3520.285714285714,3500.0,3500.0,3500.0,27.0,53.0,84.0,3500.0,3500.0,3500.0,3500.0,3500.0,3500.0,10500.0,24500.0,24500.0,0.1,0.11666666666666667,0.07692307692307693,3.0,7.0,7.0,True,True,True,1,0
47085905,apartamento,3,3.0,6,3,4,280.0,5.0,Meia Praia,5.0,5.0,,,,,,,,,,,,,,,,,,,,,,,,,,,,,,,0,0
46769078,apartamento,3,3.0,8,3,13,300.0,4.920000076293945,Meia Praia,4.920000076293945,4.920000076293945,29.0,49.0,79.0,1141.2413793103449,965.955781632653,812.1751050632911,988.0,988.0,561.0,29.0,49.0,79.0,988.0,828.0,561.0,1392.0,988.0,988.0,988.0,10868.0,6732.0,0.03333333333333333,0.18333333333333332,0.13186813186813187,1.0,11.0,12.0,True,True,True,1,1
46415101,apartamento,3,3.0,6,4,0,0.0,0.0,Centro,0.0,,,,,,,,,,,,,,,,,,,,,,,,,,,,,,,,0,0
1008029204257210230,casa,2,1.0,4,2,4,150.0,5.0,Morretes,5.0,5.0,18.0,42.0,53.0,286.6666666666667,287.33630999999997,298.41273622641506,295.0,282.5,298.25,18.0,42.0,53.0,270.0,273.75,276.25,300.0,300.0,315.83334,3540.0,5085.0,11333.5,0.4,0.3,0.4175824175824176,12.0,18.0,38.0,True,True,True,1,1
1310082782435203083,apartamento,2,1.0,5,2,0,100.0,0.0,Morretes,0.0,,,,,,,,,,,,,,,,,,,,,,,,,,,,,,,,0,0
1029680548639860402,apartamento,2,2.0,5,3,1,300.0,5.0,Meia Praia,5.0,5.0,,,,,,,,,,,,,,,,,,,,,,,,,,,,,,,0,0
1065134681003546502,apartamento,3,2.0,7,4,0,300.0,0.0,Meia Praia,0.0,,,,,,,,,,,,,,,,,,,,,,,,,,,,,,,,0,0
808211827218517461,casa,3,2.0,10,8,0,0.0,0.0,Centro,0.0,,,,,,,,,,,,,,,,,,,,,,,,,,,,,,,,0,0
31511990,casa,2,2.0,5,4,51,100.0,4.920000076293945,Sertaozinho,4.920000076293945,4.920000076293945,25.0,55.0,86.0,453.56,474.09090909090907,483.43023255813955,450.0,450.0,500.0,25.0,55.0,86.0,450.0,450.0,450.0,450.0,500.0,500.0,2250.0,2250.0,2500.0,0.16666666666666666,0.08333333333333333,0.054945054945054944,5.0,5.0,5.0,True,True,True,1,0
3263701,apartamento,4,4.0,12,4,42,250.0,4.900000095367432,Meia Praia,4.900000095367432,4.900000095367432,11.0,20.0,26.0,1650.0,1650.0,1488.4615384615386,1650.0,1650.0,1650.0,11.0,20.0,26.0,1650.0,1650.0,1650.0,1650.0,1650.0,1650.0,31350.0,66000.0,107250.0,0.6333333333333333,0.6666666666666666,0.7142857142857143,19.0,40.0,65.0,True,True,True,1,0
1036973657081137421,casa,3,2.0,8,3,11,250.0,5.0,Meia Praia,5.0,5.0,,,,,,,,,,,,,,,,,,,,,,,,,,,,,,,0,0
1091935794941863945,apartamento,2,2.0,4,2,4,150.0,4.5,Tabuleiro dos Oliveiras,4.5,4.5,,,,,,,,,,,,,,,,,,,,,,,,,,,,,,,0,0
1292799934684684325,apartamento,2,2.0,5,2,2,200.0,4.5,Morretes,4.5,4.5,,,,,,,,,,,,,,,,,,,,,,,,,,,,,,,0,0
1059514414382062471,casa,2,1.0,6,3,0,0.0,0.0,Meia Praia,0.0,,,,,,,,,,,,,,,,,,,,,,,,,,,,,,,,0,0
914342944500490787,apartamento,3,4.0,8,3,5,300.0,5.0,Meia Praia,5.0,5.0,,,,,,,,,,,,,,,,,,,,,,,,,,,,,,,0,0
1271708243637328092,apartamento,2,2.0,7,3,0,350.0,0.0,Meia Praia,0.0,,,,,,,,,,,,,,,,,,,,,,,,,,,,,,,,0,0
971928731932576105,apartamento,3,0.0,10,6,2,250.0,5.0,Meia Praia,5.0,5.0,,,,,,,,,,,,,,,,,,,,,,,,,,,,,,,0,0
40154354,casa,4,3.0,14,9,57,200.0,5.0,Tabuleiro dos Oliveiras,5.0,5.0,,,,,,,,,,,,,,,,,,,,,,,,,,,,,,,0,0
54005716,casa,1,1.0,4,2,43,220.0,4.860000133514404,none,4.860000133514404,4.860000133514404,,,,,,,,,,,,,,,,,,,,,,,,,,,,,,,0,0
1008683031872853246,apartamento,1,2.0,5,3,0,200.0,0.0,Morretes,0.0,,,,,,,,,,,,,,,,,,,,,,,,,,,,,,,,0,0
747912914608461204,apartamento,1,1.0,3,2,45,80.0,4.889999866485596,Centro,4.889999866485596,4.889999866485596,,,,,,,,,,,,,,,,,,,,,,,,,,,,,,,0,0
41003097,apartamento,3,2.0,6,4,10,350.0,4.800000190734863,Centro,4.800000190734863,4.800000190734863,,,,,,,,,,,,,,,,,,,,,,,,,,,,,,,0,0
1252125533407651217,apartamento,1,1.0,3,1,9,0.0,4.440000057220459,Meia Praia,4.440000057220459,4.440000057220459,,,,,,,,,,,,,,,,,,,,,,,,,,,,,,,0,0
36522641,outros,1,1.0,4,3,3,150.0,5.0,Meia Praia,5.0,5.0,,,,,,,,,,,,,,,,,,,,,,,,,,,,,,,0,0
809367412763646767,apartamento,3,3.0,6,4,1,300.0,5.0,Centro,5.0,5.0,,,,,,,,,,,,,,,,,,,,,,,,,,,,,,,0,0
812231708820863156,apartamento,4,3.0,8,4,19,348.0,4.789999961853027,Meia Praia,4.789999961853027,4.789999961853027,0.0,12.0,35.0,,1005.097225,672.8047628571429,,1099.0,500.0,0.0,12.0,35.0,,1023.9166749999999,500.0,,1099.0,948.83335,,52752.0,28000.0,1.0,0.8,0.6153846153846154,30.0,48.0,56.0,False,True,True,1,1
566707730118397749,apartamento,3,2.0,8,4,3,350.0,5.0,Meia Praia,5.0,5.0,,,,,,,,,,,,,,,,,,,,,,,,,,,,,,,0,0
1236367599770739400,apartamento,1,1.0,4,2,15,200.0,4.730000019073486,Centro,4.730000019073486,4.730000019073486,7.0,28.0,59.0,554.5714285714286,556.1428571428571,579.1864406779661,572.0,572.0,600.0,7.0,28.0,59.0,572.0,540.0,572.0,572.0,572.0,600.0,13156.0,18304.0,19200.0,0.7666666666666667,0.5333333333333333,0.3516483516483517,23.0,32.0,32.0,True,True,True,1,0
1308003456066797841,apartamento,2,2.0,6,3,0,249.0,0.0,Morretes,0.0,,,,,,,,,,,,,,,,,,,,,,,,,,,,,,,,0,0
31278015,apartamento,3,2.0,8,6,14,250.0,4.429999828338623,Meia Praia,4.429999828338623,4.429999828338623,0.0,25.0,56.0,,596.4,504.2857142857143,,750.0,430.0,0.0,25.0,56.0,,430.0,430.0,,750.0,430.0,,26250.0,15050.0,1.0,0.5833333333333334,0.38461538461538464,30.0,35.0,35.0,False,True,True,1,0
1031191506375669051,apartamento,3,1.0,6,4,2,300.0,5.0,Meia Praia,5.0,5.0,,,,,,,,,,,,,,,,,,,,,,,,,,,,,,,0,0
45517303,apartamento,3,2.0,6,3,0,0.0,0.0,Meia Praia,0.0,,,,,,,,,,,,,,,,,,,,,,,,,,,,,,,,0,0
737760644809418314,apartamento,3,2.0,8,3,19,200.0,5.0,Meia Praia,5.0,5.0,,,,,,,,,,,,,,,,,,,,,,,,,,,,,,,0,0
53607249,casa,2,1.0,1,2,0,0.0,0.0,Morretes,0.0,,,,,,,,,,,,,,,,,,,,,,,,,,,,,,,,0,0
1063936355834013905,apartamento,2,2.0,4,2,1,180.0,5.0,Meia Praia,5.0,5.0,,,,,,,,,,,,,,,,,,,,,,,,,,,,,,,0,0
1163772289534164479,casa,4,3.0,12,6,0,350.0,0.0,Tabuleiro dos Oliveiras,0.0,,16.0,36.0,62.0,1979.375,1785.4027777777778,1749.5887096774193,1900.0,1710.0,1700.0,16.0,36.0,62.0,1710.0,1530.0,1700.0,2200.0,1900.0,1710.0,26600.0,41040.0,49300.0,0.4666666666666667,0.4,0.31868131868131866,14.0,24.0,29.0,True,True,True,1,1
1279731808250758754,apartamento,3,2.0,6,3,1,45.0,5.0,Meia Praia,5.0,5.0,,,,,,,,,,,,,,,,,,,,,,,,,,,,,,,0,0
1305082121510545689,apartamento,3,3.0,7,3,0,200.0,0.0,Meia Praia,0.0,,,,,,,,,,,,,,,,,,,,,,,,,,,,,,,,0,0
45799853,apartamento,3,2.0,8,3,1,250.0,5.0,Meia Praia,5.0,5.0,,,,,,,,,,,,,,,,,,,,,,,,,,,,,,,0,0
54245203,apartamento,2,2.0,5,3,8,200.0,5.0,Meia Praia,5.0,5.0,10.0,23.0,23.0,530.0,591.5869565217391,591.5869565217391,530.0,578.0,578.0,10.0,23.0,23.0,530.0,530.0,530.0,530.0,656.4000000000001,656.4000000000001,10600.0,21386.0,39304.0,0.6666666666666666,0.6166666666666667,0.7472527472527473,20.0,37.0,68.0,True,True,True,1,1
54121960,casa,3,2.0,8,3,1,150.0,5.0,Centro,5.0,5.0,,,,,,,,,,,,,,,,,,,,,,,,,,,,,,,0,0
1204454853527055622,apartamento,2,1.0,5,2,0,300.0,0.0,Centro,0.0,,,,,,,,,,,,,,,,,,,,,,,,,,,,,,,,0,0
782559978621505317,apartamento,3,2.0,8,3,0,250.0,0.0,Meia Praia,0.0,,,,,,,,,,,,,,,,,,,,,,,,,,,,,,,,0,0
1318181328167496741,apartamento,3,3.0,8,3,0,300.0,0.0,Meia Praia,0.0,,,,,,,,,,,,,,,,,,,,,,,,,,,,,,,,0,0
1269694477126575844,apartamento,3,1.0,8,3,0,250.0,0.0,Meia Praia,0.0,,,,,,,,,,,,,,,,,,,,,,,,,,,,,,,,0,0
674436738710449390,apartamento,3,2.0,8,3,0,250.0,0.0,Meia Praia,0.0,,,,,,,,,,,,,,,,,,,,,,,,,,,,,,,,0,0
52389439,apartamento,3,2.0,8,4,5,300.0,4.199999809265137,Meia Praia,4.199999809265137,4.199999809265137,,,,,,,,,,,,,,,,,,,,,,,,,,,,,,,0,0
684782448665574114,apartamento,3,2.0,9,6,29,250.0,5.0,Meia Praia,5.0,5.0,4.0,22.0,53.0,640.0,637.0454545454545,578.3962264150944,640.0,635.0,635.0,4.0,22.0,53.0,640.0,635.0,480.0,640.0,640.0,640.0,16640.0,24130.0,24130.0,0.8666666666666667,0.6333333333333333,0.4175824175824176,26.0,38.0,38.0,True,True,True,1,1
1213148995463463836,apartamento,4,4.0,10,10,0,400.0,0.0,Centro,0.0,,,,,,,,,,,,,,,,,,,,,,,,,,,,,,,,0,0
1272502770404015005,apartamento,3,2.0,6,3,3,192.0,5.0,Centro,5.0,5.0,,,,,,,,,,,,,,,,,,,,,,,,,,,,,,,0,0
1260073533686146608,apartamento,1,1.0,2,1,12,150.0,4.75,Centro,4.75,4.75,8.0,32.0,63.0,371.375,482.453125,443.3095238095238,366.0,385.0,372.0,8.0,32.0,63.0,366.0,363.0,372.0,385.0,446.0,419.0,8052.0,10780.0,10416.0,0.7333333333333333,0.4666666666666667,0.3076923076923077,22.0,28.0,28.0,True,True,True,1,1
1274015792781197810,apartamento,1,1.0,3,2,0,200.0,0.0,Meia Praia,0.0,,,,,,,,,,,,,,,,,,,,,,,,,,,,,,,,0,0
52004286,apartamento,3,2.0,8,3,3,50.0,5.0,Meia Praia,5.0,5.0,,,,,,,,,,,,,,,,,,,,,,,,,,,,,,,0,0
40787998,apartamento,4,3.0,10,8,10,350.0,4.5,Meia Praia,4.5,4.5,,,,,,,,,,,,,,,,,,,,,,,,,,,,,,,0,0
793246241627200685,apartamento,3,2.0,7,4,1,300.0,5.0,Meia Praia,5.0,5.0,,,,,,,,,,,,,,,,,,,,,,,,,,,,,,,0,0
1133932269450120171,apartamento,3,3.0,8,0,1,380.0,5.0,Meia Praia,5.0,5.0,,,,,,,,,,,,,,,,,,,,,,,,,,,,,,,0,0
21699605,casa,3,3.0,6,9,5,200.0,4.800000190734863,Varzea,4.800000190734863,4.800000190734863,,,,,,,,,,,,,,,,,,,,,,,,,,,,,,,0,0
53656846,casa,1,1.0,2,1,40,150.0,4.849999904632568,Alto Sao Bento,4.849999904632568,4.849999904632568,,,,,,,,,,,,,,,,,,,,,,,,,,,,,,,0,0
797722066235281360,apartamento,2,2.0,7,4,7,220.0,4.860000133514404,Meia Praia,4.860000133514404,4.860000133514404,,,,,,,,,,,,,,,,,,,,,,,,,,,,,,,0,0
1263782720733351995,apartamento,2,2.0,4,3,7,100.0,5.0,Morretes,5.0,5.0,,,,,,,,,,,,,,,,,,,,,,,,,,,,,,,0,0
29381085,apartamento,3,2.0,8,4,3,300.0,5.0,Meia Praia,5.0,5.0,,,,,,,,,,,,,,,,,,,,,,,,,,,,,,,0,0
1311540500191796195,casa,3,2.0,8,3,0,0.0,0.0,Meia Praia,0.0,,,,,,,,,,,,,,,,,,,,,,,,,,,,,,,,0,0
27910707,apartamento,3,3.0,6,3,10,200.0,4.699999809265137,Centro,4.699999809265137,4.699999809265137,,,,,,,,,,,,,,,,,,,,,,,,,,,,,,,0,0
1015080872303225543,apartamento,3,3.0,8,3,0,230.0,0.0,Meia Praia,0.0,,,,,,,,,,,,,,,,,,,,,,,,,,,,,,,,0,0
994076973483968863,apartamento,4,3.0,8,4,0,300.0,0.0,Meia Praia,0.0,,,,,,,,,,,,,,,,,,,,,,,,,,,,,,,,0,0
34540951,apartamento,3,3.0,8,5,67,400.0,4.869999885559082,Meia Praia,4.869999885559082,4.869999885559082,3.0,31.0,62.0,574.0,637.483870967742,543.241935483871,574.0,574.0,499.0,3.0,31.0,62.0,574.0,558.0,399.0,574.0,599.0,574.0,15498.0,16646.0,14471.0,0.9,0.48333333333333334,0.31868131868131866,27.0,29.0,29.0,True,True,True,1,1
39685785,apartamento,2,2.0,7,2,125,220.0,4.940000057220459,Meia Praia,4.940000057220459,4.940000057220459,7.0,37.0,68.0,560.7261857142857,569.5443675675675,529.8991414705881,559.75,559.75,464.16666,7.0,37.0,68.0,552.91665,450.0,450.0,569.5,622.0,596.875,12874.25,12874.25,10675.83318,0.7666666666666667,0.38333333333333336,0.25274725274725274,23.0,23.0,23.0,True,True,True,1,1
1054385333060053857,apartamento,3,2.0,10,5,2,250.0,5.0,Meia Praia,5.0,5.0,,,,,,,,,,,,,,,,,,,,,,,,,,,,,,,0,0
1056705534360824584,apartamento,2,2.0,6,2,1,0.0,5.0,Leopoldo Zarling,5.0,5.0,,,,,,,,,,,,,,,,,,,,,,,,,,,,,,,0,0
1033984637023835889,apartamento,2,2.0,4,2,2,298.0,5.0,Tabuleiro dos Oliveiras,5.0,5.0,,,,,,,,,,,,,,,,,,,,,,,,,,,,,,,0,0
53626390,casa,3,2.0,7,5,4,450.0,4.25,Morretes,4.25,4.25,,,,,,,,,,,,,,,,,,,,,,,,,,,,,,,0,0
1296983037723953398,apartamento,2,1.0,5,2,0,250.0,0.0,Morretes,0.0,,,,,,,,,,,,,,,,,,,,,,,,,,,,,,,,0,0
749344853179480854,apartamento,3,2.0,8,3,1,250.0,5.0,Meia Praia,5.0,5.0,,,,,,,,,,,,,,,,,,,,,,,,,,,,,,,0,0
39642773,casa,3,1.0,8,7,61,300.0,4.889999866485596,Meia Praia,4.889999866485596,4.889999866485596,,,,,,,,,,,,,,,,,,,,,,,,,,,,,,,0,0
43712530,apartamento,3,3.0,7,3,15,400.0,5.0,Meia Praia,5.0,5.0,11.0,21.0,21.0,601.0,601.0,601.0,601.0,601.0,601.0,11.0,21.0,21.0,601.0,601.0,601.0,601.0,601.0,601.0,11419.0,23439.0,42070.0,0.6333333333333333,0.65,0.7692307692307693,19.0,39.0,70.0,True,True,True,1,1
1304612026867668918,apartamento,2,1.0,4,2,0,300.0,0.0,Centro,0.0,,,,,,,,,,,,,,,,,,,,,,,,,,,,,,,,0,0
30519162,casa,4,7.0,8,5,13,900.0,5.0,Canto da Praia,5.0,5.0,,,,,,,,,,,,,,,,,,,,,,,,,,,,,,,0,0
693024169316156606,apartamento,2,2.0,6,2,29,200.0,4.71999979019165,Meia Praia,4.71999979019165,4.71999979019165,10.0,29.0,40.0,792.2,612.448275862069,591.875,801.0,566.0,562.0,10.0,29.0,40.0,801.0,476.0,494.0,801.0,801.0,713.75,16020.0,17546.0,28662.0,0.6666666666666666,0.5166666666666667,0.5604395604395604,20.0,31.0,51.0,True,True,True,1,1
957950897214975049,apartamento,2,2.0,6,2,0,460.0,0.0,Meia Praia,0.0,,,,,,,,,,,,,,,,,,,,,,,,,,,,,,,,0,0
36554147,apartamento,3,2.0,12,3,1,0.0,5.0,Meia Praia,5.0,5.0,,,,,,,,,,,,,,,,,,,,,,,,,,,,,,,0,0
1287046665405488954,apartamento,3,2.0,6,3,0,300.0,0.0,Meia Praia,0.0,,,,,,,,,,,,,,,,,,,,,,,,,,,,,,,,0,0
612245203931813020,apartamento,4,3.0,9,4,24,300.0,4.920000076293945,Meia Praia,4.920000076293945,4.920000076293945,10.0,33.0,61.0,999.0,990.6060606060606,738.360655737705,999.0,1000.0,500.0,10.0,33.0,61.0,998.0,998.0,400.0,1000.0,1000.0,1000.0,19980.0,27000.0,15000.0,0.6666666666666666,0.45,0.32967032967032966,20.0,27.0,30.0,True,True,True,1,1
789912809555624056,apartamento,2,2.0,5,2,1,200.0,5.0,Centro,5.0,5.0,,,,,,,,,,,,,,,,,,,,,,,,,,,,,,,0,0
29008738,apartamento,4,3.0,10,4,46,297.0,5.0,Meia Praia,5.0,5.0,2.0,17.0,45.0,754.0,607.8235294117648,532.6444444444444,754.0,535.0,494.0,2.0,17.0,45.0,754.0,535.0,480.0,754.0,690.0,535.0,21112.0,23005.0,22724.0,0.9333333333333333,0.7166666666666667,0.5054945054945055,28.0,43.0,46.0,True,True,True,1,1
1318818089883482536,apartamento,3,3.0,8,4,0,0.0,0.0,Meia Praia,0.0,,,,,,,,,,,,,,,,,,,,,,,,,,,,,,,,0,0
1242871998993315064,hotel,1,1.0,3,2,0,0.0,0.0,Ilhota,0.0,,,,,,,,,,,,,,,,,,,,,,,,,,,,,,,,0,0
47421617,apartamento,2,2.0,5,4,7,260.0,4.710000038146973,Centro,4.710000038146973,4.710000038146973,,,,,,,,,,,,,,,,,,,,,,,,,,,,,,,0,0
41008210,apartamento,3,2.0,6,0,0,0.0,0.0,Varzea,0.0,,,,,,,,,,,,,,,,,,,,,,,,,,,,,,,,0,0
1090733476410044804,apartamento,3,2.0,6,3,0,350.0,0.0,Meia Praia,0.0,,,,,,,,,,,,,,,,,,,,,,,,,,,,,,,,0,0
1085490619549830143,apartamento,2,2.0,5,4,0,150.0,0.0,Morretes,0.0,,,,,,,,,,,,,,,,,,,,,,,,,,,,,,,,0,0
999306668153709930,casa,3,1.0,4,5,2,70.0,5.0,Areal,5.0,5.0,,,,,,,,,,,,,,,,,,,,,,,,,,,,,,,0,0
1287239325712001279,casa,2,1.0,8,4,0,0.0,0.0,Morretes,0.0,,,,,,,,,,,,,,,,,,,,,,,,,,,,,,,,0,0
769009482417170004,apartamento,1,1.0,4,4,17,250.0,4.940000057220459,Morretes,4.940000057220459,4.940000057220459,3.0,27.0,55.0,600.0,652.9629629629629,567.0727272727273,600.0,600.0,480.0,3.0,27.0,55.0,600.0,480.0,480.0,600.0,650.0,600.0,16200.0,19800.0,17280.0,0.9,0.55,0.3956043956043956,27.0,33.0,36.0,True,True,True,1,1
1248660750160789330,apartamento,2,2.0,5,2,0,250.0,0.0,Meia Praia,0.0,,,,,,,,,,,,,,,,,,,,,,,,,,,,,,,,0,0
23299596,apartamento,2,1.0,6,2,214,100.0,4.920000076293945,Meia Praia,4.920000076293945,4.920000076293945,,,,,,,,,,,,,,,,,,,,,,,,,,,,,,,0,0
39394196,apartamento,3,2.0,8,3,16,300.0,4.809999942779541,Meia Praia,4.809999942779541,4.809999942779541,,,,,,,,,,,,,,,,,,,,,,,,,,,,,,,0,0
1318901720877311421,apartamento,3,3.0,10,3,0,0.0,0.0,Meia Praia,0.0,,,,,,,,,,,,,,,,,,,,,,,,,,,,,,,,0,0
18271241,apartamento,3,3.0,8,4,2,350.0,5.0,Centro,5.0,5.0,,,,,,,,,,,,,,,,,,,,,,,,,,,,,,,0,0
1062615116593634676,apartamento,1,1.0,4,1,11,180.0,5.0,Meia Praia,5.0,5.0,1.0,14.0,45.0,500.0,471.42857142857144,433.3333333333333,500.0,500.0,400.0,1.0,14.0,45.0,500.0,450.0,400.0,500.0,500.0,500.0,14500.0,23000.0,18400.0,0.9666666666666667,0.7666666666666667,0.5054945054945055,29.0,46.0,46.0,True,True,True,1,1
772603331815027558,apartamento,2,2.0,5,2,16,150.0,4.880000114440918,Morretes,4.880000114440918,4.880000114440918,,,,,,,,,,,,,,,,,,,,,,,,,,,,,,,0,0
1299993566911510318,apartamento,2,2.0,6,2,0,300.0,0.0,Morretes,0.0,,,,,,,,,,,,,,,,,,,,,,,,,,,,,,,,0,0
627388721154300829,apartamento,3,4.0,8,3,38,270.0,4.869999885559082,Meia Praia,4.869999885559082,4.869999885559082,4.0,15.0,26.0,475.0,530.0,432.6923076923077,475.0,550.0,475.0,4.0,15.0,26.0,400.0,550.0,300.0,550.0,550.0,550.0,12350.0,24750.0,30875.0,0.8666666666666667,0.75,0.7142857142857143,26.0,45.0,65.0,True,True,True,1,1
47260862,apartamento,2,3.0,8,8,24,250.0,5.0,Meia Praia,5.0,5.0,5.0,14.0,44.0,740.0,608.7142857142857,503.09090909090907,700.0,600.0,450.0,5.0,14.0,44.0,700.0,500.0,450.0,800.0,700.0,500.0,17500.0,27600.0,21150.0,0.8333333333333334,0.7666666666666667,0.5164835164835165,25.0,46.0,47.0,True,True,True,1,1
572272775213205053,apartamento,3,3.0,6,1,0,300.0,0.0,Meia Praia,0.0,,,,,,,,,,,,,,,,,,,,,,,,,,,,,,,,0,0
1285199189393260516,outros,1,2.0,4,2,9,0.0,5.0,Meia Praia,5.0,5.0,,,,,,,,,,,,,,,,,,,,,,,,,,,,,,,0,0
1015304393044543814,apartamento,2,1.0,7,4,3,200.0,5.0,Meia Praia,5.0,5.0,,,,,,,,,,,,,,,,,,,,,,,,,,,,,,,0,0
51983017,apartamento,2,1.0,5,2,41,275.0,5.0,Meia Praia,5.0,5.0,,,,,,,,,,,,,,,,,,,,,,,,,,,,,,,0,0
819381309416209650,hotel,1,1.0,4,1,2,0.0,5.0,Centro,5.0,5.0,,,,,,,,,,,,,,,,,,,,,,,,,,,,,,,0,0
1043550848245840713,apartamento,3,3.0,6,4,1,300.0,5.0,Centro,5.0,5.0,,,,,,,,,,,,,,,,,,,,,,,,,,,,,,,0,0
812846736460340062,apartamento,2,2.0,5,5,3,180.0,5.0,Meia Praia,5.0,5.0,,,,,,,,,,,,,,,,,,,,,,,,,,,,,,,0,0
26026295,apartamento,2,2.0,5,3,150,250.0,4.829999923706055,Meia Praia,4.829999923706055,4.829999923706055,4.0,10.0,27.0,635.0,576.5,438.7037037037037,635.0,580.0,390.0,4.0,10.0,27.0,580.0,542.5,340.0,690.0,580.0,555.0,16510.0,29000.0,24960.0,0.8666666666666667,0.8333333333333334,0.7032967032967034,26.0,50.0,64.0,True,True,True,1,1
1130321847856689061,apartamento,2,2.0,6,3,0,200.0,0.0,Centro,0.0,,,,,,,,,,,,,,,,,,,,,,,,,,,,,,,,0,0
1287797580550004400,apartamento,3,1.0,8,5,5,250.0,5.0,Morretes,5.0,5.0,,,,,,,,,,,,,,,,,,,,,,,,,,,,,,,0,0
47195399,apartamento,3,2.0,6,4,0,0.0,0.0,Centro,0.0,,,,,,,,,,,,,,,,,,,,,,,,,,,,,,,,0,0
817864674334774461,apartamento,2,2.0,5,2,3,280.0,5.0,Morretes,5.0,5.0,,,,,,,,,,,,,,,,,,,,,,,,,,,,,,,0,0
1010979576759779598,apartamento,2,2.0,7,4,1,200.0,5.0,Meia Praia,5.0,5.0,,,,,,,,,,,,,,,,,,,,,,,,,,,,,,,0,0
916052715744473224,apartamento,3,4.0,6,3,12,300.0,4.920000076293945,Meia Praia,4.920000076293945,4.920000076293945,30.0,40.0,40.0,1150.0,1150.0,1150.0,1150.0,1150.0,1150.0,30.0,40.0,40.0,1150.0,1150.0,1150.0,1150.0,1150.0,1150.0,0.0,23000.0,58650.0,0.0,0.3333333333333333,0.5604395604395604,0.0,20.0,51.0,True,True,True,1,1
557836705402909460,apartamento,3,3.0,8,3,0,300.0,0.0,Centro,0.0,,,,,,,,,,,,,,,,,,,,,,,,,,,,,,,,0,0
1218829864222330185,apartamento,3,4.0,6,3,0,350.0,0.0,Meia Praia,0.0,,,,,,,,,,,,,,,,,,,,,,,,,,,,,,,,0,0
1034921048830735500,apartamento,3,3.0,10,6,1,0.0,5.0,Meia Praia,5.0,5.0,,,,,,,,,,,,,,,,,,,,,,,,,,,,,,,0,0
1057473437993563177,casa,3,1.0,7,1,0,200.0,0.0,Centro,0.0,,,,,,,,,,,,,,,,,,,,,,,,,,,,,,,,0,0
1082746592587689161,apartamento,3,2.0,6,3,10,300.0,5.0,Tabuleiro dos Oliveiras,5.0,5.0,,,,,,,,,,,,,,,,,,,,,,,,,,,,,,,0,0
1283595242224047629,apartamento,4,4.0,9,5,0,140.0,0.0,Meia Praia,0.0,,,,,,,,,,,,,,,,,,,,,,,,,,,,,,,,0,0
39589039,outros,1,1.0,3,1,22,40.0,4.949999809265137,Meia Praia,4.949999809265137,4.949999809265137,,,,,,,,,,,,,,,,,,,,,,,,,,,,,,,0,0
45822839,apartamento,2,1.0,5,3,8,150.0,5.0,Meia Praia,5.0,5.0,8.0,28.0,59.0,520.0,468.92857142857144,427.45762711864404,520.0,520.0,390.0,8.0,28.0,59.0,520.0,390.0,390.0,520.0,520.0,520.0,11440.0,16640.0,12480.0,0.7333333333333333,0.5333333333333333,0.3516483516483517,22.0,32.0,32.0,True,True,True,1,1
30962064,apartamento,3,4.0,10,4,0,0.0,0.0,Morretes,0.0,,,,,,,,,,,,,,,,,,,,,,,,,,,,,,,,0,0
47117373,apartamento,2,2.0,8,8,0,250.0,0.0,Meia Praia,0.0,,,,,,,,,,,,,,,,,,,,,,,,,,,,,,,,0,0
1298263687321438249,apartamento,3,3.0,8,3,0,350.0,0.0,Meia Praia,0.0,,,,,,,,,,,,,,,,,,,,,,,,,,,,,,,,0,0
578087513685013480,apartamento,3,3.0,7,3,3,350.0,4.329999923706055,Meia Praia,4.329999923706055,4.329999923706055,,,,,,,,,,,,,,,,,,,,,,,,,,,,,,,0,0
1005970354089765680,apartamento,2,1.0,6,4,4,150.0,4.75,Morretes,4.75,4.75,,,,,,,,,,,,,,,,,,,,,,,,,,,,,,,0,0
45382246,apartamento,5,4.0,12,7,32,250.0,4.630000114440918,Centro,4.630000114440918,4.630000114440918,,,,,,,,,,,,,,,,,,,,,,,,,,,,,,,0,0
39420557,apartamento,3,3.0,8,3,7,250.0,5.0,Meia Praia,5.0,5.0,14.0,33.0,33.0,792.8571428571429,798.4848484848485,798.4848484848485,800.0,800.0,800.0,14.0,33.0,33.0,800.0,750.0,750.0,800.0,850.0,850.0,12800.0,21600.0,46400.0,0.5333333333333333,0.45,0.6373626373626373,16.0,27.0,58.0,True,True,True,1,1
1257997974424903579,apartamento,3,2.0,6,4,1,350.0,5.0,Meia Praia,5.0,5.0,,,,,,,,,,,,,,,,,,,,,,,,,,,,,,,0,0
1057917779583184658,casa,2,1.0,5,2,4,0.0,4.5,Tabuleiro dos Oliveiras,4.5,4.5,,,,,,,,,,,,,,,,,,,,,,,,,,,,,,,0,0
1036119511987614049,apartamento,2,2.0,4,3,7,300.0,5.0,Leopoldo Zarling,5.0,5.0,,,,,,,,,,,,,,,,,,,,,,,,,,,,,,,0,0
1207383031689344642,apartamento,1,1.0,4,1,8,150.0,4.880000114440918,Centro,4.880000114440918,4.880000114440918,14.0,37.0,67.0,778.5714285714286,772.972972972973,622.3880597014926,800.0,800.0,500.0,14.0,37.0,67.0,800.0,800.0,400.0,800.0,800.0,800.0,12800.0,18400.0,12000.0,0.5333333333333333,0.38333333333333336,0.26373626373626374,16.0,23.0,24.0,True,True,True,1,1
52596621,apartamento,3,3.0,6,3,11,300.0,5.0,Meia Praia,5.0,5.0,23.0,53.0,84.0,701.695652173913,751.5396226415094,757.3880952380953,700.0,700.0,750.0,23.0,53.0,84.0,700.0,700.0,700.0,700.0,799.0,799.0,4900.0,4900.0,5250.0,0.23333333333333334,0.11666666666666667,0.07692307692307693,7.0,7.0,7.0,True,True,True,1,1
52938019,apartamento,2,3.0,4,2,0,0.0,0.0,Centro,0.0,,,,,,,,,,,,,,,,,,,,,,,,,,,,,,,,0,0
1297766503358555668,apartamento,4,4.0,10,5,0,400.0,0.0,Meia Praia,0.0,,,,,,,,,,,,,,,,,,,,,,,,,,,,,,,,0,0
1054996940106707859,outros,1,0.0,2,0,2,40.0,5.0,Meia Praia,5.0,5.0,,,,,,,,,,,,,,,,,,,,,,,,,,,,,,,0,0
1084894176510731700,apartamento,3,3.0,8,3,0,299.0,0.0,Meia Praia,0.0,,,,,,,,,,,,,,,,,,,,,,,,,,,,,,,,0,0
978095320445301654,apartamento,3,3.0,8,4,17,250.0,4.880000114440918,Meia Praia,4.880000114440918,4.880000114440918,12.0,42.0,73.0,800.0,924.4047619047619,871.5753424657535,800.0,900.0,900.0,12.0,42.0,73.0,800.0,800.0,800.0,800.0,900.0,900.0,14400.0,16200.0,16200.0,0.6,0.3,0.1978021978021978,18.0,18.0,18.0,True,True,True,1,1
1079155643925534801,apartamento,2,3.0,4,2,2,250.0,5.0,Meia Praia,5.0,5.0,,,,,,,,,,,,,,,,,,,,,,,,,,,,,,,0,0
1180542460797069093,apartamento,3,2.0,6,3,0,250.0,0.0,Meia Praia,0.0,,,,,,,,,,,,,,,,,,,,,,,,,,,,,,,,0,0
1321186521312194375,casa,4,3.0,14,8,0,400.0,0.0,Ilhota,0.0,,,,,,,,,,,,,,,,,,,,,,,,,,,,,,,,0,0
975582815327685318,apartamento,2,3.0,5,3,2,350.0,5.0,Centro,5.0,5.0,,,,,,,,,,,,,,,,,,,,,,,,,,,,,,,0,0
18356021,apartamento,2,2.0,5,2,2,300.0,5.0,Meia Praia,5.0,5.0,,,,,,,,,,,,,,,,,,,,,,,,,,,,,,,0,0
21734892,apartamento,3,2.0,8,6,37,250.0,4.920000076293945,Centro,4.920000076293945,4.920000076293945,3.0,28.0,59.0,700.0,863.9285714285714,754.4067796610169,700.0,800.0,800.0,3.0,28.0,59.0,700.0,800.0,520.0,700.0,963.75,800.0,18900.0,25600.0,25600.0,0.9,0.5333333333333333,0.3516483516483517,27.0,32.0,32.0,True,True,True,1,1
52884842,apartamento,4,4.0,10,4,5,200.0,5.0,Meia Praia,5.0,5.0,,,,,,,,,,,,,,,,,,,,,,,,,,,,,,,0,0
40885488,apartamento,2,2.0,6,4,21,200.0,4.860000133514404,Meia Praia,4.860000133514404,4.860000133514404,,,,,,,,,,,,,,,,,,,,,,,,,,,,,,,0,0
1274231902997199249,apartamento,2,2.0,6,3,1,250.0,5.0,Tabuleiro dos Oliveiras,5.0,5.0,,,,,,,,,,,,,,,,,,,,,,,,,,,,,,,0,0
38852725,apartamento,3,2.0,8,5,44,200.0,4.980000019073486,Meia Praia,4.980000019073486,4.980000019073486,10.0,31.0,62.0,664.0,539.741935483871,494.8709677419355,670.0,464.0,450.0,10.0,31.0,62.0,655.0,450.0,450.0,670.0,650.0,460.5,13400.0,13456.0,13050.0,0.6666666666666666,0.48333333333333334,0.31868131868131866,20.0,29.0,29.0,True,True,True,1,1
1079736098275808115,apartamento,3,3.0,6,0,0,500.0,0.0,Meia Praia,0.0,,,,,,,,,,,,,,,,,,,,,,,,,,,,,,,,0,0
1230592260568390825,apartamento,4,3.0,8,4,7,250.0,5.0,Morretes,5.0,5.0,,,,,,,,,,,,,,,,,,,,,,,,,,,,,,,0,0
894058910721203586,apartamento,2,2.0,5,2,0,280.0,0.0,Meia Praia,0.0,,,,,,,,,,,,,,,,,,,,,,,,,,,,,,,,0,0
985716714802993034,apartamento,2,2.0,4,2,12,290.0,5.0,Morretes,5.0,5.0,0.0,17.0,48.0,,500.0,541.3472229166667,,500.0,500.0,0.0,17.0,48.0,,500.0,500.0,,500.0,599.0,,21500.0,21500.0,1.0,0.7166666666666667,0.4725274725274725,30.0,43.0,43.0,False,True,True,1,1
52488813,apartamento,2,1.0,7,5,0,200.0,0.0,Meia Praia,0.0,,,,,,,,,,,,,,,,,,,,,,,,,,,,,,,,0,0
1300621791729361500,apartamento,2,1.0,4,3,0,250.0,0.0,Meia Praia,0.0,,,,,,,,,,,,,,,,,,,,,,,,,,,,,,,,0,0
53921179,apartamento,2,3.0,7,2,1,280.0,5.0,Meia Praia,5.0,5.0,,,,,,,,,,,,,,,,,,,,,,,,,,,,,,,0,0
1277671971539993475,apartamento,1,1.0,2,1,13,180.0,5.0,Centro,5.0,5.0,0.0,9.0,30.0,,320.05555555555554,281.9166666666667,,342.0,273.5,0.0,9.0,30.0,,253.0,250.0,,342.0,280.75,,17442.0,16683.5,1.0,0.85,0.6703296703296703,30.0,51.0,61.0,False,True,True,1,0
1264422313924262574,apartamento,3,2.0,8,4,0,150.0,0.0,Meia Praia,0.0,,,,,,,,,,,,,,,,,,,,,,,,,,,,,,,,0,0
22231120,apartamento,1,1.0,4,2,62,100.0,4.96999979019165,Ilhota,4.96999979019165,4.96999979019165,19.0,49.0,80.0,322.36842105263156,323.1394559183674,334.46041675000004,315.0,315.0,341.0,19.0,49.0,80.0,315.0,315.0,315.0,315.0,315.0,350.0,3465.0,3465.0,3751.0,0.36666666666666664,0.18333333333333332,0.12087912087912088,11.0,11.0,11.0,True,True,True,1,0
1260289196704371121,apartamento,2,2.0,6,3,0,250.0,0.0,Meia Praia,0.0,,,,,,,,,,,,,,,,,,,,,,,,,,,,,,,,0,0
742262889162653132,casa,1,1.0,2,2,14,100.0,4.710000038146973,Sertaozinho,4.710000038146973,4.710000038146973,,,,,,,,,,,,,,,,,,,,,,,,,,,,,,,0,0
1288267680714721244,apartamento,3,3.0,10,3,1,300.0,5.0,Meia Praia,5.0,5.0,,,,,,,,,,,,,,,,,,,,,,,,,,,,,,,0,0
802883982943734959,apartamento,2,2.0,6,5,13,483.0,4.539999961853027,Centro,4.539999961853027,4.539999961853027,,,,,,,,,,,,,,,,,,,,,,,,,,,,,,,0,0
1303950296514105598,casa,3,2.0,10,3,1,0.0,5.0,Meia Praia,5.0,5.0,,,,,,,,,,,,,,,,,,,,,,,,,,,,,,,0,0
1234840430009435266,apartamento,3,4.0,7,4,0,450.0,0.0,Centro,0.0,,,,,,,,,,,,,,,,,,,,,,,,,,,,,,,,0,0
1321134786322096510,apartamento,3,2.0,6,4,1,337.0,5.0,Meia Praia,5.0,5.0,4.0,34.0,65.0,832.0,810.0588235294117,748.2,825.0,743.0,662.0,4.0,34.0,65.0,825.0,644.0,627.0,832.0,846.0,825.0,21450.0,19318.0,17212.0,0.8666666666666667,0.43333333333333335,0.2857142857142857,26.0,26.0,26.0,True,True,True,1,1
1024112378771520860,apartamento,2,3.0,6,2,5,200.0,5.0,Meia Praia,5.0,5.0,,,,,,,,,,,,,,,,,,,,,,,,,,,,,,,0,0
1213260838122562030,apartamento,3,4.0,6,3,1,0.0,5.0,Meia Praia,5.0,5.0,,,,,,,,,,,,,,,,,,,,,,,,,,,,,,,0,0
1297364928111753376,casa,1,1.0,2,1,0,0.0,0.0,Meia Praia,0.0,,,,,,,,,,,,,,,,,,,,,,,,,,,,,,,,0,0
18395333,apartamento,3,3.0,8,6,63,450.0,4.980000019073486,Meia Praia,4.980000019073486,4.980000019073486,5.0,31.0,59.0,710.0,682.258064516129,611.0169491525423,700.0,600.0,600.0,5.0,31.0,59.0,700.0,600.0,500.0,700.0,800.0,650.0,17500.0,17400.0,19200.0,0.8333333333333334,0.48333333333333334,0.3516483516483517,25.0,29.0,32.0,True,True,True,1,1
1281987799901691070,apartamento,4,5.0,12,5,0,250.0,0.0,Meia Praia,0.0,,,,,,,,,,,,,,,,,,,,,,,,,,,,,,,,0,0
813302717987803538,apartamento,3,2.0,6,3,1,220.0,5.0,Morretes,5.0,5.0,,,,,,,,,,,,,,,,,,,,,,,,,,,,,,,0,0
53844708,apartamento,3,2.0,8,3,19,300.0,5.0,Meia Praia,5.0,5.0,,,,,,,,,,,,,,,,,,,,,,,,,,,,,,,0,0
1248005355816094173,apartamento,1,1.0,4,2,9,190.0,5.0,Meia Praia,5.0,5.0,,,,,,,,,,,,,,,,,,,,,,,,,,,,,,,0,0
38957661,apartamento,3,3.0,8,3,23,350.0,4.829999923706055,Meia Praia,4.829999923706055,4.829999923706055,2.0,12.0,43.0,900.0,650.0,483.72093023255815,900.0,650.0,400.0,2.0,12.0,43.0,900.0,400.0,400.0,900.0,900.0,400.0,25200.0,31200.0,19200.0,0.9333333333333333,0.8,0.5274725274725275,28.0,48.0,48.0,True,True,True,1,1
1308037006040980456,apartamento,3,3.0,8,4,0,399.0,0.0,Meia Praia,0.0,,,,,,,,,,,,,,,,,,,,,,,,,,,,,,,,0,0
756694136313805463,apartamento,2,2.0,6,3,7,180.0,5.0,Meia Praia,5.0,5.0,,,,,,,,,,,,,,,,,,,,,,,,,,,,,,,0,0
46430300,apartamento,3,2.0,8,3,8,250.0,4.630000114440918,Meia Praia,4.630000114440918,4.630000114440918,,,,,,,,,,,,,,,,,,,,,,,,,,,,,,,0,0
742766346462755065,apartamento,4,3.0,10,4,4,350.0,5.0,Meia Praia,5.0,5.0,,,,,,,,,,,,,,,,,,,,,,,,,,,,,,,0,0
1164552650830621688,apartamento,2,1.0,4,5,0,150.0,0.0,Tabuleiro dos Oliveiras,0.0,,,,,,,,,,,,,,,,,,,,,,,,,,,,,,,,0,0
1044774243475398494,apartamento,3,0.0,8,4,0,400.0,0.0,Meia Praia,0.0,,,,,,,,,,,,,,,,,,,,,,,,,,,,,,,,0,0
906701409648697471,apartamento,2,2.0,6,3,26,200.0,4.960000038146973,Meia Praia,4.960000038146973,4.960000038146973,5.0,26.0,57.0,698.0,657.6153846153846,542.0175438596491,698.0,598.0,598.0,5.0,26.0,57.0,698.0,598.0,350.0,698.0,698.0,598.0,17450.0,20332.0,20332.0,0.8333333333333334,0.5666666666666667,0.37362637362637363,25.0,34.0,34.0,True,True,True,1,1
31925849,apartamento,2,2.0,4,4,4,200.0,5.0,Tabuleiro dos Oliveiras,5.0,5.0,,,,,,,,,,,,,,,,,,,,,,,,,,,,,,,0,0
645112019862188003,apartamento,1,1.0,4,2,8,150.0,5.0,Casa Branca,5.0,5.0,,,,,,,,,,,,,,,,,,,,,,,,,,,,,,,0,0
21688662,apartamento,3,2.0,8,3,6,500.0,4.829999923706055,Meia Praia,4.829999923706055,4.829999923706055,,,,,,,,,,,,,,,,,,,,,,,,,,,,,,,0,0
1012914270479739624,apartamento,4,2.0,10,6,1,350.0,5.0,Meia Praia,5.0,5.0,,,,,,,,,,,,,,,,,,,,,,,,,,,,,,,0,0
1048767660487985763,casa,4,3.0,8,4,11,0.0,4.820000171661377,Morretes,4.820000171661377,4.820000171661377,,,,,,,,,,,,,,,,,,,,,,,,,,,,,,,0,0
46678933,apartamento,3,3.0,7,4,8,250.0,5.0,Meia Praia,5.0,5.0,16.0,46.0,77.0,650.0,715.2173913043479,729.2207792207793,650.0,650.0,750.0,16.0,46.0,77.0,650.0,650.0,650.0,650.0,750.0,750.0,9100.0,9100.0,10500.0,0.4666666666666667,0.23333333333333334,0.15384615384615385,14.0,14.0,14.0,True,True,True,1,0
35896017,apartamento,3,2.0,8,3,5,450.0,4.599999904632568,Meia Praia,4.599999904632568,4.599999904632568,,,,,,,,,,,,,,,,,,,,,,,,,,,,,,,0,0
31945494,apartamento,3,2.0,8,4,32,100.0,4.78000020980835,Meia Praia,4.78000020980835,4.78000020980835,3.0,29.0,53.0,630.0,729.6551724137931,551.0943396226415,630.0,800.0,630.0,3.0,29.0,53.0,630.0,630.0,280.0,630.0,800.0,800.0,17010.0,24800.0,23940.0,0.9,0.5166666666666667,0.4175824175824176,27.0,31.0,38.0,True,True,True,1,1
1263803469330656434,casa,1,1.0,6,1,0,200.0,0.0,Morretes,0.0,,,,,,,,,,,,,,,,,,,,,,,,,,,,,,,,0,0
46120204,apartamento,3,4.0,6,4,0,300.0,0.0,Centro,0.0,,,,,,,,,,,,,,,,,,,,,,,,,,,,,,,,0,0
1137698308528017474,apartamento,3,2.0,6,4,7,450.0,5.0,Meia Praia,5.0,5.0,6.0,24.0,53.0,657.25,755.7083333333334,668.6792452830189,657.25,710.5,575.0,6.0,24.0,53.0,577.5,672.375,523.0,749.375,889.875,770.0,15774.0,25578.0,21850.0,0.8,0.6,0.4175824175824176,24.0,36.0,38.0,True,True,True,1,1
1278219253454093437,casa,4,2.0,10,5,0,0.0,0.0,Ilhota,0.0,,,,,,,,,,,,,,,,,,,,,,,,,,,,,,,,0,0
44425260,apartamento,2,2.0,8,5,6,350.0,5.0,Meia Praia,5.0,5.0,5.0,35.0,66.0,480.0,537.9085714285715,496.6181818181819,500.0,450.0,450.0,5.0,35.0,66.0,450.0,450.0,450.0,500.0,700.0,450.0,12500.0,11250.0,11250.0,0.8333333333333334,0.4166666666666667,0.27472527472527475,25.0,25.0,25.0,True,True,True,1,0
41590719,apartamento,2,1.0,6,4,58,250.0,4.929999828338623,Meia Praia,4.929999828338623,4.929999828338623,10.0,34.0,65.0,470.0,466.1764705882353,392.2692307692308,470.0,450.0,400.0,10.0,34.0,65.0,450.0,400.0,300.0,490.0,490.0,450.0,9400.0,11700.0,10400.0,0.6666666666666666,0.43333333333333335,0.2857142857142857,20.0,26.0,26.0,True,True,True,1,1
1059689073308729902,apartamento,3,3.0,8,3,5,0.0,5.0,Meia Praia,5.0,5.0,,,,,,,,,,,,,,,,,,,,,,,,,,,,,,,0,0
1045592510645908121,apartamento,2,1.0,7,3,20,250.0,5.0,Meia Praia,5.0,5.0,,,,,,,,,,,,,,,,,,,,,,,,,,,,,,,0,0
38352359,apartamento,3,2.0,8,3,0,350.0,0.0,Meia Praia,0.0,,,,,,,,,,,,,,,,,,,,,,,,,,,,,,,,0,0
1014245162199655907,apartamento,2,2.0,6,2,8,0.0,5.0,Meia Praia,5.0,5.0,0.0,15.0,43.0,,600.0,560.4651162790698,,600.0,600.0,0.0,15.0,43.0,,600.0,500.0,,600.0,600.0,,27000.0,28800.0,1.0,0.75,0.5274725274725275,30.0,45.0,48.0,False,True,True,1,1
994292568172885563,apartamento,3,3.0,6,3,5,250.0,5.0,Meia Praia,5.0,5.0,,,,,,,,,,,,,,,,,,,,,,,,,,,,,,,0,0
985445004274818605,outros,1,1.0,2,1,19,0.0,5.0,Centro,5.0,5.0,7.0,34.0,59.0,200.0,176.22058823529412,165.11016949152543,200.0,187.5,150.0,7.0,34.0,59.0,200.0,150.0,150.0,200.0,200.0,200.0,4600.0,4875.0,4800.0,0.7666666666666667,0.43333333333333335,0.3516483516483517,23.0,26.0,32.0,True,True,True,1,0
844800658968351642,apartamento,2,2.0,5,2,0,215.0,0.0,Meia Praia,0.0,,,,,,,,,,,,,,,,,,,,,,,,,,,,,,,,0,0
1236383802418159158,apartamento,3,2.0,6,4,0,400.0,0.0,Centro,0.0,,,,,,,,,,,,,,,,,,,,,,,,,,,,,,,,0,0
1049417084065072931,apartamento,2,2.0,4,2,24,226.0,4.920000076293945,Morretes,4.920000076293945,4.920000076293945,,,,,,,,,,,,,,,,,,,,,,,,,,,,,,,0,0
558688446887987054,apartamento,2,1.0,6,3,2,250.0,5.0,Meia Praia,5.0,5.0,,,,,,,,,,,,,,,,,,,,,,,,,,,,,,,0,0
763934971339235397,apartamento,3,2.0,10,3,0,100.0,0.0,Meia Praia,0.0,,,,,,,,,,,,,,,,,,,,,,,,,,,,,,,,0,0
28075525,apartamento,2,2.0,6,2,20,250.0,4.949999809265137,Meia Praia,4.949999809265137,4.949999809265137,0.0,0.0,21.0,,,394.2857142857143,,,397.5,0.0,0.0,21.0,,,380.0,,,400.0,,,27825.0,1.0,1.0,0.7692307692307693,30.0,60.0,70.0,False,False,True,1,1
1298562926447923365,apartamento,5,5.0,10,5,1,400.0,5.0,Meia Praia,5.0,5.0,,,,,,,,,,,,,,,,,,,,,,,,,,,,,,,0,0
1275427906090524686,apartamento,3,3.0,8,5,0,450.0,0.0,Meia Praia,0.0,,,,,,,,,,,,,,,,,,,,,,,,,,,,,,,,0,0
25165914,apartamento,3,2.0,6,4,15,210.0,4.869999885559082,Meia Praia,4.869999885559082,4.869999885559082,24.0,54.0,85.0,700.0,675.925925925926,621.1764705882352,700.0,700.0,700.0,24.0,54.0,85.0,700.0,700.0,500.0,700.0,700.0,700.0,4200.0,4200.0,4200.0,0.2,0.1,0.06593406593406594,6.0,6.0,6.0,True,True,True,1,1
1055716308181774403,apartamento,3,3.0,4,3,0,350.0,0.0,Meia Praia,0.0,,,,,,,,,,,,,,,,,,,,,,,,,,,,,,,,0,0
1314490210747015838,apartamento,3,3.0,6,3,0,350.0,0.0,Meia Praia,0.0,,,,,,,,,,,,,,,,,,,,,,,,,,,,,,,,0,0
52346232,apartamento,3,2.0,8,6,47,300.0,4.769999980926514,Meia Praia,4.769999980926514,4.769999980926514,15.0,31.0,57.0,894.0,893.9677419354839,689.8421052631579,890.0,890.0,890.0,15.0,31.0,57.0,890.0,890.0,288.0,900.0,899.0,890.0,13350.0,25810.0,30260.0,0.5,0.48333333333333334,0.37362637362637363,15.0,29.0,34.0,True,True,True,1,1
963042790535185786,apartamento,3,2.0,8,4,0,300.0,0.0,Meia Praia,0.0,,,,,,,,,,,,,,,,,,,,,,,,,,,,,,,,0,0
52631337,apartamento,3,4.0,10,3,0,0.0,0.0,Meia Praia,0.0,,,,,,,,,,,,,,,,,,,,,,,,,,,,,,,,0,0
1275438702868996889,apartamento,4,3.0,10,4,0,0.0,0.0,Meia Praia,0.0,,,,,,,,,,,,,,,,,,,,,,,,,,,,,,,,0,0
1269673046236940316,apartamento,1,2.0,4,3,1,200.0,5.0,Tabuleiro dos Oliveiras,5.0,5.0,,,,,,,,,,,,,,,,,,,,,,,,,,,,,,,0,0
1314370720286994140,apartamento,2,1.0,6,3,2,200.0,4.5,Meia Praia,4.5,4.5,,,,,,,,,,,,,,,,,,,,,,,,,,,,,,,0,0
45184991,apartamento,2,2.0,5,2,123,200.0,4.809999942779541,Meia Praia,4.809999942779541,4.809999942779541,,,,,,,,,,,,,,,,,,,,,,,,,,,,,,,0,0
1281818291072548406,apartamento,3,2.0,6,4,0,0.0,0.0,Tabuleiro dos Oliveiras,0.0,,,,,,,,,,,,,,,,,,,,,,,,,,,,,,,,0,0
826617189908528565,apartamento,1,1.0,4,2,106,150.0,4.980000019073486,Meia Praia,4.980000019073486,4.980000019073486,4.0,18.0,49.0,495.0,543.1666666666666,472.24829959183677,495.0,395.83333,400.0,4.0,18.0,49.0,438.75,361.66666499999997,400.0,551.25,821.25,450.0,12870.0,16624.99986,16800.0,0.8666666666666667,0.7,0.46153846153846156,26.0,42.0,42.0,True,True,True,1,1
1261679737070113049,apartamento,3,2.0,5,3,0,380.0,0.0,Morretes,0.0,,,,,,,,,,,,,,,,,,,,,,,,,,,,,,,,0,0
1217470918331727563,apartamento,3,2.0,9,4,3,200.0,5.0,Morretes,5.0,5.0,,,,,,,,,,,,,,,,,,,,,,,,,,,,,,,0,0
1021213325133142438,apartamento,3,4.0,10,6,3,50.0,5.0,Meia Praia,5.0,5.0,,,,,,,,,,,,,,,,,,,,,,,,,,,,,,,0,0
1322561950499910054,outros,1,1.0,2,1,1,0.0,5.0,Meia Praia,5.0,5.0,,,,,,,,,,,,,,,,,,,,,,,,,,,,,,,0,0
1260168365000200268,apartamento,2,2.0,4,2,1,85.0,5.0,Casa Branca,5.0,5.0,,,,,,,,,,,,,,,,,,,,,,,,,,,,,,,0,0
1318447214795137369,apartamento,3,3.0,6,1,1,290.0,5.0,Meia Praia,5.0,5.0,,,,,,,,,,,,,,,,,,,,,,,,,,,,,,,0,0
986565062867231257,outros,1,1.0,2,2,23,20.0,4.78000020980835,Meia Praia,4.78000020980835,4.78000020980835,,,,,,,,,,,,,,,,,,,,,,,,,,,,,,,0,0
1309698166479736430,casa,4,2.0,8,4,1,200.0,4.0,Meia Praia,4.0,4.0,,,,,,,,,,,,,,,,,,,,,,,,,,,,,,,0,0
1282139756826405251,apartamento,3,3.0,8,2,1,0.0,5.0,Meia Praia,5.0,5.0,,,,,,,,,,,,,,,,,,,,,,,,,,,,,,,0,0
1320358322541383975,apartamento,4,4.0,8,4,0,0.0,0.0,Meia Praia,0.0,,,,,,,,,,,,,,,,,,,,,,,,,,,,,,,,0,0
578367085112487086,apartamento,3,4.0,8,6,3,350.0,5.0,Meia Praia,5.0,5.0,,,,,,,,,,,,,,,,,,,,,,,,,,,,,,,0,0
771187443060599954,apartamento,2,2.0,5,3,0,300.0,0.0,Meia Praia,0.0,,,,,,,,,,,,,,,,,,,,,,,,,,,,,,,,0,0
762112217871324562,apartamento,3,1.0,7,5,40,200.0,4.929999828338623,Meia Praia,4.929999828338623,4.929999828338623,0.0,13.0,35.0,,440.9230769230769,442.37142857142857,,399.0,450.0,0.0,13.0,35.0,,399.0,399.0,,490.0,450.0,,18753.0,25200.0,1.0,0.7833333333333333,0.6153846153846154,30.0,47.0,56.0,False,True,True,1,1
48624860,apartamento,2,2.0,7,2,13,200.0,4.920000076293945,Meia Praia,4.920000076293945,4.920000076293945,0.0,2.0,14.0,,400.0,271.42857142857144,,400.0,250.0,0.0,2.0,14.0,,400.0,250.0,,400.0,250.0,,23200.0,19250.0,1.0,0.9666666666666667,0.8461538461538461,30.0,58.0,77.0,False,True,True,1,1
1309282730638851817,apartamento,3,2.0,8,4,0,350.0,0.0,Meia Praia,0.0,,,,,,,,,,,,,,,,,,,,,,,,,,,,,,,,0,0
1262263525005341905,apartamento,2,2.0,7,2,4,150.0,5.0,Meia Praia,5.0,5.0,,,,,,,,,,,,,,,,,,,,,,,,,,,,,,,0,0
993784190944885340,apartamento,2,2.0,6,2,3,200.0,4.329999923706055,Morretes,4.329999923706055,4.329999923706055,,,,,,,,,,,,,,,,,,,,,,,,,,,,,,,0,0
29702211,apartamento,1,2.0,2,10,0,180.0,0.0,Meia Praia,0.0,,,,,,,,,,,,,,,,,,,,,,,,,,,,,,,,0,0
1238305351064076526,apartamento,3,2.0,8,5,0,0.0,0.0,Meia Praia,0.0,,,,,,,,,,,,,,,,,,,,,,,,,,,,,,,,0,0
47089646,apartamento,2,2.0,7,4,15,350.0,5.0,Centro,5.0,5.0,,,,,,,,,,,,,,,,,,,,,,,,,,,,,,,0,0
1242955426145195603,apartamento,2,2.0,4,2,2,0.0,5.0,Morretes,5.0,5.0,,,,,,,,,,,,,,,,,,,,,,,,,,,,,,,0,0
1323423731358115676,apartamento,2,2.0,6,3,0,250.0,0.0,Meia Praia,0.0,,,,,,,,,,,,,,,,,,,,,,,,,,,,,,,,0,0
969069474772479332,apartamento,3,2.0,8,7,1,0.0,5.0,Meia Praia,5.0,5.0,,,,,,,,,,,,,,,,,,,,,,,,,,,,,,,0,0
1258216896430964871,outros,2,1.0,2,2,1,0.0,5.0,Varzea,5.0,5.0,,,,,,,,,,,,,,,,,,,,,,,,,,,,,,,0,0
1028404798591603585,apartamento,3,2.0,8,5,4,350.0,5.0,Meia Praia,5.0,5.0,,,,,,,,,,,,,,,,,,,,,,,,,,,,,,,0,0
1067501516559338603,apartamento,4,3.0,10,4,10,200.0,4.800000190734863,Centro,4.800000190734863,4.800000190734863,,,,,,,,,,,,,,,,,,,,,,,,,,,,,,,0,0
46451253,apartamento,3,2.0,7,3,10,250.0,5.0,Meia Praia,5.0,5.0,10.0,40.0,71.0,817.0,700.0125,575.6549295774648,800.0,800.0,440.0,10.0,40.0,71.0,800.0,440.0,440.0,800.0,800.0,800.0,16000.0,16000.0,8800.0,0.6666666666666666,0.3333333333333333,0.21978021978021978,20.0,20.0,20.0,True,True,True,1,1
1322346605725910804,apartamento,3,2.0,8,2,1,150.0,5.0,Tabuleiro dos Oliveiras,5.0,5.0,,,,,,,,,,,,,,,,,,,,,,,,,,,,,,,0,0
41702158,apartamento,4,3.0,12,6,59,400.0,4.949999809265137,Meia Praia,4.949999809265137,4.949999809265137,0.0,6.0,34.0,,1300.0,1217.6470588235295,,1200.0,1200.0,0.0,6.0,34.0,,1200.0,1200.0,,1425.0,1200.0,,64800.0,68400.0,1.0,0.9,0.6263736263736264,30.0,54.0,57.0,False,True,True,1,1
8406738,apartamento,3,3.0,6,0,2,380.0,5.0,Meia Praia,5.0,5.0,,,,,,,,,,,,,,,,,,,,,,,,,,,,,,,0,0
772331709357403117,apartamento,2,2.0,6,2,0,250.0,0.0,Tabuleiro dos Oliveiras,0.0,,,,,,,,,,,,,,,,,,,,,,,,,,,,,,,,0,0
1101468395346870820,apartamento,2,1.0,4,3,2,180.0,5.0,Alto Sao Bento,5.0,5.0,,,,,,,,,,,,,,,,,,,,,,,,,,,,,,,0,0
1166024161283656882,apartamento,2,3.0,6,4,2,50.0,4.5,Morretes,4.5,4.5,,,,,,,,,,,,,,,,,,,,,,,,,,,,,,,0,0
838302443423866244,apartamento,3,2.0,4,1,2,250.0,4.5,Meia Praia,4.5,4.5,,,,,,,,,,,,,,,,,,,,,,,,,,,,,,,0,0
1318005433819873357,apartamento,4,5.0,8,4,1,0.0,5.0,Meia Praia,5.0,5.0,,,,,,,,,,,,,,,,,,,,,,,,,,,,,,,0,0
48586673,apartamento,3,2.0,8,4,4,430.0,4.5,Meia Praia,4.5,4.5,,,,,,,,,,,,,,,,,,,,,,,,,,,,,,,0,0
1316845629569930348,apartamento,3,4.0,6,4,0,300.0,0.0,Meia Praia,0.0,,,,,,,,,,,,,,,,,,,,,,,,,,,,,,,,0,0
1179028133738930790,apartamento,3,2.0,12,5,1,350.0,5.0,Meia Praia,5.0,5.0,,,,,,,,,,,,,,,,,,,,,,,,,,,,,,,0,0
30560948,apartamento,3,2.0,6,4,10,300.0,5.0,Meia Praia,5.0,5.0,15.0,36.0,67.0,950.0,853.6768527777778,782.5726373134328,950.0,950.0,700.0,15.0,36.0,67.0,950.0,700.0,700.0,950.0,950.0,950.0,14250.0,22800.0,16800.0,0.5,0.4,0.26373626373626374,15.0,24.0,24.0,True,True,True,1,1
1262221626757341454,apartamento,3,3.0,9,3,0,0.0,0.0,Meia Praia,0.0,,,,,,,,,,,,,,,,,,,,,,,,,,,,,,,,0,0
1057161824486456028,apartamento,2,2.0,6,2,0,250.0,0.0,Meia Praia,0.0,,,,,,,,,,,,,,,,,,,,,,,,,,,,,,,,0,0
39742353,apartamento,3,2.0,8,4,1,350.0,4.0,Meia Praia,4.0,4.0,,,,,,,,,,,,,,,,,,,,,,,,,,,,,,,0,0
1287918950331730915,apartamento,2,2.0,6,2,0,0.0,0.0,Meia Praia,0.0,,,,,,,,,,,,,,,,,,,,,,,,,,,,,,,,0,0
31461809,apartamento,2,1.0,4,3,1,0.0,5.0,Meia Praia,5.0,5.0,,,,,,,,,,,,,,,,,,,,,,,,,,,,,,,0,0
771148377619364647,apartamento,2,2.0,6,3,0,200.0,0.0,Morretes,0.0,,,,,,,,,,,,,,,,,,,,,,,,,,,,,,,,0,0
30098696,casa,1,1.0,2,1,25,0.0,5.0,Casa Branca,5.0,5.0,,,,,,,,,,,,,,,,,,,,,,,,,,,,,,,0,0
47370539,apartamento,3,2.0,8,4,3,300.0,5.0,Meia Praia,5.0,5.0,,,,,,,,,,,,,,,,,,,,,,,,,,,,,,,0,0
16730935,outros,1,1.0,2,1,22,70.0,5.0,Meia Praia,5.0,5.0,29.0,59.0,89.0,250.0,250.0,250.0,250.0,250.0,250.0,29.0,59.0,89.0,250.0,250.0,250.0,250.0,250.0,250.0,250.0,250.0,500.0,0.03333333333333333,0.016666666666666666,0.02197802197802198,1.0,1.0,2.0,True,True,True,1,0
1268755217310742256,apartamento,2,2.0,4,2,0,300.0,0.0,Meia Praia,0.0,,,,,,,,,,,,,,,,,,,,,,,,,,,,,,,,0,0
17020512,casa,3,2.0,10,9,1,250.0,4.0,Meia Praia,4.0,4.0,,,,,,,,,,,,,,,,,,,,,,,,,,,,,,,0,0
1315360582920911882,apartamento,3,3.0,8,3,0,350.0,0.0,Meia Praia,0.0,,,,,,,,,,,,,,,,,,,,,,,,,,,,,,,,0,0
26895628,apartamento,4,3.0,12,5,99,300.0,4.800000190734863,Meia Praia,4.800000190734863,4.800000190734863,2.0,12.0,36.0,1067.0,1048.9166666666667,824.6388888888889,1067.0,1067.0,850.0,2.0,12.0,36.0,1067.0,1067.0,650.0,1067.0,1067.0,1067.0,29876.0,51216.0,46750.0,0.9333333333333333,0.8,0.6043956043956044,28.0,48.0,55.0,True,True,True,1,1
39051477,apartamento,4,4.0,10,4,10,450.0,4.800000190734863,Meia Praia,4.800000190734863,4.800000190734863,30.0,60.0,91.0,1684.6444466666667,1557.6555566666668,1538.0146527472527,1563.0,1440.0,1500.0,30.0,60.0,91.0,1440.0,1440.0,1440.0,2000.0,1554.8333,1515.0,0.0,0.0,0.0,0.0,0.0,0.0,0.0,0.0,0.0,True,True,True,1,1
912678193847993947,outros,1,1.0,2,1,30,0.0,4.800000190734863,Meia Praia,4.800000190734863,4.800000190734863,,,,,,,,,,,,,,,,,,,,,,,,,,,,,,,0,0
1180630307742034711,apartamento,3,3.0,9,7,0,300.0,0.0,Meia Praia,0.0,,,,,,,,,,,,,,,,,,,,,,,,,,,,,,,,0,0
52536959,apartamento,1,1.0,2,1,52,100.0,4.960000038146973,Meia Praia,4.960000038146973,4.960000038146973,,,,,,,,,,,,,,,,,,,,,,,,,,,,,,,0,0
1039827290604057739,casa,1,1.0,6,3,0,0.0,0.0,Sertaozinho,0.0,,,,,,,,,,,,,,,,,,,,,,,,,,,,,,,,0,0
40814808,apartamento,2,2.0,6,3,14,250.0,4.929999828338623,Tabuleiro dos Oliveiras,4.929999828338623,4.929999828338623,,,,,,,,,,,,,,,,,,,,,,,,,,,,,,,0,0
1230581509934727899,apartamento,3,2.0,6,3,0,0.0,0.0,Meia Praia,0.0,,,,,,,,,,,,,,,,,,,,,,,,,,,,,,,,0,0
1041586121627389560,apartamento,2,2.0,6,2,8,200.0,4.880000114440918,Meia Praia,4.880000114440918,4.880000114440918,,,,,,,,,,,,,,,,,,,,,,,,,,,,,,,0,0
1303694953710431170,apartamento,2,2.0,6,2,1,230.0,5.0,Meia Praia,5.0,5.0,,,,,,,,,,,,,,,,,,,,,,,,,,,,,,,0,0
23041328,apartamento,2,1.0,5,2,2,0.0,4.5,Centro,4.5,4.5,,,,,,,,,,,,,,,,,,,,,,,,,,,,,,,0,0
40324521,apartamento,2,1.0,6,2,7,0.0,4.860000133514404,Alto Sao Bento,4.860000133514404,4.860000133514404,,,,,,,,,,,,,,,,,,,,,,,,,,,,,,,0,0
24370755,apartamento,3,3.0,7,3,44,0.0,5.0,Meia Praia,5.0,5.0,,,,,,,,,,,,,,,,,,,,,,,,,,,,,,,0,0
46940585,apartamento,3,3.0,8,5,1,0.0,5.0,Meia Praia,5.0,5.0,,,,,,,,,,,,,,,,,,,,,,,,,,,,,,,0,0
45527458,apartamento,3,2.0,10,3,2,0.0,5.0,Meia Praia,5.0,5.0,,,,,,,,,,,,,,,,,,,,,,,,,,,,,,,0,0
686743101124580615,apartamento,3,4.0,8,3,6,300.0,5.0,Meia Praia,5.0,5.0,5.0,16.0,27.0,942.0,935.21875,818.2037037037037,942.0,942.0,648.0,5.0,16.0,27.0,942.0,868.5,648.0,942.0,1094.5,969.5,23550.0,41448.0,41472.0,0.8333333333333334,0.7333333333333333,0.7032967032967034,25.0,44.0,64.0,True,True,True,1,0
47387605,apartamento,3,3.0,8,4,3,300.0,5.0,Meia Praia,5.0,5.0,,,,,,,,,,,,,,,,,,,,,,,,,,,,,,,0,0
1320506628179287069,apartamento,2,3.0,4,2,0,350.0,0.0,Varzea,0.0,,,,,,,,,,,,,,,,,,,,,,,,,,,,,,,,0,0
15449593,apartamento,2,2.0,6,2,3,200.0,5.0,Meia Praia,5.0,5.0,,,,,,,,,,,,,,,,,,,,,,,,,,,,,,,0,0
1306687681362059790,apartamento,3,3.0,6,3,0,450.0,0.0,Meia Praia,0.0,,,,,,,,,,,,,,,,,,,,,,,,,,,,,,,,0,0
771111761043546355,apartamento,2,1.0,6,3,18,150.0,4.940000057220459,Centro,4.940000057220459,4.940000057220459,15.0,45.0,75.0,569.8333333333334,632.9666666666667,603.2666666666667,557.0,558.5,557.0,15.0,45.0,75.0,557.0,557.0,557.0,569.5,627.0,582.75,8355.0,8377.5,8912.0,0.5,0.25,0.17582417582417584,15.0,15.0,16.0,True,True,True,1,1
1257301192999660879,apartamento,3,2.0,8,3,1,250.0,5.0,Meia Praia,5.0,5.0,,,,,,,,,,,,,,,,,,,,,,,,,,,,,,,0,0
31427838,casa,3,2.0,8,3,58,220.0,4.909999847412109,Meia Praia,4.909999847412109,4.909999847412109,,,,,,,,,,,,,,,,,,,,,,,,,,,,,,,0,0
1187558666042801587,apartamento,3,2.0,6,3,7,400.0,5.0,Meia Praia,5.0,5.0,4.0,33.0,64.0,573.5,675.4848484848485,602.78125,573.5,653.0,541.5,4.0,33.0,64.0,421.0,564.0,471.0,726.0,726.0,689.0,14911.0,17631.0,14620.5,0.8666666666666667,0.45,0.2967032967032967,26.0,27.0,27.0,True,True,True,1,1
1284129114802328397,apartamento,2,3.0,4,2,3,200.0,5.0,Morretes,5.0,5.0,,,,,,,,,,,,,,,,,,,,,,,,,,,,,,,0,0
984162262021333882,apartamento,2,2.0,4,2,3,90.0,5.0,Tabuleiro dos Oliveiras,5.0,5.0,,,,,,,,,,,,,,,,,,,,,,,,,,,,,,,0,0
783535222371747130,apartamento,2,2.0,6,3,1,300.0,5.0,Tabuleiro dos Oliveiras,5.0,5.0,,,,,,,,,,,,,,,,,,,,,,,,,,,,,,,0,0
1211548624462491441,apartamento,2,2.0,6,2,2,250.0,5.0,Tabuleiro dos Oliveiras,5.0,5.0,,,,,,,,,,,,,,,,,,,,,,,,,,,,,,,0,0
44369632,apartamento,3,2.0,8,3,44,190.0,4.889999866485596,Meia Praia,4.889999866485596,4.889999866485596,9.0,9.0,9.0,705.0,705.0,705.0,705.0,705.0,705.0,9.0,9.0,9.0,705.0,705.0,705.0,705.0,705.0,705.0,14805.0,35955.0,57810.0,0.7,0.85,0.9010989010989011,21.0,51.0,82.0,True,True,True,1,1
40192468,apartamento,2,2.0,6,2,0,0.0,0.0,Meia Praia,0.0,,,,,,,,,,,,,,,,,,,,,,,,,,,,,,,,0,0
41711386,apartamento,2,2.0,7,4,2,0.0,4.5,Morretes,4.5,4.5,,,,,,,,,,,,,,,,,,,,,,,,,,,,,,,0,0
1298618981190984695,casa,4,2.0,9,6,1,0.0,5.0,Centro,5.0,5.0,,,,,,,,,,,,,,,,,,,,,,,,,,,,,,,0,0
777665901925870644,apartamento,2,1.0,6,5,0,0.0,0.0,Casa Branca,0.0,,,,,,,,,,,,,,,,,,,,,,,,,,,,,,,,0,0
41180369,apartamento,3,3.0,7,4,1,0.0,4.0,Meia Praia,4.0,4.0,,,,,,,,,,,,,,,,,,,,,,,,,,,,,,,0,0
47189324,casa,2,1.0,5,3,16,0.0,4.75,Meia Praia,4.75,4.75,,,,,,,,,,,,,,,,,,,,,,,,,,,,,,,0,0
912289388644419623,apartamento,3,2.0,8,3,11,0.0,5.0,Centro,5.0,5.0,,,,,,,,,,,,,,,,,,,,,,,,,,,,,,,0,0
43725543,apartamento,2,1.0,6,3,70,0.0,4.869999885559082,Canto da Praia,4.869999885559082,4.869999885559082,,,,,,,,,,,,,,,,,,,,,,,,,,,,,,,0,0
757145296838322326,casa,2,1.0,4,2,6,0.0,5.0,Varzea,5.0,5.0,,,,,,,,,,,,,,,,,,,,,,,,,,,,,,,0,0
46125799,apartamento,2,2.0,5,5,6,0.0,5.0,Meia Praia,5.0,5.0,,,,,,,,,,,,,,,,,,,,,,,,,,,,,,,0,0
1049492899701774782,casa,1,1.0,2,1,3,0.0,4.670000076293945,Leopoldo Zarling,4.670000076293945,4.670000076293945,,,,,,,,,,,,,,,,,,,,,,,,,,,,,,,0,0
22012670,apartamento,2,2.0,6,6,1,0.0,5.0,Centro,5.0,5.0,,,,,,,,,,,,,,,,,,,,,,,,,,,,,,,0,0
22334703,apartamento,2,1.0,4,2,29,0.0,4.900000095367432,Meia Praia,4.900000095367432,4.900000095367432,,,,,,,,,,,,,,,,,,,,,,,,,,,,,,,0,0
31069793,apartamento,2,2.0,6,6,0,0.0,0.0,Alto Sao Bento,0.0,,,,,,,,,,,,,,,,,,,,,,,,,,,,,,,,0,0
1244321708155572987,outros,1,1.0,2,1,7,0.0,5.0,Tabuleiro dos Oliveiras,5.0,5.0,,,,,,,,,,,,,,,,,,,,,,,,,,,,,,,0,0
1036816675692458820,apartamento,2,2.0,4,2,1,0.0,5.0,Meia Praia,5.0,5.0,,,,,,,,,,,,,,,,,,,,,,,,,,,,,,,0,0
23183285,apartamento,3,3.0,8,3,2,0.0,5.0,Morretes,5.0,5.0,,,,,,,,,,,,,,,,,,,,,,,,,,,,,,,0,0
39742606,apartamento,2,2.0,7,6,4,0.0,5.0,Centro,5.0,5.0,,,,,,,,,,,,,,,,,,,,,,,,,,,,,,,0,0
848026284913864380,apartamento,1,1.0,2,1,29,0.0,5.0,Meia Praia,5.0,5.0,,,,,,,,,,,,,,,,,,,,,,,,,,,,,,,0,0
51622696,apartamento,2,2.0,6,2,11,0.0,4.909999847412109,Meia Praia,4.909999847412109,4.909999847412109,,,,,,,,,,,,,,,,,,,,,,,,,,,,,,,0,0
1201409710452164548,apartamento,3,3.0,6,5,0,300.0,0.0,Centro,0.0,,,,,,,,,,,,,,,,,,,,,,,,,,,,,,,,0,0
21103486,apartamento,3,2.0,6,3,8,250.0,5.0,Meia Praia,5.0,5.0,0.0,23.0,41.0,,301.1490691304348,291.259233902439,,299.5,301.7143,0.0,23.0,41.0,,284.0,284.0,,324.0,315.0,,11081.5,15085.714999999998,1.0,0.6166666666666667,0.5494505494505495,30.0,37.0,50.0,False,True,True,1,1
718922870189236806,apartamento,5,4.0,16,5,13,500.0,5.0,Meia Praia,5.0,5.0,,,,,,,,,,,,,,,,,,,,,,,,,,,,,,,0,0
1292998668858218841,apartamento,3,2.0,8,3,0,350.0,0.0,Centro,0.0,,,,,,,,,,,,,,,,,,,,,,,,,,,,,,,,0,0
38450905,apartamento,3,2.0,7,3,0,500.0,0.0,Meia Praia,0.0,,,,,,,,,,,,,,,,,,,,,,,,,,,,,,,,0,0
1060712096498828082,apartamento,4,5.0,10,5,0,0.0,0.0,Centro,0.0,,,,,,,,,,,,,,,,,,,,,,,,,,,,,,,,0,0
54127075,apartamento,2,1.0,6,4,3,200.0,4.329999923706055,Centro,4.329999923706055,4.329999923706055,,,,,,,,,,,,,,,,,,,,,,,,,,,,,,,0,0
1298818310970143614,apartamento,2,1.0,4,2,0,0.0,0.0,Alto Sao Bento,0.0,,,,,,,,,,,,,,,,,,,,,,,,,,,,,,,,0,0
40371384,apartamento,1,1.0,6,3,343,60.0,4.829999923706055,Centro,4.829999923706055,4.829999923706055,21.0,51.0,82.0,700.3809523809524,646.1584960784313,556.4562999999999,661.0,654.0,501.16665,21.0,51.0,82.0,654.0,505.5,404.0,772.0,741.0,656.1875,5949.0,5886.0,4510.49985,0.3,0.15,0.0989010989010989,9.0,9.0,9.0,True,True,True,1,1
745019684766017075,casa,4,2.0,10,4,2,500.0,4.0,Ilhota,4.0,4.0,,,,,,,,,,,,,,,,,,,,,,,,,,,,,,,0,0
42432908,apartamento,3,3.0,9,3,3,300.0,5.0,Meia Praia,5.0,5.0,,,,,,,,,,,,,,,,,,,,,,,,,,,,,,,0,0
45440803,apartamento,2,2.0,7,5,1,190.0,5.0,Meia Praia,5.0,5.0,,,,,,,,,,,,,,,,,,,,,,,,,,,,,,,0,0
52532833,outros,2,1.0,5,4,19,150.0,4.949999809265137,Meia Praia,4.949999809265137,4.949999809265137,,,,,,,,,,,,,,,,,,,,,,,,,,,,,,,0,0
39635217,apartamento,3,2.0,9,3,46,350.0,4.960000038146973,Meia Praia,4.960000038146973,4.960000038146973,2.0,2.0,16.0,800.0,800.0,423.06562499999995,800.0,800.0,373.4,2.0,2.0,16.0,800.0,800.0,355.0,800.0,800.0,383.125,22400.0,46400.0,28005.0,0.9333333333333333,0.9666666666666667,0.8241758241758241,28.0,58.0,75.0,True,True,True,1,1
52266549,apartamento,3,2.0,8,7,14,300.0,4.789999961853027,Morretes,4.789999961853027,4.789999961853027,2.0,24.0,55.0,550.0,560.4166666666666,572.7272727272727,550.0,550.0,550.0,2.0,24.0,55.0,550.0,550.0,550.0,550.0,550.0,600.0,15400.0,19800.0,19800.0,0.9333333333333333,0.6,0.3956043956043956,28.0,36.0,36.0,True,True,True,1,1
22335276,casa,3,3.0,8,3,21,0.0,4.949999809265137,Canto da Praia,4.949999809265137,4.949999809265137,,,,,,,,,,,,,,,,,,,,,,,,,,,,,,,0,0
645748469386556791,apartamento,2,2.0,6,2,1,250.0,5.0,Meia Praia,5.0,5.0,,,,,,,,,,,,,,,,,,,,,,,,,,,,,,,0,0
26334990,apartamento,3,2.0,11,8,6,350.0,5.0,Meia Praia,5.0,5.0,19.0,28.0,48.0,1313.267547368421,1280.43155,1217.3090291666667,1300.0,1300.0,1200.0,19.0,28.0,48.0,1300.0,1200.0,1126.8125,1326.875,1304.6875,1300.0,14300.0,41600.0,51600.0,0.36666666666666664,0.5333333333333333,0.4725274725274725,11.0,32.0,43.0,True,True,True,1,1
648329222081796055,apartamento,3,4.0,7,3,0,0.0,0.0,Meia Praia,0.0,,,,,,,,,,,,,,,,,,,,,,,,,,,,,,,,0,0
1305226101881285841,apartamento,3,2.0,8,4,2,250.0,5.0,Meia Praia,5.0,5.0,,,,,,,,,,,,,,,,,,,,,,,,,,,,,,,0,0
907860020131847972,apartamento,3,2.0,10,7,3,350.0,5.0,Meia Praia,5.0,5.0,,,,,,,,,,,,,,,,,,,,,,,,,,,,,,,0,0
1160156338263528718,apartamento,2,2.0,6,2,7,200.0,4.860000133514404,Meia Praia,4.860000133514404,4.860000133514404,,,,,,,,,,,,,,,,,,,,,,,,,,,,,,,0,0
984679583983478210,apartamento,3,3.0,8,3,3,300.0,4.0,Centro,4.0,4.0,,,,,,,,,,,,,,,,,,,,,,,,,,,,,,,0,0
1313743611935861864,apartamento,3,3.0,8,3,0,250.0,0.0,Meia Praia,0.0,,,,,,,,,,,,,,,,,,,,,,,,,,,,,,,,0,0
45480718,apartamento,3,2.0,8,4,34,250.0,4.760000228881836,Meia Praia,4.760000228881836,4.760000228881836,0.0,0.0,5.0,,,200.0,,,200.0,0.0,0.0,5.0,,,200.0,,,200.0,,,17200.0,1.0,1.0,0.945054945054945,30.0,60.0,86.0,False,False,True,1,1
21632405,apartamento,3,2.0,8,3,11,250.0,4.820000171661377,Meia Praia,4.820000171661377,4.820000171661377,8.0,23.0,50.0,656.0,619.5318852173913,494.971334,656.0,656.0,408.0,8.0,23.0,50.0,656.0,525.0,380.0,656.0,692.83335,656.0,14432.0,24272.0,16728.0,0.7333333333333333,0.6166666666666667,0.45054945054945056,22.0,37.0,41.0,True,True,True,1,1
1055195186250667088,casa,3,2.0,8,3,0,0.0,0.0,Sertaozinho,0.0,,,,,,,,,,,,,,,,,,,,,,,,,,,,,,,,0,0
1310412582994767869,apartamento,3,4.0,8,3,0,350.0,0.0,Meia Praia,0.0,,,,,,,,,,,,,,,,,,,,,,,,,,,,,,,,0,0
730553947980169722,apartamento,3,2.0,8,12,7,300.0,5.0,Centro,5.0,5.0,0.0,17.0,48.0,,820.5882352941177,888.5416666666666,,810.0,900.0,0.0,17.0,48.0,,810.0,810.0,,810.0,900.0,,34830.0,38700.0,1.0,0.7166666666666667,0.4725274725274725,30.0,43.0,43.0,False,True,True,1,1
618943952389206201,apartamento,2,2.0,6,5,13,360.0,4.849999904632568,Meia Praia,4.849999904632568,4.849999904632568,13.0,40.0,71.0,713.2307692307693,576.8,501.3380281690141,700.0,700.0,400.0,13.0,40.0,71.0,700.0,400.0,400.0,700.0,700.0,700.0,11900.0,14000.0,8000.0,0.5666666666666667,0.3333333333333333,0.21978021978021978,17.0,20.0,20.0,True,True,True,1,1
1285561344532150278,apartamento,3,3.0,8,5,0,0.0,0.0,Meia Praia,0.0,,,,,,,,,,,,,,,,,,,,,,,,,,,,,,,,0,0
1284981847089242773,outros,1,2.0,8,2,1,0.0,5.0,Meia Praia,5.0,5.0,,,,,,,,,,,,,,,,,,,,,,,,,,,,,,,0,0
773292563863688188,apartamento,3,2.0,7,3,4,250.0,5.0,Meia Praia,5.0,5.0,,,,,,,,,,,,,,,,,,,,,,,,,,,,,,,0,0
1202917826991157371,apartamento,1,1.0,4,1,0,200.0,0.0,Meia Praia,0.0,,,,,,,,,,,,,,,,,,,,,,,,,,,,,,,,0,0
1008731134339437868,apartamento,2,2.0,4,2,1,200.0,5.0,Jardim Praiamar,5.0,5.0,,,,,,,,,,,,,,,,,,,,,,,,,,,,,,,0,0
1252773634193081756,outros,1,1.0,2,1,0,0.0,0.0,Morretes,0.0,,,,,,,,,,,,,,,,,,,,,,,,,,,,,,,,0,0
47173935,apartamento,4,2.0,10,4,8,200.0,4.380000114440918,Meia Praia,4.380000114440918,4.380000114440918,,,,,,,,,,,,,,,,,,,,,,,,,,,,,,,0,0
965310679168112589,casa,1,1.0,2,2,9,150.0,5.0,none,5.0,5.0,,,,,,,,,,,,,,,,,,,,,,,,,,,,,,,0,0
1153532104174311523,apartamento,3,2.0,8,0,3,290.0,5.0,Meia Praia,5.0,5.0,,,,,,,,,,,,,,,,,,,,,,,,,,,,,,,0,0
1320402709439398442,apartamento,1,1.0,4,1,0,200.0,0.0,Meia Praia,0.0,,,,,,,,,,,,,,,,,,,,,,,,,,,,,,,,0,0
1018300485614755853,apartamento,3,2.0,9,5,3,350.0,5.0,Meia Praia,5.0,5.0,,,,,,,,,,,,,,,,,,,,,,,,,,,,,,,0,0
1312563450729289364,apartamento,2,2.0,6,3,0,280.0,0.0,Meia Praia,0.0,,,,,,,,,,,,,,,,,,,,,,,,,,,,,,,,0,0
766164030583614114,apartamento,3,2.0,8,5,3,400.0,5.0,Meia Praia,5.0,5.0,,,,,,,,,,,,,,,,,,,,,,,,,,,,,,,0,0
1086019092471404664,apartamento,4,3.0,15,6,0,480.0,0.0,Meia Praia,0.0,,,,,,,,,,,,,,,,,,,,,,,,,,,,,,,,0,0
30565467,apartamento,3,2.0,7,4,0,300.0,0.0,Meia Praia,0.0,,,,,,,,,,,,,,,,,,,,,,,,,,,,,,,,0,0
850675824952359571,apartamento,3,2.0,8,4,27,200.0,4.699999809265137,Meia Praia,4.699999809265137,4.699999809265137,25.0,55.0,66.0,810.0,805.6363636363636,805.030303030303,810.0,802.0,802.0,25.0,55.0,66.0,810.0,802.0,802.0,810.0,810.0,810.0,4050.0,4010.0,20050.0,0.16666666666666666,0.08333333333333333,0.27472527472527475,5.0,5.0,25.0,True,True,True,1,1
1294288506319915333,outros,1,1.0,3,2,0,100.0,0.0,Meia Praia,0.0,,,,,,,,,,,,,,,,,,,,,,,,,,,,,,,,0,0
1309600641888089989,casa,2,1.0,6,3,0,0.0,0.0,Meia Praia,0.0,,,,,,,,,,,,,,,,,,,,,,,,,,,,,,,,0,0
1037613128798136930,apartamento,3,4.0,8,4,2,500.0,5.0,Meia Praia,5.0,5.0,,,,,,,,,,,,,,,,,,,,,,,,,,,,,,,0,0
1193657356522503551,apartamento,2,3.0,6,4,11,250.0,4.909999847412109,Meia Praia,4.909999847412109,4.909999847412109,,,,,,,,,,,,,,,,,,,,,,,,,,,,,,,0,0
1271171762063321920,apartamento,2,2.0,5,2,5,250.0,4.800000190734863,Tabuleiro dos Oliveiras,4.800000190734863,4.800000190734863,17.0,32.0,56.0,650.0,735.9375,581.25,650.0,650.0,650.0,17.0,32.0,56.0,650.0,650.0,350.0,650.0,650.0,650.0,8450.0,18200.0,22750.0,0.43333333333333335,0.4666666666666667,0.38461538461538464,13.0,28.0,35.0,True,True,True,1,0
555873744201878598,casa,2,3.0,2,2,1,100.0,5.0,Morretes,5.0,5.0,,,,,,,,,,,,,,,,,,,,,,,,,,,,,,,0,0
1295071326510448236,apartamento,4,3.0,10,5,0,400.0,0.0,Meia Praia,0.0,,,,,,,,,,,,,,,,,,,,,,,,,,,,,,,,0,0
967444688785412612,apartamento,3,2.0,8,3,6,0.0,4.829999923706055,Meia Praia,4.829999923706055,4.829999923706055,,,,,,,,,,,,,,,,,,,,,,,,,,,,,,,0,0
54377443,apartamento,4,4.0,9,7,4,350.0,5.0,Centro,5.0,5.0,,,,,,,,,,,,,,,,,,,,,,,,,,,,,,,0,0
1018371814895100871,apartamento,3,2.0,8,4,0,250.0,0.0,Centro,0.0,,,,,,,,,,,,,,,,,,,,,,,,,,,,,,,,0,0
1250296514468581240,apartamento,2,2.0,6,3,3,150.0,4.670000076293945,Meia Praia,4.670000076293945,4.670000076293945,,,,,,,,,,,,,,,,,,,,,,,,,,,,,,,0,0
1084720251238906219,apartamento,2,0.0,4,4,0,250.0,0.0,Morretes,0.0,,,,,,,,,,,,,,,,,,,,,,,,,,,,,,,,0,0
47006355,apartamento,3,1.0,8,7,27,150.0,4.929999828338623,Meia Praia,4.929999828338623,4.929999828338623,7.0,27.0,38.0,940.0,700.8333333333334,670.7631578947369,940.0,600.0,592.0,7.0,27.0,38.0,940.0,592.0,592.0,940.0,868.0,619.25,21620.0,19800.0,31376.0,0.7666666666666667,0.55,0.5824175824175825,23.0,33.0,53.0,True,True,True,1,1
1273221801010174650,apartamento,2,2.0,6,4,0,350.0,0.0,Meia Praia,0.0,,,,,,,,,,,,,,,,,,,,,,,,,,,,,,,,0,0
1321306938921369069,apartamento,2,2.0,5,2,0,250.0,0.0,Morretes,0.0,,,,,,,,,,,,,,,,,,,,,,,,,,,,,,,,0,0
49319385,apartamento,3,4.0,8,3,1,350.0,5.0,Meia Praia,5.0,5.0,,,,,,,,,,,,,,,,,,,,,,,,,,,,,,,0,0
1181944920258781413,apartamento,1,1.0,2,1,17,150.0,4.710000038146973,Centro,4.710000038146973,4.710000038146973,14.0,44.0,75.0,360.67857142857144,391.8560613636364,396.4222226666667,359.0,375.5,372.0,14.0,44.0,75.0,347.0,356.0,366.5,385.0,397.0,419.0,5744.0,6008.0,5952.0,0.5333333333333333,0.26666666666666666,0.17582417582417584,16.0,16.0,16.0,True,True,True,1,1
22421016,apartamento,3,3.0,8,4,7,300.0,5.0,Centro,5.0,5.0,4.0,9.0,9.0,825.0,811.1111111111111,811.1111111111111,810.0,800.0,800.0,4.0,9.0,9.0,800.0,800.0,800.0,835.0,800.0,800.0,21060.0,40800.0,65600.0,0.8666666666666667,0.85,0.9010989010989011,26.0,51.0,82.0,True,True,True,1,1
1310816240553343879,apartamento,3,3.0,6,3,0,300.0,0.0,Meia Praia,0.0,,,,,,,,,,,,,,,,,,,,,,,,,,,,,,,,0,0
1295079939671812701,apartamento,4,3.0,12,7,0,350.0,0.0,Meia Praia,0.0,,,,,,,,,,,,,,,,,,,,,,,,,,,,,,,,0,0
1128116602558500719,apartamento,2,2.0,4,2,0,0.0,0.0,Meia Praia,0.0,,,,,,,,,,,,,,,,,,,,,,,,,,,,,,,,0,0
556460074386673858,apartamento,2,3.0,6,2,1,150.0,5.0,Meia Praia,5.0,5.0,,,,,,,,,,,,,,,,,,,,,,,,,,,,,,,0,0
42270655,casa,3,2.0,8,7,41,150.0,5.0,Ilhota,5.0,5.0,17.0,47.0,74.0,495.0,563.54458,517.2512872972973,495.0,495.0,490.0,17.0,47.0,74.0,495.0,495.0,441.0,495.0,495.0,495.0,6435.0,6435.0,8330.0,0.43333333333333335,0.21666666666666667,0.18681318681318682,13.0,13.0,17.0,True,True,True,1,0
1293666152160540923,hotel,2,0.0,3,2,0,0.0,0.0,Centro,0.0,,,,,,,,,,,,,,,,,,,,,,,,,,,,,,,,0,0
1302965025468577580,apartamento,3,2.0,6,1,0,250.0,0.0,Ilhota,0.0,,,,,,,,,,,,,,,,,,,,,,,,,,,,,,,,0,0
1053742591942561941,casa,2,1.0,6,2,3,250.0,5.0,Meia Praia,5.0,5.0,,,,,,,,,,,,,,,,,,,,,,,,,,,,,,,0,0
1187234746969372321,apartamento,2,2.0,6,4,1,240.0,5.0,Meia Praia,5.0,5.0,,,,,,,,,,,,,,,,,,,,,,,,,,,,,,,0,0
51748356,apartamento,3,3.0,6,3,10,300.0,5.0,Meia Praia,5.0,5.0,,,,,,,,,,,,,,,,,,,,,,,,,,,,,,,0,0
1302895918066724548,apartamento,3,2.0,6,4,0,420.0,0.0,Meia Praia,0.0,,,,,,,,,,,,,,,,,,,,,,,,,,,,,,,,0,0
775920674199312840,apartamento,3,2.0,7,3,8,100.0,4.880000114440918,Meia Praia,4.880000114440918,4.880000114440918,,,,,,,,,,,,,,,,,,,,,,,,,,,,,,,0,0
756997201912524343,apartamento,3,3.0,8,4,6,300.0,5.0,Meia Praia,5.0,5.0,23.0,50.0,81.0,850.0,841.71,960.3148148148148,850.0,850.0,850.0,23.0,50.0,81.0,850.0,700.0,700.0,850.0,850.0,1200.0,5950.0,8500.0,8500.0,0.23333333333333334,0.16666666666666666,0.10989010989010989,7.0,10.0,10.0,True,True,True,1,1
1233973103621276698,apartamento,1,1.0,3,2,22,160.0,4.909999847412109,Centro,4.909999847412109,4.909999847412109,3.0,22.0,53.0,334.6666666666667,402.40909090909093,403.1132075471698,319.0,384.0,372.0,3.0,22.0,53.0,319.0,355.5,372.0,342.5,440.0,419.0,8613.0,14592.0,14136.0,0.9,0.6333333333333333,0.4175824175824176,27.0,38.0,38.0,True,True,True,1,1
1001609956545349845,apartamento,4,1.0,8,5,0,450.0,0.0,Meia Praia,0.0,,,,,,,,,,,,,,,,,,,,,,,,,,,,,,,,0,0
615047829578571459,apartamento,1,1.0,2,1,19,280.0,4.53000020980835,Centro,4.53000020980835,4.53000020980835,,,,,,,,,,,,,,,,,,,,,,,,,,,,,,,0,0
705021288668570277,apartamento,2,2.0,4,2,4,200.0,5.0,Tabuleiro dos Oliveiras,5.0,5.0,,,,,,,,,,,,,,,,,,,,,,,,,,,,,,,0,0
1104929066968592881,apartamento,2,2.0,6,0,1,300.0,5.0,Centro,5.0,5.0,,,,,,,,,,,,,,,,,,,,,,,,,,,,,,,0,0
22827706,apartamento,2,2.0,6,3,0,300.0,0.0,Meia Praia,0.0,,,,,,,,,,,,,,,,,,,,,,,,,,,,,,,,0,0
1279044461346354503,apartamento,3,4.0,8,3,1,350.0,5.0,Meia Praia,5.0,5.0,,,,,,,,,,,,,,,,,,,,,,,,,,,,,,,0,0
22315910,apartamento,1,1.0,3,2,3,0.0,5.0,Centro,5.0,5.0,,,,,,,,,,,,,,,,,,,,,,,,,,,,,,,0,0
38113842,outros,2,1.0,6,1,0,0.0,0.0,Morretes,0.0,,,,,,,,,,,,,,,,,,,,,,,,,,,,,,,,0,0
585600486114295795,apartamento,3,2.0,5,3,1,0.0,5.0,Meia Praia,5.0,5.0,,,,,,,,,,,,,,,,,,,,,,,,,,,,,,,0,0
18287935,outros,1,1.0,3,2,10,0.0,4.300000190734863,Centro,4.300000190734863,4.300000190734863,,,,,,,,,,,,,,,,,,,,,,,,,,,,,,,0,0
826067818722968808,apartamento,3,4.0,6,3,0,0.0,0.0,Meia Praia,0.0,,,,,,,,,,,,,,,,,,,,,,,,,,,,,,,,0,0
20563444,apartamento,1,1.0,3,2,15,0.0,4.670000076293945,Centro,4.670000076293945,4.670000076293945,,,,,,,,,,,,,,,,,,,,,,,,,,,,,,,0,0
40810354,apartamento,2,2.0,4,2,32,0.0,4.880000114440918,Morretes,4.880000114440918,4.880000114440918,,,,,,,,,,,,,,,,,,,,,,,,,,,,,,,0,0
35767789,apartamento,2,1.0,4,3,20,0.0,4.849999904632568,Alto Sao Bento,4.849999904632568,4.849999904632568,,,,,,,,,,,,,,,,,,,,,,,,,,,,,,,0,0
1278434239537717744,apartamento,4,3.0,9,6,0,0.0,0.0,Meia Praia,0.0,,,,,,,,,,,,,,,,,,,,,,,,,,,,,,,,0,0
21843744,apartamento,3,2.0,10,7,2,0.0,5.0,Centro,5.0,5.0,,,,,,,,,,,,,,,,,,,,,,,,,,,,,,,0,0
31816034,apartamento,4,2.0,10,4,0,0.0,0.0,Meia Praia,0.0,,,,,,,,,,,,,,,,,,,,,,,,,,,,,,,,0,0
994796114784603337,apartamento,2,2.0,4,2,4,0.0,4.5,Meia Praia,4.5,4.5,,,,,,,,,,,,,,,,,,,,,,,,,,,,,,,0,0
1229995452750240854,apartamento,2,2.0,4,2,0,0.0,0.0,Morretes,0.0,,,,,,,,,,,,,,,,,,,,,,,,,,,,,,,,0,0
38946788,apartamento,2,2.0,4,2,28,120.0,4.679999828338623,Morretes,4.679999828338623,4.679999828338623,,,,,,,,,,,,,,,,,,,,,,,,,,,,,,,0,0
23214098,apartamento,3,2.0,10,5,3,0.0,5.0,Meia Praia,5.0,5.0,,,,,,,,,,,,,,,,,,,,,,,,,,,,,,,0,0
998600982912211659,casa,1,1.0,4,1,5,100.0,4.0,Sertao do Trombudo,4.0,4.0,,,,,,,,,,,,,,,,,,,,,,,,,,,,,,,0,0
23069892,apartamento,3,2.0,6,3,0,0.0,0.0,Meia Praia,0.0,,,,,,,,,,,,,,,,,,,,,,,,,,,,,,,,0,0
47377244,apartamento,3,2.0,10,4,2,0.0,5.0,Meia Praia,5.0,5.0,,,,,,,,,,,,,,,,,,,,,,,,,,,,,,,0,0
1266910757037580386,apartamento,4,4.0,14,4,1,0.0,5.0,Meia Praia,5.0,5.0,,,,,,,,,,,,,,,,,,,,,,,,,,,,,,,0,0
1034033746121638592,apartamento,3,3.0,7,4,1,0.0,5.0,Meia Praia,5.0,5.0,,,,,,,,,,,,,,,,,,,,,,,,,,,,,,,0,0
1318274454490112599,apartamento,2,2.0,6,2,0,250.0,0.0,Meia Praia,0.0,,,,,,,,,,,,,,,,,,,,,,,,,,,,,,,,0,0
994403341096621133,casa,1,1.0,2,1,5,150.0,5.0,Varzea,5.0,5.0,,,,,,,,,,,,,,,,,,,,,,,,,,,,,,,0,0
549806805550927013,apartamento,3,2.0,6,3,1,280.0,5.0,Meia Praia,5.0,5.0,,,,,,,,,,,,,,,,,,,,,,,,,,,,,,,0,0
53151612,apartamento,2,1.0,6,2,9,250.0,4.559999942779541,Meia Praia,4.559999942779541,4.559999942779541,,,,,,,,,,,,,,,,,,,,,,,,,,,,,,,0,0
51959579,apartamento,3,2.0,8,3,8,280.0,5.0,Meia Praia,5.0,5.0,,,,,,,,,,,,,,,,,,,,,,,,,,,,,,,0,0
959414535343481656,apartamento,2,2.0,4,3,3,394.0,4.670000076293945,Meia Praia,4.670000076293945,4.670000076293945,,,,,,,,,,,,,,,,,,,,,,,,,,,,,,,0,0
38319706,apartamento,3,2.0,7,6,40,350.0,5.0,Meia Praia,5.0,5.0,18.0,48.0,79.0,590.0,588.0277770833333,526.902953164557,590.0,590.0,590.0,18.0,48.0,79.0,590.0,590.0,450.0,590.0,627.5,590.0,7080.0,7080.0,7080.0,0.4,0.2,0.13186813186813187,12.0,12.0,12.0,True,True,True,1,1
1030478175785283980,apartamento,4,5.0,10,4,1,300.0,5.0,Meia Praia,5.0,5.0,,,,,,,,,,,,,,,,,,,,,,,,,,,,,,,0,0
1115435634327773140,apartamento,4,5.0,11,4,0,450.0,0.0,Meia Praia,0.0,,,,,,,,,,,,,,,,,,,,,,,,,,,,,,,,0,0
1311500882675820182,apartamento,4,3.0,8,4,0,0.0,0.0,Meia Praia,0.0,,,,,,,,,,,,,,,,,,,,,,,,,,,,,,,,0,0
1023389334658101005,apartamento,3,4.0,8,5,4,200.0,5.0,Meia Praia,5.0,5.0,,,,,,,,,,,,,,,,,,,,,,,,,,,,,,,0,0
39007372,apartamento,3,3.0,6,3,9,250.0,5.0,Meia Praia,5.0,5.0,27.0,57.0,88.0,1100.0,1100.0,1100.0,1100.0,1100.0,1100.0,27.0,57.0,88.0,1100.0,1100.0,1100.0,1100.0,1100.0,1100.0,3300.0,3300.0,3300.0,0.1,0.05,0.03296703296703297,3.0,3.0,3.0,True,True,True,1,1
1321984354394968630,apartamento,2,1.0,4,2,0,200.0,0.0,Casa Branca,0.0,,,,,,,,,,,,,,,,,,,,,,,,,,,,,,,,0,0
546588792290672978,casa,1,1.0,1,1,2,150.0,4.5,Centro,4.5,4.5,,,,,,,,,,,,,,,,,,,,,,,,,,,,,,,0,0
1074031328011239995,casa,5,1.0,15,7,4,300.0,5.0,Varzea,5.0,5.0,29.0,59.0,89.0,1713.3275862068965,1772.1949152542372,1677.073033707865,1500.0,1500.0,1500.0,29.0,59.0,89.0,1500.0,1500.0,1500.0,2000.0,2000.0,2000.0,1500.0,1500.0,3000.0,0.03333333333333333,0.016666666666666666,0.02197802197802198,1.0,1.0,2.0,True,True,True,1,0
1258179878686783837,apartamento,3,3.0,8,4,0,450.0,0.0,Meia Praia,0.0,,,,,,,,,,,,,,,,,,,,,,,,,,,,,,,,0,0
1291246324616435136,apartamento,2,3.0,5,5,0,0.0,0.0,Meia Praia,0.0,,,,,,,,,,,,,,,,,,,,,,,,,,,,,,,,0,0
1281078930772888849,apartamento,2,2.0,6,2,2,250.0,5.0,Morretes,5.0,5.0,,,,,,,,,,,,,,,,,,,,,,,,,,,,,,,0,0
52893238,apartamento,2,2.0,4,2,6,200.0,4.170000076293945,Meia Praia,4.170000076293945,4.170000076293945,,,,,,,,,,,,,,,,,,,,,,,,,,,,,,,0,0
1302987753650132309,apartamento,1,2.0,4,1,0,250.0,0.0,Morretes,0.0,,,,,,,,,,,,,,,,,,,,,,,,,,,,,,,,0,0
1309599527866264203,apartamento,2,2.0,5,2,0,250.0,0.0,Meia Praia,0.0,,,,,,,,,,,,,,,,,,,,,,,,,,,,,,,,0,0
22421421,casa,2,1.0,11,5,4,100.0,4.5,Morretes,4.5,4.5,4.0,18.0,46.0,475.0,451.27777777777777,394.2608695652174,450.0,347.0,347.0,4.0,18.0,46.0,450.0,347.0,347.0,475.0,450.0,347.0,11700.0,14574.0,15615.0,0.8666666666666667,0.7,0.4945054945054945,26.0,42.0,45.0,True,True,True,1,1
1308748861818243743,apartamento,2,3.0,5,2,1,200.0,5.0,Meia Praia,5.0,5.0,,,,,,,,,,,,,,,,,,,,,,,,,,,,,,,0,0
47078621,apartamento,2,2.0,7,3,3,150.0,1.3300000429153442,Tabuleiro dos Oliveiras,1.3300000429153442,1.3300000429153442,,,,,,,,,,,,,,,,,,,,,,,,,,,,,,,0,0
716036257834809292,apartamento,2,1.0,6,5,0,250.0,0.0,Meia Praia,0.0,,,,,,,,,,,,,,,,,,,,,,,,,,,,,,,,0,0
17636492,outros,3,3.0,6,3,0,0.0,0.0,Meia Praia,0.0,,,,,,,,,,,,,,,,,,,,,,,,,,,,,,,,0,0
20564548,apartamento,1,1.0,4,1,5,0.0,4.599999904632568,Centro,4.599999904632568,4.599999904632568,,,,,,,,,,,,,,,,,,,,,,,,,,,,,,,0,0
1293328099072796975,apartamento,2,2.0,5,3,0,280.0,0.0,Morretes,0.0,,,,,,,,,,,,,,,,,,,,,,,,,,,,,,,,0,0
31055581,apartamento,2,2.0,6,5,66,315.0,4.789999961853027,Meia Praia,4.789999961853027,4.789999961853027,14.0,38.0,69.0,559.2857142857143,475.2631578947368,422.1014492753623,605.0,445.0,415.0,14.0,38.0,69.0,485.0,415.0,325.0,605.0,565.0,445.0,9680.0,9790.0,9130.0,0.5333333333333333,0.36666666666666664,0.24175824175824176,16.0,22.0,22.0,True,True,True,1,1
1288396705105036892,apartamento,3,3.0,6,3,0,280.0,0.0,Meia Praia,0.0,,,,,,,,,,,,,,,,,,,,,,,,,,,,,,,,0,0
851583708882706195,apartamento,2,2.0,6,2,1,200.0,5.0,Meia Praia,5.0,5.0,,,,,,,,,,,,,,,,,,,,,,,,,,,,,,,0,0
51669111,apartamento,3,2.0,8,3,8,300.0,5.0,Meia Praia,5.0,5.0,27.0,57.0,87.0,800.0,756.9298228070176,702.8160908045977,800.0,800.0,600.0,27.0,57.0,87.0,800.0,600.0,600.0,800.0,800.0,800.0,2400.0,2400.0,2400.0,0.1,0.05,0.04395604395604396,3.0,3.0,4.0,True,True,True,1,1
43219070,apartamento,3,3.0,7,5,0,250.0,0.0,Centro,0.0,,,,,,,,,,,,,,,,,,,,,,,,,,,,,,,,0,0
964070954867493655,casa,2,1.0,6,4,0,200.0,0.0,Morretes,0.0,,,,,,,,,,,,,,,,,,,,,,,,,,,,,,,,0,0
49369605,apartamento,3,2.0,8,0,12,220.0,4.75,Meia Praia,4.75,4.75,0.0,1.0,10.0,,200.0,207.033333,,200.0,206.166665,0.0,1.0,10.0,,200.0,200.0,,200.0,209.33333249999998,,11800.0,16699.499864999998,1.0,0.9833333333333333,0.8901098901098901,30.0,59.0,81.0,False,True,True,1,1
1287091404225131475,casa,4,2.0,10,4,2,250.0,5.0,Morretes,5.0,5.0,,,,,,,,,,,,,,,,,,,,,,,,,,,,,,,0,0
1121119629124487182,apartamento,4,4.0,12,6,0,400.0,0.0,Meia Praia,0.0,,,,,,,,,,,,,,,,,,,,,,,,,,,,,,,,0,0
1026215661270129106,casa,1,1.0,3,3,0,100.0,0.0,Centro,0.0,,,,,,,,,,,,,,,,,,,,,,,,,,,,,,,,0,0
1320461234111620167,apartamento,2,1.0,4,2,0,200.0,0.0,Centro,0.0,,,,,,,,,,,,,,,,,,,,,,,,,,,,,,,,0,0
565007049956535379,apartamento,3,2.0,6,3,0,250.0,0.0,Meia Praia,0.0,,,,,,,,,,,,,,,,,,,,,,,,,,,,,,,,0,0
1273978346654911748,apartamento,3,4.0,8,3,0,400.0,0.0,Meia Praia,0.0,,,,,,,,,,,,,,,,,,,,,,,,,,,,,,,,0,0
1298806615338272948,casa,2,2.0,5,2,0,0.0,0.0,Varzea,0.0,,,,,,,,,,,,,,,,,,,,,,,,,,,,,,,,0,0
1303745304497797235,apartamento,2,1.0,4,2,1,240.0,5.0,Centro,5.0,5.0,9.0,39.0,70.0,719.5,715.8589743589744,676.85,770.0,723.0,627.75,9.0,39.0,70.0,628.5,611.25,594.0,784.0,792.25,770.0,16170.0,15183.0,13182.75,0.7,0.35,0.23076923076923078,21.0,21.0,21.0,True,True,True,1,1
22256769,apartamento,3,2.0,8,3,4,270.0,5.0,Meia Praia,5.0,5.0,,,,,,,,,,,,,,,,,,,,,,,,,,,,,,,0,0
1282054508163337612,apartamento,3,2.0,8,3,0,0.0,0.0,Meia Praia,0.0,,,,,,,,,,,,,,,,,,,,,,,,,,,,,,,,0,0
805113011312401573,apartamento,2,2.0,6,2,5,300.0,5.0,Tabuleiro dos Oliveiras,5.0,5.0,,,,,,,,,,,,,,,,,,,,,,,,,,,,,,,0,0
23263225,casa,1,1.0,4,2,40,200.0,4.829999923706055,Centro,4.829999923706055,4.829999923706055,11.0,11.0,11.0,286.40909090909093,286.40909090909093,286.40909090909093,283.0,283.0,283.0,11.0,11.0,11.0,277.58333,277.58333,277.58333,300.0,300.0,300.0,5377.0,13867.0,22640.0,0.6333333333333333,0.8166666666666667,0.8791208791208791,19.0,49.0,80.0,True,True,True,1,0
783872089235137848,apartamento,2,1.0,6,3,0,250.0,0.0,Meia Praia,0.0,,,,,,,,,,,,,,,,,,,,,,,,,,,,,,,,0,0
995736596663603880,apartamento,2,2.0,7,2,0,300.0,0.0,Meia Praia,0.0,,,,,,,,,,,,,,,,,,,,,,,,,,,,,,,,0,0
1321895804777519579,apartamento,2,2.0,5,2,2,200.0,5.0,Morretes,5.0,5.0,,,,,,,,,,,,,,,,,,,,,,,,,,,,,,,0,0
40206592,apartamento,3,2.0,8,3,1,300.0,5.0,Meia Praia,5.0,5.0,,,,,,,,,,,,,,,,,,,,,,,,,,,,,,,0,0
1260034133844415711,casa,3,2.0,6,2,2,250.0,5.0,Morretes,5.0,5.0,,,,,,,,,,,,,,,,,,,,,,,,,,,,,,,0,0
44075219,apartamento,3,3.0,8,6,17,0.0,4.880000114440918,Centro,4.880000114440918,4.880000114440918,,,,,,,,,,,,,,,,,,,,,,,,,,,,,,,0,0
833555693958083782,casa,1,1.0,3,2,8,0.0,4.880000114440918,Sertao do Trombudo,4.880000114440918,4.880000114440918,,,,,,,,,,,,,,,,,,,,,,,,,,,,,,,0,0
1224816621661733725,apartamento,2,2.0,5,2,1,150.0,4.0,Meia Praia,4.0,4.0,,,,,,,,,,,,,,,,,,,,,,,,,,,,,,,0,0
1037603943717340020,apartamento,3,2.0,6,3,0,300.0,0.0,Meia Praia,0.0,,,,,,,,,,,,,,,,,,,,,,,,,,,,,,,,0,0
38447436,apartamento,3,2.0,7,5,19,350.0,4.840000152587891,Meia Praia,4.840000152587891,4.840000152587891,30.0,60.0,91.0,1309.7333333333333,1175.35,995.7362637362637,1297.0,1295.0,875.0,30.0,60.0,91.0,1297.0,1018.5,693.0,1397.0,1322.0,1297.0,0.0,0.0,0.0,0.0,0.0,0.0,0.0,0.0,0.0,True,True,True,1,1
1049994013491721443,apartamento,3,4.0,10,4,0,0.0,0.0,Meia Praia,0.0,,,,,,,,,,,,,,,,,,,,,,,,,,,,,,,,0,0
1237848486830587998,apartamento,3,3.0,8,3,9,300.0,4.889999866485596,Meia Praia,4.889999866485596,4.889999866485596,,,,,,,,,,,,,,,,,,,,,,,,,,,,,,,0,0
1262950464625817477,apartamento,1,2.0,5,3,0,300.0,0.0,Centro,0.0,,,,,,,,,,,,,,,,,,,,,,,,,,,,,,,,0,0
951500285874726128,apartamento,3,2.0,8,3,2,300.0,5.0,Meia Praia,5.0,5.0,,,,,,,,,,,,,,,,,,,,,,,,,,,,,,,0,0
1283582813995831992,apartamento,2,2.0,6,5,2,200.0,4.5,Meia Praia,4.5,4.5,,,,,,,,,,,,,,,,,,,,,,,,,,,,,,,0,0
26873476,apartamento,2,1.0,6,4,8,250.0,4.75,Meia Praia,4.75,4.75,,,,,,,,,,,,,,,,,,,,,,,,,,,,,,,0,0
1261524695736463590,apartamento,4,3.0,12,4,3,200.0,5.0,Meia Praia,5.0,5.0,,,,,,,,,,,,,,,,,,,,,,,,,,,,,,,0,0
1274876170500024261,apartamento,2,3.0,4,2,2,275.0,3.0,Morretes,3.0,3.0,,,,,,,,,,,,,,,,,,,,,,,,,,,,,,,0,0
53441120,apartamento,2,2.0,8,3,0,200.0,0.0,Meia Praia,0.0,,,,,,,,,,,,,,,,,,,,,,,,,,,,,,,,0,0
31541759,apartamento,3,3.0,8,3,10,250.0,5.0,Meia Praia,5.0,5.0,,,,,,,,,,,,,,,,,,,,,,,,,,,,,,,0,0
1133364897470780635,apartamento,2,2.0,6,5,0,400.0,0.0,Centro,0.0,,,,,,,,,,,,,,,,,,,,,,,,,,,,,,,,0,0
1201490155653993261,apartamento,3,2.0,6,3,0,250.0,0.0,Centro,0.0,,,,,,,,,,,,,,,,,,,,,,,,,,,,,,,,0,0
1282050147698373842,outros,1,1.0,2,1,1,100.0,5.0,Meia Praia,5.0,5.0,,,,,,,,,,,,,,,,,,,,,,,,,,,,,,,0,0
47855833,apartamento,3,2.0,8,5,8,250.0,4.75,Meia Praia,4.75,4.75,,,,,,,,,,,,,,,,,,,,,,,,,,,,,,,0,0
39950678,casa,4,4.0,16,14,28,350.0,4.960000038146973,Morretes,4.960000038146973,4.960000038146973,,,,,,,,,,,,,,,,,,,,,,,,,,,,,,,0,0
1289867080242046287,outros,1,1.0,2,1,8,0.0,4.75,Meia Praia,4.75,4.75,,,,,,,,,,,,,,,,,,,,,,,,,,,,,,,0,0
43441094,apartamento,2,1.0,5,4,131,200.0,4.889999866485596,Centro,4.889999866485596,4.889999866485596,,,,,,,,,,,,,,,,,,,,,,,,,,,,,,,0,0
1218600854265897638,apartamento,3,3.0,8,3,0,350.0,0.0,Meia Praia,0.0,,,,,,,,,,,,,,,,,,,,,,,,,,,,,,,,0,0
762192750283483456,apartamento,2,1.0,4,3,14,120.0,4.929999828338623,Meia Praia,4.929999828338623,4.929999828338623,,,,,,,,,,,,,,,,,,,,,,,,,,,,,,,0,0
1223099174702506799,apartamento,2,2.0,7,2,1,300.0,5.0,Meia Praia,5.0,5.0,,,,,,,,,,,,,,,,,,,,,,,,,,,,,,,0,0
1216188241525756368,apartamento,2,2.0,6,4,1,35.0,5.0,Centro,5.0,5.0,,,,,,,,,,,,,,,,,,,,,,,,,,,,,,,0,0
37494985,apartamento,3,3.0,6,8,22,350.0,4.639999866485596,Meia Praia,4.639999866485596,4.639999866485596,18.0,48.0,79.0,950.0,917.7083333333334,843.4493683544305,950.0,950.0,850.0,18.0,48.0,79.0,950.0,850.0,750.0,950.0,950.0,950.0,11400.0,11400.0,10200.0,0.4,0.2,0.13186813186813187,12.0,12.0,12.0,True,True,True,1,1
805221578629069164,apartamento,3,4.0,5,3,0,0.0,0.0,Centro,0.0,,,,,,,,,,,,,,,,,,,,,,,,,,,,,,,,0,0
1315162730820536163,outros,1,2.0,1,3,2,0.0,5.0,Meia Praia,5.0,5.0,,,,,,,,,,,,,,,,,,,,,,,,,,,,,,,0,0
1128102078162234879,apartamento,2,2.0,4,1,0,300.0,0.0,Centro,0.0,,,,,,,,,,,,,,,,,,,,,,,,,,,,,,,,0,0
949894318851817927,apartamento,3,2.0,6,4,2,0.0,5.0,Meia Praia,5.0,5.0,,,,,,,,,,,,,,,,,,,,,,,,,,,,,,,0,0
41769298,apartamento,3,2.0,10,11,35,250.0,4.889999866485596,Meia Praia,4.889999866485596,4.889999866485596,12.0,37.0,48.0,1016.9166666666666,1094.6756756756756,1095.8958333333333,1000.0,1100.0,1100.0,12.0,37.0,48.0,1000.0,1000.0,1000.0,1000.0,1100.0,1100.0,18000.0,25300.0,47300.0,0.6,0.38333333333333336,0.4725274725274725,18.0,23.0,43.0,True,True,True,1,1
42527360,apartamento,3,4.0,6,2,1,400.0,5.0,Meia Praia,5.0,5.0,,,,,,,,,,,,,,,,,,,,,,,,,,,,,,,0,0
28958016,apartamento,3,3.0,8,3,0,350.0,0.0,Centro,0.0,,,,,,,,,,,,,,,,,,,,,,,,,,,,,,,,0,0
1248656038257883783,apartamento,4,4.0,8,4,0,450.0,0.0,Centro,0.0,,,,,,,,,,,,,,,,,,,,,,,,,,,,,,,,0,0
1288292864752049749,apartamento,3,3.0,8,4,0,350.0,0.0,Centro,0.0,,,,,,,,,,,,,,,,,,,,,,,,,,,,,,,,0,0
984219379080127366,apartamento,3,4.0,9,3,4,350.0,5.0,Meia Praia,5.0,5.0,,,,,,,,,,,,,,,,,,,,,,,,,,,,,,,0,0
1313869883300164343,apartamento,2,2.0,4,2,1,250.0,5.0,Morretes,5.0,5.0,,,,,,,,,,,,,,,,,,,,,,,,,,,,,,,0,0
36032020,apartamento,3,2.0,8,10,19,300.0,4.840000152587891,Meia Praia,4.840000152587891,4.840000152587891,0.0,4.0,17.0,,550.0,473.52941176470586,,550.0,450.0,0.0,4.0,17.0,,550.0,450.0,,550.0,450.0,,30800.0,33300.0,1.0,0.9333333333333333,0.8131868131868132,30.0,56.0,74.0,False,True,True,1,1
1321076728123766231,apartamento,2,2.0,5,3,0,250.0,0.0,Meia Praia,0.0,,,,,,,,,,,,,,,,,,,,,,,,,,,,,,,,0,0
1029757990422384211,apartamento,4,3.0,9,6,2,400.0,5.0,Meia Praia,5.0,5.0,,,,,,,,,,,,,,,,,,,,,,,,,,,,,,,0,0
22383070,apartamento,2,2.0,6,4,36,200.0,4.940000057220459,Meia Praia,4.940000057220459,4.940000057220459,5.0,15.0,40.0,450.0,440.1222226666667,321.2958335,450.0,447.5,250.0,5.0,15.0,40.0,450.0,435.0,250.0,450.0,450.0,440.83333500000003,11250.0,20137.5,12750.0,0.8333333333333334,0.75,0.5604395604395604,25.0,45.0,51.0,True,True,True,1,0
22421408,apartamento,3,2.0,8,5,2,0.0,4.5,Meia Praia,4.5,4.5,,,,,,,,,,,,,,,,,,,,,,,,,,,,,,,0,0
21605595,casa,2,1.0,6,4,2,0.0,4.0,Varzea,4.0,4.0,,,,,,,,,,,,,,,,,,,,,,,,,,,,,,,0,0
794880766169017994,apartamento,3,3.0,8,3,6,0.0,5.0,Meia Praia,5.0,5.0,,,,,,,,,,,,,,,,,,,,,,,,,,,,,,,0,0
40057283,apartamento,3,3.0,9,5,3,300.0,5.0,Meia Praia,5.0,5.0,,,,,,,,,,,,,,,,,,,,,,,,,,,,,,,0,0
836343023846619973,casa,2,1.0,3,2,0,0.0,0.0,Sertao do Trombudo,0.0,,,,,,,,,,,,,,,,,,,,,,,,,,,,,,,,0,0
38432798,apartamento,2,1.0,4,3,26,120.0,4.880000114440918,Meia Praia,4.880000114440918,4.880000114440918,,,,,,,,,,,,,,,,,,,,,,,,,,,,,,,0,0
1262271601361528089,apartamento,2,2.0,4,3,2,0.0,5.0,Meia Praia,5.0,5.0,,,,,,,,,,,,,,,,,,,,,,,,,,,,,,,0,0
1231939254045564459,apartamento,1,1.0,3,2,0,200.0,0.0,Morretes,0.0,,,,,,,,,,,,,,,,,,,,,,,,,,,,,,,,0,0
1225568795560230867,apartamento,0,1.0,8,4,0,350.0,0.0,Meia Praia,0.0,,,,,,,,,,,,,,,,,,,,,,,,,,,,,,,,0,0
1010140406140977818,outros,1,1.0,2,1,1,0.0,5.0,Meia Praia,5.0,5.0,,,,,,,,,,,,,,,,,,,,,,,,,,,,,,,0,0
41703278,apartamento,3,3.0,7,4,5,350.0,4.599999904632568,Centro,4.599999904632568,4.599999904632568,,,,,,,,,,,,,,,,,,,,,,,,,,,,,,,0,0
826789821972806468,apartamento,3,3.0,5,3,0,250.0,0.0,Meia Praia,0.0,,,,,,,,,,,,,,,,,,,,,,,,,,,,,,,,0,0
613128893836820705,outros,2,2.0,2,5,0,150.0,0.0,Meia Praia,0.0,,,,,,,,,,,,,,,,,,,,,,,,,,,,,,,,0,0
1317505783661437142,apartamento,3,3.0,8,3,1,0.0,5.0,Meia Praia,5.0,5.0,,,,,,,,,,,,,,,,,,,,,,,,,,,,,,,0,0
32640607,apartamento,2,1.0,6,3,6,250.0,4.829999923706055,Casa Branca,4.829999923706055,4.829999923706055,,,,,,,,,,,,,,,,,,,,,,,,,,,,,,,0,0
29897264,apartamento,3,2.0,6,3,0,250.0,0.0,Meia Praia,0.0,,,,,,,,,,,,,,,,,,,,,,,,,,,,,,,,0,0
52426754,casa,3,2.0,6,4,21,200.0,4.949999809265137,Meia Praia,4.949999809265137,4.949999809265137,,,,,,,,,,,,,,,,,,,,,,,,,,,,,,,0,0
676769560370165887,apartamento,2,2.0,6,3,3,300.0,5.0,Meia Praia,5.0,5.0,,,,,,,,,,,,,,,,,,,,,,,,,,,,,,,0,0
45928238,apartamento,2,3.0,5,4,8,200.0,5.0,Morretes,5.0,5.0,,,,,,,,,,,,,,,,,,,,,,,,,,,,,,,0,0
53190433,apartamento,3,2.0,8,3,20,350.0,4.699999809265137,Centro,4.699999809265137,4.699999809265137,7.0,11.0,39.0,1000.0,872.7272727272727,820.5128205128206,1000.0,1000.0,800.0,7.0,11.0,39.0,1000.0,650.0,800.0,1000.0,1000.0,800.0,23000.0,49000.0,41600.0,0.7666666666666667,0.8166666666666667,0.5714285714285714,23.0,49.0,52.0,True,True,True,1,1
1011714999685071594,apartamento,3,2.0,6,4,6,180.0,5.0,Centro,5.0,5.0,0.0,0.0,28.0,,,556.0357142857143,,,557.0,0.0,0.0,28.0,,,557.0,,,557.0,,,35091.0,1.0,1.0,0.6923076923076923,30.0,60.0,63.0,False,False,True,1,1
1314371507074480350,outros,1,0.0,3,2,0,80.0,0.0,Meia Praia,0.0,,,,,,,,,,,,,,,,,,,,,,,,,,,,,,,,0,0
26839303,apartamento,2,2.0,8,2,29,200.0,4.860000133514404,Meia Praia,4.860000133514404,4.860000133514404,17.0,32.0,46.0,843.6049,854.4151031250001,692.2018108695653,800.0,800.0,800.0,17.0,32.0,46.0,800.0,800.0,350.0,900.0,910.7625,800.0,10400.0,22400.0,36000.0,0.43333333333333335,0.4666666666666667,0.4945054945054945,13.0,28.0,45.0,True,True,True,1,1
1282087116272475077,apartamento,2,1.0,5,3,1,175.0,5.0,Casa Branca,5.0,5.0,,,,,,,,,,,,,,,,,,,,,,,,,,,,,,,0,0
50976657,apartamento,4,3.0,12,8,4,300.0,4.75,Meia Praia,4.75,4.75,,,,,,,,,,,,,,,,,,,,,,,,,,,,,,,0,0
1322470046665746144,casa,2,1.0,5,3,0,200.0,0.0,Sertaozinho,0.0,,,,,,,,,,,,,,,,,,,,,,,,,,,,,,,,0,0
1186293533585362679,apartamento,3,3.0,8,4,13,320.0,4.849999904632568,Meia Praia,4.849999904632568,4.849999904632568,,,,,,,,,,,,,,,,,,,,,,,,,,,,,,,0,0
1041429073806880783,apartamento,3,3.0,7,3,0,300.0,0.0,Meia Praia,0.0,,,,,,,,,,,,,,,,,,,,,,,,,,,,,,,,0,0
53252171,casa,1,2.0,4,3,0,180.0,0.0,Morretes,0.0,,,,,,,,,,,,,,,,,,,,,,,,,,,,,,,,0,0
1060919690197765692,apartamento,3,3.0,6,3,0,0.0,0.0,Meia Praia,0.0,,,,,,,,,,,,,,,,,,,,,,,,,,,,,,,,0,0
52517585,apartamento,2,2.0,8,6,0,250.0,0.0,Meia Praia,0.0,,,,,,,,,,,,,,,,,,,,,,,,,,,,,,,,0,0
1041944788019193143,apartamento,3,4.0,8,3,0,0.0,0.0,Meia Praia,0.0,,,,,,,,,,,,,,,,,,,,,,,,,,,,,,,,0,0
51539313,apartamento,3,3.0,6,3,106,250.0,4.989999771118164,Meia Praia,4.989999771118164,4.989999771118164,,,,,,,,,,,,,,,,,,,,,,,,,,,,,,,0,0
1306710539582154841,apartamento,3,3.0,8,4,0,300.0,0.0,Meia Praia,0.0,,,,,,,,,,,,,,,,,,,,,,,,,,,,,,,,0,0
977781796633174473,apartamento,8,6.0,16,12,0,600.0,0.0,Meia Praia,0.0,,,,,,,,,,,,,,,,,,,,,,,,,,,,,,,,0,0
781945545678946313,apartamento,2,2.0,7,4,9,200.0,5.0,Meia Praia,5.0,5.0,,,,,,,,,,,,,,,,,,,,,,,,,,,,,,,0,0
1269848772327595877,outros,1,1.0,2,1,0,0.0,0.0,Centro,0.0,,,,,,,,,,,,,,,,,,,,,,,,,,,,,,,,0,0
1312468821678162100,apartamento,4,2.0,8,4,0,0.0,0.0,Morretes,0.0,,,,,,,,,,,,,,,,,,,,,,,,,,,,,,,,0,0
28366360,apartamento,3,4.0,8,3,43,350.0,4.880000114440918,Meia Praia,4.880000114440918,4.880000114440918,24.0,41.0,66.0,929.5625,958.7682926829268,775.4318181818181,1000.0,1000.0,800.0,24.0,41.0,66.0,800.0,800.0,500.0,1000.0,1000.0,1000.0,6000.0,19000.0,20000.0,0.2,0.31666666666666665,0.27472527472527475,6.0,19.0,25.0,True,True,True,1,1
1036310071218777420,hotel,2,2.0,6,2,0,460.0,0.0,Meia Praia,0.0,,,,,,,,,,,,,,,,,,,,,,,,,,,,,,,,0,0
1049346394602716663,apartamento,0,0.0,4,1,2,200.0,5.0,Meia Praia,5.0,5.0,,,,,,,,,,,,,,,,,,,,,,,,,,,,,,,0,0
750567808069508291,apartamento,3,2.0,9,5,0,350.0,0.0,Meia Praia,0.0,,,,,,,,,,,,,,,,,,,,,,,,,,,,,,,,0,0
955651212281126836,casa,3,2.0,10,5,0,0.0,0.0,Morretes,0.0,,,,,,,,,,,,,,,,,,,,,,,,,,,,,,,,0,0
1002341236260011015,apartamento,2,2.0,4,2,11,200.0,4.909999847412109,Morretes,4.909999847412109,4.909999847412109,6.0,23.0,54.0,366.6666666666667,354.3478260869565,351.85185185185185,350.0,350.0,350.0,6.0,23.0,54.0,350.0,350.0,350.0,387.5,350.0,350.0,8400.0,12950.0,12950.0,0.8,0.6166666666666667,0.4065934065934066,24.0,37.0,37.0,True,True,True,1,0
53694666,apartamento,3,2.0,8,3,0,200.0,0.0,Meia Praia,0.0,,,,,,,,,,,,,,,,,,,,,,,,,,,,,,,,0,0
46675618,apartamento,3,3.0,6,3,4,300.0,4.75,Meia Praia,4.75,4.75,,,,,,,,,,,,,,,,,,,,,,,,,,,,,,,0,0
1074159710127752616,apartamento,2,2.0,4,2,0,0.0,0.0,Tabuleiro dos Oliveiras,0.0,,,,,,,,,,,,,,,,,,,,,,,,,,,,,,,,0,0
1314599881514092715,apartamento,2,2.0,6,2,3,150.0,5.0,Morretes,5.0,5.0,,,,,,,,,,,,,,,,,,,,,,,,,,,,,,,0,0
1271073459230858712,casa,2,1.0,4,2,0,0.0,0.0,Centro,0.0,,,,,,,,,,,,,,,,,,,,,,,,,,,,,,,,0,0
1011083121010008565,apartamento,3,3.0,12,3,0,350.0,0.0,Centro,0.0,,,,,,,,,,,,,,,,,,,,,,,,,,,,,,,,0,0
29013812,apartamento,0,4.0,10,4,0,0.0,0.0,Meia Praia,0.0,,,,,,,,,,,,,,,,,,,,,,,,,,,,,,,,0,0
1208921127809919555,apartamento,4,3.0,8,4,0,300.0,0.0,Meia Praia,0.0,,,,,,,,,,,,,,,,,,,,,,,,,,,,,,,,0,0
1025974741530499489,apartamento,3,3.0,8,4,0,350.0,0.0,Centro,0.0,,,,,,,,,,,,,,,,,,,,,,,,,,,,,,,,0,0
1315836942597696816,apartamento,2,2.0,4,2,0,300.0,0.0,Meia Praia,0.0,,,,,,,,,,,,,,,,,,,,,,,,,,,,,,,,0,0
786307999394390316,apartamento,2,2.0,6,2,14,300.0,4.860000133514404,Meia Praia,4.860000133514404,4.860000133514404,6.0,22.0,53.0,639.0,574.2727272727273,572.9056603773585,550.0,550.0,550.0,6.0,22.0,53.0,550.0,550.0,550.0,750.25,550.0,550.0,13200.0,20900.0,20900.0,0.8,0.6333333333333333,0.4175824175824176,24.0,38.0,38.0,True,True,True,1,1
39414948,apartamento,3,2.0,8,5,72,250.0,4.960000038146973,Meia Praia,4.960000038146973,4.960000038146973,7.0,33.0,61.0,807.1428571428571,669.2424242424242,561.8852459016393,820.0,700.0,490.0,7.0,33.0,61.0,780.0,520.0,400.0,827.5,780.0,780.0,18860.0,18900.0,14700.0,0.7666666666666667,0.45,0.32967032967032966,23.0,27.0,30.0,True,True,True,1,1
38933407,apartamento,3,3.0,8,6,0,300.0,0.0,Centro,0.0,,,,,,,,,,,,,,,,,,,,,,,,,,,,,,,,0,0
767306306930085384,casa,3,2.0,8,2,0,0.0,0.0,Ilhota,0.0,,,,,,,,,,,,,,,,,,,,,,,,,,,,,,,,0,0
1298119593659415664,apartamento,5,4.0,16,10,0,500.0,0.0,Meia Praia,0.0,,,,,,,,,,,,,,,,,,,,,,,,,,,,,,,,0,0
915332897455058900,apartamento,3,3.0,6,3,32,472.0,4.71999979019165,Meia Praia,4.71999979019165,4.71999979019165,13.0,37.0,68.0,1161.576923076923,1153.5337837837837,1075.0036764705883,1150.5,1098.0,928.0,13.0,37.0,68.0,1098.0,928.5,889.0,1255.0,1307.0,1186.375,19558.5,25254.0,21344.0,0.5666666666666667,0.38333333333333336,0.25274725274725274,17.0,23.0,23.0,True,True,True,1,0
1320637026365387734,outros,1,1.0,3,1,0,70.0,0.0,Meia Praia,0.0,,,,,,,,,,,,,,,,,,,,,,,,,,,,,,,,0,0
1282165291618985724,outros,1,1.0,4,4,0,0.0,0.0,Meia Praia,0.0,,,,,,,,,,,,,,,,,,,,,,,,,,,,,,,,0,0
40158005,apartamento,3,2.0,8,5,7,0.0,5.0,Centro,5.0,5.0,,,,,,,,,,,,,,,,,,,,,,,,,,,,,,,0,0
1181723518413479765,apartamento,1,1.0,4,1,12,150.0,4.670000076293945,Centro,4.670000076293945,4.670000076293945,25.0,55.0,86.0,630.0,590.8545454545455,524.3837209302326,600.0,600.0,450.0,25.0,55.0,86.0,600.0,498.5,400.0,600.0,600.0,600.0,3000.0,3000.0,2250.0,0.16666666666666666,0.08333333333333333,0.054945054945054944,5.0,5.0,5.0,True,True,True,1,0
892040904724748513,apartamento,1,1.0,4,1,3,200.0,5.0,Meia Praia,5.0,5.0,,,,,,,,,,,,,,,,,,,,,,,,,,,,,,,0,0
1019756845213291605,outros,1,1.0,2,1,16,150.0,5.0,Centro,5.0,5.0,11.0,41.0,72.0,169.72727272727272,169.03658536585365,173.32638888888889,168.0,161.33333,179.0,11.0,41.0,72.0,162.5,161.0,161.0,179.0,173.0,179.0,3192.0,3065.3332699999996,3401.0,0.6333333333333333,0.31666666666666665,0.2087912087912088,19.0,19.0,19.0,True,True,True,1,0
1286915562509742348,apartamento,3,2.0,12,7,3,300.0,5.0,Centro,5.0,5.0,,,,,,,,,,,,,,,,,,,,,,,,,,,,,,,0,0
917248246206573715,apartamento,4,4.0,8,4,0,0.0,0.0,Meia Praia,0.0,,,,,,,,,,,,,,,,,,,,,,,,,,,,,,,,0,0
813299410711135404,outros,1,1.0,2,1,0,0.0,0.0,Meia Praia,0.0,,,,,,,,,,,,,,,,,,,,,,,,,,,,,,,,0,0
1272762188354823017,apartamento,2,2.0,6,2,1,350.0,5.0,Meia Praia,5.0,5.0,,,,,,,,,,,,,,,,,,,,,,,,,,,,,,,0,0
29844589,apartamento,3,2.0,10,5,9,250.0,4.889999866485596,Centro,4.889999866485596,4.889999866485596,,,,,,,,,,,,,,,,,,,,,,,,,,,,,,,0,0
1314129346848396866,apartamento,3,3.0,6,3,2,0.0,5.0,Meia Praia,5.0,5.0,,,,,,,,,,,,,,,,,,,,,,,,,,,,,,,0,0
45985027,apartamento,3,3.0,8,6,1,300.0,5.0,Meia Praia,5.0,5.0,,,,,,,,,,,,,,,,,,,,,,,,,,,,,,,0,0
1050319937205410300,apartamento,2,3.0,6,3,5,300.0,4.599999904632568,Morretes,4.599999904632568,4.599999904632568,,,,,,,,,,,,,,,,,,,,,,,,,,,,,,,0,0
1305943843384035211,apartamento,3,3.0,7,4,0,300.0,0.0,Meia Praia,0.0,,,,,,,,,,,,,,,,,,,,,,,,,,,,,,,,0,0
1052135057955092005,apartamento,3,2.0,8,3,5,300.0,4.800000190734863,Meia Praia,4.800000190734863,4.800000190734863,,,,,,,,,,,,,,,,,,,,,,,,,,,,,,,0,0
1011515351892447552,apartamento,3,2.0,8,3,0,300.0,0.0,Meia Praia,0.0,,,,,,,,,,,,,,,,,,,,,,,,,,,,,,,,0,0
1056367666644991307,apartamento,2,1.0,6,2,8,180.0,4.880000114440918,Casa Branca,4.880000114440918,4.880000114440918,,,,,,,,,,,,,,,,,,,,,,,,,,,,,,,0,0
1220498947080181196,casa,3,2.0,7,3,0,0.0,0.0,Varzea,0.0,,,,,,,,,,,,,,,,,,,,,,,,,,,,,,,,0,0
37109286,outros,1,1.0,2,2,0,0.0,0.0,Centro,0.0,,,,,,,,,,,,,,,,,,,,,,,,,,,,,,,,0,0
1065466433141149820,apartamento,1,1.0,4,2,0,200.0,0.0,Centro,0.0,,,,,,,,,,,,,,,,,,,,,,,,,,,,,,,,0,0
1308769421613546806,apartamento,2,2.0,4,2,1,0.0,5.0,Tabuleiro dos Oliveiras,5.0,5.0,,,,,,,,,,,,,,,,,,,,,,,,,,,,,,,0,0
28771646,apartamento,3,1.0,6,5,0,0.0,0.0,Meia Praia,0.0,,,,,,,,,,,,,,,,,,,,,,,,,,,,,,,,0,0
547139090369238833,apartamento,2,2.0,6,5,0,0.0,0.0,Meia Praia,0.0,,,,,,,,,,,,,,,,,,,,,,,,,,,,,,,,0,0
1289104514358781087,casa,5,3.0,15,8,0,0.0,0.0,Canto da Praia,0.0,,,,,,,,,,,,,,,,,,,,,,,,,,,,,,,,0,0
50395648,apartamento,3,1.0,6,2,1,250.0,4.0,Meia Praia,4.0,4.0,,,,,,,,,,,,,,,,,,,,,,,,,,,,,,,0,0
22191680,apartamento,2,1.0,6,4,94,250.0,4.769999980926514,Meia Praia,4.769999980926514,4.769999980926514,14.0,41.0,69.0,511.7857142857143,464.109756097561,388.94202898550725,500.0,500.0,400.0,14.0,41.0,69.0,500.0,400.0,400.0,520.0,500.0,500.0,8000.0,9500.0,8800.0,0.5333333333333333,0.31666666666666665,0.24175824175824176,16.0,19.0,22.0,True,True,True,1,1
47031355,apartamento,3,3.0,8,4,5,250.0,4.599999904632568,Meia Praia,4.599999904632568,4.599999904632568,,,,,,,,,,,,,,,,,,,,,,,,,,,,,,,0,0
1287641742874074839,casa,5,3.0,10,7,0,0.0,0.0,Canto da Praia,0.0,,,,,,,,,,,,,,,,,,,,,,,,,,,,,,,,0,0
22374889,apartamento,2,2.0,5,2,334,0.0,4.829999923706055,Meia Praia,4.829999923706055,4.829999923706055,,,,,,,,,,,,,,,,,,,,,,,,,,,,,,,0,0
41285546,apartamento,3,2.0,8,3,37,200.0,4.96999979019165,Meia Praia,4.96999979019165,4.96999979019165,27.0,49.0,79.0,850.0,799.4506804081632,610.2099156962025,850.0,850.0,850.0,27.0,49.0,79.0,850.0,850.0,300.0,850.0,850.0,850.0,2550.0,9350.0,10200.0,0.1,0.18333333333333332,0.13186813186813187,3.0,11.0,12.0,True,True,True,1,1
31682871,apartamento,2,2.0,5,3,59,180.0,4.679999828338623,Centro,4.679999828338623,4.679999828338623,3.0,27.0,38.0,300.0,334.82098740740736,321.84649105263156,300.0,290.0,290.0,3.0,27.0,38.0,300.0,290.0,290.0,300.0,316.75,300.0,8100.0,9570.0,15370.0,0.9,0.55,0.5824175824175825,27.0,33.0,53.0,True,True,True,1,1
22243318,apartamento,2,1.0,6,2,32,250.0,4.840000152587891,Meia Praia,4.840000152587891,4.840000152587891,4.0,14.0,34.0,580.0,580.0,521.1764705882352,580.0,580.0,480.0,4.0,14.0,34.0,580.0,580.0,480.0,580.0,580.0,580.0,15080.0,26680.0,27360.0,0.8666666666666667,0.7666666666666667,0.6263736263736264,26.0,46.0,57.0,True,True,True,1,1
52172003,apartamento,2,2.0,6,4,25,610.0,5.0,Centro,5.0,5.0,0.0,11.0,42.0,,317.0,317.0,,317.0,317.0,0.0,11.0,42.0,,317.0,317.0,,317.0,317.0,,15533.0,15533.0,1.0,0.8166666666666667,0.5384615384615384,30.0,49.0,49.0,False,True,True,1,1
726285598642878609,apartamento,3,3.0,8,3,1,280.0,5.0,Meia Praia,5.0,5.0,,,,,,,,,,,,,,,,,,,,,,,,,,,,,,,0,0
981894459445949979,apartamento,2,1.0,4,7,0,270.0,0.0,Centro,0.0,,,,,,,,,,,,,,,,,,,,,,,,,,,,,,,,0,0
1274814006875329246,apartamento,3,2.0,6,3,1,0.0,5.0,Morretes,5.0,5.0,,,,,,,,,,,,,,,,,,,,,,,,,,,,,,,0,0
1309669918316280944,apartamento,3,3.0,8,5,0,400.0,0.0,Meia Praia,0.0,,,,,,,,,,,,,,,,,,,,,,,,,,,,,,,,0,0
985062338754381715,apartamento,3,2.0,8,4,1,300.0,5.0,Meia Praia,5.0,5.0,,,,,,,,,,,,,,,,,,,,,,,,,,,,,,,0,0
18506998,apartamento,2,2.0,4,3,29,180.0,5.0,Centro,5.0,5.0,0.0,3.0,20.0,,457.0,366.05,,457.0,350.0,0.0,3.0,20.0,,457.0,350.0,,457.0,350.0,,26049.0,24850.0,1.0,0.95,0.7802197802197802,30.0,57.0,71.0,False,True,True,1,1
39145712,apartamento,3,2.0,8,3,166,150.0,4.900000095367432,Morretes,4.900000095367432,4.900000095367432,0.0,15.0,19.0,,786.0,751.8947368421053,,651.0,651.0,0.0,15.0,19.0,,651.0,632.0,,993.0,993.0,,29295.0,46872.0,1.0,0.75,0.7912087912087912,30.0,45.0,72.0,False,True,True,1,1
1303770950784049217,apartamento,2,2.0,6,4,3,199.0,4.670000076293945,Meia Praia,4.670000076293945,4.670000076293945,,,,,,,,,,,,,,,,,,,,,,,,,,,,,,,0,0
626613268590041709,apartamento,2,2.0,4,4,6,0.0,4.829999923706055,Meia Praia,4.829999923706055,4.829999923706055,,,,,,,,,,,,,,,,,,,,,,,,,,,,,,,0,0
770925188639991130,apartamento,3,4.0,8,5,1,250.0,5.0,Meia Praia,5.0,5.0,,,,,,,,,,,,,,,,,,,,,,,,,,,,,,,0,0
1286375776992371752,apartamento,3,2.0,12,3,0,0.0,0.0,Meia Praia,0.0,,,,,,,,,,,,,,,,,,,,,,,,,,,,,,,,0,0
1233986792217616376,apartamento,2,1.0,6,2,2,180.0,4.5,Meia Praia,4.5,4.5,,,,,,,,,,,,,,,,,,,,,,,,,,,,,,,0,0
980484029651320876,apartamento,2,2.0,6,3,7,200.0,4.139999866485596,Centro,4.139999866485596,4.139999866485596,,,,,,,,,,,,,,,,,,,,,,,,,,,,,,,0,0
27109960,apartamento,2,2.0,5,5,5,200.0,4.800000190734863,Meia Praia,4.800000190734863,4.800000190734863,,,,,,,,,,,,,,,,,,,,,,,,,,,,,,,0,0
1153493820067017135,apartamento,2,2.0,4,3,4,357.0,5.0,Centro,5.0,5.0,8.0,26.0,57.0,458.2916675,435.17948615384614,413.6301164912281,454.33334,428.75,403.25,8.0,26.0,57.0,449.41666499999997,392.625,363.5,468.125,464.83333500000003,447.66666,9995.333480000001,14577.5,13710.5,0.7333333333333333,0.5666666666666667,0.37362637362637363,22.0,34.0,34.0,True,True,True,1,1
53803935,apartamento,3,2.0,12,8,13,290.0,4.849999904632568,Meia Praia,4.849999904632568,4.849999904632568,11.0,26.0,26.0,726.0,642.4166653846153,642.4166653846153,644.0,604.3333,604.3333,11.0,26.0,26.0,629.0,581.0,581.0,890.0,636.5,636.5,12236.0,20547.3322,39281.6645,0.6333333333333333,0.5666666666666667,0.7142857142857143,19.0,34.0,65.0,True,True,True,1,0
1109565255724228892,apartamento,3,2.0,8,3,2,250.0,5.0,Meia Praia,5.0,5.0,,,,,,,,,,,,,,,,,,,,,,,,,,,,,,,0,0
47052262,apartamento,3,2.0,7,1,19,610.0,4.889999866485596,Centro,4.889999866485596,4.889999866485596,15.0,37.0,68.0,559.0,502.6036037837838,443.46078441176473,599.0,499.0,399.0,15.0,37.0,68.0,499.0,389.0,386.0,599.0,599.0,499.0,8985.0,11477.0,9177.0,0.5,0.38333333333333336,0.25274725274725274,15.0,23.0,23.0,True,True,True,1,1
1282949009253060678,apartamento,3,4.0,8,5,0,300.0,0.0,Centro,0.0,,,,,,,,,,,,,,,,,,,,,,,,,,,,,,,,0,0
1252922862351269930,apartamento,2,2.0,5,3,2,250.0,5.0,Morretes,5.0,5.0,,,,,,,,,,,,,,,,,,,,,,,,,,,,,,,0,0
41619530,casa,3,1.0,6,3,0,0.0,0.0,Morretes,0.0,,,,,,,,,,,,,,,,,,,,,,,,,,,,,,,,0,0
28979932,apartamento,2,2.0,6,2,10,200.0,5.0,Meia Praia,5.0,5.0,,,,,,,,,,,,,,,,,,,,,,,,,,,,,,,0,0
1303103185385559130,apartamento,5,3.0,12,1,0,400.0,0.0,Meia Praia,0.0,,,,,,,,,,,,,,,,,,,,,,,,,,,,,,,,0,0
1006575359946525255,apartamento,1,1.0,4,1,1,200.0,5.0,Meia Praia,5.0,5.0,,,,,,,,,,,,,,,,,,,,,,,,,,,,,,,0,0
51866473,apartamento,3,2.0,8,3,30,250.0,4.96999979019165,Meia Praia,4.96999979019165,4.96999979019165,1.0,17.0,45.0,650.0,691.0098058823529,496.6037044444445,650.0,650.0,450.0,1.0,17.0,45.0,650.0,650.0,350.0,650.0,748.0,650.0,18850.0,27950.0,20700.0,0.9666666666666667,0.7166666666666667,0.5054945054945055,29.0,43.0,46.0,True,True,True,1,1
31397917,apartamento,1,1.0,3,1,213,0.0,4.900000095367432,Meia Praia,4.900000095367432,4.900000095367432,,,,,,,,,,,,,,,,,,,,,,,,,,,,,,,0,0
1022315492979262752,apartamento,3,2.0,6,5,1,250.0,5.0,Meia Praia,5.0,5.0,,,,,,,,,,,,,,,,,,,,,,,,,,,,,,,0,0
1288366202921406284,apartamento,2,2.0,6,2,0,300.0,0.0,Morretes,0.0,,,,,,,,,,,,,,,,,,,,,,,,,,,,,,,,0,0
1074696579907844952,casa,2,1.0,6,3,0,250.0,0.0,Meia Praia,0.0,,,,,,,,,,,,,,,,,,,,,,,,,,,,,,,,0,0
45757663,apartamento,5,3.0,12,9,8,250.0,4.130000114440918,Centro,4.130000114440918,4.130000114440918,,,,,,,,,,,,,,,,,,,,,,,,,,,,,,,0,0
1154498316026129420,apartamento,3,2.0,7,0,0,350.0,0.0,Meia Praia,0.0,,,,,,,,,,,,,,,,,,,,,,,,,,,,,,,,0,0
1182040498646675653,apartamento,2,1.0,6,3,2,240.0,5.0,Centro,5.0,5.0,10.0,23.0,50.0,790.65,687.6521739130435,642.82,792.0,644.0,603.75,10.0,23.0,50.0,770.0,594.0,578.25,798.375,781.0,667.25,15840.0,23828.0,24753.75,0.6666666666666666,0.6166666666666667,0.45054945054945056,20.0,37.0,41.0,True,True,True,1,1
1175287039649554590,apartamento,2,2.0,6,3,3,250.0,5.0,Tabuleiro dos Oliveiras,5.0,5.0,,,,,,,,,,,,,,,,,,,,,,,,,,,,,,,0,0
29302417,hotel,11,10.0,16,15,15,200.0,5.0,Ilhota,5.0,5.0,,,,,,,,,,,,,,,,,,,,,,,,,,,,,,,0,0
1289390437344823096,apartamento,2,1.0,6,3,7,150.0,5.0,Meia Praia,5.0,5.0,,,,,,,,,,,,,,,,,,,,,,,,,,,,,,,0,0
1026697334948678769,apartamento,2,2.0,4,2,1,300.0,5.0,Morretes,5.0,5.0,,,,,,,,,,,,,,,,,,,,,,,,,,,,,,,0,0
1039235354309448898,apartamento,2,1.0,2,3,8,350.0,5.0,Centro,5.0,5.0,10.0,32.0,60.0,165.0,212.5,183.33333333333334,150.0,150.0,150.0,10.0,32.0,60.0,150.0,150.0,150.0,187.5,200.0,162.5,3000.0,4200.0,4650.0,0.6666666666666666,0.4666666666666667,0.34065934065934067,20.0,28.0,31.0,True,True,True,1,1
31101965,apartamento,4,3.0,8,8,1,250.0,5.0,Meia Praia,5.0,5.0,,,,,,,,,,,,,,,,,,,,,,,,,,,,,,,0,0
41404141,apartamento,3,2.0,6,4,5,180.0,5.0,Meia Praia,5.0,5.0,7.0,37.0,68.0,690.0,709.6648648648649,700.6999999999999,690.0,690.0,690.0,7.0,37.0,68.0,690.0,690.0,690.0,690.0,690.0,690.0,15870.0,15870.0,15870.0,0.7666666666666667,0.38333333333333336,0.25274725274725274,23.0,23.0,23.0,True,True,True,1,1
968083507023306345,apartamento,3,2.0,6,3,0,350.0,0.0,Meia Praia,0.0,,,,,,,,,,,,,,,,,,,,,,,,,,,,,,,,0,0
762255792328076957,apartamento,3,2.0,6,3,4,300.0,5.0,Meia Praia,5.0,5.0,,,,,,,,,,,,,,,,,,,,,,,,,,,,,,,0,0
1023859686118074298,apartamento,3,2.0,8,3,0,300.0,0.0,Meia Praia,0.0,,,,,,,,,,,,,,,,,,,,,,,,,,,,,,,,0,0
744210382596366805,apartamento,3,3.0,6,3,7,250.0,5.0,Meia Praia,5.0,5.0,6.0,14.0,45.0,613.7222333333333,548.7380999999999,517.1851866666667,612.6667,500.0,500.0,6.0,14.0,45.0,612.5416749999999,500.0,500.0,612.9166749999999,612.625025,511.375,14704.0008,23000.0,23000.0,0.8,0.7666666666666667,0.5054945054945055,24.0,46.0,46.0,True,True,True,1,1
16017693,apartamento,3,3.0,7,4,41,350.0,4.900000095367432,Meia Praia,4.900000095367432,4.900000095367432,15.0,32.0,36.0,957.6666666666666,938.4375,884.7222222222222,975.0,942.5,910.0,15.0,32.0,36.0,942.5,910.0,910.0,975.0,975.0,975.0,14625.0,26390.0,50050.0,0.5,0.4666666666666667,0.6043956043956044,15.0,28.0,55.0,True,True,True,1,1
16672298,apartamento,2,2.0,6,3,8,200.0,4.5,Centro,4.5,4.5,,,,,,,,,,,,,,,,,,,,,,,,,,,,,,,0,0
1044458170286255125,apartamento,4,5.0,12,4,2,250.0,5.0,Meia Praia,5.0,5.0,7.0,23.0,47.0,870.0,841.7391304347826,792.6276595744681,870.0,820.0,820.0,7.0,23.0,47.0,870.0,820.0,715.5,870.0,870.0,834.125,20010.0,30340.0,36080.0,0.7666666666666667,0.6166666666666667,0.4835164835164835,23.0,37.0,44.0,True,True,True,1,1
1302878563652161367,apartamento,2,2.0,4,2,0,200.0,0.0,Meia Praia,0.0,,,,,,,,,,,,,,,,,,,,,,,,,,,,,,,,0,0
1315412494959257515,apartamento,3,2.0,8,4,0,200.0,0.0,Meia Praia,0.0,,,,,,,,,,,,,,,,,,,,,,,,,,,,,,,,0,0
1101416269475235433,apartamento,3,2.0,7,5,7,200.0,4.710000038146973,Tabuleiro dos Oliveiras,4.710000038146973,4.710000038146973,,,,,,,,,,,,,,,,,,,,,,,,,,,,,,,0,0
1227440041647986685,apartamento,3,2.0,9,4,1,400.0,5.0,Meia Praia,5.0,5.0,,,,,,,,,,,,,,,,,,,,,,,,,,,,,,,0,0
1279069971631577452,apartamento,4,4.0,8,4,0,495.0,0.0,Meia Praia,0.0,,,,,,,,,,,,,,,,,,,,,,,,,,,,,,,,0,0
711032530664362412,casa,1,1.0,2,1,13,80.0,5.0,Varzea,5.0,5.0,,,,,,,,,,,,,,,,,,,,,,,,,,,,,,,0,0
771881587965840951,apartamento,3,2.0,6,4,5,300.0,4.599999904632568,Meia Praia,4.599999904632568,4.599999904632568,,,,,,,,,,,,,,,,,,,,,,,,,,,,,,,0,0
1285792216253194031,apartamento,2,2.0,8,2,0,495.0,0.0,Meia Praia,0.0,,,,,,,,,,,,,,,,,,,,,,,,,,,,,,,,0,0
769461318721075633,casa,2,3.0,10,2,9,300.0,5.0,Meia Praia,5.0,5.0,,,,,,,,,,,,,,,,,,,,,,,,,,,,,,,0,0
1068273464594567255,apartamento,2,2.0,5,2,2,0.0,5.0,Morretes,5.0,5.0,,,,,,,,,,,,,,,,,,,,,,,,,,,,,,,0,0
40250642,apartamento,3,2.0,6,3,25,350.0,4.880000114440918,Meia Praia,4.880000114440918,4.880000114440918,26.0,56.0,67.0,847.6923076923077,840.4226178571428,833.7860686567163,840.0,840.0,840.0,26.0,56.0,67.0,840.0,800.0,800.0,865.0,840.0,840.0,3360.0,3360.0,20160.0,0.13333333333333333,0.06666666666666667,0.26373626373626374,4.0,4.0,24.0,True,True,True,1,1
749963843310428866,apartamento,1,2.0,2,1,4,250.0,5.0,Centro,5.0,5.0,,,,,,,,,,,,,,,,,,,,,,,,,,,,,,,0,0
53124941,apartamento,3,2.0,8,4,1,300.0,5.0,Meia Praia,5.0,5.0,,,,,,,,,,,,,,,,,,,,,,,,,,,,,,,0,0
1320407362319863064,apartamento,2,0.0,7,5,0,400.0,0.0,Meia Praia,0.0,,,,,,,,,,,,,,,,,,,,,,,,,,,,,,,,0,0
41340678,apartamento,3,2.0,5,2,3,250.0,5.0,Alto Sao Bento,5.0,5.0,,,,,,,,,,,,,,,,,,,,,,,,,,,,,,,0,0
1159488829375931065,apartamento,3,3.0,8,5,0,450.0,0.0,Centro,0.0,,,,,,,,,,,,,,,,,,,,,,,,,,,,,,,,0,0
1244465486487861017,outros,1,1.0,2,1,4,150.0,5.0,Meia Praia,5.0,5.0,,,,,,,,,,,,,,,,,,,,,,,,,,,,,,,0,0
1081897069272016369,apartamento,3,2.0,7,3,0,300.0,0.0,Meia Praia,0.0,,,,,,,,,,,,,,,,,,,,,,,,,,,,,,,,0,0
998496780358781813,apartamento,3,3.0,8,3,3,260.0,4.329999923706055,Meia Praia,4.329999923706055,4.329999923706055,,,,,,,,,,,,,,,,,,,,,,,,,,,,,,,0,0
22047595,apartamento,3,2.0,10,7,37,290.0,4.889999866485596,Morretes,4.889999866485596,4.889999866485596,4.0,29.0,60.0,600.0,697.3275862068965,681.9583333333334,600.0,604.25,622.16665,4.0,29.0,60.0,600.0,595.25,600.0,600.0,723.3333,673.8333250000001,15600.0,18731.75,19287.16615,0.8666666666666667,0.5166666666666667,0.34065934065934067,26.0,31.0,31.0,True,True,True,1,1
1031288144043810073,apartamento,2,2.0,4,2,4,200.0,5.0,Morretes,5.0,5.0,,,,,,,,,,,,,,,,,,,,,,,,,,,,,,,0,0
1066560801522010915,outros,1,0.0,2,1,1,0.0,5.0,Meia Praia,5.0,5.0,,,,,,,,,,,,,,,,,,,,,,,,,,,,,,,0,0
31084342,apartamento,4,4.0,12,6,5,500.0,5.0,Meia Praia,5.0,5.0,,,,,,,,,,,,,,,,,,,,,,,,,,,,,,,0,0
1173300984346827182,apartamento,3,3.0,8,3,0,400.0,0.0,Centro,0.0,,,,,,,,,,,,,,,,,,,,,,,,,,,,,,,,0,0
1236175341590201699,apartamento,2,2.0,6,3,1,280.0,5.0,Meia Praia,5.0,5.0,,,,,,,,,,,,,,,,,,,,,,,,,,,,,,,0,0
32552871,apartamento,3,2.0,8,3,1,200.0,4.0,Meia Praia,4.0,4.0,,,,,,,,,,,,,,,,,,,,,,,,,,,,,,,0,0
964387515572774783,apartamento,2,2.0,4,2,12,250.0,4.75,Tabuleiro dos Oliveiras,4.75,4.75,,,,,,,,,,,,,,,,,,,,,,,,,,,,,,,0,0
1007429386154806342,apartamento,2,2.0,6,2,0,0.0,0.0,Tabuleiro dos Oliveiras,0.0,,,,,,,,,,,,,,,,,,,,,,,,,,,,,,,,0,0
962365194409394436,apartamento,3,4.0,8,3,3,150.0,5.0,Meia Praia,5.0,5.0,,,,,,,,,,,,,,,,,,,,,,,,,,,,,,,0,0
53195241,apartamento,4,3.0,10,4,12,350.0,4.920000076293945,Meia Praia,4.920000076293945,4.920000076293945,21.0,51.0,82.0,1990.0,1919.2156862745098,1835.121951219512,1990.0,1990.0,1750.0,21.0,51.0,82.0,1990.0,1600.0,1600.0,1990.0,2150.0,1990.0,17910.0,17910.0,15750.0,0.3,0.15,0.0989010989010989,9.0,9.0,9.0,True,True,True,1,1
1323375510168214531,apartamento,1,1.0,2,1,1,180.0,5.0,Centro,5.0,5.0,,,,,,,,,,,,,,,,,,,,,,,,,,,,,,,0,0
53143021,apartamento,2,3.0,6,4,14,250.0,4.710000038146973,Meia Praia,4.710000038146973,4.710000038146973,,,,,,,,,,,,,,,,,,,,,,,,,,,,,,,0,0
1019030592109059625,apartamento,3,2.0,8,4,0,300.0,0.0,Meia Praia,0.0,,,,,,,,,,,,,,,,,,,,,,,,,,,,,,,,0,0
1033550764453018366,casa,2,1.0,6,3,0,200.0,0.0,Casa Branca,0.0,,,,,,,,,,,,,,,,,,,,,,,,,,,,,,,,0,0
1254594428388235935,apartamento,3,3.0,8,6,0,0.0,0.0,Meia Praia,0.0,,,,,,,,,,,,,,,,,,,,,,,,,,,,,,,,0,0
16659919,apartamento,0,1.0,5,3,17,50.0,4.590000152587891,Meia Praia,4.590000152587891,4.590000152587891,,,,,,,,,,,,,,,,,,,,,,,,,,,,,,,0,0
753625150680079972,apartamento,2,2.0,4,3,7,200.0,4.860000133514404,Morretes,4.860000133514404,4.860000133514404,,,,,,,,,,,,,,,,,,,,,,,,,,,,,,,0,0
1221116256456025134,apartamento,4,2.0,8,4,0,600.0,0.0,Meia Praia,0.0,,,,,,,,,,,,,,,,,,,,,,,,,,,,,,,,0,0
49123621,apartamento,3,0.0,6,4,16,300.0,4.940000057220459,Meia Praia,4.940000057220459,4.940000057220459,26.0,53.0,75.0,934.6153846153846,856.1320754716982,751.6666666666666,950.0,950.0,875.0,26.0,53.0,75.0,900.0,650.0,650.0,950.0,950.0,950.0,3800.0,6650.0,14000.0,0.13333333333333333,0.11666666666666667,0.17582417582417584,4.0,7.0,16.0,True,True,True,1,1
1316833704128895795,apartamento,2,2.0,4,2,0,250.0,0.0,Morretes,0.0,,,,,,,,,,,,,,,,,,,,,,,,,,,,,,,,0,0
1316907831978027012,apartamento,3,3.0,8,3,1,300.0,5.0,Meia Praia,5.0,5.0,,,,,,,,,,,,,,,,,,,,,,,,,,,,,,,0,0
1237000937439714111,apartamento,3,2.0,8,3,1,350.0,5.0,Meia Praia,5.0,5.0,,,,,,,,,,,,,,,,,,,,,,,,,,,,,,,0,0
1321693375598269627,outros,1,0.0,2,1,0,0.0,0.0,Morretes,0.0,,,,,,,,,,,,,,,,,,,,,,,,,,,,,,,,0,0
852046515625649276,apartamento,2,2.0,5,3,0,300.0,0.0,Centro,0.0,,,,,,,,,,,,,,,,,,,,,,,,,,,,,,,,0,0
1279869079785736400,casa,1,1.0,5,2,0,200.0,0.0,Morretes,0.0,,,,,,,,,,,,,,,,,,,,,,,,,,,,,,,,0,0
1060022326239750129,casa,3,2.0,6,0,0,200.0,0.0,Centro,0.0,,,,,,,,,,,,,,,,,,,,,,,,,,,,,,,,0,0
927426982999320086,hotel,3,2.0,10,4,0,575.0,0.0,Meia Praia,0.0,,,,,,,,,,,,,,,,,,,,,,,,,,,,,,,,0,0
31441134,apartamento,4,4.0,11,4,9,450.0,5.0,Meia Praia,5.0,5.0,30.0,60.0,90.0,1500.0,1500.0,1502.8666666666666,1500.0,1500.0,1500.0,30.0,60.0,90.0,1500.0,1500.0,1500.0,1500.0,1500.0,1500.0,0.0,0.0,1500.0,0.0,0.0,0.01098901098901099,0.0,0.0,1.0,True,True,True,1,0
859925561562240250,apartamento,3,3.0,8,3,5,300.0,5.0,Meia Praia,5.0,5.0,0.0,19.0,29.0,,869.0526315789474,792.8275862068965,,888.0,704.0,0.0,19.0,29.0,,704.0,648.0,,1080.0,936.0,,36408.0,43648.0,1.0,0.6833333333333333,0.6813186813186813,30.0,41.0,62.0,False,True,True,1,0
1016170146113022406,outros,1,2.0,4,0,1,15.0,5.0,Meia Praia,5.0,5.0,,,,,,,,,,,,,,,,,,,,,,,,,,,,,,,0,0
17004598,apartamento,3,2.0,8,6,12,250.0,5.0,Centro,5.0,5.0,,,,,,,,,,,,,,,,,,,,,,,,,,,,,,,0,0
31859744,apartamento,2,3.0,6,3,22,300.0,5.0,Meia Praia,5.0,5.0,8.0,38.0,69.0,570.0,572.6315789473684,489.1304347826087,570.0,570.0,370.0,8.0,38.0,69.0,570.0,370.0,370.0,570.0,742.5,570.0,12540.0,12540.0,8140.0,0.7333333333333333,0.36666666666666664,0.24175824175824176,22.0,22.0,22.0,True,True,True,1,1
1269042919844042025,apartamento,3,2.0,6,3,3,250.0,5.0,Meia Praia,5.0,5.0,,,,,,,,,,,,,,,,,,,,,,,,,,,,,,,0,0
1298568311925401424,apartamento,3,2.0,7,3,1,300.0,5.0,Meia Praia,5.0,5.0,,,,,,,,,,,,,,,,,,,,,,,,,,,,,,,0,0
1289906058578499330,apartamento,2,2.0,5,2,0,0.0,0.0,Meia Praia,0.0,,,,,,,,,,,,,,,,,,,,,,,,,,,,,,,,0,0
21695053,apartamento,3,3.0,8,7,78,450.0,4.880000114440918,Meia Praia,4.880000114440918,4.880000114440918,15.0,45.0,76.0,730.9,745.1277777777777,739.0625,674.25,702.0,702.0,15.0,45.0,76.0,664.0,664.0,695.5,788.0,702.0,720.0,10113.75,10530.0,10530.0,0.5,0.25,0.16483516483516483,15.0,15.0,15.0,True,True,True,1,1
1021587725727377074,apartamento,3,3.0,8,3,0,0.0,0.0,Meia Praia,0.0,,,,,,,,,,,,,,,,,,,,,,,,,,,,,,,,0,0
39050046,apartamento,3,2.0,7,5,1,500.0,5.0,Tabuleiro dos Oliveiras,5.0,5.0,,,,,,,,,,,,,,,,,,,,,,,,,,,,,,,0,0
52826190,casa,2,1.0,6,4,12,250.0,4.75,Morretes,4.75,4.75,0.0,9.0,38.0,,387.5,321.6885963157894,,400.0,300.0,0.0,9.0,38.0,,375.0,300.0,,400.0,310.0,,20400.0,15900.0,1.0,0.85,0.5824175824175825,30.0,51.0,53.0,False,True,True,1,0
1053585584811665551,casa,0,0.0,2,1,8,80.0,5.0,Sertaozinho,5.0,5.0,,,,,,,,,,,,,,,,,,,,,,,,,,,,,,,0,0
1004246858529207822,apartamento,2,1.0,6,5,1,250.0,4.0,Meia Praia,4.0,4.0,,,,,,,,,,,,,,,,,,,,,,,,,,,,,,,0,0
29128192,apartamento,3,2.0,6,4,10,300.0,4.900000095367432,Meia Praia,4.900000095367432,4.900000095367432,,,,,,,,,,,,,,,,,,,,,,,,,,,,,,,0,0
1318089391331775687,casa,2,1.0,6,2,0,0.0,0.0,Alto Sao Bento,0.0,,,,,,,,,,,,,,,,,,,,,,,,,,,,,,,,0,0
1266845485089885459,apartamento,4,5.0,8,4,0,0.0,0.0,Meia Praia,0.0,,,,,,,,,,,,,,,,,,,,,,,,,,,,,,,,0,0
21436592,apartamento,3,3.0,9,3,18,350.0,4.71999979019165,Meia Praia,4.71999979019165,4.71999979019165,,,,,,,,,,,,,,,,,,,,,,,,,,,,,,,0,0
37118794,apartamento,3,2.0,6,4,6,350.0,5.0,Meia Praia,5.0,5.0,8.0,31.0,62.0,1000.0,1000.0,1000.0,1000.0,1000.0,1000.0,8.0,31.0,62.0,1000.0,1000.0,1000.0,1000.0,1000.0,1000.0,22000.0,29000.0,29000.0,0.7333333333333333,0.48333333333333334,0.31868131868131866,22.0,29.0,29.0,True,True,True,1,1
1287074659587569490,casa,3,2.0,9,4,0,125.0,0.0,Meia Praia,0.0,,,,,,,,,,,,,,,,,,,,,,,,,,,,,,,,0,0
1310264822884912762,apartamento,3,2.0,8,5,0,250.0,0.0,Centro,0.0,,,,,,,,,,,,,,,,,,,,,,,,,,,,,,,,0,0
1329787295308110610,apartamento,2,1.0,5,3,0,220.0,0.0,Centro,0.0,,10.0,40.0,71.0,935.0,935.0,935.0,935.0,935.0,935.0,10.0,40.0,71.0,935.0,935.0,935.0,935.0,935.0,935.0,18700.0,18700.0,18700.0,0.6666666666666666,0.3333333333333333,0.21978021978021978,20.0,20.0,20.0,True,True,True,1,0
1069752293248046144,apartamento,3,2.0,8,3,2,280.0,5.0,Centro,5.0,5.0,,,,,,,,,,,,,,,,,,,,,,,,,,,,,,,0,0
1031180495978725366,apartamento,3,3.0,8,4,4,400.0,5.0,Meia Praia,5.0,5.0,,,,,,,,,,,,,,,,,,,,,,,,,,,,,,,0,0
1059771355274004427,casa,2,2.0,8,3,0,0.0,0.0,Tabuleiro dos Oliveiras,0.0,,,,,,,,,,,,,,,,,,,,,,,,,,,,,,,,0,0
1288656593144142253,apartamento,3,3.0,6,5,0,450.0,0.0,Meia Praia,0.0,,,,,,,,,,,,,,,,,,,,,,,,,,,,,,,,0,0
1308253688292379707,outros,1,1.0,2,1,0,0.0,0.0,Meia Praia,0.0,,,,,,,,,,,,,,,,,,,,,,,,,,,,,,,,0,0
8239510,apartamento,3,3.0,6,3,6,300.0,5.0,Morretes,5.0,5.0,,,,,,,,,,,,,,,,,,,,,,,,,,,,,,,0,0
1303003604588140707,apartamento,2,2.0,6,2,2,300.0,4.5,Meia Praia,4.5,4.5,,,,,,,,,,,,,,,,,,,,,,,,,,,,,,,0,0
1005164324674982229,apartamento,4,3.0,6,6,1,350.0,5.0,Meia Praia,5.0,5.0,,,,,,,,,,,,,,,,,,,,,,,,,,,,,,,0,0
28216289,apartamento,3,3.0,8,5,1,350.0,5.0,Meia Praia,5.0,5.0,,,,,,,,,,,,,,,,,,,,,,,,,,,,,,,0,0
771807383213650539,apartamento,4,5.0,10,5,0,350.0,0.0,Meia Praia,0.0,,,,,,,,,,,,,,,,,,,,,,,,,,,,,,,,0,0
52348108,apartamento,2,2.0,6,3,25,250.0,4.760000228881836,Meia Praia,4.760000228881836,4.760000228881836,0.0,12.0,43.0,,800.0,530.2325581395348,,800.0,400.0,0.0,12.0,43.0,,800.0,400.0,,800.0,800.0,,38400.0,19200.0,1.0,0.8,0.5274725274725275,30.0,48.0,48.0,False,True,True,1,0
794710559970994170,apartamento,2,2.0,4,3,11,10.0,5.0,Meia Praia,5.0,5.0,1.0,10.0,36.0,550.0,546.25,503.81944444444446,550.0,550.0,525.0,1.0,10.0,36.0,550.0,550.0,450.0,550.0,550.0,550.0,15950.0,27500.0,28875.0,0.9666666666666667,0.8333333333333334,0.6043956043956044,29.0,50.0,55.0,True,True,True,1,1
1049252938343196470,apartamento,3,1.0,10,5,2,300.0,5.0,Meia Praia,5.0,5.0,,,,,,,,,,,,,,,,,,,,,,,,,,,,,,,0,0
9471763,apartamento,2,2.0,4,3,157,250.0,4.889999866485596,Meia Praia,4.889999866485596,4.889999866485596,,,,,,,,,,,,,,,,,,,,,,,,,,,,,,,0,0
1307603230219075204,apartamento,2,3.0,4,3,0,0.0,0.0,Alto Sao Bento,0.0,,,,,,,,,,,,,,,,,,,,,,,,,,,,,,,,0,0
1056033191024087899,casa,4,5.0,12,7,0,0.0,0.0,Meia Praia,0.0,,,,,,,,,,,,,,,,,,,,,,,,,,,,,,,,0,0
31702785,casa,2,1.0,7,1,0,0.0,0.0,Tabuleiro dos Oliveiras,0.0,,,,,,,,,,,,,,,,,,,,,,,,,,,,,,,,0,0
1182188163181410725,apartamento,2,1.0,5,3,12,250.0,4.920000076293945,Centro,4.920000076293945,4.920000076293945,21.0,51.0,82.0,874.3809523809524,1044.0686274509803,934.5365853658536,850.0,899.0,850.0,21.0,51.0,82.0,850.0,850.0,620.375,899.0,1000.0,1000.0,7650.0,8091.0,7650.0,0.3,0.15,0.0989010989010989,9.0,9.0,9.0,True,True,True,1,0
754375397775403281,apartamento,3,2.0,6,4,8,250.0,5.0,Meia Praia,5.0,5.0,23.0,53.0,84.0,773.2333347826086,818.5729566037736,844.9329369047618,780.0,780.0,890.0,23.0,53.0,84.0,757.0,780.0,780.0,780.0,890.0,890.0,5460.0,5460.0,6230.0,0.23333333333333334,0.11666666666666667,0.07692307692307693,7.0,7.0,7.0,True,True,True,1,1
47269826,apartamento,3,3.0,7,3,28,400.0,5.0,Meia Praia,5.0,5.0,2.0,12.0,12.0,603.0,603.0,603.0,603.0,603.0,603.0,2.0,12.0,12.0,603.0,603.0,603.0,603.0,603.0,603.0,16884.0,28944.0,47637.0,0.9333333333333333,0.8,0.8681318681318682,28.0,48.0,79.0,True,True,True,1,1
1072015156382793000,casa,1,1.0,4,2,0,50.0,0.0,Morretes,0.0,,,,,,,,,,,,,,,,,,,,,,,,,,,,,,,,0,0
39972515,apartamento,2,1.0,6,3,140,200.0,4.829999923706055,Meia Praia,4.829999923706055,4.829999923706055,3.0,28.0,59.0,398.3333333333333,370.1607142857143,337.7118644067797,418.0,345.0,323.0,3.0,28.0,59.0,388.5,323.0,304.5,418.0,418.0,330.875,11286.0,11040.0,10336.0,0.9,0.5333333333333333,0.3516483516483517,27.0,32.0,32.0,True,True,True,1,1
47729401,apartamento,4,3.0,7,4,0,250.0,0.0,Meia Praia,0.0,,,,,,,,,,,,,,,,,,,,,,,,,,,,,,,,0,0
1036477378135768805,casa,3,2.0,8,4,0,0.0,0.0,Centro,0.0,,,,,,,,,,,,,,,,,,,,,,,,,,,,,,,,0,0
1292909799334927222,apartamento,1,1.0,8,1,0,250.0,0.0,Meia Praia,0.0,,,,,,,,,,,,,,,,,,,,,,,,,,,,,,,,0,0
1316892776746532728,apartamento,3,3.0,6,3,0,0.0,0.0,Meia Praia,0.0,,,,,,,,,,,,,,,,,,,,,,,,,,,,,,,,0,0
798631136594423222,apartamento,4,3.0,10,6,4,300.0,4.75,Tabuleiro dos Oliveiras,4.75,4.75,,,,,,,,,,,,,,,,,,,,,,,,,,,,,,,0,0
32970957,apartamento,2,1.0,6,2,36,150.0,4.889999866485596,Casa Branca,4.889999866485596,4.889999866485596,,,,,,,,,,,,,,,,,,,,,,,,,,,,,,,0,0
1031365517462468360,hotel,1,1.0,4,2,0,150.0,0.0,Meia Praia,0.0,,,,,,,,,,,,,,,,,,,,,,,,,,,,,,,,0,0
1055210288032787494,apartamento,1,1.0,4,1,11,110.0,4.820000171661377,Leopoldo Zarling,4.820000171661377,4.820000171661377,,,,,,,,,,,,,,,,,,,,,,,,,,,,,,,0,0
929120660817262874,apartamento,3,2.0,6,3,4,280.0,5.0,Centro,5.0,5.0,25.0,55.0,86.0,702.0,744.0636363636364,734.796511627907,699.0,699.0,699.0,25.0,55.0,86.0,674.0,699.0,699.0,749.0,749.0,749.0,3495.0,3495.0,3495.0,0.16666666666666666,0.08333333333333333,0.054945054945054944,5.0,5.0,5.0,True,True,True,1,1
43754654,apartamento,3,3.0,8,4,12,390.0,5.0,Centro,5.0,5.0,26.0,51.0,81.0,1146.4038461538462,1084.1274509803923,951.4876543209876,1089.0,1089.0,897.0,26.0,51.0,81.0,1089.0,897.0,897.0,1256.0,1256.0,1089.0,4356.0,9801.0,8970.0,0.13333333333333333,0.15,0.10989010989010989,4.0,9.0,10.0,True,True,True,1,1
1269119159660044936,apartamento,3,2.0,8,5,0,550.0,0.0,Meia Praia,0.0,,,,,,,,,,,,,,,,,,,,,,,,,,,,,,,,0,0
1290483684225455949,apartamento,2,2.0,4,2,0,200.0,0.0,Tabuleiro dos Oliveiras,0.0,,,,,,,,,,,,,,,,,,,,,,,,,,,,,,,,0,0
38723084,apartamento,3,2.0,8,3,7,350.0,5.0,Meia Praia,5.0,5.0,,,,,,,,,,,,,,,,,,,,,,,,,,,,,,,0,0
38262480,apartamento,4,3.0,8,5,45,250.0,4.869999885559082,Meia Praia,4.869999885559082,4.869999885559082,16.0,24.0,24.0,1200.0,1200.0,1200.0,1200.0,1200.0,1200.0,16.0,24.0,24.0,1200.0,1200.0,1200.0,1200.0,1200.0,1200.0,16800.0,43200.0,80400.0,0.4666666666666667,0.6,0.7362637362637363,14.0,36.0,67.0,True,True,True,1,1
1293400663851682558,outros,1,1.0,2,1,1,50.0,5.0,Morretes,5.0,5.0,,,,,,,,,,,,,,,,,,,,,,,,,,,,,,,0,0
53903158,apartamento,3,2.0,8,3,17,400.0,4.940000057220459,Morretes,4.940000057220459,4.940000057220459,6.0,36.0,66.0,1180.0,1215.5555555555557,1158.4848484848485,1180.0,1180.0,1090.0,6.0,36.0,66.0,1180.0,1090.0,1090.0,1180.0,1400.0,1180.0,28320.0,28320.0,27250.0,0.8,0.4,0.27472527472527475,24.0,24.0,25.0,True,True,True,1,1
30951044,apartamento,2,1.0,6,3,7,200.0,4.860000133514404,Alto Sao Bento,4.860000133514404,4.860000133514404,,,,,,,,,,,,,,,,,,,,,,,,,,,,,,,0,0
994915642333796667,apartamento,3,3.0,10,3,1,350.0,5.0,Meia Praia,5.0,5.0,,,,,,,,,,,,,,,,,,,,,,,,,,,,,,,0,0
1087711799677366987,apartamento,3,2.0,8,3,0,300.0,0.0,Centro,0.0,,,,,,,,,,,,,,,,,,,,,,,,,,,,,,,,0,0
1284726346274976794,casa,3,2.0,12,5,0,300.0,0.0,Meia Praia,0.0,,,,,,,,,,,,,,,,,,,,,,,,,,,,,,,,0,0
1252350831242327486,apartamento,1,1.0,4,1,2,200.0,4.5,Centro,4.5,4.5,,,,,,,,,,,,,,,,,,,,,,,,,,,,,,,0,0
923059174058516389,hotel,2,2.0,6,5,0,460.0,0.0,Meia Praia,0.0,,,,,,,,,,,,,,,,,,,,,,,,,,,,,,,,0,0
746926066559603796,apartamento,2,1.0,5,2,6,250.0,4.329999923706055,Meia Praia,4.329999923706055,4.329999923706055,,,,,,,,,,,,,,,,,,,,,,,,,,,,,,,0,0
1294888049767814989,apartamento,2,2.0,6,2,5,200.0,5.0,Morretes,5.0,5.0,,,,,,,,,,,,,,,,,,,,,,,,,,,,,,,0,0
1257858606191312796,apartamento,3,3.0,8,4,0,300.0,0.0,Meia Praia,0.0,,,,,,,,,,,,,,,,,,,,,,,,,,,,,,,,0,0
803536972183670947,casa,3,4.0,8,6,0,350.0,0.0,Meia Praia,0.0,,,,,,,,,,,,,,,,,,,,,,,,,,,,,,,,0,0
1277466598940323678,apartamento,5,6.0,12,5,0,500.0,0.0,Meia Praia,0.0,,,,,,,,,,,,,,,,,,,,,,,,,,,,,,,,0,0
1286527456481279613,apartamento,1,2.0,4,2,0,300.0,0.0,Tabuleiro dos Oliveiras,0.0,,,,,,,,,,,,,,,,,,,,,,,,,,,,,,,,0,0
1315102040028552140,apartamento,2,2.0,6,2,0,350.0,0.0,Meia Praia,0.0,,,,,,,,,,,,,,,,,,,,,,,,,,,,,,,,0,0
1285806311820946579,apartamento,2,2.0,6,5,0,0.0,0.0,Meia Praia,0.0,,,,,,,,,,,,,,,,,,,,,,,,,,,,,,,,0,0
51301217,apartamento,3,2.0,8,4,29,275.0,4.789999961853027,Meia Praia,4.789999961853027,4.789999961853027,,,,,,,,,,,,,,,,,,,,,,,,,,,,,,,0,0
16644316,apartamento,3,2.0,8,3,12,300.0,5.0,Meia Praia,5.0,5.0,,,,,,,,,,,,,,,,,,,,,,,,,,,,,,,0,0
1298114543513431789,apartamento,3,2.0,8,5,1,200.0,2.0,Meia Praia,2.0,2.0,,,,,,,,,,,,,,,,,,,,,,,,,,,,,,,0,0
28960506,apartamento,0,0.0,8,1,0,350.0,0.0,Centro,0.0,,,,,,,,,,,,,,,,,,,,,,,,,,,,,,,,0,0
53105307,apartamento,3,2.0,6,4,0,350.0,0.0,Meia Praia,0.0,,,,,,,,,,,,,,,,,,,,,,,,,,,,,,,,0,0
1287711016779917885,apartamento,3,1.0,10,4,0,200.0,0.0,Meia Praia,0.0,,,,,,,,,,,,,,,,,,,,,,,,,,,,,,,,0,0
1044027740398185907,apartamento,2,2.0,6,3,2,280.0,5.0,Morretes,5.0,5.0,,,,,,,,,,,,,,,,,,,,,,,,,,,,,,,0,0
27201205,apartamento,3,2.0,10,6,56,390.0,4.880000114440918,Meia Praia,4.880000114440918,4.880000114440918,0.0,5.0,24.0,,630.0,542.6111083333334,,650.0,518.8333,0.0,5.0,24.0,,600.0,500.0,,650.0,570.0,,35750.0,34761.8311,1.0,0.9166666666666666,0.7362637362637363,30.0,55.0,67.0,False,True,True,1,1
1061599547963993327,outros,1,1.0,2,1,1,0.0,5.0,Centro,5.0,5.0,,,,,,,,,,,,,,,,,,,,,,,,,,,,,,,0,0
969590132322286465,apartamento,3,2.0,8,5,2,250.0,4.5,Meia Praia,4.5,4.5,,,,,,,,,,,,,,,,,,,,,,,,,,,,,,,0,0
1260870179197912734,casa,2,2.0,10,2,0,200.0,0.0,Casa Branca,0.0,,,,,,,,,,,,,,,,,,,,,,,,,,,,,,,,0,0
1217329665915906267,apartamento,3,2.0,9,5,0,374.0,0.0,Meia Praia,0.0,,,,,,,,,,,,,,,,,,,,,,,,,,,,,,,,0,0
766568507152640348,casa,2,3.0,8,2,0,0.0,0.0,Morretes,0.0,,,,,,,,,,,,,,,,,,,,,,,,,,,,,,,,0,0
1298719286864639427,apartamento,3,2.0,6,3,0,350.0,0.0,Centro,0.0,,,,,,,,,,,,,,,,,,,,,,,,,,,,,,,,0,0
676042169948059761,apartamento,3,2.0,8,4,5,200.0,5.0,Tabuleiro dos Oliveiras,5.0,5.0,,,,,,,,,,,,,,,,,,,,,,,,,,,,,,,0,0
38730549,apartamento,3,3.0,8,3,37,300.0,4.96999979019165,Meia Praia,4.96999979019165,4.96999979019165,8.0,33.0,64.0,944.625,810.1515151515151,740.625,859.5,842.0,727.0,8.0,33.0,64.0,842.0,727.0,618.0,1104.0,842.0,842.0,18909.0,22734.0,19629.0,0.7333333333333333,0.45,0.2967032967032967,22.0,27.0,27.0,True,True,True,1,1
46850942,apartamento,2,2.0,6,4,2,300.0,5.0,Meia Praia,5.0,5.0,,,,,,,,,,,,,,,,,,,,,,,,,,,,,,,0,0
1311172869672143653,apartamento,3,2.0,6,3,1,0.0,5.0,Meia Praia,5.0,5.0,,,,,,,,,,,,,,,,,,,,,,,,,,,,,,,0,0
40794806,casa,1,1.0,2,1,41,0.0,5.0,none,5.0,5.0,,,,,,,,,,,,,,,,,,,,,,,,,,,,,,,0,0
53077335,apartamento,3,2.0,7,4,7,250.0,5.0,Centro,5.0,5.0,0.0,0.0,11.0,,,1000.0,,,1000.0,0.0,0.0,11.0,,,1000.0,,,1000.0,,,80000.0,1.0,1.0,0.8791208791208791,30.0,60.0,80.0,False,False,True,1,0
1290632688082059585,apartamento,2,1.0,6,2,0,249.0,0.0,Meia Praia,0.0,,,,,,,,,,,,,,,,,,,,,,,,,,,,,,,,0,0
1290290852335101414,apartamento,4,4.0,10,5,0,350.0,0.0,Meia Praia,0.0,,,,,,,,,,,,,,,,,,,,,,,,,,,,,,,,0,0
708655269844082666,apartamento,3,2.0,11,7,4,300.0,4.25,Meia Praia,4.25,4.25,,,,,,,,,,,,,,,,,,,,,,,,,,,,,,,0,0
50047341,apartamento,3,2.0,8,5,81,200.0,4.78000020980835,Meia Praia,4.78000020980835,4.78000020980835,0.0,0.0,29.0,,,298.44827586206895,,,300.0,0.0,0.0,29.0,,,295.0,,,300.0,,,18600.0,1.0,1.0,0.6813186813186813,30.0,60.0,62.0,False,False,True,1,1
944320965810800803,apartamento,3,2.0,7,5,8,380.0,5.0,Meia Praia,5.0,5.0,23.0,53.0,84.0,910.8695652173913,933.3553471698114,884.1408738095239,900.0,900.0,800.0,23.0,53.0,84.0,900.0,890.0,800.0,900.0,900.0,900.0,6300.0,6300.0,5600.0,0.23333333333333334,0.11666666666666667,0.07692307692307693,7.0,7.0,7.0,True,True,True,1,1
32443120,apartamento,2,2.0,5,2,12,250.0,4.920000076293945,Meia Praia,4.920000076293945,4.920000076293945,0.0,13.0,13.0,,512.3974353846154,512.3974353846154,,529.0,529.0,0.0,13.0,13.0,,507.0,507.0,,529.0,529.0,,24863.0,41262.0,1.0,0.7833333333333333,0.8571428571428571,30.0,47.0,78.0,False,True,True,1,0
795495744056169046,apartamento,3,2.0,8,5,39,450.0,4.949999809265137,Meia Praia,4.949999809265137,4.949999809265137,7.0,25.0,45.0,1103.5714285714287,901.0,856.1111111111111,1100.0,800.0,800.0,7.0,25.0,45.0,1050.0,800.0,800.0,1150.0,1025.0,800.0,25300.0,28000.0,36800.0,0.7666666666666667,0.5833333333333334,0.5054945054945055,23.0,35.0,46.0,True,True,True,1,1
42362925,apartamento,4,4.0,8,4,175,495.0,4.940000057220459,Meia Praia,4.940000057220459,4.940000057220459,12.0,41.0,69.0,939.2916666666666,1018.1341463414634,999.5579710144928,1024.0,899.0,874.0,12.0,41.0,69.0,749.0,749.0,749.0,1249.0,1299.0,1299.0,18432.0,17081.0,19228.0,0.6,0.31666666666666665,0.24175824175824176,18.0,19.0,22.0,True,True,True,1,1
1212360832616514334,apartamento,2,2.0,6,3,2,120.0,5.0,Meia Praia,5.0,5.0,,,,,,,,,,,,,,,,,,,,,,,,,,,,,,,0,0
1044131048966503361,apartamento,3,2.0,7,3,4,300.0,5.0,Meia Praia,5.0,5.0,,,,,,,,,,,,,,,,,,,,,,,,,,,,,,,0,0
1309020875992364221,apartamento,2,2.0,6,3,0,300.0,0.0,Sertaozinho,0.0,,,,,,,,,,,,,,,,,,,,,,,,,,,,,,,,0,0
747853702865716845,apartamento,3,2.0,8,3,3,300.0,5.0,Meia Praia,5.0,5.0,,,,,,,,,,,,,,,,,,,,,,,,,,,,,,,0,0
999239312611492112,casa,2,2.0,6,3,0,200.0,0.0,Centro,0.0,,,,,,,,,,,,,,,,,,,,,,,,,,,,,,,,0,0
1065486956234302859,apartamento,2,1.0,5,2,0,200.0,0.0,Centro,0.0,,,,,,,,,,,,,,,,,,,,,,,,,,,,,,,,0,0
1272413241539554099,apartamento,4,4.0,9,6,1,450.0,5.0,Meia Praia,5.0,5.0,,,,,,,,,,,,,,,,,,,,,,,,,,,,,,,0,0
1018254817862621451,apartamento,3,2.0,6,4,6,280.0,5.0,Meia Praia,5.0,5.0,,,,,,,,,,,,,,,,,,,,,,,,,,,,,,,0,0
42423653,apartamento,3,2.0,7,4,1,200.0,5.0,Meia Praia,5.0,5.0,,,,,,,,,,,,,,,,,,,,,,,,,,,,,,,0,0
1040801115492293354,apartamento,3,3.0,10,7,0,270.0,0.0,Morretes,0.0,,,,,,,,,,,,,,,,,,,,,,,,,,,,,,,,0,0
41746198,outros,2,1.0,8,4,4,200.0,5.0,Meia Praia,5.0,5.0,,,,,,,,,,,,,,,,,,,,,,,,,,,,,,,0,0
772400737801615781,apartamento,4,2.0,10,4,2,350.0,5.0,Meia Praia,5.0,5.0,,,,,,,,,,,,,,,,,,,,,,,,,,,,,,,0,0
1250643283082134693,apartamento,3,3.0,8,3,2,300.0,5.0,Meia Praia,5.0,5.0,,,,,,,,,,,,,,,,,,,,,,,,,,,,,,,0,0
1248514191377483703,apartamento,2,1.0,6,5,6,351.0,5.0,Centro,5.0,5.0,9.0,39.0,70.0,446.94444444444446,497.7435897435897,479.6857142857143,488.0,446.0,427.0,9.0,39.0,70.0,427.0,382.25,376.0,493.5,544.5,495.0,10248.0,9366.0,8967.0,0.7,0.35,0.23076923076923078,21.0,21.0,21.0,True,True,True,1,1
43030317,casa,4,3.0,12,4,0,500.0,0.0,Centro,0.0,,,,,,,,,,,,,,,,,,,,,,,,,,,,,,,,0,0
1147139259539364839,apartamento,2,2.0,6,3,2,250.0,5.0,Meia Praia,5.0,5.0,,,,,,,,,,,,,,,,,,,,,,,,,,,,,,,0,0
1285021258116609716,apartamento,2,2.0,6,2,1,250.0,5.0,Tabuleiro dos Oliveiras,5.0,5.0,,,,,,,,,,,,,,,,,,,,,,,,,,,,,,,0,0
1028215269299330056,apartamento,2,2.0,5,3,0,250.0,0.0,Meia Praia,0.0,,,,,,,,,,,,,,,,,,,,,,,,,,,,,,,,0,0
1298560254233402601,apartamento,4,3.0,7,4,0,200.0,0.0,Centro,0.0,,,,,,,,,,,,,,,,,,,,,,,,,,,,,,,,0,0
1313997746250290772,apartamento,3,2.0,8,3,0,299.0,0.0,Morretes,0.0,,,,,,,,,,,,,,,,,,,,,,,,,,,,,,,,0,0
995667875936233192,outros,1,1.0,6,4,0,0.0,0.0,Sertaozinho,0.0,,,,,,,,,,,,,,,,,,,,,,,,,,,,,,,,0,0
946451380352813662,apartamento,3,3.0,6,4,5,300.0,5.0,Meia Praia,5.0,5.0,0.0,0.0,20.0,,,1104.875,,,1100.0,0.0,0.0,20.0,,,1100.0,,,1100.0,,,78100.0,1.0,1.0,0.7802197802197802,30.0,60.0,71.0,False,False,True,1,1
1273337047695459816,apartamento,3,2.0,9,4,0,350.0,0.0,Meia Praia,0.0,,,,,,,,,,,,,,,,,,,,,,,,,,,,,,,,0,0
1305411348950813553,apartamento,2,1.0,3,2,0,0.0,0.0,Leopoldo Zarling,0.0,,,,,,,,,,,,,,,,,,,,,,,,,,,,,,,,0,0
984264382270692556,apartamento,3,2.0,8,4,1,0.0,5.0,Meia Praia,5.0,5.0,,,,,,,,,,,,,,,,,,,,,,,,,,,,,,,0,0
53715659,apartamento,4,3.0,7,4,0,300.0,0.0,Meia Praia,0.0,,,,,,,,,,,,,,,,,,,,,,,,,,,,,,,,0,0
1050857413300266721,apartamento,3,2.0,8,6,2,500.0,5.0,Meia Praia,5.0,5.0,11.0,41.0,54.0,675.5454545454545,685.939024390244,639.4166666666666,660.0,653.0,614.0,11.0,41.0,54.0,637.0,614.0,502.0,703.0,743.0,690.125,12540.0,12407.0,22718.0,0.6333333333333333,0.31666666666666665,0.4065934065934066,19.0,19.0,37.0,True,True,True,1,1
983864829707648186,apartamento,2,1.0,6,15,0,220.0,0.0,Meia Praia,0.0,,,,,,,,,,,,,,,,,,,,,,,,,,,,,,,,0,0
1303091650236798544,apartamento,2,3.0,6,2,0,350.0,0.0,Morretes,0.0,,,,,,,,,,,,,,,,,,,,,,,,,,,,,,,,0,0
41470273,apartamento,2,1.0,5,3,121,0.0,4.840000152587891,Meia Praia,4.840000152587891,4.840000152587891,,,,,,,,,,,,,,,,,,,,,,,,,,,,,,,0,0
1315233656046324612,apartamento,3,2.0,8,4,1,250.0,5.0,Meia Praia,5.0,5.0,,,,,,,,,,,,,,,,,,,,,,,,,,,,,,,0,0
826063757882656916,apartamento,1,1.0,4,3,45,200.0,5.0,Meia Praia,5.0,5.0,21.0,43.0,73.0,728.5714285714286,634.5116279069767,585.8082191780821,675.0,650.0,516.0,21.0,43.0,73.0,650.0,516.0,516.0,800.0,675.0,650.0,6075.0,11050.0,9288.0,0.3,0.2833333333333333,0.1978021978021978,9.0,17.0,18.0,True,True,True,1,1
27704457,apartamento,2,2.0,6,5,1,200.0,5.0,Meia Praia,5.0,5.0,,,,,,,,,,,,,,,,,,,,,,,,,,,,,,,0,0
905876922972974570,apartamento,3,2.0,9,3,0,350.0,0.0,Meia Praia,0.0,,,,,,,,,,,,,,,,,,,,,,,,,,,,,,,,0,0
1069659858321218617,casa,0,0.0,5,3,7,120.0,4.710000038146973,Leopoldo Zarling,4.710000038146973,4.710000038146973,,,,,,,,,,,,,,,,,,,,,,,,,,,,,,,0,0
1028828653788779501,outros,1,1.0,4,2,1,100.0,5.0,Alto Sao Bento,5.0,5.0,,,,,,,,,,,,,,,,,,,,,,,,,,,,,,,0,0
52305543,apartamento,4,4.0,10,4,0,400.0,0.0,Meia Praia,0.0,,,,,,,,,,,,,,,,,,,,,,,,,,,,,,,,0,0
39363955,apartamento,2,1.0,7,4,6,200.0,5.0,Meia Praia,5.0,5.0,7.0,26.0,57.0,471.42857142857144,468.5634615384615,397.4149122807018,475.0,470.125,370.0,7.0,26.0,57.0,462.5,450.0,320.0,475.0,497.625,456.25,10925.0,15984.25,12580.0,0.7666666666666667,0.5666666666666667,0.37362637362637363,23.0,34.0,34.0,True,True,True,1,0
48848529,apartamento,3,4.0,12,4,61,350.0,4.840000152587891,Meia Praia,4.840000152587891,4.840000152587891,25.0,50.0,78.0,1016.9,1062.45,943.3589743589744,1000.0,1000.0,1000.0,25.0,50.0,78.0,990.0,1000.0,990.0,1045.0,1045.0,1000.0,5000.0,10000.0,13000.0,0.16666666666666666,0.16666666666666666,0.14285714285714285,5.0,10.0,13.0,True,True,True,1,1
1194961001253133253,apartamento,2,1.0,4,5,0,0.0,0.0,Meia Praia,0.0,,,,,,,,,,,,,,,,,,,,,,,,,,,,,,,,0,0
1320251945059711672,apartamento,3,2.0,6,3,0,0.0,0.0,Meia Praia,0.0,,,,,,,,,,,,,,,,,,,,,,,,,,,,,,,,0,0
1303193506330312884,apartamento,2,2.0,6,3,1,250.0,5.0,Meia Praia,5.0,5.0,,,,,,,,,,,,,,,,,,,,,,,,,,,,,,,0,0
40960741,apartamento,1,1.0,4,1,12,200.0,4.5,Meia Praia,4.5,4.5,,,,,,,,,,,,,,,,,,,,,,,,,,,,,,,0,0
1207940918769840398,apartamento,1,1.0,2,1,2,150.0,5.0,Centro,5.0,5.0,7.0,37.0,68.0,393.5,404.5315324324324,403.78921617647063,385.0,392.5,385.0,7.0,37.0,68.0,385.0,363.0,372.0,401.75,446.0,419.0,8855.0,9027.5,8855.0,0.7666666666666667,0.38333333333333336,0.25274725274725274,23.0,23.0,23.0,True,True,True,1,1
11508986,casa,2,1.0,5,3,15,150.0,4.869999885559082,Centro,4.869999885559082,4.869999885559082,,,,,,,,,,,,,,,,,,,,,,,,,,,,,,,0,0
12359589,apartamento,4,2.0,8,7,31,300.0,4.739999771118164,Meia Praia,4.739999771118164,4.739999771118164,,,,,,,,,,,,,,,,,,,,,,,,,,,,,,,0,0
47254288,apartamento,3,2.0,6,3,38,249.0,4.96999979019165,Meia Praia,4.96999979019165,4.96999979019165,6.0,36.0,67.0,600.0,580.5555555555555,490.2985074626866,600.0,600.0,450.0,6.0,36.0,67.0,600.0,450.0,350.0,600.0,600.0,600.0,14400.0,14400.0,10800.0,0.8,0.4,0.26373626373626374,24.0,24.0,24.0,True,True,True,1,1
47847374,apartamento,2,1.0,5,5,28,170.0,4.820000171661377,Meia Praia,4.820000171661377,4.820000171661377,,,,,,,,,,,,,,,,,,,,,,,,,,,,,,,0,0
733873082801364150,apartamento,2,2.0,4,2,4,150.0,5.0,Morretes,5.0,5.0,,,,,,,,,,,,,,,,,,,,,,,,,,,,,,,0,0
1293564285008286134,apartamento,3,2.0,7,3,1,300.0,5.0,Meia Praia,5.0,5.0,,,,,,,,,,,,,,,,,,,,,,,,,,,,,,,0,0
716703779507124462,apartamento,2,2.0,6,2,10,300.0,4.800000190734863,Meia Praia,4.800000190734863,4.800000190734863,,,,,,,,,,,,,,,,,,,,,,,,,,,,,,,0,0
47534961,apartamento,2,2.0,5,2,2,250.0,5.0,Meia Praia,5.0,5.0,,,,,,,,,,,,,,,,,,,,,,,,,,,,,,,0,0
730437501239201082,apartamento,3,2.0,8,6,11,350.0,4.820000171661377,Meia Praia,4.820000171661377,4.820000171661377,23.0,53.0,84.0,781.2090608695653,766.3473264150944,668.5941469047619,785.25,785.25,708.33335,23.0,53.0,84.0,774.0,774.0,500.0,785.25,793.2857,785.25,5496.75,5496.75,4958.33345,0.23333333333333334,0.11666666666666667,0.07692307692307693,7.0,7.0,7.0,True,True,True,1,1
48150450,casa,3,0.0,11,7,0,350.0,0.0,Meia Praia,0.0,,,,,,,,,,,,,,,,,,,,,,,,,,,,,,,,0,0
1035628196408986358,apartamento,3,2.0,6,3,4,456.0,5.0,Centro,5.0,5.0,2.0,16.0,43.0,990.0,956.53125,948.0813953488372,990.0,935.0,805.0,2.0,16.0,43.0,990.0,824.5,752.0,990.0,990.0,935.0,27720.0,41140.0,38640.0,0.9333333333333333,0.7333333333333333,0.5274725274725275,28.0,44.0,48.0,True,True,True,1,1
46327705,apartamento,3,3.0,7,4,6,400.0,5.0,Meia Praia,5.0,5.0,3.0,33.0,40.0,1100.0,1023.3308090909092,1003.4833350000001,1100.0,1096.0,944.0,3.0,33.0,40.0,1100.0,900.0,900.0,1100.0,1118.75,1101.5625,29700.0,29592.0,48144.0,0.9,0.45,0.5604395604395604,27.0,27.0,51.0,True,True,True,1,1
45260461,apartamento,3,0.0,8,3,2,350.0,5.0,Meia Praia,5.0,5.0,,,,,,,,,,,,,,,,,,,,,,,,,,,,,,,0,0
1048785577617228176,apartamento,3,3.0,6,3,0,0.0,0.0,Meia Praia,0.0,,,,,,,,,,,,,,,,,,,,,,,,,,,,,,,,0,0
1307358878486156704,apartamento,2,2.0,4,2,0,300.0,0.0,Meia Praia,0.0,,,,,,,,,,,,,,,,,,,,,,,,,,,,,,,,0,0
1226856286781952840,apartamento,2,1.0,5,3,12,220.0,4.579999923706055,Centro,4.579999923706055,4.579999923706055,11.0,38.0,69.0,752.7272727272727,720.5394736842105,678.9347826086956,745.0,733.5,640.5,11.0,38.0,69.0,732.0,631.5,594.0,773.5,784.0,747.0,14155.0,16137.0,14091.0,0.6333333333333333,0.36666666666666664,0.24175824175824176,19.0,22.0,22.0,True,True,True,1,1
755046728170332800,apartamento,3,2.0,10,3,2,380.0,4.0,Meia Praia,4.0,4.0,,,,,,,,,,,,,,,,,,,,,,,,,,,,,,,0,0
883930877150990341,outros,1,1.0,3,1,26,30.0,4.960000038146973,Meia Praia,4.960000038146973,4.960000038146973,,,,,,,,,,,,,,,,,,,,,,,,,,,,,,,0,0
1282082825192778625,apartamento,2,2.0,5,4,0,250.0,0.0,Tabuleiro dos Oliveiras,0.0,,,,,,,,,,,,,,,,,,,,,,,,,,,,,,,,0,0
1284886308350762835,apartamento,3,2.0,6,4,0,200.0,0.0,Centro,0.0,,,,,,,,,,,,,,,,,,,,,,,,,,,,,,,,0,0
764595430991746598,apartamento,3,1.0,7,4,18,200.0,4.889999866485596,Meia Praia,4.889999866485596,4.889999866485596,,,,,,,,,,,,,,,,,,,,,,,,,,,,,,,0,0
54344715,apartamento,2,2.0,4,2,1,250.0,5.0,Centro,5.0,5.0,,,,,,,,,,,,,,,,,,,,,,,,,,,,,,,0,0
1057137469420115073,apartamento,2,2.0,6,3,28,400.0,4.960000038146973,Morretes,4.960000038146973,4.960000038146973,10.0,38.0,69.0,683.4,724.5263157894736,650.2753623188406,715.0,690.0,594.0,10.0,38.0,69.0,632.5,551.875,523.0,725.5,786.5,743.0,14300.0,15180.0,13068.0,0.6666666666666666,0.36666666666666664,0.24175824175824176,20.0,22.0,22.0,True,True,True,1,1
805931746930977423,apartamento,3,3.0,10,5,9,350.0,4.889999866485596,Meia Praia,4.889999866485596,4.889999866485596,,,,,,,,,,,,,,,,,,,,,,,,,,,,,,,0,0
822407242041109663,apartamento,2,2.0,6,2,2,200.0,5.0,Morretes,5.0,5.0,,,,,,,,,,,,,,,,,,,,,,,,,,,,,,,0,0
1218223664268792610,apartamento,3,3.0,6,3,0,400.0,0.0,Meia Praia,0.0,,,,,,,,,,,,,,,,,,,,,,,,,,,,,,,,0,0
781419662620839834,apartamento,2,1.0,4,6,4,63.0,3.0,Casa Branca,3.0,3.0,,,,,,,,,,,,,,,,,,,,,,,,,,,,,,,0,0
1302893810172527030,outros,1,1.0,4,2,0,0.0,0.0,Meia Praia,0.0,,,,,,,,,,,,,,,,,,,,,,,,,,,,,,,,0,0
40289385,casa,12,13.0,16,34,15,700.0,4.670000076293945,Alto Sao Bento,4.670000076293945,4.670000076293945,13.0,34.0,62.0,2500.0,2506.8088235294117,2586.3951612903224,2500.0,2500.0,2500.0,13.0,34.0,62.0,2500.0,2500.0,2500.0,2500.0,2500.0,2500.0,42500.0,65000.0,72500.0,0.5666666666666667,0.43333333333333335,0.31868131868131866,17.0,26.0,29.0,True,True,True,1,0
1286849144880860521,apartamento,3,2.0,8,5,2,250.0,5.0,Meia Praia,5.0,5.0,,,,,,,,,,,,,,,,,,,,,,,,,,,,,,,0,0
816133717795107883,apartamento,3,3.0,6,3,1,400.0,5.0,Meia Praia,5.0,5.0,,,,,,,,,,,,,,,,,,,,,,,,,,,,,,,0,0
1309735537588066969,apartamento,2,2.0,5,2,0,0.0,0.0,Meia Praia,0.0,,,,,,,,,,,,,,,,,,,,,,,,,,,,,,,,0,0
1189332946247734534,apartamento,3,2.0,6,3,0,280.0,0.0,Meia Praia,0.0,,,,,,,,,,,,,,,,,,,,,,,,,,,,,,,,0,0
17034886,casa,2,2.0,16,6,29,100.0,4.760000228881836,Meia Praia,4.760000228881836,4.760000228881836,,,,,,,,,,,,,,,,,,,,,,,,,,,,,,,0,0
1063631850360870442,apartamento,3,3.0,8,3,0,450.0,0.0,Centro,0.0,,,,,,,,,,,,,,,,,,,,,,,,,,,,,,,,0,0
1308750692678694887,apartamento,3,2.0,6,4,0,200.0,0.0,Meia Praia,0.0,,,,,,,,,,,,,,,,,,,,,,,,,,,,,,,,0,0
1304648120026910544,apartamento,4,4.0,10,7,0,200.0,0.0,Meia Praia,0.0,,,,,,,,,,,,,,,,,,,,,,,,,,,,,,,,0,0
1059617467133711457,apartamento,3,2.0,6,4,4,250.0,5.0,Morretes,5.0,5.0,,,,,,,,,,,,,,,,,,,,,,,,,,,,,,,0,0
815304864569530906,casa,3,2.0,8,3,0,0.0,0.0,Casa Branca,0.0,,,,,,,,,,,,,,,,,,,,,,,,,,,,,,,,0,0
1057361282873491498,apartamento,2,1.0,6,4,0,0.0,0.0,Centro,0.0,,,,,,,,,,,,,,,,,,,,,,,,,,,,,,,,0,0
881204142086821328,apartamento,3,2.0,7,3,43,200.0,4.980000019073486,Meia Praia,4.980000019073486,4.980000019073486,4.0,20.0,51.0,550.0,570.0,516.6666666666666,550.0,550.0,550.0,4.0,20.0,51.0,550.0,550.0,400.0,550.0,550.0,550.0,14300.0,22000.0,22000.0,0.8666666666666667,0.6666666666666666,0.43956043956043955,26.0,40.0,40.0,True,True,True,1,1
1022568413168693137,apartamento,2,1.0,6,2,3,200.0,4.670000076293945,Meia Praia,4.670000076293945,4.670000076293945,,,,,,,,,,,,,,,,,,,,,,,,,,,,,,,0,0
1100991386372756521,apartamento,2,2.0,8,0,12,0.0,5.0,Meia Praia,5.0,5.0,29.0,59.0,90.0,813.448275862069,847.2881355932203,819.8888888888889,800.0,800.0,800.0,29.0,59.0,90.0,750.0,800.0,750.0,800.0,800.0,800.0,800.0,800.0,800.0,0.03333333333333333,0.016666666666666666,0.01098901098901099,1.0,1.0,1.0,True,True,True,1,1
1296646180963052154,outros,1,1.0,3,1,2,20.0,5.0,Casa Branca,5.0,5.0,,,,,,,,,,,,,,,,,,,,,,,,,,,,,,,0,0
1156353586623329135,apartamento,4,5.0,10,0,0,0.0,0.0,Centro,0.0,,,,,,,,,,,,,,,,,,,,,,,,,,,,,,,,0,0
1318155894441200282,apartamento,3,2.0,10,3,0,300.0,0.0,Meia Praia,0.0,,,,,,,,,,,,,,,,,,,,,,,,,,,,,,,,0,0
552104897649888373,apartamento,3,1.0,7,3,0,300.0,0.0,Meia Praia,0.0,,,,,,,,,,,,,,,,,,,,,,,,,,,,,,,,0,0
761359370805598508,apartamento,2,1.0,6,4,0,170.0,0.0,Centro,0.0,,,,,,,,,,,,,,,,,,,,,,,,,,,,,,,,0,0
576683946972734575,apartamento,3,2.0,8,5,1,250.0,5.0,Meia Praia,5.0,5.0,,,,,,,,,,,,,,,,,,,,,,,,,,,,,,,0,0
45435621,apartamento,5,5.0,10,7,5,450.0,4.400000095367432,Meia Praia,4.400000095367432,4.400000095367432,,,,,,,,,,,,,,,,,,,,,,,,,,,,,,,0,0
1303841272149852162,apartamento,3,3.0,8,3,0,350.0,0.0,Meia Praia,0.0,,,,,,,,,,,,,,,,,,,,,,,,,,,,,,,,0,0
1237787505353689867,outros,2,3.0,4,2,0,390.0,0.0,Meia Praia,0.0,,,,,,,,,,,,,,,,,,,,,,,,,,,,,,,,0,0
1274725970776707713,outros,0,1.0,2,1,1,0.0,5.0,Centro,5.0,5.0,,,,,,,,,,,,,,,,,,,,,,,,,,,,,,,0,0
39197724,apartamento,3,2.0,8,4,50,250.0,4.900000095367432,Meia Praia,4.900000095367432,4.900000095367432,,,,,,,,,,,,,,,,,,,,,,,,,,,,,,,0,0
1012336445612155115,apartamento,3,2.0,6,3,0,0.0,0.0,Meia Praia,0.0,,,,,,,,,,,,,,,,,,,,,,,,,,,,,,,,0,0
1284878849418731692,casa,2,2.0,4,2,0,0.0,0.0,Meia Praia,0.0,,,,,,,,,,,,,,,,,,,,,,,,,,,,,,,,0,0
1242114642313213767,apartamento,2,1.0,4,3,2,150.0,5.0,Casa Branca,5.0,5.0,,,,,,,,,,,,,,,,,,,,,,,,,,,,,,,0,0
1203075817950465589,apartamento,3,2.0,6,4,0,400.0,0.0,Centro,0.0,,8.0,8.0,28.0,1426.25,1426.25,1407.5,1400.0,1400.0,1400.0,8.0,8.0,28.0,1400.0,1400.0,1400.0,1422.5,1422.5,1400.0,30800.0,72800.0,88200.0,0.7333333333333333,0.8666666666666667,0.6923076923076923,22.0,52.0,63.0,True,True,True,1,0
30711160,apartamento,3,2.0,7,10,1,300.0,5.0,Centro,5.0,5.0,,,,,,,,,,,,,,,,,,,,,,,,,,,,,,,0,0
47195870,apartamento,2,2.0,5,3,0,0.0,0.0,Centro,0.0,,,,,,,,,,,,,,,,,,,,,,,,,,,,,,,,0,0
46298558,apartamento,2,2.0,4,8,6,220.0,5.0,Meia Praia,5.0,5.0,3.0,19.0,50.0,450.0,772.8421052631579,679.68,450.0,900.0,633.5,3.0,19.0,50.0,450.0,633.5,450.0,450.0,900.0,900.0,12150.0,36900.0,25973.5,0.9,0.6833333333333333,0.45054945054945056,27.0,41.0,41.0,True,True,True,1,1
1055163452693752832,apartamento,2,2.0,4,2,16,50.0,4.940000057220459,Morretes,4.940000057220459,4.940000057220459,15.0,40.0,71.0,792.6666666666666,640.8125,579.330985915493,800.0,521.25,500.0,15.0,40.0,71.0,800.0,500.0,500.0,800.0,800.0,745.0,12000.0,10425.0,10000.0,0.5,0.3333333333333333,0.21978021978021978,15.0,20.0,20.0,True,True,True,1,1
981794745903466594,apartamento,3,3.0,6,3,0,200.0,0.0,Meia Praia,0.0,,,,,,,,,,,,,,,,,,,,,,,,,,,,,,,,0,0
1317704079987487935,casa,1,1.0,3,1,0,15.0,0.0,Meia Praia,0.0,,,,,,,,,,,,,,,,,,,,,,,,,,,,,,,,0,0
35506843,apartamento,2,1.0,6,3,0,300.0,0.0,Centro,0.0,,,,,,,,,,,,,,,,,,,,,,,,,,,,,,,,0,0
957349094500016515,apartamento,2,2.0,6,2,11,200.0,4.909999847412109,Centro,4.909999847412109,4.909999847412109,25.0,51.0,82.0,400.0,509.04901960784315,583.2378048780488,400.0,400.0,699.0,25.0,51.0,82.0,400.0,400.0,400.0,400.0,699.0,699.0,2000.0,3600.0,6291.0,0.16666666666666666,0.15,0.0989010989010989,5.0,9.0,9.0,True,True,True,1,1
1104976765484255707,apartamento,3,2.0,8,5,6,300.0,5.0,Meia Praia,5.0,5.0,,,,,,,,,,,,,,,,,,,,,,,,,,,,,,,0,0
53914255,apartamento,2,2.0,5,2,8,300.0,5.0,Meia Praia,5.0,5.0,6.0,18.0,47.0,1040.0,866.6666666666666,588.6879425531914,1040.0,910.0,390.0,6.0,18.0,47.0,1040.0,910.0,390.0,1040.0,1040.0,910.0,24960.0,38220.0,17160.0,0.8,0.7,0.4835164835164835,24.0,42.0,44.0,True,True,True,1,1
53188113,apartamento,4,3.0,8,4,4,430.0,5.0,Meia Praia,5.0,5.0,,,,,,,,,,,,,,,,,,,,,,,,,,,,,,,0,0
1122097984724843177,apartamento,3,2.0,8,3,1,350.0,5.0,Meia Praia,5.0,5.0,,,,,,,,,,,,,,,,,,,,,,,,,,,,,,,0,0
1294083265290183087,apartamento,2,2.0,6,2,1,280.0,5.0,Centro,5.0,5.0,,,,,,,,,,,,,,,,,,,,,,,,,,,,,,,0,0
1046947641852323449,apartamento,2,2.0,5,3,0,150.0,0.0,Tabuleiro dos Oliveiras,0.0,,,,,,,,,,,,,,,,,,,,,,,,,,,,,,,,0,0
766477433167060017,apartamento,2,2.0,6,4,3,200.0,5.0,Meia Praia,5.0,5.0,,,,,,,,,,,,,,,,,,,,,,,,,,,,,,,0,0
52530322,apartamento,2,2.0,6,3,11,250.0,4.909999847412109,Meia Praia,4.909999847412109,4.909999847412109,13.0,43.0,74.0,500.0,489.5348837209302,472.97297297297297,500.0,500.0,450.0,13.0,43.0,74.0,500.0,450.0,450.0,500.0,500.0,500.0,8500.0,8500.0,7650.0,0.5666666666666667,0.2833333333333333,0.18681318681318682,17.0,17.0,17.0,True,True,True,1,0
45002455,apartamento,2,2.0,5,2,52,300.0,4.650000095367432,Meia Praia,4.650000095367432,4.650000095367432,0.0,8.0,26.0,,675.0,380.7692307692308,,700.0,250.0,0.0,8.0,26.0,,625.0,250.0,,750.0,550.0,,36400.0,16250.0,1.0,0.8666666666666667,0.7142857142857143,30.0,52.0,65.0,False,True,True,1,1
37487828,apartamento,3,2.0,8,6,96,250.0,4.980000019073486,Meia Praia,4.980000019073486,4.980000019073486,4.0,17.0,43.0,600.0,546.4705882352941,449.7674418604651,600.0,600.0,380.0,4.0,17.0,43.0,600.0,350.0,350.0,600.0,800.0,500.0,15600.0,25800.0,18240.0,0.8666666666666667,0.7166666666666667,0.5274725274725275,26.0,43.0,48.0,True,True,True,1,1
1268959934613271899,apartamento,2,0.0,4,2,0,250.0,0.0,Meia Praia,0.0,,,,,,,,,,,,,,,,,,,,,,,,,,,,,,,,0,0
769616108652112172,apartamento,2,2.0,6,3,14,280.0,5.0,Meia Praia,5.0,5.0,,,,,,,,,,,,,,,,,,,,,,,,,,,,,,,0,0
958573890829458760,apartamento,2,1.0,6,4,1,170.0,5.0,Centro,5.0,5.0,,,,,,,,,,,,,,,,,,,,,,,,,,,,,,,0,0
780872235421635957,apartamento,2,2.0,7,3,7,180.0,5.0,Meia Praia,5.0,5.0,,,,,,,,,,,,,,,,,,,,,,,,,,,,,,,0,0
41266951,apartamento,3,3.0,9,4,4,400.0,5.0,Meia Praia,5.0,5.0,,,,,,,,,,,,,,,,,,,,,,,,,,,,,,,0,0
53722008,apartamento,2,2.0,6,3,2,200.0,5.0,Meia Praia,5.0,5.0,,,,,,,,,,,,,,,,,,,,,,,,,,,,,,,0,0
1117463021543380307,apartamento,2,2.0,4,2,1,200.0,4.0,Meia Praia,4.0,4.0,,,,,,,,,,,,,,,,,,,,,,,,,,,,,,,0,0
1100720037663116812,apartamento,3,3.0,6,3,15,500.0,4.869999885559082,Centro,4.869999885559082,4.869999885559082,19.0,37.0,62.0,948.6842105263158,1052.7702702702702,945.5564516129032,1015.0,1065.0,842.0,19.0,37.0,62.0,842.0,842.0,795.25,1114.0,1188.0,1089.0,11165.0,24495.0,24418.0,0.36666666666666664,0.38333333333333336,0.31868131868131866,11.0,23.0,29.0,True,True,True,1,1
1195858349379362032,apartamento,3,3.0,8,3,17,330.0,4.710000038146973,Centro,4.710000038146973,4.710000038146973,10.0,23.0,48.0,1150.0,1089.7608695652175,765.8333333333334,1150.0,1150.0,590.0,10.0,23.0,48.0,1150.0,1150.0,590.0,1150.0,1150.0,1150.0,23000.0,42550.0,25370.0,0.6666666666666666,0.6166666666666667,0.4725274725274725,20.0,37.0,43.0,True,True,True,1,1
52772728,apartamento,3,3.0,6,3,0,250.0,0.0,Meia Praia,0.0,,,,,,,,,,,,,,,,,,,,,,,,,,,,,,,,0,0
20014261,outros,3,3.0,8,3,7,200.0,4.289999961853027,Meia Praia,4.289999961853027,4.289999961853027,,,,,,,,,,,,,,,,,,,,,,,,,,,,,,,0,0
560128678283668498,apartamento,3,4.0,8,3,14,300.0,5.0,Meia Praia,5.0,5.0,,,,,,,,,,,,,,,,,,,,,,,,,,,,,,,0,0
1121118876733525321,apartamento,4,4.0,15,6,1,900.0,5.0,Meia Praia,5.0,5.0,,,,,,,,,,,,,,,,,,,,,,,,,,,,,,,0,0
1056026073236053549,casa,2,1.0,6,3,2,100.0,5.0,Alto Sao Bento,5.0,5.0,,,,,,,,,,,,,,,,,,,,,,,,,,,,,,,0,0
1161796266594364332,apartamento,1,1.0,2,1,21,250.0,5.0,Centro,5.0,5.0,0.0,0.0,25.0,,,450.0,,,450.0,0.0,0.0,25.0,,,450.0,,,450.0,,,29700.0,1.0,1.0,0.7252747252747253,30.0,60.0,66.0,False,False,True,1,1
1282728206199802019,apartamento,2,2.0,8,8,0,450.0,0.0,Meia Praia,0.0,,,,,,,,,,,,,,,,,,,,,,,,,,,,,,,,0,0
1220219125770707254,apartamento,3,2.0,6,4,1,350.0,5.0,Meia Praia,5.0,5.0,,,,,,,,,,,,,,,,,,,,,,,,,,,,,,,0,0
1311544699481300377,apartamento,3,2.0,8,2,0,300.0,0.0,Meia Praia,0.0,,,,,,,,,,,,,,,,,,,,,,,,,,,,,,,,0,0
16177778,apartamento,3,3.0,8,4,9,300.0,5.0,Meia Praia,5.0,5.0,29.0,59.0,90.0,939.6206896551724,830.2881355932204,750.9666666666667,920.0,880.0,600.0,29.0,59.0,90.0,900.0,600.0,600.0,990.0,920.0,900.0,920.0,880.0,600.0,0.03333333333333333,0.016666666666666666,0.01098901098901099,1.0,1.0,1.0,True,True,True,1,1
1182028381058524086,apartamento,1,1.0,4,2,12,190.0,5.0,Centro,5.0,5.0,4.0,9.0,33.0,631.25,657.0,544.1919181818181,625.0,635.0,520.0,4.0,9.0,33.0,615.0,615.0,431.5,641.25,660.0,615.0,16250.0,32385.0,30160.0,0.8666666666666667,0.85,0.6373626373626373,26.0,51.0,58.0,True,True,True,1,1
1290655314948554194,apartamento,3,3.0,10,3,0,399.0,0.0,Meia Praia,0.0,,,,,,,,,,,,,,,,,,,,,,,,,,,,,,,,0,0
1312442053889876195,apartamento,2,1.0,5,5,0,50.0,0.0,Canto da Praia,0.0,,,,,,,,,,,,,,,,,,,,,,,,,,,,,,,,0,0
1134157206541148942,apartamento,3,2.0,6,3,1,350.0,5.0,Meia Praia,5.0,5.0,,,,,,,,,,,,,,,,,,,,,,,,,,,,,,,0,0
1024067179174522246,casa,1,1.0,2,1,14,100.0,5.0,Leopoldo Zarling,5.0,5.0,,,,,,,,,,,,,,,,,,,,,,,,,,,,,,,0,0
51023939,apartamento,2,2.0,5,2,5,170.0,4.800000190734863,Morretes,4.800000190734863,4.800000190734863,,,,,,,,,,,,,,,,,,,,,,,,,,,,,,,0,0
22901902,apartamento,3,2.0,6,3,29,300.0,4.929999828338623,Meia Praia,4.929999828338623,4.929999828338623,20.0,50.0,81.0,704.975,725.99,716.0432098765432,700.0,700.0,700.0,20.0,50.0,81.0,700.0,700.0,700.0,700.0,700.0,700.0,7000.0,7000.0,7000.0,0.3333333333333333,0.16666666666666666,0.10989010989010989,10.0,10.0,10.0,True,True,True,1,1
1321642761318234538,apartamento,3,3.0,6,3,1,370.0,5.0,Morretes,5.0,5.0,,,,,,,,,,,,,,,,,,,,,,,,,,,,,,,0,0
986245345084467584,apartamento,3,3.0,8,4,8,250.0,5.0,Meia Praia,5.0,5.0,25.0,55.0,86.0,873.34,887.8818181818182,832.9476744186046,900.0,900.0,800.0,25.0,55.0,86.0,800.0,800.0,800.0,900.0,900.0,900.0,4500.0,4500.0,4000.0,0.16666666666666666,0.08333333333333333,0.054945054945054944,5.0,5.0,5.0,True,True,True,1,1
52214716,apartamento,4,3.0,11,6,7,350.0,5.0,Meia Praia,5.0,5.0,23.0,52.0,76.0,1696.1304347826087,1706.6153807692308,1490.0350842105263,1690.3334,1657.0,1647.0,23.0,52.0,76.0,1657.0,1637.0,1014.0,1729.3333,1723.6666,1690.3334,11832.3338,13256.0,24705.0,0.23333333333333334,0.13333333333333333,0.16483516483516483,7.0,8.0,15.0,True,True,True,1,1
977653453697214511,apartamento,3,2.0,6,3,1,0.0,5.0,Morretes,5.0,5.0,,,,,,,,,,,,,,,,,,,,,,,,,,,,,,,0,0
996293079045974004,apartamento,3,3.0,8,0,5,350.0,5.0,Meia Praia,5.0,5.0,,,,,,,,,,,,,,,,,,,,,,,,,,,,,,,0,0
53904296,apartamento,2,2.0,6,3,14,150.0,5.0,Morretes,5.0,5.0,,,,,,,,,,,,,,,,,,,,,,,,,,,,,,,0,0
552771331403575384,apartamento,2,2.0,5,2,11,180.0,4.639999866485596,Meia Praia,4.639999866485596,4.639999866485596,,,,,,,,,,,,,,,,,,,,,,,,,,,,,,,0,0
799207818293090675,apartamento,2,2.0,6,5,0,210.0,0.0,Centro,0.0,,,,,,,,,,,,,,,,,,,,,,,,,,,,,,,,0,0
1125970477826966385,apartamento,2,2.0,4,2,10,400.0,4.599999904632568,Morretes,4.599999904632568,4.599999904632568,4.0,34.0,65.0,584.0,603.2794117647059,542.31282,580.0,570.75,458.0,4.0,34.0,65.0,572.0,433.5,418.0,592.0,704.0833250000001,586.0,15080.0,14839.5,11908.0,0.8666666666666667,0.43333333333333335,0.2857142857142857,26.0,26.0,26.0,True,True,True,1,1
1053425333694349352,casa,1,1.0,4,1,22,150.0,5.0,Varzea,5.0,5.0,,,,,,,,,,,,,,,,,,,,,,,,,,,,,,,0,0
48145255,apartamento,4,3.0,8,4,8,200.0,4.75,Meia Praia,4.75,4.75,,,,,,,,,,,,,,,,,,,,,,,,,,,,,,,0,0
1283530072752672965,casa,2,1.0,4,3,0,250.0,0.0,Sertao do Trombudo,0.0,,,,,,,,,,,,,,,,,,,,,,,,,,,,,,,,0,0
31454750,apartamento,2,2.0,4,2,38,300.0,4.949999809265137,Canto da Praia,4.949999809265137,4.949999809265137,21.0,43.0,59.0,480.5238095238095,584.453488372093,544.4661016949152,487.33334,495.66666,479.0,21.0,43.0,59.0,479.0,479.0,437.0,495.66666,648.0,504.0,4386.00006,8426.33322,15328.0,0.3,0.2833333333333333,0.3516483516483517,9.0,17.0,32.0,True,True,True,1,0
1297930390704189766,apartamento,1,1.0,2,1,6,170.0,5.0,Meia Praia,5.0,5.0,9.0,39.0,70.0,548.3333333333334,591.0,557.7142857142857,578.0,545.0,516.0,9.0,39.0,70.0,578.0,495.0,471.0,605.0,605.0,594.0,12138.0,11445.0,10836.0,0.7,0.35,0.23076923076923078,21.0,21.0,21.0,True,True,True,1,1
39024482,apartamento,5,5.0,12,5,0,500.0,0.0,Meia Praia,0.0,,,,,,,,,,,,,,,,,,,,,,,,,,,,,,,,0,0
734843676958831992,apartamento,2,2.0,6,2,64,200.0,4.769999980926514,Meia Praia,4.769999980926514,4.769999980926514,,,,,,,,,,,,,,,,,,,,,,,,,,,,,,,0,0
54145466,apartamento,4,4.0,8,4,0,200.0,0.0,Meia Praia,0.0,,,,,,,,,,,,,,,,,,,,,,,,,,,,,,,,0,0
1286416941361791037,outros,1,1.0,2,1,0,0.0,0.0,Centro,0.0,,,,,,,,,,,,,,,,,,,,,,,,,,,,,,,,0,0
1279131214968804084,apartamento,4,0.0,8,4,1,350.0,5.0,Meia Praia,5.0,5.0,,,,,,,,,,,,,,,,,,,,,,,,,,,,,,,0,0
985757801553012255,apartamento,3,4.0,9,6,3,300.0,5.0,Meia Praia,5.0,5.0,,,,,,,,,,,,,,,,,,,,,,,,,,,,,,,0,0
798366093737390500,apartamento,3,2.0,8,5,3,200.0,4.670000076293945,Meia Praia,4.670000076293945,4.670000076293945,,,,,,,,,,,,,,,,,,,,,,,,,,,,,,,0,0
675242237586865339,apartamento,2,2.0,6,3,6,250.0,5.0,Morretes,5.0,5.0,10.0,40.0,71.0,498.3,482.77083350000004,445.4342723943662,513.0,464.0,453.5,10.0,40.0,71.0,476.25,419.0,360.0,513.0,513.0,465.0,10260.0,9280.0,9070.0,0.6666666666666666,0.3333333333333333,0.21978021978021978,20.0,20.0,20.0,True,True,True,1,1
31971404,casa,4,2.0,10,6,7,250.0,5.0,Meia Praia,5.0,5.0,,,,,,,,,,,,,,,,,,,,,,,,,,,,,,,0,0
1039107969139777241,apartamento,2,2.0,6,2,0,400.0,0.0,Centro,0.0,,,,,,,,,,,,,,,,,,,,,,,,,,,,,,,,0,0
1320237323905564772,casa,2,2.0,6,5,0,200.0,0.0,Alto Sao Bento,0.0,,,,,,,,,,,,,,,,,,,,,,,,,,,,,,,,0,0
760638778072787581,apartamento,2,3.0,8,3,1,0.0,4.0,Morretes,4.0,4.0,,,,,,,,,,,,,,,,,,,,,,,,,,,,,,,0,0
1234084273027568746,apartamento,1,1.0,3,2,13,180.0,4.769999980926514,Centro,4.769999980926514,4.769999980926514,2.0,20.0,51.0,339.0,388.725,397.34313725490193,339.0,363.0,372.0,2.0,20.0,51.0,316.0,345.0,372.0,362.0,409.25,419.0,9492.0,14520.0,14880.0,0.9333333333333333,0.6666666666666666,0.43956043956043955,28.0,40.0,40.0,True,True,True,1,1
22322959,apartamento,3,3.0,8,4,12,320.0,5.0,Meia Praia,5.0,5.0,,,,,,,,,,,,,,,,,,,,,,,,,,,,,,,0,0
15523493,apartamento,3,2.0,8,6,96,250.0,4.960000038146973,Meia Praia,4.960000038146973,4.960000038146973,5.0,23.0,49.0,860.0,825.9130434782609,608.0816326530612,900.0,800.0,450.0,5.0,23.0,49.0,800.0,800.0,390.0,900.0,920.0,800.0,22500.0,29600.0,18900.0,0.8333333333333334,0.6166666666666667,0.46153846153846156,25.0,37.0,42.0,True,True,True,1,1
41790103,outros,1,1.0,2,1,3,50.0,5.0,Meia Praia,5.0,5.0,,,,,,,,,,,,,,,,,,,,,,,,,,,,,,,0,0
1305305832378400323,apartamento,2,2.0,5,5,1,200.0,4.0,Morretes,4.0,4.0,,,,,,,,,,,,,,,,,,,,,,,,,,,,,,,0,0
674574208902012105,apartamento,2,2.0,6,2,5,250.0,4.599999904632568,Meia Praia,4.599999904632568,4.599999904632568,,,,,,,,,,,,,,,,,,,,,,,,,,,,,,,0,0
1057222458172567781,hotel,1,1.0,3,1,0,0.0,0.0,Meia Praia,0.0,,,,,,,,,,,,,,,,,,,,,,,,,,,,,,,,0,0
1248621643570122645,apartamento,3,2.0,9,3,0,300.0,0.0,Meia Praia,0.0,,,,,,,,,,,,,,,,,,,,,,,,,,,,,,,,0,0
40583828,apartamento,0,2.0,5,4,5,400.0,5.0,Meia Praia,5.0,5.0,,,,,,,,,,,,,,,,,,,,,,,,,,,,,,,0,0
558719049557411759,apartamento,3,2.0,7,4,0,150.0,0.0,Centro,0.0,,,,,,,,,,,,,,,,,,,,,,,,,,,,,,,,0,0
1083633025910461931,apartamento,0,1.0,4,1,13,150.0,4.849999904632568,Meia Praia,4.849999904632568,4.849999904632568,,,,,,,,,,,,,,,,,,,,,,,,,,,,,,,0,0
1041935826250801258,apartamento,4,5.0,8,4,0,0.0,0.0,Meia Praia,0.0,,,,,,,,,,,,,,,,,,,,,,,,,,,,,,,,0,0
995670124692789028,outros,1,1.0,6,4,1,0.0,5.0,Sertaozinho,5.0,5.0,,,,,,,,,,,,,,,,,,,,,,,,,,,,,,,0,0
1001535818359576230,apartamento,2,2.0,8,8,5,250.0,5.0,Meia Praia,5.0,5.0,,,,,,,,,,,,,,,,,,,,,,,,,,,,,,,0,0
30564287,apartamento,3,2.0,9,3,0,300.0,0.0,Meia Praia,0.0,,,,,,,,,,,,,,,,,,,,,,,,,,,,,,,,0,0
1088514611356100982,apartamento,2,2.0,6,2,1,290.0,5.0,Centro,5.0,5.0,,,,,,,,,,,,,,,,,,,,,,,,,,,,,,,0,0
52776168,apartamento,3,2.0,7,4,27,200.0,5.0,Meia Praia,5.0,5.0,,,,,,,,,,,,,,,,,,,,,,,,,,,,,,,0,0
877369704935240972,casa,3,3.0,8,5,4,300.0,4.5,Morretes,4.5,4.5,,,,,,,,,,,,,,,,,,,,,,,,,,,,,,,0,0
1158058099432766385,outros,1,0.0,2,1,0,100.0,0.0,Meia Praia,0.0,,,,,,,,,,,,,,,,,,,,,,,,,,,,,,,,0,0
1033866064868877388,apartamento,2,3.0,6,3,0,0.0,0.0,Morretes,0.0,,,,,,,,,,,,,,,,,,,,,,,,,,,,,,,,0,0
1321988636246787772,apartamento,4,6.0,10,4,0,300.0,0.0,Meia Praia,0.0,,,,,,,,,,,,,,,,,,,,,,,,,,,,,,,,0,0
927428621188028958,apartamento,4,2.0,11,4,0,690.0,0.0,Meia Praia,0.0,,,,,,,,,,,,,,,,,,,,,,,,,,,,,,,,0,0
54237040,apartamento,3,2.0,8,4,9,350.0,5.0,Meia Praia,5.0,5.0,15.0,38.0,66.0,680.5111133333334,693.1754394736843,696.0707075757576,650.0,700.0,700.0,15.0,38.0,66.0,650.0,693.625,700.0,700.0,700.0,700.0,9750.0,15400.0,17500.0,0.5,0.36666666666666664,0.27472527472527475,15.0,22.0,25.0,True,True,True,1,0
1049812703373748837,apartamento,2,1.0,5,3,2,300.0,5.0,Meia Praia,5.0,5.0,,,,,,,,,,,,,,,,,,,,,,,,,,,,,,,0,0
1034050331755813941,apartamento,3,2.0,10,3,0,0.0,0.0,Meia Praia,0.0,,,,,,,,,,,,,,,,,,,,,,,,,,,,,,,,0,0
1048773939396362640,outros,1,1.0,3,1,1,100.0,5.0,Varzea,5.0,5.0,,,,,,,,,,,,,,,,,,,,,,,,,,,,,,,0,0
740566202542708128,apartamento,4,4.0,10,7,3,300.0,5.0,Meia Praia,5.0,5.0,,,,,,,,,,,,,,,,,,,,,,,,,,,,,,,0,0
45266833,apartamento,2,2.0,6,2,16,250.0,4.940000057220459,Meia Praia,4.940000057220459,4.940000057220459,,,,,,,,,,,,,,,,,,,,,,,,,,,,,,,0,0
1034873975277447845,apartamento,3,4.0,6,3,16,456.0,4.880000114440918,Meia Praia,4.880000114440918,4.880000114440918,0.0,20.0,51.0,,787.679165,722.2565352941176,,662.5,640.5,0.0,20.0,51.0,,637.75,604.0,,959.125,681.0,,26500.0,25620.0,1.0,0.6666666666666666,0.43956043956043955,30.0,40.0,40.0,False,True,True,1,1
1248596862601348230,apartamento,2,2.0,6,2,0,300.0,0.0,Meia Praia,0.0,,,,,,,,,,,,,,,,,,,,,,,,,,,,,,,,0,0
41457268,casa,0,2.0,8,2,0,150.0,0.0,Sertaozinho,0.0,,,,,,,,,,,,,,,,,,,,,,,,,,,,,,,,0,0
1015838718497361753,casa,2,1.0,8,3,1,100.0,5.0,Centro,5.0,5.0,,,,,,,,,,,,,,,,,,,,,,,,,,,,,,,0,0
1086114368658410156,apartamento,4,4.0,10,4,0,400.0,0.0,Meia Praia,0.0,,,,,,,,,,,,,,,,,,,,,,,,,,,,,,,,0,0
1004136807267956914,apartamento,3,3.0,8,4,2,450.0,4.5,Meia Praia,4.5,4.5,,,,,,,,,,,,,,,,,,,,,,,,,,,,,,,0,0
1279089582401296369,apartamento,4,3.0,10,4,0,399.0,0.0,Meia Praia,0.0,,,,,,,,,,,,,,,,,,,,,,,,,,,,,,,,0,0
1303561207664284946,apartamento,2,2.0,6,2,0,350.0,0.0,Meia Praia,0.0,,,,,,,,,,,,,,,,,,,,,,,,,,,,,,,,0,0
32606991,apartamento,3,3.0,8,4,22,190.0,4.769999980926514,Meia Praia,4.769999980926514,4.769999980926514,14.0,30.0,61.0,704.3214285714286,618.65,574.6803278688525,749.0,635.75,536.5,14.0,30.0,61.0,658.25,494.125,480.0,749.0,736.625,621.5,11984.0,19072.5,16095.0,0.5333333333333333,0.5,0.32967032967032966,16.0,30.0,30.0,True,True,True,1,1
1280006395961997304,casa,2,1.0,5,3,0,200.0,0.0,Ilhota,0.0,,,,,,,,,,,,,,,,,,,,,,,,,,,,,,,,0,0
1281329818566296132,casa,1,1.0,4,2,2,180.0,5.0,Centro,5.0,5.0,,,,,,,,,,,,,,,,,,,,,,,,,,,,,,,0,0
32717195,apartamento,2,2.0,6,2,7,290.0,4.860000133514404,Meia Praia,4.860000133514404,4.860000133514404,,,,,,,,,,,,,,,,,,,,,,,,,,,,,,,0,0
45911573,apartamento,3,3.0,8,3,11,350.0,4.820000171661377,Meia Praia,4.820000171661377,4.820000171661377,1.0,21.0,21.0,750.0,914.2857142857143,914.2857142857143,750.0,750.0,750.0,1.0,21.0,21.0,750.0,700.0,700.0,750.0,750.0,750.0,21750.0,29250.0,52500.0,0.9666666666666667,0.65,0.7692307692307693,29.0,39.0,70.0,True,True,True,1,1
1266062577521926245,apartamento,2,3.0,4,2,0,0.0,0.0,Centro,0.0,,,,,,,,,,,,,,,,,,,,,,,,,,,,,,,,0,0
39821065,apartamento,2,2.0,6,5,5,250.0,4.800000190734863,Meia Praia,4.800000190734863,4.800000190734863,,,,,,,,,,,,,,,,,,,,,,,,,,,,,,,0,0
1320250540462789208,apartamento,3,2.0,8,4,0,299.0,0.0,Meia Praia,0.0,,,,,,,,,,,,,,,,,,,,,,,,,,,,,,,,0,0
1052997837078206652,outros,1,1.0,2,1,1,0.0,5.0,Alto Sao Bento,5.0,5.0,,,,,,,,,,,,,,,,,,,,,,,,,,,,,,,0,0
1182804283264636293,apartamento,3,2.0,6,3,2,250.0,5.0,Meia Praia,5.0,5.0,,,,,,,,,,,,,,,,,,,,,,,,,,,,,,,0,0
1287226527119376780,outros,1,1.0,2,1,0,0.0,0.0,Meia Praia,0.0,,,,,,,,,,,,,,,,,,,,,,,,,,,,,,,,0,0
1232592685705319269,apartamento,3,4.0,9,5,1,220.0,5.0,Meia Praia,5.0,5.0,,,,,,,,,,,,,,,,,,,,,,,,,,,,,,,0,0
1032678145615950549,apartamento,2,2.0,8,4,2,310.0,4.5,Meia Praia,4.5,4.5,,,,,,,,,,,,,,,,,,,,,,,,,,,,,,,0,0
47291547,apartamento,3,3.0,6,4,2,300.0,5.0,Meia Praia,5.0,5.0,,,,,,,,,,,,,,,,,,,,,,,,,,,,,,,0,0
38695314,apartamento,3,3.0,9,5,62,200.0,4.849999904632568,Meia Praia,4.849999904632568,4.849999904632568,6.0,22.0,53.0,741.6666666666666,775.0,564.6037735849056,800.0,800.0,500.0,6.0,22.0,53.0,800.0,487.5,380.0,800.0,800.0,800.0,19200.0,30400.0,19000.0,0.8,0.6333333333333333,0.4175824175824176,24.0,38.0,38.0,True,True,True,1,1
32605581,casa,3,2.0,10,4,0,350.0,0.0,Centro,0.0,,,,,,,,,,,,,,,,,,,,,,,,,,,,,,,,0,0
1264669875935636914,apartamento,1,1.0,4,2,2,150.0,4.5,Meia Praia,4.5,4.5,,,,,,,,,,,,,,,,,,,,,,,,,,,,,,,0,0
802357806571870530,apartamento,3,3.0,6,3,23,150.0,4.909999847412109,Meia Praia,4.909999847412109,4.909999847412109,10.0,24.0,55.0,624.4,620.0,654.9363636363636,620.5,612.0,680.0,10.0,24.0,55.0,612.0,612.0,612.0,637.25,629.0,680.0,12410.0,22032.0,24480.0,0.6666666666666666,0.6,0.3956043956043956,20.0,36.0,36.0,True,True,True,1,1
54068640,apartamento,2,2.0,6,4,6,250.0,4.829999923706055,Meia Praia,4.829999923706055,4.829999923706055,,,,,,,,,,,,,,,,,,,,,,,,,,,,,,,0,0
47332563,apartamento,1,1.0,4,2,42,100.0,4.980000019073486,Ilhota,4.980000019073486,4.980000019073486,,,,,,,,,,,,,,,,,,,,,,,,,,,,,,,0,0
1251590675610309191,apartamento,3,2.0,8,4,0,350.0,0.0,Meia Praia,0.0,,,,,,,,,,,,,,,,,,,,,,,,,,,,,,,,0,0
1034687416607074951,apartamento,3,3.0,6,3,2,300.0,5.0,Meia Praia,5.0,5.0,,,,,,,,,,,,,,,,,,,,,,,,,,,,,,,0,0
710148129777546948,apartamento,2,1.0,5,2,0,300.0,0.0,Meia Praia,0.0,,,,,,,,,,,,,,,,,,,,,,,,,,,,,,,,0,0
1311034965460525209,apartamento,3,2.0,7,3,0,300.0,0.0,Centro,0.0,,,,,,,,,,,,,,,,,,,,,,,,,,,,,,,,0,0
1288426896350517271,apartamento,4,3.0,10,3,1,300.0,5.0,Meia Praia,5.0,5.0,,,,,,,,,,,,,,,,,,,,,,,,,,,,,,,0,0
40814978,apartamento,3,2.0,6,4,3,200.0,4.670000076293945,Meia Praia,4.670000076293945,4.670000076293945,,,,,,,,,,,,,,,,,,,,,,,,,,,,,,,0,0
50795879,apartamento,2,2.0,5,3,21,250.0,4.670000076293945,Meia Praia,4.670000076293945,4.670000076293945,,,,,,,,,,,,,,,,,,,,,,,,,,,,,,,0,0
783430732452533853,apartamento,3,3.0,8,6,0,450.0,0.0,Meia Praia,0.0,,,,,,,,,,,,,,,,,,,,,,,,,,,,,,,,0,0
936216057908307884,casa,2,2.0,8,3,12,195.0,4.920000076293945,Morretes,4.920000076293945,4.920000076293945,0.0,30.0,61.0,,365.34,388.69180327868855,,392.0,440.0,0.0,30.0,61.0,,227.08333249999998,250.0,,472.0,500.0,,11760.0,13200.0,1.0,0.5,0.32967032967032966,30.0,30.0,30.0,False,True,True,1,1
29870406,apartamento,3,3.0,11,5,25,250.0,4.960000038146973,Meia Praia,4.960000038146973,4.960000038146973,18.0,45.0,65.0,984.4444444444445,924.0333333333333,781.1923076923077,980.0,980.0,967.0,18.0,45.0,65.0,980.0,860.0,499.0,990.0,990.0,980.0,11760.0,14700.0,25142.0,0.4,0.25,0.2857142857142857,12.0,15.0,26.0,True,True,True,1,1
756343553290237088,outros,1,1.0,2,1,12,60.0,5.0,Casa Branca,5.0,5.0,,,,,,,,,,,,,,,,,,,,,,,,,,,,,,,0,0
22031263,apartamento,3,2.0,10,5,10,300.0,4.599999904632568,Meia Praia,4.599999904632568,4.599999904632568,,,,,,,,,,,,,,,,,,,,,,,,,,,,,,,0,0
53133732,apartamento,2,2.0,6,3,10,350.0,5.0,Meia Praia,5.0,5.0,11.0,41.0,72.0,895.0,841.780487804878,769.1111111111111,895.0,895.0,673.0,11.0,41.0,72.0,895.0,673.0,673.0,895.0,895.0,895.0,17005.0,17005.0,12787.0,0.6333333333333333,0.31666666666666665,0.2087912087912088,19.0,19.0,19.0,True,True,True,1,1
807898347637042057,apartamento,3,2.0,7,3,11,250.0,5.0,Morretes,5.0,5.0,,,,,,,,,,,,,,,,,,,,,,,,,,,,,,,0,0
892662939259281401,apartamento,4,0.0,10,5,14,350.0,4.789999961853027,Meia Praia,4.789999961853027,4.789999961853027,,,,,,,,,,,,,,,,,,,,,,,,,,,,,,,0,0
1306603752778852557,apartamento,3,2.0,8,3,0,300.0,0.0,Meia Praia,0.0,,,,,,,,,,,,,,,,,,,,,,,,,,,,,,,,0,0
982683513469295024,apartamento,2,2.0,6,2,4,200.0,5.0,Centro,5.0,5.0,,,,,,,,,,,,,,,,,,,,,,,,,,,,,,,0,0
746451645715267085,apartamento,3,3.0,9,3,7,400.0,5.0,Meia Praia,5.0,5.0,28.0,58.0,89.0,953.1964285714286,1011.8879310344828,974.9269662921348,944.75,959.875,900.0,28.0,58.0,89.0,900.0,900.0,900.0,1000.0,1000.0,1000.0,1889.5,1919.75,1800.0,0.06666666666666667,0.03333333333333333,0.02197802197802198,2.0,2.0,2.0,True,True,True,1,1
1273217497778761783,apartamento,3,2.0,8,5,1,200.0,4.0,Meia Praia,4.0,4.0,,,,,,,,,,,,,,,,,,,,,,,,,,,,,,,0,0
31481283,apartamento,2,2.0,6,4,48,180.0,4.809999942779541,Meia Praia,4.809999942779541,4.809999942779541,,,,,,,,,,,,,,,,,,,,,,,,,,,,,,,0,0
54067586,apartamento,3,3.0,6,4,1,280.0,5.0,Meia Praia,5.0,5.0,,,,,,,,,,,,,,,,,,,,,,,,,,,,,,,0,0
1054383289433926274,casa,5,3.0,12,4,0,400.0,0.0,Meia Praia,0.0,,,,,,,,,,,,,,,,,,,,,,,,,,,,,,,,0,0
47783121,apartamento,2,2.0,6,4,9,250.0,4.889999866485596,Centro,4.889999866485596,4.889999866485596,0.0,16.0,45.0,,508.68229,426.42036977777775,,510.16667,432.0,0.0,16.0,45.0,,432.0,350.0,,567.999975,450.0,,22447.33348,19872.0,1.0,0.7333333333333333,0.5054945054945055,30.0,44.0,46.0,False,True,True,1,1
1201692203719874406,apartamento,3,4.0,4,3,0,450.0,0.0,Meia Praia,0.0,,,,,,,,,,,,,,,,,,,,,,,,,,,,,,,,0,0
46918524,apartamento,3,4.0,6,3,0,450.0,0.0,Meia Praia,0.0,,,,,,,,,,,,,,,,,,,,,,,,,,,,,,,,0,0
1048753098917846841,apartamento,2,2.0,6,2,0,0.0,0.0,Meia Praia,0.0,,,,,,,,,,,,,,,,,,,,,,,,,,,,,,,,0,0
841215998174695163,apartamento,5,5.0,10,7,24,320.0,4.829999923706055,Meia Praia,4.829999923706055,4.829999923706055,,,,,,,,,,,,,,,,,,,,,,,,,,,,,,,0,0
913632017573912703,hotel,1,1.0,4,1,3,0.0,5.0,Meia Praia,5.0,5.0,,,,,,,,,,,,,,,,,,,,,,,,,,,,,,,0,0
15754075,apartamento,3,3.0,9,5,36,450.0,4.920000076293945,Meia Praia,4.920000076293945,4.920000076293945,6.0,26.0,37.0,800.0,702.3461500000001,673.5675621621622,800.0,710.16665,620.3333,6.0,26.0,37.0,800.0,600.0,600.0,800.0,800.0,800.0,19200.0,24145.6661,33497.9982,0.8,0.5666666666666667,0.5934065934065934,24.0,34.0,54.0,True,True,True,1,1
809618994803892975,apartamento,2,2.0,6,3,0,0.0,0.0,Meia Praia,0.0,,,,,,,,,,,,,,,,,,,,,,,,,,,,,,,,0,0
1319602504096489356,apartamento,3,4.0,6,3,0,350.0,0.0,Meia Praia,0.0,,,,,,,,,,,,,,,,,,,,,,,,,,,,,,,,0,0
908830571966859122,apartamento,2,2.0,6,2,0,250.0,0.0,Meia Praia,0.0,,,,,,,,,,,,,,,,,,,,,,,,,,,,,,,,0,0
1318301175494168704,apartamento,3,2.0,8,3,0,350.0,0.0,Meia Praia,0.0,,,,,,,,,,,,,,,,,,,,,,,,,,,,,,,,0,0
1286265881818788094,casa,2,1.0,7,3,0,250.0,0.0,Meia Praia,0.0,,,,,,,,,,,,,,,,,,,,,,,,,,,,,,,,0,0
1229942592150628971,apartamento,2,1.0,6,2,13,250.0,4.920000076293945,Meia Praia,4.920000076293945,4.920000076293945,,,,,,,,,,,,,,,,,,,,,,,,,,,,,,,0,0
742505084037069302,apartamento,2,2.0,4,2,10,200.0,4.800000190734863,Meia Praia,4.800000190734863,4.800000190734863,,,,,,,,,,,,,,,,,,,,,,,,,,,,,,,0,0
1274893831604199444,casa,2,1.0,6,3,6,0.0,4.829999923706055,Morretes,4.829999923706055,4.829999923706055,,,,,,,,,,,,,,,,,,,,,,,,,,,,,,,0,0
1237182629065742198,apartamento,3,1.0,8,1,2,250.0,4.0,Meia Praia,4.0,4.0,,,,,,,,,,,,,,,,,,,,,,,,,,,,,,,0,0
765288498172786471,apartamento,2,2.0,5,2,2,300.0,5.0,Morretes,5.0,5.0,,,,,,,,,,,,,,,,,,,,,,,,,,,,,,,0,0
1322058610737864863,apartamento,3,2.0,7,3,0,350.0,0.0,Centro,0.0,,,,,,,,,,,,,,,,,,,,,,,,,,,,,,,,0,0
972445456500197200,casa,4,1.0,8,6,8,100.0,4.75,Meia Praia,4.75,4.75,,,,,,,,,,,,,,,,,,,,,,,,,,,,,,,0,0
41532894,apartamento,3,2.0,10,5,119,300.0,4.820000171661377,Meia Praia,4.820000171661377,4.820000171661377,28.0,47.0,61.0,804.4559535714286,880.1900723404256,761.9497278688525,820.0,820.0,791.5,28.0,47.0,61.0,785.6,780.0,768.4,820.0,820.0,820.0,1640.0,10660.0,23745.0,0.06666666666666667,0.21666666666666667,0.32967032967032966,2.0,13.0,30.0,True,True,True,1,1
1294455678599538877,apartamento,2,1.0,6,2,0,250.0,0.0,Morretes,0.0,,,,,,,,,,,,,,,,,,,,,,,,,,,,,,,,0,0
1203140233522044896,apartamento,1,1.0,4,2,13,180.0,5.0,Centro,5.0,5.0,13.0,43.0,73.0,543.0,497.2116279069768,441.63835616438354,546.0,522.0,431.4,13.0,43.0,73.0,542.0,437.0,379.0,546.0,546.0,530.0,9282.0,8874.0,7765.2,0.5666666666666667,0.2833333333333333,0.1978021978021978,17.0,17.0,18.0,True,True,True,1,1
37091958,apartamento,3,1.0,8,4,23,170.0,4.829999923706055,Meia Praia,4.829999923706055,4.829999923706055,,,,,,,,,,,,,,,,,,,,,,,,,,,,,,,0,0
1132738916863619348,apartamento,3,4.0,10,3,0,250.0,0.0,Meia Praia,0.0,,,,,,,,,,,,,,,,,,,,,,,,,,,,,,,,0,0
21662762,apartamento,3,2.0,9,5,157,280.0,4.849999904632568,Meia Praia,4.849999904632568,4.849999904632568,5.0,14.0,31.0,480.0,407.85714285714283,307.741935483871,500.0,400.0,300.0,5.0,14.0,31.0,500.0,325.0,180.0,500.0,500.0,400.0,12500.0,18400.0,18000.0,0.8333333333333334,0.7666666666666667,0.6593406593406593,25.0,46.0,60.0,True,True,True,1,1
54167570,apartamento,3,3.0,15,3,8,150.0,5.0,Meia Praia,5.0,5.0,21.0,47.0,78.0,1400.0,1402.5531914893618,1406.1538461538462,1400.0,1400.0,1400.0,21.0,47.0,78.0,1400.0,1400.0,1400.0,1400.0,1400.0,1400.0,12600.0,18200.0,18200.0,0.3,0.21666666666666667,0.14285714285714285,9.0,13.0,13.0,True,True,True,1,1
1318358305368197236,apartamento,3,0.0,6,3,0,350.0,0.0,Meia Praia,0.0,,,,,,,,,,,,,,,,,,,,,,,,,,,,,,,,0,0
1041532890691006495,apartamento,3,2.0,9,5,2,350.0,5.0,Meia Praia,5.0,5.0,,,,,,,,,,,,,,,,,,,,,,,,,,,,,,,0,0
32134287,apartamento,2,2.0,5,8,83,200.0,4.960000038146973,Meia Praia,4.960000038146973,4.960000038146973,,,,,,,,,,,,,,,,,,,,,,,,,,,,,,,0,0
1048804459244346908,apartamento,2,2.0,6,4,27,100.0,4.699999809265137,Morretes,4.699999809265137,4.699999809265137,9.0,39.0,70.0,642.1111111111111,654.4615384615385,704.4285714285714,639.0,639.0,700.0,9.0,39.0,70.0,639.0,630.0,639.0,639.0,653.0,800.0,13419.0,13419.0,14700.0,0.7,0.35,0.23076923076923078,21.0,21.0,21.0,True,True,True,1,1
1318955803281176209,casa,3,1.0,5,3,1,200.0,5.0,Sertao do Trombudo,5.0,5.0,,,,,,,,,,,,,,,,,,,,,,,,,,,,,,,0,0
34750953,apartamento,3,3.0,7,3,0,0.0,0.0,Meia Praia,0.0,,,,,,,,,,,,,,,,,,,,,,,,,,,,,,,,0,0
670223715850712114,outros,1,1.0,4,3,0,200.0,0.0,Meia Praia,0.0,,,,,,,,,,,,,,,,,,,,,,,,,,,,,,,,0,0
1060435599777553250,casa,2,1.0,8,2,1,150.0,5.0,Morretes,5.0,5.0,,,,,,,,,,,,,,,,,,,,,,,,,,,,,,,0,0
730503580289648392,apartamento,2,2.0,6,4,8,250.0,4.880000114440918,Centro,4.880000114440918,4.880000114440918,5.0,10.0,10.0,825.0,787.5,787.5,825.0,775.0,775.0,5.0,10.0,10.0,825.0,750.0,750.0,825.0,825.0,825.0,20625.0,38750.0,62775.0,0.8333333333333334,0.8333333333333334,0.8901098901098901,25.0,50.0,81.0,True,True,True,1,0
796237214613896385,apartamento,3,2.0,8,3,0,200.0,0.0,Centro,0.0,,,,,,,,,,,,,,,,,,,,,,,,,,,,,,,,0,0
1063740586589206605,apartamento,2,2.0,6,3,0,300.0,0.0,Centro,0.0,,,,,,,,,,,,,,,,,,,,,,,,,,,,,,,,0,0
1131113051724641680,apartamento,3,3.0,10,4,3,280.0,5.0,Meia Praia,5.0,5.0,,,,,,,,,,,,,,,,,,,,,,,,,,,,,,,0,0
16143113,apartamento,3,2.0,8,3,3,300.0,5.0,Meia Praia,5.0,5.0,,,,,,,,,,,,,,,,,,,,,,,,,,,,,,,0,0
1322763639061670902,apartamento,3,4.0,6,3,0,300.0,0.0,Meia Praia,0.0,,,,,,,,,,,,,,,,,,,,,,,,,,,,,,,,0,0
53936201,apartamento,3,2.0,6,3,34,417.0,4.760000228881836,Meia Praia,4.760000228881836,4.760000228881836,2.0,12.0,43.0,1030.0,961.6666666666666,832.6744186046511,1030.0,889.75,822.0,2.0,12.0,43.0,1030.0,871.0625,749.375,1030.0,1047.75,870.5,28840.0,42708.0,39456.0,0.9333333333333333,0.8,0.5274725274725275,28.0,48.0,48.0,True,True,True,1,1
1277624767934070213,apartamento,3,3.0,6,3,1,300.0,5.0,Meia Praia,5.0,5.0,,,,,,,,,,,,,,,,,,,,,,,,,,,,,,,0,0
728052516779618527,apartamento,3,3.0,6,0,0,480.0,0.0,Meia Praia,0.0,,,,,,,,,,,,,,,,,,,,,,,,,,,,,,,,0,0
38548630,apartamento,3,2.0,6,3,13,150.0,4.849999904632568,Morretes,4.849999904632568,4.849999904632568,,,,,,,,,,,,,,,,,,,,,,,,,,,,,,,0,0
45898408,apartamento,0,0.0,6,2,1,250.0,5.0,Meia Praia,5.0,5.0,,,,,,,,,,,,,,,,,,,,,,,,,,,,,,,0,0
983188724209547131,apartamento,3,0.0,8,3,13,300.0,4.849999904632568,Meia Praia,4.849999904632568,4.849999904632568,23.0,53.0,73.0,1000.0,990.566037735849,878.6986301369863,1000.0,1000.0,1000.0,23.0,53.0,73.0,1000.0,800.0,800.0,1000.0,1000.0,1000.0,7000.0,7000.0,18000.0,0.23333333333333334,0.11666666666666667,0.1978021978021978,7.0,7.0,18.0,True,True,True,1,1
30617740,apartamento,3,2.0,8,5,22,350.0,4.909999847412109,Meia Praia,4.909999847412109,4.909999847412109,10.0,40.0,71.0,650.0,598.1416675,556.4929577464789,650.0,650.0,500.0,10.0,40.0,71.0,650.0,500.0,500.0,650.0,650.0,650.0,13000.0,13000.0,10000.0,0.6666666666666666,0.3333333333333333,0.21978021978021978,20.0,20.0,20.0,True,True,True,1,0
1205911286628781390,apartamento,2,2.0,6,2,0,250.0,0.0,Meia Praia,0.0,,,,,,,,,,,,,,,,,,,,,,,,,,,,,,,,0,0
1270235986758747345,apartamento,2,2.0,6,3,0,300.0,0.0,Meia Praia,0.0,,,,,,,,,,,,,,,,,,,,,,,,,,,,,,,,0,0
1287791655787727353,apartamento,2,1.0,6,4,0,0.0,0.0,Centro,0.0,,,,,,,,,,,,,,,,,,,,,,,,,,,,,,,,0,0
24561061,apartamento,3,2.0,7,1,0,0.0,0.0,Centro,0.0,,,,,,,,,,,,,,,,,,,,,,,,,,,,,,,,0,0
1044223371798078486,apartamento,3,3.0,8,4,6,250.0,5.0,Meia Praia,5.0,5.0,,,,,,,,,,,,,,,,,,,,,,,,,,,,,,,0,0
46220279,apartamento,3,2.0,8,5,24,350.0,4.880000114440918,Meia Praia,4.880000114440918,4.880000114440918,13.0,35.0,62.0,667.7307692307693,684.9285714285714,628.25,647.0,697.0,690.0,13.0,35.0,62.0,647.0,683.0,502.0,683.0,697.0,697.0,10999.0,17425.0,20010.0,0.5666666666666667,0.4166666666666667,0.31868131868131866,17.0,25.0,29.0,True,True,True,1,1
47326216,apartamento,3,2.0,8,3,8,280.0,5.0,Meia Praia,5.0,5.0,16.0,46.0,77.0,1100.0,1113.0434782608695,1107.7922077922078,1100.0,1100.0,1100.0,16.0,46.0,77.0,1100.0,1100.0,1100.0,1100.0,1100.0,1100.0,15400.0,15400.0,15400.0,0.4666666666666667,0.23333333333333334,0.15384615384615385,14.0,14.0,14.0,True,True,True,1,1
1274894241105871317,apartamento,3,2.0,6,3,1,300.0,5.0,Meia Praia,5.0,5.0,,,,,,,,,,,,,,,,,,,,,,,,,,,,,,,0,0
982602069236081389,apartamento,2,2.0,6,2,1,350.0,5.0,Meia Praia,5.0,5.0,,,,,,,,,,,,,,,,,,,,,,,,,,,,,,,0,0
47543180,casa,2,1.0,5,2,42,150.0,4.809999942779541,Centro,4.809999942779541,4.809999942779541,0.0,7.0,38.0,,182.5,237.82894736842104,,135.0,250.0,0.0,7.0,38.0,,135.0,250.0,,243.75,250.0,,7155.0,13250.0,1.0,0.8833333333333333,0.5824175824175825,30.0,53.0,53.0,False,True,True,1,0
1306508535936557508,apartamento,3,2.0,6,3,0,0.0,0.0,Centro,0.0,,,,,,,,,,,,,,,,,,,,,,,,,,,,,,,,0,0
1278119768108428371,apartamento,2,2.0,7,2,0,280.0,0.0,Meia Praia,0.0,,,,,,,,,,,,,,,,,,,,,,,,,,,,,,,,0,0
1258884444504804671,apartamento,1,1.0,4,1,0,200.0,0.0,Meia Praia,0.0,,,,,,,,,,,,,,,,,,,,,,,,,,,,,,,,0,0
1171011645823000974,apartamento,3,2.0,8,3,0,0.0,0.0,Meia Praia,0.0,,,,,,,,,,,,,,,,,,,,,,,,,,,,,,,,0,0
1305688005825332133,apartamento,2,2.0,6,3,0,0.0,0.0,Morretes,0.0,,,,,,,,,,,,,,,,,,,,,,,,,,,,,,,,0,0
1272537775161574422,apartamento,2,2.0,4,2,7,369.0,4.710000038146973,Meia Praia,4.710000038146973,4.710000038146973,5.0,32.0,54.0,364.7,567.9296875,524.2546296296297,359.0,495.0,446.0,5.0,32.0,54.0,359.0,446.0,388.0,368.5,653.0,616.6875,8975.0,13860.0,16502.0,0.8333333333333334,0.4666666666666667,0.4065934065934066,25.0,28.0,37.0,True,True,True,1,1
48142165,apartamento,3,2.0,6,3,9,350.0,4.889999866485596,Meia Praia,4.889999866485596,4.889999866485596,,,,,,,,,,,,,,,,,,,,,,,,,,,,,,,0,0
1108135208144452030,apartamento,2,1.0,5,4,0,0.0,0.0,Ilhota,0.0,,,,,,,,,,,,,,,,,,,,,,,,,,,,,,,,0,0
39814682,apartamento,3,3.0,8,3,0,400.0,0.0,Meia Praia,0.0,,,,,,,,,,,,,,,,,,,,,,,,,,,,,,,,0,0
1270459633014415142,outros,1,1.0,2,1,11,0.0,5.0,Meia Praia,5.0,5.0,,,,,,,,,,,,,,,,,,,,,,,,,,,,,,,0,0
739198477312738969,apartamento,0,0.0,6,3,2,300.0,5.0,Meia Praia,5.0,5.0,,,,,,,,,,,,,,,,,,,,,,,,,,,,,,,0,0
755919144976286654,apartamento,2,1.0,5,2,5,200.0,3.5999999046325684,Meia Praia,3.5999999046325684,3.5999999046325684,,,,,,,,,,,,,,,,,,,,,,,,,,,,,,,0,0
1322703402005159802,apartamento,2,1.0,5,3,0,0.0,0.0,Meia Praia,0.0,,,,,,,,,,,,,,,,,,,,,,,,,,,,,,,,0,0
31169655,apartamento,2,2.0,6,2,27,210.0,5.0,Meia Praia,5.0,5.0,5.0,34.0,65.0,512.7,458.2867647058824,404.71923076923076,513.0,490.0,375.0,5.0,34.0,65.0,511.5,380.0,330.0,513.0,510.0,490.0,12825.0,12740.0,9750.0,0.8333333333333334,0.43333333333333335,0.2857142857142857,25.0,26.0,26.0,True,True,True,1,0
35934720,apartamento,2,1.0,4,2,14,250.0,4.929999828338623,Canto da Praia,4.929999828338623,4.929999828338623,0.0,10.0,10.0,,500.0,500.0,,500.0,500.0,0.0,10.0,10.0,,500.0,500.0,,500.0,500.0,,25000.0,40500.0,1.0,0.8333333333333334,0.8901098901098901,30.0,50.0,81.0,False,True,True,1,0
1289077469312907283,outros,2,1.0,2,3,1,0.0,5.0,Lameiro,5.0,5.0,,,,,,,,,,,,,,,,,,,,,,,,,,,,,,,0,0
1310090738538206669,apartamento,2,1.0,6,1,0,0.0,0.0,Tabuleiro dos Oliveiras,0.0,,,,,,,,,,,,,,,,,,,,,,,,,,,,,,,,0,0
1284893098577004696,casa,5,2.0,16,2,2,0.0,5.0,Meia Praia,5.0,5.0,,,,,,,,,,,,,,,,,,,,,,,,,,,,,,,0,0
41082289,casa,3,3.0,12,8,28,300.0,4.960000038146973,Meia Praia,4.960000038146973,4.960000038146973,,,,,,,,,,,,,,,,,,,,,,,,,,,,,,,0,0
1048469765267504827,casa,3,1.0,7,5,0,220.0,0.0,Sertao do Trombudo,0.0,,,,,,,,,,,,,,,,,,,,,,,,,,,,,,,,0,0
22682127,casa,3,2.0,16,8,7,150.0,4.429999828338623,Morretes,4.429999828338623,4.429999828338623,,,,,,,,,,,,,,,,,,,,,,,,,,,,,,,0,0
1305978523883110707,apartamento,3,3.0,6,3,0,400.0,0.0,Meia Praia,0.0,,,,,,,,,,,,,,,,,,,,,,,,,,,,,,,,0,0
783176147049485295,apartamento,4,3.0,11,3,0,350.0,0.0,Meia Praia,0.0,,,,,,,,,,,,,,,,,,,,,,,,,,,,,,,,0,0
22810332,apartamento,1,1.0,2,1,31,0.0,4.769999980926514,Meia Praia,4.769999980926514,4.769999980926514,4.0,34.0,65.0,480.0,480.0,480.0,480.0,480.0,480.0,4.0,34.0,65.0,480.0,480.0,480.0,480.0,480.0,480.0,12480.0,12480.0,12480.0,0.8666666666666667,0.43333333333333335,0.2857142857142857,26.0,26.0,26.0,True,True,True,1,1
48941838,apartamento,2,2.0,6,3,25,180.0,4.480000019073486,Centro,4.480000019073486,4.480000019073486,3.0,18.0,41.0,650.0,477.77777777777777,402.6829268292683,650.0,370.0,370.0,3.0,18.0,41.0,650.0,370.0,330.0,650.0,590.0,370.0,17550.0,15540.0,18500.0,0.9,0.7,0.5494505494505495,27.0,42.0,50.0,True,True,True,1,1
1289225384262190911,hotel,1,1.0,3,2,0,0.0,0.0,Centro,0.0,,,,,,,,,,,,,,,,,,,,,,,,,,,,,,,,0,0
1231082100384078450,apartamento,3,3.0,8,4,5,300.0,5.0,Meia Praia,5.0,5.0,,,,,,,,,,,,,,,,,,,,,,,,,,,,,,,0,0
40429589,apartamento,3,2.0,8,3,0,350.0,0.0,Meia Praia,0.0,,,,,,,,,,,,,,,,,,,,,,,,,,,,,,,,0,0
51583825,apartamento,3,2.0,8,3,0,300.0,0.0,Meia Praia,0.0,,,,,,,,,,,,,,,,,,,,,,,,,,,,,,,,0,0
997720726898572990,apartamento,3,2.0,8,5,6,350.0,5.0,Meia Praia,5.0,5.0,,,,,,,,,,,,,,,,,,,,,,,,,,,,,,,0,0
565022702671968934,casa,3,2.0,13,12,3,250.0,5.0,Meia Praia,5.0,5.0,,,,,,,,,,,,,,,,,,,,,,,,,,,,,,,0,0
44554623,apartamento,2,2.0,5,2,0,150.0,0.0,Meia Praia,0.0,,,,,,,,,,,,,,,,,,,,,,,,,,,,,,,,0,0
1074770986427430541,apartamento,3,4.0,6,3,0,0.0,0.0,Meia Praia,0.0,,,,,,,,,,,,,,,,,,,,,,,,,,,,,,,,0,0
45923984,apartamento,3,3.0,8,3,35,150.0,4.940000057220459,Canto da Praia,4.940000057220459,4.940000057220459,3.0,6.0,28.0,425.0,362.5,371.625,425.0,350.0,307.625,3.0,6.0,28.0,412.5,300.0,300.0,437.5,418.75,462.5,11475.0,18900.0,19380.375,0.9,0.9,0.6923076923076923,27.0,54.0,63.0,True,True,True,1,1
1267962646968311018,apartamento,3,1.0,10,3,6,200.0,5.0,Meia Praia,5.0,5.0,,,,,,,,,,,,,,,,,,,,,,,,,,,,,,,0,0
46372862,apartamento,2,1.0,8,5,10,250.0,4.900000095367432,Meia Praia,4.900000095367432,4.900000095367432,,,,,,,,,,,,,,,,,,,,,,,,,,,,,,,0,0
1310775099463005440,casa,1,1.0,3,1,0,0.0,0.0,Morretes,0.0,,,,,,,,,,,,,,,,,,,,,,,,,,,,,,,,0,0
46598066,apartamento,2,2.0,6,2,18,250.0,5.0,Centro,5.0,5.0,13.0,43.0,74.0,1100.0,1100.0,1027.218468918919,1100.0,1100.0,1000.0,13.0,43.0,74.0,1100.0,1000.0,917.0,1100.0,1100.0,1100.0,18700.0,18700.0,17000.0,0.5666666666666667,0.2833333333333333,0.18681318681318682,17.0,17.0,17.0,True,True,True,1,1
664454396350780979,apartamento,3,2.0,8,6,2,250.0,5.0,Meia Praia,5.0,5.0,,,,,,,,,,,,,,,,,,,,,,,,,,,,,,,0,0
50493874,apartamento,4,4.0,9,6,3,450.0,5.0,Meia Praia,5.0,5.0,,,,,,,,,,,,,,,,,,,,,,,,,,,,,,,0,0
1167553427166603926,apartamento,3,2.0,6,3,0,0.0,0.0,Meia Praia,0.0,,,,,,,,,,,,,,,,,,,,,,,,,,,,,,,,0,0
990551042161332765,casa,3,3.0,10,6,0,0.0,0.0,Centro,0.0,,,,,,,,,,,,,,,,,,,,,,,,,,,,,,,,0,0
995676380390590060,outros,1,2.0,6,4,0,0.0,0.0,Sertaozinho,0.0,,,,,,,,,,,,,,,,,,,,,,,,,,,,,,,,0,0
956604432039220915,apartamento,3,3.0,7,6,1,0.0,5.0,Meia Praia,5.0,5.0,,,,,,,,,,,,,,,,,,,,,,,,,,,,,,,0,0
27338000,apartamento,5,6.0,10,6,2,450.0,5.0,Meia Praia,5.0,5.0,,,,,,,,,,,,,,,,,,,,,,,,,,,,,,,0,0
47712788,apartamento,3,2.0,9,4,3,280.0,4.670000076293945,Meia Praia,4.670000076293945,4.670000076293945,,,,,,,,,,,,,,,,,,,,,,,,,,,,,,,0,0
1051607598322255002,casa,3,2.0,5,3,3,295.0,4.329999923706055,Meia Praia,4.329999923706055,4.329999923706055,,,,,,,,,,,,,,,,,,,,,,,,,,,,,,,0,0
41260111,apartamento,4,3.0,11,6,6,400.0,5.0,Meia Praia,5.0,5.0,16.0,46.0,77.0,1497.5,1641.6365956521738,1799.6010831168833,1497.5,1526.0,1817.0,16.0,46.0,77.0,1469.0,1469.0,1526.0,1526.0,1763.0,2034.0,20965.0,21364.0,25438.0,0.4666666666666667,0.23333333333333334,0.15384615384615385,14.0,14.0,14.0,True,True,True,1,1
1031275935967978274,apartamento,4,3.0,8,5,0,250.0,0.0,Meia Praia,0.0,,,,,,,,,,,,,,,,,,,,,,,,,,,,,,,,0,0
53611299,apartamento,3,4.0,6,3,0,0.0,0.0,Meia Praia,0.0,,,,,,,,,,,,,,,,,,,,,,,,,,,,,,,,0,0
927433279584378305,apartamento,3,2.0,8,3,0,595.0,0.0,Meia Praia,0.0,,,,,,,,,,,,,,,,,,,,,,,,,,,,,,,,0,0
48243472,apartamento,3,3.0,8,5,49,550.0,5.0,Centro,5.0,5.0,16.0,37.0,48.0,1085.25,1141.6081081081081,1154.7604166666667,1079.0,1079.0,1182.0,16.0,37.0,48.0,1079.0,1079.0,1079.0,1079.0,1199.0,1199.0,15106.0,24817.0,50826.0,0.4666666666666667,0.38333333333333336,0.4725274725274725,14.0,23.0,43.0,True,True,True,1,1
40039627,apartamento,1,1.0,3,2,504,35.0,4.840000152587891,Centro,4.840000152587891,4.840000152587891,10.0,36.0,67.0,362.2,358.77777777777777,308.32835820895525,347.0,339.5,292.0,10.0,36.0,67.0,347.0,310.0,239.0,388.0,386.875,341.0,6940.0,8148.0,7008.0,0.6666666666666666,0.4,0.26373626373626374,20.0,24.0,24.0,True,True,True,1,1
1291617546855693110,apartamento,3,3.0,6,3,0,0.0,0.0,Meia Praia,0.0,,,,,,,,,,,,,,,,,,,,,,,,,,,,,,,,0,0
46924699,apartamento,3,2.0,8,6,39,250.0,4.900000095367432,Meia Praia,4.900000095367432,4.900000095367432,,,,,,,,,,,,,,,,,,,,,,,,,,,,,,,0,0
1308299148518372973,hotel,1,1.0,2,1,1,0.0,5.0,Ilhota,5.0,5.0,,,,,,,,,,,,,,,,,,,,,,,,,,,,,,,0,0
988531716370611807,apartamento,3,2.0,8,7,3,100.0,5.0,Meia Praia,5.0,5.0,,,,,,,,,,,,,,,,,,,,,,,,,,,,,,,0,0
995125541556099782,apartamento,3,3.0,10,4,0,0.0,0.0,Meia Praia,0.0,,,,,,,,,,,,,,,,,,,,,,,,,,,,,,,,0,0
1053522951026570547,apartamento,2,2.0,6,3,12,250.0,4.829999923706055,Canto da Praia,4.829999923706055,4.829999923706055,13.0,34.0,65.0,688.8525615384616,623.1200970588235,587.0474353846154,675.0,599.5,583.0,13.0,34.0,65.0,583.0,583.0,499.0,794.3333,675.0,629.0,11475.0,15587.0,15158.0,0.5666666666666667,0.43333333333333335,0.2857142857142857,17.0,26.0,26.0,True,True,True,1,1
1077461204066333262,apartamento,3,2.0,6,3,7,350.0,5.0,Meia Praia,5.0,5.0,,,,,,,,,,,,,,,,,,,,,,,,,,,,,,,0,0
1278501934376489748,casa,2,2.0,7,2,0,150.0,0.0,Meia Praia,0.0,,,,,,,,,,,,,,,,,,,,,,,,,,,,,,,,0,0
1272538144359194105,casa,6,2.0,16,8,0,0.0,0.0,Meia Praia,0.0,,,,,,,,,,,,,,,,,,,,,,,,,,,,,,,,0,0
762281119140381406,apartamento,3,2.0,9,3,0,300.0,0.0,Centro,0.0,,,,,,,,,,,,,,,,,,,,,,,,,,,,,,,,0,0
1046547202929220520,apartamento,1,1.0,2,1,15,0.0,4.869999885559082,Meia Praia,4.869999885559082,4.869999885559082,5.0,27.0,56.0,398.4,383.18518518518516,383.77529749999997,378.0,385.0,376.5,5.0,27.0,56.0,378.0,369.25,350.0,378.0,405.0,405.0,9450.0,12705.0,13177.5,0.8333333333333334,0.55,0.38461538461538464,25.0,33.0,35.0,True,True,True,1,1
53309335,apartamento,3,2.0,13,1,1,250.0,5.0,Meia Praia,5.0,5.0,,,,,,,,,,,,,,,,,,,,,,,,,,,,,,,0,0
1274731480570014997,outros,1,1.0,2,1,0,0.0,0.0,Centro,0.0,,,,,,,,,,,,,,,,,,,,,,,,,,,,,,,,0,0
32066948,casa,3,3.0,10,7,43,250.0,4.929999828338623,Meia Praia,4.929999828338623,4.929999828338623,,,,,,,,,,,,,,,,,,,,,,,,,,,,,,,0,0
49968308,apartamento,3,2.0,6,4,26,250.0,5.0,Meia Praia,5.0,5.0,4.0,4.0,7.0,950.0,950.0,800.0,950.0,950.0,800.0,4.0,4.0,7.0,800.0,800.0,600.0,1100.0,1100.0,950.0,24700.0,53200.0,67200.0,0.8666666666666667,0.9333333333333333,0.9230769230769231,26.0,56.0,84.0,True,True,True,1,1
53915734,apartamento,2,3.0,4,3,95,300.0,4.75,Morretes,4.75,4.75,4.0,34.0,45.0,378.625,468.52941176470586,453.44444444444446,376.5,422.5,420.0,4.0,34.0,45.0,350.0,400.0,400.0,405.125,488.0,450.5,9789.0,10985.0,19320.0,0.8666666666666667,0.43333333333333335,0.5054945054945055,26.0,26.0,46.0,True,True,True,1,1
48005532,apartamento,2,2.0,6,2,1,250.0,5.0,Meia Praia,5.0,5.0,,,,,,,,,,,,,,,,,,,,,,,,,,,,,,,0,0
1208852730792445862,apartamento,2,2.0,4,2,0,0.0,0.0,Meia Praia,0.0,,,,,,,,,,,,,,,,,,,,,,,,,,,,,,,,0,0
1268130203855497700,apartamento,3,4.0,6,3,0,300.0,0.0,Meia Praia,0.0,,,,,,,,,,,,,,,,,,,,,,,,,,,,,,,,0,0
1308106513769492093,apartamento,2,2.0,5,2,0,250.0,0.0,Tabuleiro dos Oliveiras,0.0,,,,,,,,,,,,,,,,,,,,,,,,,,,,,,,,0,0
962455307045450364,apartamento,3,2.0,9,3,11,175.0,5.0,Meia Praia,5.0,5.0,,,,,,,,,,,,,,,,,,,,,,,,,,,,,,,0,0
714437917071118647,apartamento,2,2.0,4,2,0,280.0,0.0,Meia Praia,0.0,,,,,,,,,,,,,,,,,,,,,,,,,,,,,,,,0,0
1316628348930374924,apartamento,2,2.0,6,3,1,250.0,5.0,Meia Praia,5.0,5.0,,,,,,,,,,,,,,,,,,,,,,,,,,,,,,,0,0
742007693361015968,apartamento,3,2.0,8,4,1,350.0,5.0,Centro,5.0,5.0,,,,,,,,,,,,,,,,,,,,,,,,,,,,,,,0,0
792083136178092817,casa,3,1.0,12,7,5,300.0,4.400000095367432,Morretes,4.400000095367432,4.400000095367432,,,,,,,,,,,,,,,,,,,,,,,,,,,,,,,0,0
986230450715211958,hotel,3,2.0,10,3,0,575.0,0.0,Meia Praia,0.0,,,,,,,,,,,,,,,,,,,,,,,,,,,,,,,,0,0
1281346509418142210,apartamento,2,2.0,5,2,0,250.0,0.0,Morretes,0.0,,,,,,,,,,,,,,,,,,,,,,,,,,,,,,,,0,0
782079961051823177,apartamento,4,4.0,8,4,0,0.0,0.0,Meia Praia,0.0,,,,,,,,,,,,,,,,,,,,,,,,,,,,,,,,0,0
52474050,apartamento,2,2.0,7,4,41,250.0,4.929999828338623,Meia Praia,4.929999828338623,4.929999828338623,11.0,11.0,22.0,560.0,560.0,780.0,560.0,560.0,780.0,11.0,11.0,22.0,560.0,560.0,560.0,560.0,560.0,1000.0,10640.0,27440.0,53820.0,0.6333333333333333,0.8166666666666667,0.7582417582417582,19.0,49.0,69.0,True,True,True,1,0
1304316374891505715,apartamento,2,2.0,6,2,0,249.0,0.0,Meia Praia,0.0,,,,,,,,,,,,,,,,,,,,,,,,,,,,,,,,0,0
1271860126061296273,apartamento,3,1.0,8,6,0,300.0,0.0,Meia Praia,0.0,,,,,,,,,,,,,,,,,,,,,,,,,,,,,,,,0,0
1177436051570848691,apartamento,3,2.0,6,4,3,270.0,5.0,Meia Praia,5.0,5.0,,,,,,,,,,,,,,,,,,,,,,,,,,,,,,,0,0
1287101738390870837,apartamento,2,1.0,5,2,1,0.0,5.0,Meia Praia,5.0,5.0,,,,,,,,,,,,,,,,,,,,,,,,,,,,,,,0,0
991163210244349085,apartamento,3,2.0,7,3,0,0.0,0.0,Morretes,0.0,,,,,,,,,,,,,,,,,,,,,,,,,,,,,,,,0,0
52669723,apartamento,2,2.0,8,5,1,300.0,5.0,Meia Praia,5.0,5.0,,,,,,,,,,,,,,,,,,,,,,,,,,,,,,,0,0
1262371850958835888,apartamento,4,6.0,8,5,0,0.0,0.0,Centro,0.0,,,,,,,,,,,,,,,,,,,,,,,,,,,,,,,,0,0
15632254,apartamento,3,3.0,8,7,8,250.0,5.0,Tabuleiro dos Oliveiras,5.0,5.0,,,,,,,,,,,,,,,,,,,,,,,,,,,,,,,0,0
762193482933523977,apartamento,2,2.0,6,5,0,250.0,0.0,Centro,0.0,,,,,,,,,,,,,,,,,,,,,,,,,,,,,,,,0,0
751508894634281743,apartamento,2,2.0,5,4,4,0.0,5.0,Meia Praia,5.0,5.0,,,,,,,,,,,,,,,,,,,,,,,,,,,,,,,0,0
1237089275859798305,apartamento,3,4.0,9,3,2,300.0,5.0,Meia Praia,5.0,5.0,,,,,,,,,,,,,,,,,,,,,,,,,,,,,,,0,0
9658725,apartamento,2,2.0,6,3,165,250.0,4.639999866485596,Meia Praia,4.639999866485596,4.639999866485596,0.0,0.0,10.0,,,282.1,,,300.0,0.0,0.0,10.0,,,300.0,,,300.0,,,24300.0,1.0,1.0,0.8901098901098901,30.0,60.0,81.0,False,False,True,1,0
1248043584865153232,outros,1,1.0,2,2,0,100.0,0.0,Centro,0.0,,,,,,,,,,,,,,,,,,,,,,,,,,,,,,,,0,0
629724091250673746,apartamento,2,2.0,6,3,46,400.0,4.71999979019165,Meia Praia,4.71999979019165,4.71999979019165,10.0,28.0,52.0,698.9,697.7619035714285,665.0448711538461,715.0,715.0,650.5,10.0,28.0,52.0,694.375,655.25,493.75,715.0,770.625,746.75,14300.0,22880.0,25369.5,0.6666666666666666,0.5333333333333333,0.42857142857142855,20.0,32.0,39.0,True,True,True,1,1
42003334,apartamento,3,2.0,8,6,30,300.0,4.929999828338623,Meia Praia,4.929999828338623,4.929999828338623,4.0,34.0,61.0,617.0,762.2892147058823,633.0792344262295,617.0,617.0,500.0,4.0,34.0,61.0,617.0,500.0,450.0,617.0,1100.0,701.5,16042.0,16042.0,15000.0,0.8666666666666667,0.43333333333333335,0.32967032967032966,26.0,26.0,30.0,True,True,True,1,1
1083196219974177016,apartamento,2,1.0,4,3,1,200.0,5.0,Casa Branca,5.0,5.0,,,,,,,,,,,,,,,,,,,,,,,,,,,,,,,0,0
52365024,apartamento,1,1.0,4,1,5,200.0,4.599999904632568,Meia Praia,4.599999904632568,4.599999904632568,,,,,,,,,,,,,,,,,,,,,,,,,,,,,,,0,0
47741162,apartamento,3,2.0,8,6,0,250.0,0.0,Meia Praia,0.0,,,,,,,,,,,,,,,,,,,,,,,,,,,,,,,,0,0
45699948,apartamento,2,2.0,6,3,26,200.0,4.650000095367432,Meia Praia,4.650000095367432,4.650000095367432,,,,,,,,,,,,,,,,,,,,,,,,,,,,,,,0,0
1035498654598693145,apartamento,2,2.0,6,4,1,230.0,5.0,Morretes,5.0,5.0,,,,,,,,,,,,,,,,,,,,,,,,,,,,,,,0,0
1211518555449567763,apartamento,1,1.0,4,3,0,0.0,0.0,Meia Praia,0.0,,,,,,,,,,,,,,,,,,,,,,,,,,,,,,,,0,0
1068143091756551281,outros,1,1.0,3,1,0,0.0,0.0,Meia Praia,0.0,,,,,,,,,,,,,,,,,,,,,,,,,,,,,,,,0,0
30085847,apartamento,2,2.0,5,3,34,290.0,4.880000114440918,Meia Praia,4.880000114440918,4.880000114440918,13.0,37.0,65.0,498.7307692307692,544.418918918919,562.2435892307692,490.0,590.0,590.0,13.0,37.0,65.0,490.0,490.0,520.0,510.0,590.0,590.0,8330.0,13570.0,15340.0,0.5666666666666667,0.38333333333333336,0.2857142857142857,17.0,23.0,26.0,True,True,True,1,1
573122310094338767,apartamento,3,2.0,6,3,15,300.0,4.929999828338623,Meia Praia,4.929999828338623,4.929999828338623,0.0,16.0,44.0,,635.3125,676.4772727272727,,630.0,700.0,0.0,16.0,44.0,,630.0,630.0,,630.0,700.0,,27720.0,32900.0,1.0,0.7333333333333333,0.5164835164835165,30.0,44.0,47.0,False,True,True,1,1
1219485375936020945,apartamento,3,4.0,6,1,0,0.0,0.0,Meia Praia,0.0,,,,,,,,,,,,,,,,,,,,,,,,,,,,,,,,0,0
1316280246615307193,outros,0,2.0,4,6,0,15.0,0.0,Meia Praia,0.0,,,,,,,,,,,,,,,,,,,,,,,,,,,,,,,,0,0
763897237534221173,apartamento,4,4.0,10,5,8,400.0,5.0,Meia Praia,5.0,5.0,,,,,,,,,,,,,,,,,,,,,,,,,,,,,,,0,0
1224783765392086252,apartamento,2,3.0,7,2,0,250.0,0.0,Meia Praia,0.0,,,,,,,,,,,,,,,,,,,,,,,,,,,,,,,,0,0
1005958896607152946,apartamento,2,1.0,5,3,37,130.0,4.809999942779541,Casa Branca,4.809999942779541,4.809999942779541,22.0,42.0,53.0,296.3636363636364,256.1904761904762,244.52830188679246,290.0,290.0,240.0,22.0,42.0,53.0,290.0,200.0,200.0,310.0,290.0,290.0,2320.0,5220.0,9120.0,0.26666666666666666,0.3,0.4175824175824176,8.0,18.0,38.0,True,True,True,1,1
944343023898914960,apartamento,2,2.0,6,3,1,350.0,5.0,Meia Praia,5.0,5.0,,,,,,,,,,,,,,,,,,,,,,,,,,,,,,,0,0
39455639,apartamento,3,2.0,6,5,1,250.0,5.0,Meia Praia,5.0,5.0,,,,,,,,,,,,,,,,,,,,,,,,,,,,,,,0,0
1132470928224766315,apartamento,3,2.0,10,3,3,200.0,5.0,Meia Praia,5.0,5.0,,,,,,,,,,,,,,,,,,,,,,,,,,,,,,,0,0
634097694532962487,apartamento,2,1.0,6,2,0,200.0,0.0,Meia Praia,0.0,,,,,,,,,,,,,,,,,,,,,,,,,,,,,,,,0,0
1298639034259987704,casa,3,3.0,14,4,1,0.0,5.0,Morretes,5.0,5.0,,,,,,,,,,,,,,,,,,,,,,,,,,,,,,,0,0
1228293905005296104,apartamento,2,2.0,6,3,0,0.0,0.0,Morretes,0.0,,,,,,,,,,,,,,,,,,,,,,,,,,,,,,,,0,0
857399330666911489,apartamento,2,2.0,6,2,0,250.0,0.0,Meia Praia,0.0,,,,,,,,,,,,,,,,,,,,,,,,,,,,,,,,0,0
30332330,apartamento,2,1.0,6,4,57,150.0,4.670000076293945,Centro,4.670000076293945,4.670000076293945,3.0,19.0,46.0,300.0,350.6096484210526,308.0271732608696,300.0,358.5,330.0,3.0,19.0,46.0,300.0,330.0,228.0,300.0,380.0,361.624995,8100.0,14698.5,14850.0,0.9,0.6833333333333333,0.4945054945054945,27.0,41.0,45.0,True,True,True,1,1
1094272561864520505,apartamento,3,3.0,8,5,0,0.0,0.0,Meia Praia,0.0,,,,,,,,,,,,,,,,,,,,,,,,,,,,,,,,0,0
1279816466116163356,casa,1,1.0,8,3,2,350.0,5.0,Centro,5.0,5.0,,,,,,,,,,,,,,,,,,,,,,,,,,,,,,,0,0
41350901,apartamento,2,3.0,4,2,0,0.0,0.0,Centro,0.0,,,,,,,,,,,,,,,,,,,,,,,,,,,,,,,,0,0
759946792186410316,casa,2,1.0,8,3,0,100.0,0.0,Casa Branca,0.0,,,,,,,,,,,,,,,,,,,,,,,,,,,,,,,,0,0
22421937,outros,1,1.0,4,3,5,60.0,4.0,Morretes,4.0,4.0,,,,,,,,,,,,,,,,,,,,,,,,,,,,,,,0,0
777361963604505120,apartamento,2,2.0,6,0,0,0.0,0.0,Varzea,0.0,,,,,,,,,,,,,,,,,,,,,,,,,,,,,,,,0,0
1026336457624553804,outros,1,1.0,2,1,6,0.0,5.0,Meia Praia,5.0,5.0,,,,,,,,,,,,,,,,,,,,,,,,,,,,,,,0,0
41143904,apartamento,0,2.0,8,2,0,0.0,0.0,Tabuleiro dos Oliveiras,0.0,,,,,,,,,,,,,,,,,,,,,,,,,,,,,,,,0,0
1124052077567202180,casa,4,5.0,16,10,3,400.0,5.0,Morretes,5.0,5.0,0.0,0.0,8.0,,,1200.0,,,1200.0,0.0,0.0,8.0,,,1200.0,,,1200.0,,,99600.0,1.0,1.0,0.9120879120879121,30.0,60.0,83.0,False,False,True,1,1
46530405,apartamento,3,2.0,8,3,41,520.0,4.849999904632568,Morretes,4.849999904632568,4.849999904632568,22.0,52.0,83.0,1055.8863636363637,991.8253230769229,1069.0230939759037,1032.5,980.0,1022.0,22.0,52.0,83.0,980.0,917.999975,938.0,1137.5,1055.50005,1216.25,8260.0,7840.0,8176.0,0.26666666666666666,0.13333333333333333,0.08791208791208792,8.0,8.0,8.0,True,True,True,1,1
1310776606010734623,apartamento,3,2.0,6,3,1,300.0,4.0,Centro,4.0,4.0,,,,,,,,,,,,,,,,,,,,,,,,,,,,,,,0,0
1254497855495646035,casa,3,2.0,8,3,0,0.0,0.0,Centro,0.0,,,,,,,,,,,,,,,,,,,,,,,,,,,,,,,,0,0
1308704983598175481,outros,1,1.0,2,1,0,100.0,0.0,Alto Sao Bento,0.0,,,,,,,,,,,,,,,,,,,,,,,,,,,,,,,,0,0
51405106,apartamento,3,3.0,8,5,32,280.0,4.880000114440918,Meia Praia,4.880000114440918,4.880000114440918,18.0,47.0,74.0,1000.0,977.9893617021277,863.722972972973,1000.0,1000.0,800.0,18.0,47.0,74.0,1000.0,856.25,750.0,1000.0,1000.0,1000.0,12000.0,13000.0,13600.0,0.4,0.21666666666666667,0.18681318681318682,12.0,13.0,17.0,True,True,True,1,1
54020562,casa,3,2.0,7,4,16,0.0,4.880000114440918,Centro,4.880000114440918,4.880000114440918,,,,,,,,,,,,,,,,,,,,,,,,,,,,,,,0,0
1315419697636240888,apartamento,1,1.0,3,1,0,200.0,0.0,Meia Praia,0.0,,,,,,,,,,,,,,,,,,,,,,,,,,,,,,,,0,0
885372132705223062,apartamento,3,3.0,10,3,0,350.0,0.0,Meia Praia,0.0,,,,,,,,,,,,,,,,,,,,,,,,,,,,,,,,0,0
715713871870273384,apartamento,3,2.0,10,3,1,250.0,5.0,Meia Praia,5.0,5.0,,,,,,,,,,,,,,,,,,,,,,,,,,,,,,,0,0
1040763172222042178,apartamento,2,2.0,6,2,18,250.0,4.829999923706055,Meia Praia,4.829999923706055,4.829999923706055,,,,,,,,,,,,,,,,,,,,,,,,,,,,,,,0,0
53893648,apartamento,2,2.0,6,4,18,250.0,5.0,Meia Praia,5.0,5.0,0.0,21.0,52.0,,700.8095238095239,622.4423076923077,,550.0,550.0,0.0,21.0,52.0,,550.0,550.0,,967.0,550.0,,21450.0,21450.0,1.0,0.65,0.42857142857142855,30.0,39.0,39.0,False,True,True,1,1
31972121,apartamento,2,1.0,5,3,11,150.0,4.639999866485596,Meia Praia,4.639999866485596,4.639999866485596,,,,,,,,,,,,,,,,,,,,,,,,,,,,,,,0,0
1014396911178096370,apartamento,3,3.0,8,4,0,350.0,0.0,Meia Praia,0.0,,,,,,,,,,,,,,,,,,,,,,,,,,,,,,,,0,0
53458717,apartamento,3,2.0,6,4,11,200.0,5.0,Meia Praia,5.0,5.0,0.0,17.0,43.0,,403.39215647058825,389.2480618604651,,410.0,380.0,0.0,17.0,43.0,,407.66666,380.0,,410.0,410.0,,17630.0,18240.0,1.0,0.7166666666666667,0.5274725274725275,30.0,43.0,48.0,False,True,True,1,1
1242002119123644781,apartamento,4,4.0,6,11,0,0.0,0.0,Meia Praia,0.0,,,,,,,,,,,,,,,,,,,,,,,,,,,,,,,,0,0
1303472761237083371,apartamento,3,2.0,7,5,0,0.0,0.0,Meia Praia,0.0,,,,,,,,,,,,,,,,,,,,,,,,,,,,,,,,0,0
791275721976210246,apartamento,2,2.0,9,4,2,200.0,5.0,Meia Praia,5.0,5.0,,,,,,,,,,,,,,,,,,,,,,,,,,,,,,,0,0
742184034257552693,apartamento,2,2.0,7,5,2,200.0,5.0,Centro,5.0,5.0,,,,,,,,,,,,,,,,,,,,,,,,,,,,,,,0,0
53280294,apartamento,2,2.0,7,2,4,350.0,4.75,Meia Praia,4.75,4.75,,,,,,,,,,,,,,,,,,,,,,,,,,,,,,,0,0
1162356825585869936,apartamento,3,4.0,6,3,0,0.0,0.0,Meia Praia,0.0,,,,,,,,,,,,,,,,,,,,,,,,,,,,,,,,0,0
31505119,apartamento,2,2.0,10,5,14,280.0,4.139999866485596,Meia Praia,4.139999866485596,4.139999866485596,,,,,,,,,,,,,,,,,,,,,,,,,,,,,,,0,0
1208718899534488031,apartamento,1,1.0,2,1,5,150.0,4.800000190734863,Centro,4.800000190734863,4.800000190734863,14.0,44.0,75.0,427.0,440.51515227272733,440.04888933333336,427.0,427.0,427.0,14.0,44.0,75.0,427.0,427.0,427.0,427.0,427.0,427.0,6832.0,6832.0,6832.0,0.5333333333333333,0.26666666666666666,0.17582417582417584,16.0,16.0,16.0,True,True,True,1,1
1126166296928293159,apartamento,2,2.0,6,4,33,250.0,4.909999847412109,Morretes,4.909999847412109,4.909999847412109,,,,,,,,,,,,,,,,,,,,,,,,,,,,,,,0,0
721754693718811881,apartamento,4,3.0,10,5,0,0.0,0.0,Meia Praia,0.0,,,,,,,,,,,,,,,,,,,,,,,,,,,,,,,,0,0
52650644,apartamento,3,2.0,7,3,12,150.0,4.920000076293945,Meia Praia,4.920000076293945,4.920000076293945,3.0,33.0,64.0,750.0,720.0,661.875,750.0,780.0,600.0,3.0,33.0,64.0,750.0,600.0,600.0,750.0,780.0,780.0,20250.0,21060.0,16200.0,0.9,0.45,0.2967032967032967,27.0,27.0,27.0,True,True,True,1,0
53175731,apartamento,3,2.0,7,7,7,360.0,5.0,Meia Praia,5.0,5.0,29.0,59.0,90.0,1199.0,1195.6101694915253,1012.3333333333334,1199.0,1199.0,1199.0,29.0,59.0,90.0,1199.0,1199.0,999.0,1199.0,1199.0,1199.0,1199.0,1199.0,1199.0,0.03333333333333333,0.016666666666666666,0.01098901098901099,1.0,1.0,1.0,True,True,True,1,1
972543924881751162,apartamento,2,1.0,5,4,0,300.0,0.0,Meia Praia,0.0,,,,,,,,,,,,,,,,,,,,,,,,,,,,,,,,0,0
38879639,apartamento,3,2.0,8,3,0,140.0,0.0,Meia Praia,0.0,,,,,,,,,,,,,,,,,,,,,,,,,,,,,,,,0,0
17220254,apartamento,4,3.0,10,4,5,350.0,5.0,Meia Praia,5.0,5.0,,,,,,,,,,,,,,,,,,,,,,,,,,,,,,,0,0
28160414,apartamento,3,2.0,6,3,7,200.0,5.0,Centro,5.0,5.0,0.0,26.0,57.0,,702.0,591.0526315789474,,700.0,498.0,0.0,26.0,57.0,,700.0,498.0,,800.0,700.0,,23800.0,16932.0,1.0,0.5666666666666667,0.37362637362637363,30.0,34.0,34.0,False,True,True,1,1
1050641697385417050,apartamento,3,4.0,10,0,3,0.0,4.329999923706055,Centro,4.329999923706055,4.329999923706055,,,,,,,,,,,,,,,,,,,,,,,,,,,,,,,0,0
28932247,casa,3,2.0,9,7,25,250.0,4.920000076293945,Meia Praia,4.920000076293945,4.920000076293945,,,,,,,,,,,,,,,,,,,,,,,,,,,,,,,0,0
29816615,casa,3,2.0,8,3,1,350.0,5.0,Centro,5.0,5.0,,,,,,,,,,,,,,,,,,,,,,,,,,,,,,,0,0
1310948023336116283,casa,3,1.0,6,3,0,250.0,0.0,Morretes,0.0,,,,,,,,,,,,,,,,,,,,,,,,,,,,,,,,0,0
40834982,apartamento,2,2.0,4,2,5,250.0,5.0,Centro,5.0,5.0,,,,,,,,,,,,,,,,,,,,,,,,,,,,,,,0,0
1181933658424522281,apartamento,1,1.0,2,1,19,150.0,4.789999961853027,Centro,4.789999961853027,4.789999961853027,8.0,34.0,65.0,339.625,376.47058823529414,389.0769230769231,334.0,368.0,372.0,8.0,34.0,65.0,311.0,349.75,366.0,370.75,396.0,408.0,7348.0,9568.0,9672.0,0.7333333333333333,0.43333333333333335,0.2857142857142857,22.0,26.0,26.0,True,True,True,1,1
30122734,casa,3,1.0,12,7,3,100.0,4.670000076293945,Morretes,4.670000076293945,4.670000076293945,,,,,,,,,,,,,,,,,,,,,,,,,,,,,,,0,0
40153336,apartamento,3,3.0,8,4,0,350.0,0.0,Meia Praia,0.0,,,,,,,,,,,,,,,,,,,,,,,,,,,,,,,,0,0
1061436825270212073,apartamento,3,2.0,6,4,12,424.0,4.920000076293945,Meia Praia,4.920000076293945,4.920000076293945,,,,,,,,,,,,,,,,,,,,,,,,,,,,,,,0,0
1278968671813436244,casa,3,3.0,8,4,0,0.0,0.0,Morretes,0.0,,,,,,,,,,,,,,,,,,,,,,,,,,,,,,,,0,0
1047723626454445067,apartamento,3,3.0,8,3,7,0.0,5.0,Meia Praia,5.0,5.0,30.0,60.0,91.0,1463.8,1566.9,1629.2747252747254,1450.0,1550.0,1750.0,30.0,60.0,91.0,1450.0,1450.0,1462.5,1550.0,1750.0,1750.0,0.0,0.0,0.0,0.0,0.0,0.0,0.0,0.0,0.0,True,True,True,1,1
1063686845680809516,outros,1,1.0,2,1,2,0.0,5.0,Meia Praia,5.0,5.0,,,,,,,,,,,,,,,,,,,,,,,,,,,,,,,0,0
1245817805597724403,apartamento,2,2.0,4,2,1,350.0,5.0,Morretes,5.0,5.0,,,,,,,,,,,,,,,,,,,,,,,,,,,,,,,0,0
29484679,apartamento,3,2.0,9,6,2,300.0,3.5,Centro,3.5,3.5,,,,,,,,,,,,,,,,,,,,,,,,,,,,,,,0,0
1111132089439811745,apartamento,3,2.0,10,5,0,350.0,0.0,Centro,0.0,,,,,,,,,,,,,,,,,,,,,,,,,,,,,,,,0,0
40112253,apartamento,3,3.0,10,6,22,350.0,5.0,Meia Praia,5.0,5.0,,,,,,,,,,,,,,,,,,,,,,,,,,,,,,,0,0
813114083905510288,apartamento,3,2.0,8,4,0,300.0,0.0,Meia Praia,0.0,,,,,,,,,,,,,,,,,,,,,,,,,,,,,,,,0,0
1051619621188294429,apartamento,2,2.0,7,4,3,250.0,5.0,Meia Praia,5.0,5.0,,,,,,,,,,,,,,,,,,,,,,,,,,,,,,,0,0
1303160184992468256,casa,3,2.0,10,3,0,0.0,0.0,Meia Praia,0.0,,,,,,,,,,,,,,,,,,,,,,,,,,,,,,,,0,0
27718978,apartamento,4,4.0,9,4,11,450.0,4.820000171661377,Meia Praia,4.820000171661377,4.820000171661377,0.0,0.0,14.0,,,517.1428571428571,,,500.0,0.0,0.0,14.0,,,500.0,,,537.5,,,38500.0,1.0,1.0,0.8461538461538461,30.0,60.0,77.0,False,False,True,1,1
52358821,casa,3,2.0,6,4,35,250.0,5.0,Canto da Praia,5.0,5.0,,,,,,,,,,,,,,,,,,,,,,,,,,,,,,,0,0
1258166269614896715,apartamento,2,2.0,5,3,1,250.0,5.0,Meia Praia,5.0,5.0,,,,,,,,,,,,,,,,,,,,,,,,,,,,,,,0,0
1245758147203199538,casa,2,2.0,4,2,2,150.0,5.0,Meia Praia,5.0,5.0,,,,,,,,,,,,,,,,,,,,,,,,,,,,,,,0,0
1049228438693811811,apartamento,3,4.0,7,3,0,350.0,0.0,Meia Praia,0.0,,,,,,,,,,,,,,,,,,,,,,,,,,,,,,,,0,0
1306722429222577526,apartamento,3,3.0,12,9,0,350.0,0.0,Meia Praia,0.0,,,,,,,,,,,,,,,,,,,,,,,,,,,,,,,,0,0
1297423528519458578,apartamento,2,1.0,6,3,2,250.0,5.0,Meia Praia,5.0,5.0,,,,,,,,,,,,,,,,,,,,,,,,,,,,,,,0,0
1313701095515926984,apartamento,2,2.0,4,3,1,413.0,5.0,Meia Praia,5.0,5.0,,,,,,,,,,,,,,,,,,,,,,,,,,,,,,,0,0
1074026483494102863,apartamento,4,3.0,10,6,0,0.0,0.0,Meia Praia,0.0,,,,,,,,,,,,,,,,,,,,,,,,,,,,,,,,0,0
987151159217066177,apartamento,3,3.0,9,3,0,0.0,0.0,Meia Praia,0.0,,,,,,,,,,,,,,,,,,,,,,,,,,,,,,,,0,0
790752171303746450,apartamento,2,2.0,6,1,10,250.0,5.0,Meia Praia,5.0,5.0,15.0,45.0,76.0,503.4,502.26666666666665,502.6842105263158,500.0,500.0,500.0,15.0,45.0,76.0,500.0,500.0,500.0,500.0,500.0,500.0,7500.0,7500.0,7500.0,0.5,0.25,0.16483516483516483,15.0,15.0,15.0,True,True,True,1,1
1028459735528308500,apartamento,2,2.0,4,2,5,300.0,4.599999904632568,Meia Praia,4.599999904632568,4.599999904632568,,,,,,,,,,,,,,,,,,,,,,,,,,,,,,,0,0
31308787,apartamento,2,2.0,4,2,5,200.0,4.800000190734863,Centro,4.800000190734863,4.800000190734863,,,,,,,,,,,,,,,,,,,,,,,,,,,,,,,0,0
859653300578357102,apartamento,2,4.0,4,2,26,250.0,5.0,Morretes,5.0,5.0,16.0,46.0,57.0,702.0,702.0,702.0,702.0,702.0,702.0,16.0,46.0,57.0,702.0,702.0,702.0,702.0,702.0,702.0,9828.0,9828.0,23868.0,0.4666666666666667,0.23333333333333334,0.37362637362637363,14.0,14.0,34.0,True,True,True,1,1
40246675,apartamento,2,1.0,7,4,38,150.0,4.820000171661377,Meia Praia,4.820000171661377,4.820000171661377,0.0,13.0,44.0,,462.11538461538464,328.70454545454544,,461.25,315.0,0.0,13.0,44.0,,382.5,229.0,,585.0,350.0,,21678.75,14805.0,1.0,0.7833333333333333,0.5164835164835165,30.0,47.0,47.0,False,True,True,1,1
724766767716860996,apartamento,4,3.0,8,9,0,350.0,0.0,Meia Praia,0.0,,,,,,,,,,,,,,,,,,,,,,,,,,,,,,,,0,0
1030670260579878428,apartamento,3,2.0,8,4,0,200.0,0.0,Meia Praia,0.0,,,,,,,,,,,,,,,,,,,,,,,,,,,,,,,,0,0
721143022842232721,apartamento,3,2.0,8,3,13,200.0,4.460000038146973,Meia Praia,4.460000038146973,4.460000038146973,,,,,,,,,,,,,,,,,,,,,,,,,,,,,,,0,0
1106810253351847214,apartamento,3,1.0,6,3,2,200.0,5.0,Meia Praia,5.0,5.0,,,,,,,,,,,,,,,,,,,,,,,,,,,,,,,0,0
47441628,apartamento,2,1.0,5,4,6,220.0,4.670000076293945,Meia Praia,4.670000076293945,4.670000076293945,,,,,,,,,,,,,,,,,,,,,,,,,,,,,,,0,0
53863922,casa,2,1.0,6,2,2,150.0,4.5,Varzea,4.5,4.5,,,,,,,,,,,,,,,,,,,,,,,,,,,,,,,0,0
1252081873768049454,apartamento,3,1.0,10,3,0,450.0,0.0,Meia Praia,0.0,,,,,,,,,,,,,,,,,,,,,,,,,,,,,,,,0,0
1290181951881707927,apartamento,3,1.0,9,4,1,280.0,5.0,Meia Praia,5.0,5.0,,,,,,,,,,,,,,,,,,,,,,,,,,,,,,,0,0
1014765839935821941,apartamento,3,4.0,12,5,0,0.0,0.0,Meia Praia,0.0,,,,,,,,,,,,,,,,,,,,,,,,,,,,,,,,0,0
994915784710952535,apartamento,3,3.0,10,3,1,350.0,5.0,Meia Praia,5.0,5.0,,,,,,,,,,,,,,,,,,,,,,,,,,,,,,,0,0
1320519261645360825,outros,1,2.0,1,5,1,0.0,5.0,Meia Praia,5.0,5.0,,,,,,,,,,,,,,,,,,,,,,,,,,,,,,,0,0
1165268442212832778,apartamento,2,1.0,4,0,2,0.0,5.0,Morretes,5.0,5.0,,,,,,,,,,,,,,,,,,,,,,,,,,,,,,,0,0
1064657282412012733,apartamento,3,4.0,6,5,0,0.0,0.0,Meia Praia,0.0,,,,,,,,,,,,,,,,,,,,,,,,,,,,,,,,0,0
1051444662755236628,apartamento,3,2.0,9,3,1,250.0,5.0,Meia Praia,5.0,5.0,,,,,,,,,,,,,,,,,,,,,,,,,,,,,,,0,0
39105862,apartamento,3,2.0,8,3,0,300.0,0.0,Meia Praia,0.0,,,,,,,,,,,,,,,,,,,,,,,,,,,,,,,,0,0
33385884,apartamento,3,4.0,8,5,2,150.0,5.0,Meia Praia,5.0,5.0,,,,,,,,,,,,,,,,,,,,,,,,,,,,,,,0,0
38345388,apartamento,3,4.0,8,6,0,250.0,0.0,Centro,0.0,,,,,,,,,,,,,,,,,,,,,,,,,,,,,,,,0,0
811053746893495263,apartamento,3,2.0,8,4,8,300.0,5.0,Meia Praia,5.0,5.0,4.0,28.0,59.0,651.0,509.7857142857143,393.864406779661,650.0,400.0,400.0,4.0,28.0,59.0,612.5,400.0,200.0,688.5,650.0,400.0,16900.0,12800.0,12800.0,0.8666666666666667,0.5333333333333333,0.3516483516483517,26.0,32.0,32.0,True,True,True,1,1
46926553,apartamento,2,2.0,6,4,1,280.0,4.0,Centro,4.0,4.0,,,,,,,,,,,,,,,,,,,,,,,,,,,,,,,0,0
9784227,apartamento,2,2.0,6,4,24,180.0,4.539999961853027,Meia Praia,4.539999961853027,4.539999961853027,,,,,,,,,,,,,,,,,,,,,,,,,,,,,,,0,0
49241635,apartamento,2,2.0,6,2,7,230.0,4.860000133514404,Meia Praia,4.860000133514404,4.860000133514404,,,,,,,,,,,,,,,,,,,,,,,,,,,,,,,0,0
28784429,apartamento,1,1.0,4,1,62,180.0,4.710000038146973,Meia Praia,4.710000038146973,4.710000038146973,,,,,,,,,,,,,,,,,,,,,,,,,,,,,,,0,0
1211529202735017123,apartamento,1,1.0,4,3,0,0.0,0.0,Meia Praia,0.0,,,,,,,,,,,,,,,,,,,,,,,,,,,,,,,,0,0
1058556636299366889,hotel,1,1.0,3,1,0,0.0,0.0,Meia Praia,0.0,,,,,,,,,,,,,,,,,,,,,,,,,,,,,,,,0,0
1279961611855559084,apartamento,2,2.0,6,2,0,0.0,0.0,Meia Praia,0.0,,,,,,,,,,,,,,,,,,,,,,,,,,,,,,,,0,0
1244287743643160161,apartamento,2,3.0,6,4,0,280.0,0.0,Morretes,0.0,,,,,,,,,,,,,,,,,,,,,,,,,,,,,,,,0,0
1179103047052148475,apartamento,4,3.0,8,5,4,480.0,4.5,Meia Praia,4.5,4.5,4.0,11.0,36.0,621.0,699.0909090909091,704.25,621.0,726.0,699.0,4.0,11.0,36.0,543.0,699.0,606.0,699.0,726.0,739.0,16146.0,35574.0,38445.0,0.8666666666666667,0.8166666666666667,0.6043956043956044,26.0,49.0,55.0,True,True,True,1,1
1110150010928830427,apartamento,3,2.0,10,7,2,300.0,5.0,Meia Praia,5.0,5.0,,,,,,,,,,,,,,,,,,,,,,,,,,,,,,,0,0
1040578292859356067,apartamento,3,2.0,8,4,3,350.0,5.0,Meia Praia,5.0,5.0,,,,,,,,,,,,,,,,,,,,,,,,,,,,,,,0,0
1316850726790986703,apartamento,2,2.0,8,3,0,300.0,0.0,Meia Praia,0.0,,,,,,,,,,,,,,,,,,,,,,,,,,,,,,,,0,0
1291327601640024647,apartamento,4,6.0,10,6,1,0.0,5.0,Meia Praia,5.0,5.0,,,,,,,,,,,,,,,,,,,,,,,,,,,,,,,0,0
54368585,apartamento,2,1.0,6,6,7,300.0,4.710000038146973,Centro,4.710000038146973,4.710000038146973,,,,,,,,,,,,,,,,,,,,,,,,,,,,,,,0,0
1321772233259668704,apartamento,2,2.0,8,2,0,0.0,0.0,Morretes,0.0,,,,,,,,,,,,,,,,,,,,,,,,,,,,,,,,0,0
1291467049168966563,apartamento,4,5.0,10,7,0,450.0,0.0,Meia Praia,0.0,,,,,,,,,,,,,,,,,,,,,,,,,,,,,,,,0,0
1052877686323833185,apartamento,3,3.0,6,3,0,300.0,0.0,Meia Praia,0.0,,,,,,,,,,,,,,,,,,,,,,,,,,,,,,,,0,0
549056203343531816,apartamento,3,2.0,8,5,24,200.0,5.0,Meia Praia,5.0,5.0,5.0,5.0,25.0,710.0,710.0,431.4,700.0,700.0,330.0,5.0,5.0,25.0,700.0,700.0,300.0,700.0,700.0,650.0,17500.0,38500.0,21780.0,0.8333333333333334,0.9166666666666666,0.7252747252747253,25.0,55.0,66.0,True,True,True,1,1
1108011865175693567,apartamento,3,3.0,8,3,0,300.0,0.0,Meia Praia,0.0,,,,,,,,,,,,,,,,,,,,,,,,,,,,,,,,0,0
1006396584243125090,apartamento,1,1.0,4,2,50,60.0,4.800000190734863,Centro,4.800000190734863,4.800000190734863,18.0,45.0,72.0,695.0,647.1685177777778,556.2835638888888,660.0,654.0,549.0,18.0,45.0,72.0,654.0,575.3333,404.0,772.0,710.0,656.9375,7920.0,9810.0,10431.0,0.4,0.25,0.2087912087912088,12.0,15.0,19.0,True,True,True,1,1
41493620,apartamento,2,2.0,4,2,7,300.0,5.0,Meia Praia,5.0,5.0,26.0,56.0,87.0,750.0,752.1390339285714,774.4025758620689,750.0,750.0,750.0,26.0,56.0,87.0,750.0,750.0,750.0,750.0,750.0,772.13095,3000.0,3000.0,3000.0,0.13333333333333333,0.06666666666666667,0.04395604395604396,4.0,4.0,4.0,True,True,True,1,1
1005962805287014804,apartamento,3,4.0,8,3,5,300.0,4.599999904632568,Meia Praia,4.599999904632568,4.599999904632568,,,,,,,,,,,,,,,,,,,,,,,,,,,,,,,0,0
46414876,apartamento,3,2.0,6,4,1,0.0,3.0,Centro,3.0,3.0,,,,,,,,,,,,,,,,,,,,,,,,,,,,,,,0,0
1050137833718465675,apartamento,3,2.0,10,4,0,350.0,0.0,Centro,0.0,,,,,,,,,,,,,,,,,,,,,,,,,,,,,,,,0,0
50132160,apartamento,2,2.0,6,3,1,200.0,4.0,Meia Praia,4.0,4.0,,,,,,,,,,,,,,,,,,,,,,,,,,,,,,,0,0
1058820330660898939,apartamento,2,2.0,5,3,1,300.0,5.0,Morretes,5.0,5.0,,,,,,,,,,,,,,,,,,,,,,,,,,,,,,,0,0
47252509,apartamento,2,2.0,7,4,5,250.0,4.599999904632568,Tabuleiro dos Oliveiras,4.599999904632568,4.599999904632568,,,,,,,,,,,,,,,,,,,,,,,,,,,,,,,0,0
979873537122657344,apartamento,2,2.0,8,4,0,300.0,0.0,Morretes,0.0,,,,,,,,,,,,,,,,,,,,,,,,,,,,,,,,0,0
1286081921383451505,apartamento,3,3.0,6,5,1,280.0,5.0,Meia Praia,5.0,5.0,,,,,,,,,,,,,,,,,,,,,,,,,,,,,,,0,0
42040998,apartamento,2,2.0,6,4,9,270.0,4.889999866485596,Meia Praia,4.889999866485596,4.889999866485596,,,,,,,,,,,,,,,,,,,,,,,,,,,,,,,0,0
1207338410880339003,apartamento,1,1.0,2,1,0,150.0,0.0,Centro,0.0,,22.0,52.0,83.0,428.1363636363636,438.91666730769236,439.0923698795181,427.0,427.0,427.0,22.0,52.0,83.0,427.0,427.0,427.0,427.0,427.0,427.0,3416.0,3416.0,3416.0,0.26666666666666666,0.13333333333333333,0.08791208791208792,8.0,8.0,8.0,True,True,True,1,1
568791170009921084,apartamento,4,3.0,8,5,7,0.0,4.710000038146973,Centro,4.710000038146973,4.710000038146973,,,,,,,,,,,,,,,,,,,,,,,,,,,,,,,0,0
786441399936695949,apartamento,3,3.0,8,4,5,200.0,4.599999904632568,Meia Praia,4.599999904632568,4.599999904632568,,,,,,,,,,,,,,,,,,,,,,,,,,,,,,,0,0
1274829509619951251,apartamento,1,2.0,4,2,3,200.0,5.0,Morretes,5.0,5.0,,,,,,,,,,,,,,,,,,,,,,,,,,,,,,,0,0
1283577977387075425,apartamento,3,3.0,6,3,0,420.0,0.0,Meia Praia,0.0,,,,,,,,,,,,,,,,,,,,,,,,,,,,,,,,0,0
1280480893558662063,apartamento,2,2.0,6,3,1,280.0,4.0,Meia Praia,4.0,4.0,,,,,,,,,,,,,,,,,,,,,,,,,,,,,,,0,0
53061946,apartamento,3,3.0,6,4,6,200.0,4.829999923706055,Meia Praia,4.829999923706055,4.829999923706055,,,,,,,,,,,,,,,,,,,,,,,,,,,,,,,0,0
35769555,apartamento,3,4.0,8,4,0,300.0,0.0,Meia Praia,0.0,,,,,,,,,,,,,,,,,,,,,,,,,,,,,,,,0,0
52670832,apartamento,3,2.0,8,10,27,300.0,4.929999828338623,Meia Praia,4.929999828338623,4.929999828338623,0.0,0.0,13.0,,,477.2307692307692,,,470.0,0.0,0.0,13.0,,,470.0,,,470.0,,,36660.0,1.0,1.0,0.8571428571428571,30.0,60.0,78.0,False,False,True,1,1
41147466,apartamento,0,2.0,6,3,42,300.0,4.860000133514404,Meia Praia,4.860000133514404,4.860000133514404,0.0,14.0,45.0,,540.0,520.0,,540.0,540.0,0.0,14.0,45.0,,540.0,495.0,,540.0,540.0,,24840.0,24840.0,1.0,0.7666666666666667,0.5054945054945055,30.0,46.0,46.0,False,True,True,1,1
1272690338912432550,apartamento,3,2.0,8,6,0,150.0,0.0,Meia Praia,0.0,,,,,,,,,,,,,,,,,,,,,,,,,,,,,,,,0,0
785784636475143410,casa,1,1.0,2,1,3,100.0,5.0,Meia Praia,5.0,5.0,,,,,,,,,,,,,,,,,,,,,,,,,,,,,,,0,0
52365560,apartamento,1,1.0,4,1,10,200.0,4.800000190734863,Meia Praia,4.800000190734863,4.800000190734863,14.0,44.0,75.0,299.2857142857143,319.09090909090907,324.53333333333336,300.0,300.0,300.0,14.0,44.0,75.0,300.0,295.0,300.0,300.0,300.0,350.0,4800.0,4800.0,4800.0,0.5333333333333333,0.26666666666666666,0.17582417582417584,16.0,16.0,16.0,True,True,True,1,0
1315850768550074764,apartamento,4,1.0,10,6,0,0.0,0.0,Meia Praia,0.0,,,,,,,,,,,,,,,,,,,,,,,,,,,,,,,,0,0
1308238916550577232,outros,1,3.0,2,1,0,0.0,0.0,Meia Praia,0.0,,,,,,,,,,,,,,,,,,,,,,,,,,,,,,,,0,0
37708447,apartamento,3,2.0,10,6,95,300.0,4.989999771118164,Meia Praia,4.989999771118164,4.989999771118164,2.0,10.0,39.0,700.0,779.6,655.025641025641,700.0,700.0,700.0,2.0,10.0,39.0,700.0,700.0,550.0,700.0,899.0,700.0,19600.0,35000.0,36400.0,0.9333333333333333,0.8333333333333334,0.5714285714285714,28.0,50.0,52.0,True,True,True,1,1
1285613084580667244,apartamento,2,2.0,6,4,0,350.0,0.0,Tabuleiro dos Oliveiras,0.0,,,,,,,,,,,,,,,,,,,,,,,,,,,,,,,,0,0
784836681288428817,apartamento,2,1.0,5,4,13,200.0,4.769999980926514,Casa Branca,4.769999980926514,4.769999980926514,,,,,,,,,,,,,,,,,,,,,,,,,,,,,,,0,0
784933344932137170,apartamento,2,2.0,6,4,3,150.0,3.670000076293945,Meia Praia,3.670000076293945,3.670000076293945,,,,,,,,,,,,,,,,,,,,,,,,,,,,,,,0,0
1227459805499079330,apartamento,3,2.0,6,3,0,350.0,0.0,Meia Praia,0.0,,,,,,,,,,,,,,,,,,,,,,,,,,,,,,,,0,0
1274634755881062241,apartamento,3,2.0,9,6,1,200.0,5.0,Meia Praia,5.0,5.0,,,,,,,,,,,,,,,,,,,,,,,,,,,,,,,0,0
53235128,apartamento,3,3.0,6,3,0,100.0,0.0,Meia Praia,0.0,,,,,,,,,,,,,,,,,,,,,,,,,,,,,,,,0,0
32087372,apartamento,2,2.0,5,2,0,150.0,0.0,Centro,0.0,,,,,,,,,,,,,,,,,,,,,,,,,,,,,,,,0,0
1171049670344322120,apartamento,3,3.0,8,3,17,400.0,4.820000171661377,Meia Praia,4.820000171661377,4.820000171661377,0.0,30.0,61.0,,740.0,678.1803278688525,,699.0,599.0,0.0,30.0,61.0,,669.0,599.0,,699.0,699.0,,20970.0,17970.0,1.0,0.5,0.32967032967032966,30.0,30.0,30.0,False,True,True,1,0
7908433,apartamento,3,2.0,8,5,1,200.0,2.0,Centro,2.0,2.0,,,,,,,,,,,,,,,,,,,,,,,,,,,,,,,0,0
1288272518691593314,apartamento,3,2.0,7,3,0,420.0,0.0,Meia Praia,0.0,,,,,,,,,,,,,,,,,,,,,,,,,,,,,,,,0,0
899100455740535590,apartamento,3,2.0,6,4,4,415.0,4.5,Meia Praia,4.5,4.5,,,,,,,,,,,,,,,,,,,,,,,,,,,,,,,0,0
1204292898244183231,apartamento,2,2.0,6,2,0,300.0,0.0,Meia Praia,0.0,,,,,,,,,,,,,,,,,,,,,,,,,,,,,,,,0,0
53962478,apartamento,3,3.0,8,3,6,250.0,4.670000076293945,Tabuleiro dos Oliveiras,4.670000076293945,4.670000076293945,,,,,,,,,,,,,,,,,,,,,,,,,,,,,,,0,0
1307872333003011643,casa,2,1.0,6,2,4,150.0,5.0,Morretes,5.0,5.0,,,,,,,,,,,,,,,,,,,,,,,,,,,,,,,0,0
1280800255220890348,apartamento,3,3.0,6,3,2,350.0,5.0,Meia Praia,5.0,5.0,,,,,,,,,,,,,,,,,,,,,,,,,,,,,,,0,0
1254489827996538747,apartamento,3,3.0,8,4,11,100.0,5.0,Meia Praia,5.0,5.0,,,,,,,,,,,,,,,,,,,,,,,,,,,,,,,0,0
1320994692912931266,apartamento,2,1.0,5,3,0,220.0,0.0,Centro,0.0,,18.0,48.0,79.0,1430.0,1430.0,1430.0,1430.0,1430.0,1430.0,18.0,48.0,79.0,1430.0,1430.0,1430.0,1430.0,1430.0,1430.0,17160.0,17160.0,17160.0,0.4,0.2,0.13186813186813187,12.0,12.0,12.0,True,True,True,1,1
848559008656826842,apartamento,3,2.0,8,5,1,300.0,5.0,Meia Praia,5.0,5.0,,,,,,,,,,,,,,,,,,,,,,,,,,,,,,,0,0
1306685327731040168,apartamento,3,2.0,8,3,0,250.0,0.0,Meia Praia,0.0,,,,,,,,,,,,,,,,,,,,,,,,,,,,,,,,0,0
21295667,apartamento,3,4.0,9,3,31,320.0,4.869999885559082,Meia Praia,4.869999885559082,4.869999885559082,0.0,22.0,53.0,,610.8636363636364,736.2044018867924,,517.0,820.0,0.0,22.0,53.0,,458.375,483.5,,880.0,1000.0,,19646.0,31160.0,1.0,0.6333333333333333,0.4175824175824176,30.0,38.0,38.0,False,True,True,1,1
41420865,apartamento,3,2.0,8,3,9,300.0,4.889999866485596,Meia Praia,4.889999866485596,4.889999866485596,,,,,,,,,,,,,,,,,,,,,,,,,,,,,,,0,0
1280516098114627587,apartamento,2,2.0,4,2,0,200.0,0.0,Meia Praia,0.0,,,,,,,,,,,,,,,,,,,,,,,,,,,,,,,,0,0
973272705231391942,apartamento,2,1.0,4,3,12,120.0,4.920000076293945,Meia Praia,4.920000076293945,4.920000076293945,,,,,,,,,,,,,,,,,,,,,,,,,,,,,,,0,0
1019790042382176128,apartamento,2,1.0,4,3,0,200.0,0.0,Morretes,0.0,,,,,,,,,,,,,,,,,,,,,,,,,,,,,,,,0,0
1043521584839255151,outros,1,1.0,2,1,3,100.0,5.0,Meia Praia,5.0,5.0,,,,,,,,,,,,,,,,,,,,,,,,,,,,,,,0,0
1045916135727198441,apartamento,2,2.0,6,3,5,250.0,5.0,Meia Praia,5.0,5.0,0.0,28.0,59.0,,754.6726178571428,669.1666661016949,,650.0,650.0,0.0,28.0,59.0,,650.0,560.0,,850.0,650.0,,20800.0,20800.0,1.0,0.5333333333333333,0.3516483516483517,30.0,32.0,32.0,False,True,True,1,1
1301379564444588820,apartamento,2,2.0,5,3,0,200.0,0.0,Morretes,0.0,,,,,,,,,,,,,,,,,,,,,,,,,,,,,,,,0,0
51602971,apartamento,2,2.0,5,2,2,100.0,5.0,Ilhota,5.0,5.0,,,,,,,,,,,,,,,,,,,,,,,,,,,,,,,0,0
1088677585197194975,apartamento,3,3.0,8,3,0,200.0,0.0,Meia Praia,0.0,,,,,,,,,,,,,,,,,,,,,,,,,,,,,,,,0,0
1295949026927608659,apartamento,3,4.0,9,3,1,350.0,5.0,Meia Praia,5.0,5.0,,,,,,,,,,,,,,,,,,,,,,,,,,,,,,,0,0
1265175646256453272,apartamento,2,2.0,4,2,3,363.0,5.0,Meia Praia,5.0,5.0,,,,,,,,,,,,,,,,,,,,,,,,,,,,,,,0,0
31984654,casa,1,1.0,2,1,121,0.0,4.860000133514404,Meia Praia,4.860000133514404,4.860000133514404,,,,,,,,,,,,,,,,,,,,,,,,,,,,,,,0,0
900757690500508426,apartamento,2,2.0,8,2,22,350.0,4.949999809265137,Meia Praia,4.949999809265137,4.949999809265137,1.0,4.0,25.0,795.0,835.5,571.08,795.0,795.0,475.0,1.0,4.0,25.0,795.0,795.0,475.0,795.0,835.5,795.0,23055.0,44520.0,31350.0,0.9666666666666667,0.9333333333333333,0.7252747252747253,29.0,56.0,66.0,True,True,True,1,1
1292943434213927466,apartamento,2,2.0,6,2,0,300.0,0.0,Meia Praia,0.0,,,,,,,,,,,,,,,,,,,,,,,,,,,,,,,,0,0
53226144,apartamento,3,2.0,8,3,2,300.0,4.5,Meia Praia,4.5,4.5,,,,,,,,,,,,,,,,,,,,,,,,,,,,,,,0,0
821574780923920105,apartamento,3,3.0,6,3,6,300.0,5.0,Meia Praia,5.0,5.0,0.0,13.0,44.0,,600.0,602.5909090909091,,600.0,600.0,0.0,13.0,44.0,,600.0,600.0,,600.0,600.0,,28200.0,28200.0,1.0,0.7833333333333333,0.5164835164835165,30.0,47.0,47.0,False,True,True,1,0
927428463306244244,apartamento,3,3.0,8,3,0,575.0,0.0,Morretes,0.0,,,,,,,,,,,,,,,,,,,,,,,,,,,,,,,,0,0
808019784306489945,apartamento,3,3.0,8,5,1,350.0,5.0,Meia Praia,5.0,5.0,,,,,,,,,,,,,,,,,,,,,,,,,,,,,,,0,0
1062493272768761730,casa,1,1.0,10,1,0,0.0,0.0,Centro,0.0,,,,,,,,,,,,,,,,,,,,,,,,,,,,,,,,0,0
1319759274310554299,apartamento,2,2.0,5,2,1,460.0,5.0,Leopoldo Zarling,5.0,5.0,,,,,,,,,,,,,,,,,,,,,,,,,,,,,,,0,0
39583346,apartamento,3,3.0,6,3,60,250.0,4.980000019073486,Meia Praia,4.980000019073486,4.980000019073486,16.0,25.0,50.0,762.5,740.0,545.0,800.0,700.0,525.0,16.0,25.0,50.0,700.0,700.0,350.0,800.0,800.0,700.0,11200.0,24500.0,21525.0,0.4666666666666667,0.5833333333333334,0.45054945054945056,14.0,35.0,41.0,True,True,True,1,1
52059007,apartamento,2,2.0,6,2,1,50.0,5.0,Centro,5.0,5.0,22.0,52.0,83.0,1005.6206590909093,1004.8107519230769,1004.0501096385543,1000.0,1000.0,1000.0,22.0,52.0,83.0,1000.0,1000.0,1000.0,1012.0714,1012.0714,1012.0714,8000.0,8000.0,8000.0,0.26666666666666666,0.13333333333333333,0.08791208791208792,8.0,8.0,8.0,True,True,True,1,1
821939538006222871,apartamento,2,3.0,6,3,0,0.0,0.0,Morretes,0.0,,,,,,,,,,,,,,,,,,,,,,,,,,,,,,,,0,0
605589358786863903,apartamento,3,3.0,8,3,18,350.0,4.940000057220459,Meia Praia,4.940000057220459,4.940000057220459,,,,,,,,,,,,,,,,,,,,,,,,,,,,,,,0,0
52417933,apartamento,4,4.0,8,5,2,300.0,5.0,Meia Praia,5.0,5.0,,,,,,,,,,,,,,,,,,,,,,,,,,,,,,,0,0
1292189218941126475,apartamento,3,3.0,7,4,0,0.0,0.0,Meia Praia,0.0,,,,,,,,,,,,,,,,,,,,,,,,,,,,,,,,0,0
53772254,apartamento,2,2.0,6,2,7,200.0,4.860000133514404,Morretes,4.860000133514404,4.860000133514404,,,,,,,,,,,,,,,,,,,,,,,,,,,,,,,0,0
1081079396935173040,apartamento,2,1.0,4,0,0,0.0,0.0,Casa Branca,0.0,,,,,,,,,,,,,,,,,,,,,,,,,,,,,,,,0,0
1319790591329298676,casa,3,1.0,10,3,1,0.0,4.0,Morretes,4.0,4.0,,,,,,,,,,,,,,,,,,,,,,,,,,,,,,,0,0
1312462472768874352,apartamento,3,4.0,6,3,0,0.0,0.0,Meia Praia,0.0,,,,,,,,,,,,,,,,,,,,,,,,,,,,,,,,0,0
1033307362565448159,apartamento,3,2.0,8,4,8,0.0,5.0,Meia Praia,5.0,5.0,,,,,,,,,,,,,,,,,,,,,,,,,,,,,,,0,0
12916558,apartamento,2,2.0,6,2,118,150.0,4.96999979019165,Meia Praia,4.96999979019165,4.96999979019165,,,,,,,,,,,,,,,,,,,,,,,,,,,,,,,0,0
1309361779453704730,outros,1,1.0,3,1,0,0.0,0.0,Meia Praia,0.0,,,,,,,,,,,,,,,,,,,,,,,,,,,,,,,,0,0
1270200031368317954,apartamento,2,2.0,6,2,0,280.0,0.0,Meia Praia,0.0,,,,,,,,,,,,,,,,,,,,,,,,,,,,,,,,0,0
42625075,apartamento,3,2.0,8,5,31,200.0,4.769999980926514,Meia Praia,4.769999980926514,4.769999980926514,4.0,27.0,58.0,1200.0,1114.4259259259259,1055.5818965517242,1200.0,1200.0,1000.0,4.0,27.0,58.0,1200.0,1000.0,1000.0,1200.0,1200.0,1134.875,31200.0,39600.0,33000.0,0.8666666666666667,0.55,0.3626373626373626,26.0,33.0,33.0,True,True,True,1,1
46710652,apartamento,3,3.0,9,3,16,250.0,4.940000057220459,Meia Praia,4.940000057220459,4.940000057220459,6.0,36.0,67.0,600.0,634.7222222222222,595.5223880597015,600.0,600.0,550.0,6.0,36.0,67.0,600.0,550.0,550.0,600.0,600.0,600.0,14400.0,14400.0,13200.0,0.8,0.4,0.26373626373626374,24.0,24.0,24.0,True,True,True,1,1
1250588718856817262,apartamento,3,2.0,6,3,2,280.0,5.0,Meia Praia,5.0,5.0,,,,,,,,,,,,,,,,,,,,,,,,,,,,,,,0,0
40209404,apartamento,1,1.0,4,3,373,35.0,4.860000133514404,Centro,4.860000133514404,4.860000133514404,8.0,38.0,69.0,394.0,374.13157894736844,327.6666666666667,381.0,365.0,306.0,8.0,38.0,69.0,377.0,289.875,263.0,395.5,381.0,377.0,8382.0,8030.0,6732.0,0.7333333333333333,0.36666666666666664,0.24175824175824176,22.0,22.0,22.0,True,True,True,1,1
1263661422266747978,apartamento,3,2.0,10,3,0,0.0,0.0,Centro,0.0,,,,,,,,,,,,,,,,,,,,,,,,,,,,,,,,0,0
52758042,apartamento,4,4.0,8,5,1,300.0,5.0,Meia Praia,5.0,5.0,28.0,58.0,89.0,2709.285714285714,2842.5,2897.3595505617977,2690.0,2750.0,3000.0,28.0,58.0,89.0,2690.0,2690.0,2690.0,2750.0,3000.0,3000.0,5380.0,5500.0,6000.0,0.06666666666666667,0.03333333333333333,0.02197802197802198,2.0,2.0,2.0,True,True,True,1,1
837646263953285868,apartamento,2,2.0,7,3,24,250.0,5.0,Meia Praia,5.0,5.0,8.0,27.0,55.0,546.0,529.0117296296296,454.8021218181818,546.0,546.0,400.0,8.0,27.0,55.0,546.0,500.0,374.0,546.0,569.08335,546.0,12012.0,18018.0,14400.0,0.7333333333333333,0.55,0.3956043956043956,22.0,33.0,36.0,True,True,True,1,1
1248668269359700392,apartamento,3,3.0,7,3,0,300.0,0.0,Meia Praia,0.0,,,,,,,,,,,,,,,,,,,,,,,,,,,,,,,,0,0
46724379,apartamento,2,1.0,7,5,55,199.0,4.909999847412109,Meia Praia,4.909999847412109,4.909999847412109,16.0,39.0,65.0,483.78125,451.11538461538464,348.68461538461537,481.0,481.0,263.0,16.0,39.0,65.0,481.0,481.0,170.0,481.0,481.0,481.0,6734.0,10101.0,6838.0,0.4666666666666667,0.35,0.2857142857142857,14.0,21.0,26.0,True,True,True,1,1
1202808115752579073,apartamento,0,1.0,4,1,1,200.0,4.0,Meia Praia,4.0,4.0,,,,,,,,,,,,,,,,,,,,,,,,,,,,,,,0,0
1314645874904397464,casa,2,2.0,4,2,2,100.0,5.0,Alto Sao Bento,5.0,5.0,,,,,,,,,,,,,,,,,,,,,,,,,,,,,,,0,0
40635397,outros,3,2.0,4,3,0,50.0,0.0,Meia Praia,0.0,,,,,,,,,,,,,,,,,,,,,,,,,,,,,,,,0,0
1270636967067286722,apartamento,2,2.0,6,3,2,200.0,5.0,Morretes,5.0,5.0,,,,,,,,,,,,,,,,,,,,,,,,,,,,,,,0,0
1070321901292245151,apartamento,2,1.0,5,2,1,250.0,5.0,Meia Praia,5.0,5.0,,,,,,,,,,,,,,,,,,,,,,,,,,,,,,,0,0
40191152,apartamento,4,5.0,10,4,6,250.0,5.0,Meia Praia,5.0,5.0,,,,,,,,,,,,,,,,,,,,,,,,,,,,,,,0,0
1163078563965434837,apartamento,3,2.0,6,3,0,350.0,0.0,Meia Praia,0.0,,,,,,,,,,,,,,,,,,,,,,,,,,,,,,,,0,0
1274124307205895648,apartamento,4,4.0,14,4,0,400.0,0.0,Meia Praia,0.0,,,,,,,,,,,,,,,,,,,,,,,,,,,,,,,,0,0
1290748904415576815,apartamento,1,1.0,4,2,1,120.0,5.0,Centro,5.0,5.0,,,,,,,,,,,,,,,,,,,,,,,,,,,,,,,0,0
1029597585777872278,outros,1,1.0,8,5,0,400.0,0.0,Meia Praia,0.0,,,,,,,,,,,,,,,,,,,,,,,,,,,,,,,,0,0
1273591253351586030,hotel,2,2.0,4,2,0,200.0,0.0,Meia Praia,0.0,,,,,,,,,,,,,,,,,,,,,,,,,,,,,,,,0,0
1276119476031269336,hotel,1,1.0,2,1,0,0.0,0.0,Ilhota,0.0,,,,,,,,,,,,,,,,,,,,,,,,,,,,,,,,0,0
763580356087428942,apartamento,3,3.0,6,4,0,300.0,0.0,Meia Praia,0.0,,,,,,,,,,,,,,,,,,,,,,,,,,,,,,,,0,0
53472952,apartamento,3,3.0,8,4,1,300.0,5.0,Meia Praia,5.0,5.0,,,,,,,,,,,,,,,,,,,,,,,,,,,,,,,0,0
790006111813482352,apartamento,2,2.0,6,2,8,180.0,5.0,Meia Praia,5.0,5.0,,,,,,,,,,,,,,,,,,,,,,,,,,,,,,,0,0
29302246,apartamento,2,1.0,5,4,56,180.0,4.909999847412109,Casa Branca,4.909999847412109,4.909999847412109,,,,,,,,,,,,,,,,,,,,,,,,,,,,,,,0,0
1060214707285139869,apartamento,3,3.0,6,3,0,0.0,0.0,Meia Praia,0.0,,,,,,,,,,,,,,,,,,,,,,,,,,,,,,,,0,0
1311811615123455309,apartamento,3,3.0,6,4,0,280.0,0.0,Meia Praia,0.0,,,,,,,,,,,,,,,,,,,,,,,,,,,,,,,,0,0
1316959290447974699,apartamento,3,3.0,6,3,0,0.0,0.0,Meia Praia,0.0,,,,,,,,,,,,,,,,,,,,,,,,,,,,,,,,0,0
15484946,apartamento,3,2.0,6,5,7,300.0,4.860000133514404,Meia Praia,4.860000133514404,4.860000133514404,,,,,,,,,,,,,,,,,,,,,,,,,,,,,,,0,0
953787921083237020,apartamento,2,2.0,6,2,1,350.0,3.0,Meia Praia,3.0,3.0,,,,,,,,,,,,,,,,,,,,,,,,,,,,,,,0,0
1225552757674965717,apartamento,0,3.0,7,4,0,350.0,0.0,Meia Praia,0.0,,,,,,,,,,,,,,,,,,,,,,,,,,,,,,,,0,0
1295584527100605957,apartamento,1,1.0,2,1,1,200.0,5.0,Casa Branca,5.0,5.0,,,,,,,,,,,,,,,,,,,,,,,,,,,,,,,0,0
767460583685499400,apartamento,4,5.0,8,4,0,350.0,0.0,Meia Praia,0.0,,,,,,,,,,,,,,,,,,,,,,,,,,,,,,,,0,0
1135613574739937290,apartamento,4,4.0,8,6,2,350.0,5.0,Meia Praia,5.0,5.0,,,,,,,,,,,,,,,,,,,,,,,,,,,,,,,0,0
1264084742447517566,apartamento,4,3.0,10,6,2,350.0,5.0,Meia Praia,5.0,5.0,,,,,,,,,,,,,,,,,,,,,,,,,,,,,,,0,0
1278291694238862649,apartamento,1,1.0,2,1,0,0.0,0.0,Morretes,0.0,,,,,,,,,,,,,,,,,,,,,,,,,,,,,,,,0,0
670854595604806968,apartamento,7,5.0,16,15,8,700.0,4.130000114440918,Meia Praia,4.130000114440918,4.130000114440918,,,,,,,,,,,,,,,,,,,,,,,,,,,,,,,0,0
51683537,apartamento,2,2.0,5,3,22,300.0,5.0,Meia Praia,5.0,5.0,0.0,10.0,28.0,,500.0,435.7142857142857,,500.0,400.0,0.0,10.0,28.0,,500.0,400.0,,500.0,500.0,,25000.0,25200.0,1.0,0.8333333333333334,0.6923076923076923,30.0,50.0,63.0,False,True,True,1,1
51998239,apartamento,2,2.0,6,5,4,270.0,4.75,Meia Praia,4.75,4.75,,,,,,,,,,,,,,,,,,,,,,,,,,,,,,,0,0
1218889785346856352,apartamento,2,2.0,7,5,10,413.0,4.699999809265137,Meia Praia,4.699999809265137,4.699999809265137,,,,,,,,,,,,,,,,,,,,,,,,,,,,,,,0,0
1316195905735253523,apartamento,3,2.0,8,3,0,0.0,0.0,Meia Praia,0.0,,,,,,,,,,,,,,,,,,,,,,,,,,,,,,,,0,0
971842566313878284,apartamento,3,1.0,6,3,6,150.0,5.0,Meia Praia,5.0,5.0,,,,,,,,,,,,,,,,,,,,,,,,,,,,,,,0,0
1295027232705287514,apartamento,2,2.0,4,2,2,0.0,5.0,Meia Praia,5.0,5.0,,,,,,,,,,,,,,,,,,,,,,,,,,,,,,,0,0
780376166619260652,apartamento,3,3.0,6,4,5,250.0,5.0,Meia Praia,5.0,5.0,,,,,,,,,,,,,,,,,,,,,,,,,,,,,,,0,0
892721989592935461,apartamento,2,2.0,6,4,26,220.0,5.0,Centro,5.0,5.0,0.0,20.0,47.0,,405.75,361.6808510638298,,362.5,350.0,0.0,20.0,47.0,,350.0,310.0,,490.0,368.75,,14500.0,15400.0,1.0,0.6666666666666666,0.4835164835164835,30.0,40.0,44.0,False,True,True,1,1
41110950,apartamento,3,2.0,5,3,0,300.0,0.0,Meia Praia,0.0,,,,,,,,,,,,,,,,,,,,,,,,,,,,,,,,0,0
53492577,apartamento,3,2.0,8,3,15,300.0,4.929999828338623,Meia Praia,4.929999828338623,4.929999828338623,,,,,,,,,,,,,,,,,,,,,,,,,,,,,,,0,0
41731856,casa,4,5.0,16,6,6,200.0,4.0,Morretes,4.0,4.0,,,,,,,,,,,,,,,,,,,,,,,,,,,,,,,0,0
759487100003663236,apartamento,3,2.0,8,5,4,300.0,5.0,Meia Praia,5.0,5.0,,,,,,,,,,,,,,,,,,,,,,,,,,,,,,,0,0
828604972098195646,apartamento,2,2.0,6,3,2,0.0,5.0,Morretes,5.0,5.0,,,,,,,,,,,,,,,,,,,,,,,,,,,,,,,0,0
978410400232267791,apartamento,2,2.0,6,4,5,250.0,5.0,Centro,5.0,5.0,,,,,,,,,,,,,,,,,,,,,,,,,,,,,,,0,0
685180289283119897,apartamento,3,3.0,10,5,3,290.0,5.0,Meia Praia,5.0,5.0,,,,,,,,,,,,,,,,,,,,,,,,,,,,,,,0,0
1268126365088141700,casa,5,3.0,10,6,1,0.0,5.0,Ilhota,5.0,5.0,,,,,,,,,,,,,,,,,,,,,,,,,,,,,,,0,0
16570256,apartamento,3,3.0,10,7,13,250.0,4.769999980926514,Meia Praia,4.769999980926514,4.769999980926514,,,,,,,,,,,,,,,,,,,,,,,,,,,,,,,0,0
1282062740450789673,apartamento,1,1.0,4,2,7,200.0,4.860000133514404,Meia Praia,4.860000133514404,4.860000133514404,,,,,,,,,,,,,,,,,,,,,,,,,,,,,,,0,0
1085691112267776871,apartamento,3,2.0,8,5,0,250.0,0.0,Centro,0.0,,,,,,,,,,,,,,,,,,,,,,,,,,,,,,,,0,0
1290814486929381558,apartamento,3,4.0,8,3,1,300.0,5.0,Meia Praia,5.0,5.0,,,,,,,,,,,,,,,,,,,,,,,,,,,,,,,0,0
553003292946748499,apartamento,2,2.0,8,4,2,350.0,4.5,Meia Praia,4.5,4.5,,,,,,,,,,,,,,,,,,,,,,,,,,,,,,,0,0
1063718516191302378,casa,3,3.0,8,3,1,0.0,5.0,Centro,5.0,5.0,,,,,,,,,,,,,,,,,,,,,,,,,,,,,,,0,0
52354467,apartamento,3,2.0,6,3,20,250.0,4.900000095367432,Meia Praia,4.900000095367432,4.900000095367432,1.0,20.0,51.0,668.0,559.5,510.5882352941176,668.0,561.5,450.0,1.0,20.0,51.0,668.0,450.0,450.0,668.0,668.0,561.5,19372.0,22460.0,18000.0,0.9666666666666667,0.6666666666666666,0.43956043956043955,29.0,40.0,40.0,True,True,True,1,1
1234757378137103445,casa,2,1.0,4,2,0,0.0,0.0,Alto Sao Bento,0.0,,,,,,,,,,,,,,,,,,,,,,,,,,,,,,,,0,0
720454649154858775,apartamento,3,1.0,5,4,2,120.0,5.0,Centro,5.0,5.0,,,,,,,,,,,,,,,,,,,,,,,,,,,,,,,0,0
1055009941446428480,apartamento,2,3.0,5,3,0,0.0,0.0,Meia Praia,0.0,,,,,,,,,,,,,,,,,,,,,,,,,,,,,,,,0,0
47816646,apartamento,2,2.0,4,2,19,250.0,4.840000152587891,Ilhota,4.840000152587891,4.840000152587891,,,,,,,,,,,,,,,,,,,,,,,,,,,,,,,0,0
1204248347415248238,apartamento,3,2.0,8,7,0,300.0,0.0,Meia Praia,0.0,,,,,,,,,,,,,,,,,,,,,,,,,,,,,,,,0,0
1218841454732809540,apartamento,4,3.0,8,4,0,400.0,0.0,Meia Praia,0.0,,,,,,,,,,,,,,,,,,,,,,,,,,,,,,,,0,0
42138941,apartamento,2,2.0,4,3,19,150.0,4.949999809265137,Meia Praia,4.949999809265137,4.949999809265137,,,,,,,,,,,,,,,,,,,,,,,,,,,,,,,0,0
674910076938335548,apartamento,3,0.0,8,4,0,0.0,0.0,Meia Praia,0.0,,,,,,,,,,,,,,,,,,,,,,,,,,,,,,,,0,0
41189223,outros,1,1.0,5,4,3,150.0,5.0,Meia Praia,5.0,5.0,,,,,,,,,,,,,,,,,,,,,,,,,,,,,,,0,0
51869457,apartamento,2,2.0,6,2,2,280.0,4.0,Meia Praia,4.0,4.0,,,,,,,,,,,,,,,,,,,,,,,,,,,,,,,0,0
42704327,apartamento,3,3.0,8,5,9,300.0,5.0,Centro,5.0,5.0,24.0,45.0,76.0,1565.25,1392.2555555555555,1113.9934210526317,1471.5,1394.0,859.0,24.0,45.0,76.0,1394.0,1394.0,692.0,1799.0,1799.0,1549.0,8829.0,20910.0,12885.0,0.2,0.25,0.16483516483516483,6.0,15.0,15.0,True,True,True,1,1
1307535773934264183,apartamento,2,2.0,6,4,1,180.0,5.0,Leopoldo Zarling,5.0,5.0,,,,,,,,,,,,,,,,,,,,,,,,,,,,,,,0,0
42013117,apartamento,2,2.0,6,2,20,350.0,5.0,Meia Praia,5.0,5.0,,,,,,,,,,,,,,,,,,,,,,,,,,,,,,,0,0
1004324051500331631,outros,1,1.0,2,1,5,100.0,5.0,Morretes,5.0,5.0,,,,,,,,,,,,,,,,,,,,,,,,,,,,,,,0,0
27981528,apartamento,3,2.0,6,3,138,100.0,4.929999828338623,Casa Branca,4.929999828338623,4.929999828338623,20.0,39.0,46.0,525.0,527.8205128205128,490.10869565217394,500.0,500.0,500.0,20.0,39.0,46.0,500.0,500.0,500.0,500.0,500.0,500.0,5000.0,10500.0,22500.0,0.3333333333333333,0.35,0.4945054945054945,10.0,21.0,45.0,True,True,True,1,1
1302915484972141963,apartamento,3,3.0,8,4,1,300.0,4.0,Meia Praia,4.0,4.0,,,,,,,,,,,,,,,,,,,,,,,,,,,,,,,0,0
21426355,apartamento,3,3.0,10,3,6,320.0,4.5,Meia Praia,4.5,4.5,,,,,,,,,,,,,,,,,,,,,,,,,,,,,,,0,0
52597268,apartamento,2,1.0,6,3,10,250.0,4.5,Meia Praia,4.5,4.5,,,,,,,,,,,,,,,,,,,,,,,,,,,,,,,0,0
1313795256370645827,casa,2,2.0,7,4,0,150.0,0.0,Meia Praia,0.0,,,,,,,,,,,,,,,,,,,,,,,,,,,,,,,,0,0
1184078920130796920,apartamento,2,2.0,4,2,11,290.0,5.0,Morretes,5.0,5.0,10.0,40.0,70.0,407.5,458.8,414.3142857142857,417.5,420.0,407.5,10.0,40.0,70.0,395.0,400.0,300.0,445.5,462.5,450.0,8350.0,8400.0,8557.5,0.6666666666666666,0.3333333333333333,0.23076923076923078,20.0,20.0,21.0,True,True,True,1,0
1302889068864518580,apartamento,1,1.0,2,1,1,100.0,3.0,Meia Praia,3.0,3.0,,,,,,,,,,,,,,,,,,,,,,,,,,,,,,,0,0
811709074422811670,apartamento,3,2.0,8,6,5,280.0,5.0,Meia Praia,5.0,5.0,,,,,,,,,,,,,,,,,,,,,,,,,,,,,,,0,0
1062221285605590578,apartamento,3,3.0,8,4,1,0.0,5.0,Centro,5.0,5.0,5.0,35.0,66.0,700.0,607.8816314285715,557.209956060606,700.0,687.8571,500.0,5.0,35.0,66.0,700.0,500.0,500.0,700.0,700.0,696.964275,17500.0,17196.427499999998,12500.0,0.8333333333333334,0.4166666666666667,0.27472527472527475,25.0,25.0,25.0,True,True,True,1,0
41533462,apartamento,3,3.0,10,6,82,300.0,4.789999961853027,Meia Praia,4.789999961853027,4.789999961853027,,,,,,,,,,,,,,,,,,,,,,,,,,,,,,,0,0
53645678,apartamento,3,2.0,7,5,13,300.0,5.0,Meia Praia,5.0,5.0,0.0,30.0,61.0,,688.8333333333334,740.5737704918033,,695.0,695.0,0.0,30.0,61.0,,610.0,610.0,,770.0,890.0,,20850.0,20850.0,1.0,0.5,0.32967032967032966,30.0,30.0,30.0,False,True,True,1,0
1306809283526305081,casa,1,1.0,2,2,0,0.0,0.0,Centro,0.0,,,,,,,,,,,,,,,,,,,,,,,,,,,,,,,,0,0
47402735,apartamento,2,2.0,6,5,6,610.0,5.0,Centro,5.0,5.0,6.0,35.0,66.0,605.0,517.8485714285714,462.02575757575755,605.0,599.0,399.0,6.0,35.0,66.0,605.0,399.0,399.0,605.0,605.0,599.0,14520.0,14975.0,9975.0,0.8,0.4166666666666667,0.27472527472527475,24.0,25.0,25.0,True,True,True,1,0
1052121945869515435,apartamento,3,4.0,8,4,0,300.0,0.0,Meia Praia,0.0,,,,,,,,,,,,,,,,,,,,,,,,,,,,,,,,0,0
1077492316414499084,apartamento,3,2.0,8,3,1,450.0,5.0,Meia Praia,5.0,5.0,,,,,,,,,,,,,,,,,,,,,,,,,,,,,,,0,0
1304455775789322162,apartamento,3,2.0,8,5,0,300.0,0.0,Centro,0.0,,,,,,,,,,,,,,,,,,,,,,,,,,,,,,,,0,0
833867838148713852,apartamento,3,2.0,7,5,0,350.0,0.0,Meia Praia,0.0,,,,,,,,,,,,,,,,,,,,,,,,,,,,,,,,0,0
946609581890906389,apartamento,3,2.0,7,3,33,270.0,4.909999847412109,Meia Praia,4.909999847412109,4.909999847412109,0.0,6.0,23.0,,467.6666666666667,407.2753626086957,,499.0,394.0,0.0,6.0,23.0,,428.5,385.0,,499.0,405.0,,26946.0,26792.0,1.0,0.9,0.7472527472527473,30.0,54.0,68.0,False,True,True,1,1
1019636890178600089,apartamento,4,4.0,10,4,0,0.0,0.0,Morretes,0.0,,,,,,,,,,,,,,,,,,,,,,,,,,,,,,,,0,0
1084601543056055517,apartamento,4,3.0,12,8,7,400.0,5.0,Meia Praia,5.0,5.0,,,,,,,,,,,,,,,,,,,,,,,,,,,,,,,0,0
1298113105648056650,apartamento,1,1.0,4,3,2,100.0,5.0,Centro,5.0,5.0,,,,,,,,,,,,,,,,,,,,,,,,,,,,,,,0,0
1260256348738959140,apartamento,2,2.0,6,2,1,150.0,5.0,Meia Praia,5.0,5.0,,,,,,,,,,,,,,,,,,,,,,,,,,,,,,,0,0
1243536832385601423,apartamento,5,6.0,14,9,1,500.0,5.0,Meia Praia,5.0,5.0,,,,,,,,,,,,,,,,,,,,,,,,,,,,,,,0,0
996665133267528543,apartamento,2,2.0,8,4,2,300.0,5.0,Meia Praia,5.0,5.0,,,,,,,,,,,,,,,,,,,,,,,,,,,,,,,0,0
1021217453140595481,hotel,1,1.0,4,3,12,140.0,5.0,Meia Praia,5.0,5.0,,,,,,,,,,,,,,,,,,,,,,,,,,,,,,,0,0
1301015174730972466,apartamento,3,2.0,7,3,3,200.0,5.0,Morretes,5.0,5.0,,,,,,,,,,,,,,,,,,,,,,,,,,,,,,,0,0
1052110098791057231,apartamento,2,2.0,6,2,8,362.0,4.630000114440918,Meia Praia,4.630000114440918,4.630000114440918,0.0,1.0,22.0,,935.0,671.0,,935.0,471.0,0.0,1.0,22.0,,935.0,471.0,,935.0,523.0,,55165.0,32499.0,1.0,0.9833333333333333,0.7582417582417582,30.0,59.0,69.0,False,True,True,1,1
983201825098689552,apartamento,2,2.0,6,2,0,250.0,0.0,Meia Praia,0.0,,,,,,,,,,,,,,,,,,,,,,,,,,,,,,,,0,0
1188639812430682567,apartamento,4,3.0,15,5,0,480.0,0.0,Meia Praia,0.0,,,,,,,,,,,,,,,,,,,,,,,,,,,,,,,,0,0
845479200444650654,apartamento,2,2.0,4,2,1,300.0,3.0,Meia Praia,3.0,3.0,,,,,,,,,,,,,,,,,,,,,,,,,,,,,,,0,0
997133250166986381,apartamento,3,3.0,8,4,1,250.0,5.0,Meia Praia,5.0,5.0,,,,,,,,,,,,,,,,,,,,,,,,,,,,,,,0,0
831740758559247685,apartamento,3,2.0,5,5,21,350.0,5.0,Meia Praia,5.0,5.0,0.0,23.0,34.0,,810.5217391304348,807.1176470588235,,800.0,800.0,0.0,23.0,34.0,,800.0,800.0,,804.0,800.0,,29600.0,45600.0,1.0,0.6166666666666667,0.6263736263736264,30.0,37.0,57.0,False,True,True,1,1
31692474,apartamento,2,3.0,6,4,9,0.0,4.78000020980835,Meia Praia,4.78000020980835,4.78000020980835,,,,,,,,,,,,,,,,,,,,,,,,,,,,,,,0,0
1320242771907724121,apartamento,2,2.0,5,3,0,250.0,0.0,Meia Praia,0.0,,,,,,,,,,,,,,,,,,,,,,,,,,,,,,,,0,0
1032603633256981746,apartamento,2,2.0,6,2,5,200.0,5.0,Meia Praia,5.0,5.0,,,,,,,,,,,,,,,,,,,,,,,,,,,,,,,0,0
1321714725559830637,casa,2,1.0,6,2,0,0.0,0.0,Alto Sao Bento,0.0,,,,,,,,,,,,,,,,,,,,,,,,,,,,,,,,0,0
915147039928102783,apartamento,3,4.0,8,3,2,300.0,5.0,Centro,5.0,5.0,,,,,,,,,,,,,,,,,,,,,,,,,,,,,,,0,0
40320100,apartamento,2,2.0,5,4,25,0.0,4.960000038146973,Morretes,4.960000038146973,4.960000038146973,16.0,46.0,75.0,750.78125625,753.7282586956522,783.2199986666666,747.0,747.0,760.8333,16.0,46.0,75.0,747.0,747.0,747.0,747.0,760.8333,830.0,10458.0,10458.0,12173.3328,0.4666666666666667,0.23333333333333334,0.17582417582417584,14.0,14.0,16.0,True,True,True,1,0
1257288079722843094,apartamento,3,2.0,8,3,4,200.0,4.75,Centro,4.75,4.75,,,,,,,,,,,,,,,,,,,,,,,,,,,,,,,0,0
1252064295819794717,apartamento,3,1.0,8,5,1,300.0,5.0,Meia Praia,5.0,5.0,,,,,,,,,,,,,,,,,,,,,,,,,,,,,,,0,0
1267324968498300527,apartamento,3,4.0,8,3,1,250.0,5.0,Meia Praia,5.0,5.0,,,,,,,,,,,,,,,,,,,,,,,,,,,,,,,0,0
47778811,casa,2,1.0,4,4,2,0.0,5.0,Centro,5.0,5.0,,,,,,,,,,,,,,,,,,,,,,,,,,,,,,,0,0
1263718185850976352,apartamento,2,2.0,5,2,4,225.0,5.0,Morretes,5.0,5.0,,,,,,,,,,,,,,,,,,,,,,,,,,,,,,,0,0
1245608341070665271,outros,1,1.0,2,2,4,0.0,5.0,Meia Praia,5.0,5.0,,,,,,,,,,,,,,,,,,,,,,,,,,,,,,,0,0
16350860,apartamento,2,2.0,5,2,10,230.0,4.900000095367432,Meia Praia,4.900000095367432,4.900000095367432,16.0,34.0,65.0,683.6875,671.9338235294117,603.9346153846154,690.0,683.5,653.0,16.0,34.0,65.0,670.75,640.0,490.0,690.0,690.0,690.0,9660.0,17771.0,16978.0,0.4666666666666667,0.43333333333333335,0.2857142857142857,14.0,26.0,26.0,True,True,True,1,0
1295166056999070487,apartamento,3,4.0,9,4,0,350.0,0.0,Meia Praia,0.0,,,,,,,,,,,,,,,,,,,,,,,,,,,,,,,,0,0
1038507931322981252,apartamento,3,3.0,6,3,1,200.0,5.0,Meia Praia,5.0,5.0,,,,,,,,,,,,,,,,,,,,,,,,,,,,,,,0,0
1321724828933253635,casa,2,2.0,8,2,0,0.0,0.0,Sertao do Trombudo,0.0,,,,,,,,,,,,,,,,,,,,,,,,,,,,,,,,0,0
1235684940858034080,apartamento,2,2.0,4,3,1,200.0,5.0,Morretes,5.0,5.0,,,,,,,,,,,,,,,,,,,,,,,,,,,,,,,0,0
774893767784499277,apartamento,6,4.0,16,10,2,550.0,5.0,Meia Praia,5.0,5.0,,,,,,,,,,,,,,,,,,,,,,,,,,,,,,,0,0
1258033050318022499,apartamento,3,2.0,9,6,0,250.0,0.0,Meia Praia,0.0,,,,,,,,,,,,,,,,,,,,,,,,,,,,,,,,0,0
1307414210396035125,apartamento,1,1.0,4,2,1,150.0,5.0,Centro,5.0,5.0,,,,,,,,,,,,,,,,,,,,,,,,,,,,,,,0,0
1233428779577247122,apartamento,3,4.0,6,3,1,500.0,5.0,Meia Praia,5.0,5.0,,,,,,,,,,,,,,,,,,,,,,,,,,,,,,,0,0
791311171339807347,casa,3,2.0,8,4,0,250.0,0.0,Canto da Praia,0.0,,,,,,,,,,,,,,,,,,,,,,,,,,,,,,,,0,0
4334911,apartamento,2,2.0,5,4,6,190.0,4.5,Meia Praia,4.5,4.5,,,,,,,,,,,,,,,,,,,,,,,,,,,,,,,0,0
1320401171074397678,casa,4,3.0,8,6,0,200.0,0.0,Meia Praia,0.0,,,,,,,,,,,,,,,,,,,,,,,,,,,,,,,,0,0
1198703061430420363,apartamento,1,1.0,4,2,11,200.0,5.0,Centro,5.0,5.0,0.0,9.0,40.0,,259.22222222222223,374.7,,257.0,285.5,0.0,9.0,40.0,,254.0,253.0,,265.0,500.0,,13107.0,14560.5,1.0,0.85,0.5604395604395604,30.0,51.0,51.0,False,True,True,1,1
1099861730076178991,outros,1,2.0,4,5,3,150.0,4.670000076293945,Meia Praia,4.670000076293945,4.670000076293945,,,,,,,,,,,,,,,,,,,,,,,,,,,,,,,0,0
750727216214250664,apartamento,2,1.0,5,4,8,200.0,4.880000114440918,Casa Branca,4.880000114440918,4.880000114440918,,,,,,,,,,,,,,,,,,,,,,,,,,,,,,,0,0
53659639,apartamento,3,2.0,6,3,13,380.0,4.920000076293945,Ilhota,4.920000076293945,4.920000076293945,,,,,,,,,,,,,,,,,,,,,,,,,,,,,,,0,0
49458831,apartamento,3,4.0,8,3,3,350.0,4.670000076293945,Meia Praia,4.670000076293945,4.670000076293945,,,,,,,,,,,,,,,,,,,,,,,,,,,,,,,0,0
1297995073731505987,apartamento,2,2.0,4,2,1,350.0,5.0,Meia Praia,5.0,5.0,,,,,,,,,,,,,,,,,,,,,,,,,,,,,,,0,0
1310723768119397365,apartamento,2,2.0,5,4,1,0.0,5.0,Meia Praia,5.0,5.0,,,,,,,,,,,,,,,,,,,,,,,,,,,,,,,0,0
824505899246109397,apartamento,1,1.0,4,2,1,200.0,5.0,Meia Praia,5.0,5.0,,,,,,,,,,,,,,,,,,,,,,,,,,,,,,,0,0
1293790445530578814,apartamento,3,3.0,7,3,1,230.0,5.0,Meia Praia,5.0,5.0,,,,,,,,,,,,,,,,,,,,,,,,,,,,,,,0,0
1236346204565200349,apartamento,2,3.0,6,2,2,300.0,5.0,Centro,5.0,5.0,,,,,,,,,,,,,,,,,,,,,,,,,,,,,,,0,0
1322385498684680916,apartamento,3,3.0,8,3,0,380.0,0.0,Meia Praia,0.0,,,,,,,,,,,,,,,,,,,,,,,,,,,,,,,,0,0
1057414783406807449,apartamento,3,3.0,7,4,1,350.0,5.0,Meia Praia,5.0,5.0,,,,,,,,,,,,,,,,,,,,,,,,,,,,,,,0,0
1282577030741754149,apartamento,1,1.0,2,1,7,150.0,4.139999866485596,Centro,4.139999866485596,4.139999866485596,10.0,36.0,67.0,367.55,400.1851861111111,401.4427865671642,385.0,394.25,385.0,10.0,36.0,67.0,333.25,363.0,372.0,390.625,446.0,419.0,7700.0,9462.0,9240.0,0.6666666666666666,0.4,0.26373626373626374,20.0,24.0,24.0,True,True,True,1,1
1193491060115853150,apartamento,2,2.0,8,5,0,600.0,0.0,Meia Praia,0.0,,,,,,,,,,,,,,,,,,,,,,,,,,,,,,,,0,0
32020999,apartamento,3,2.0,10,4,0,250.0,0.0,Centro,0.0,,,,,,,,,,,,,,,,,,,,,,,,,,,,,,,,0,0
976232490273870209,outros,1,1.0,4,2,1,0.0,5.0,Centro,5.0,5.0,,,,,,,,,,,,,,,,,,,,,,,,,,,,,,,0,0
1059695717144462622,apartamento,1,1.0,3,1,0,250.0,0.0,Centro,0.0,,,,,,,,,,,,,,,,,,,,,,,,,,,,,,,,0,0
818736543411409913,apartamento,3,3.0,6,3,2,0.0,5.0,Morretes,5.0,5.0,,,,,,,,,,,,,,,,,,,,,,,,,,,,,,,0,0
1041978576015060383,apartamento,2,2.0,4,3,10,250.0,5.0,Tabuleiro dos Oliveiras,5.0,5.0,,,,,,,,,,,,,,,,,,,,,,,,,,,,,,,0,0
1075327663234880571,casa,4,3.0,10,4,0,250.0,0.0,Meia Praia,0.0,,,,,,,,,,,,,,,,,,,,,,,,,,,,,,,,0,0
40969000,apartamento,3,2.0,6,3,5,320.0,4.800000190734863,Morretes,4.800000190734863,4.800000190734863,,,,,,,,,,,,,,,,,,,,,,,,,,,,,,,0,0
834894088253940194,outros,1,1.0,2,1,6,70.0,5.0,Centro,5.0,5.0,,,,,,,,,,,,,,,,,,,,,,,,,,,,,,,0,0
53498029,apartamento,2,1.0,5,5,9,200.0,4.78000020980835,Meia Praia,4.78000020980835,4.78000020980835,,,,,,,,,,,,,,,,,,,,,,,,,,,,,,,0,0
1293423265067963095,apartamento,3,2.0,10,3,0,0.0,0.0,Meia Praia,0.0,,,,,,,,,,,,,,,,,,,,,,,,,,,,,,,,0,0
801271167231006592,apartamento,2,2.0,6,2,17,300.0,4.940000057220459,Meia Praia,4.940000057220459,4.940000057220459,0.0,3.0,34.0,,263.0,254.1666664705882,,263.0,250.0,0.0,3.0,34.0,,263.0,250.0,,263.0,262.75,,14991.0,14250.0,1.0,0.95,0.6263736263736264,30.0,57.0,57.0,False,True,True,1,1
53673395,apartamento,2,1.0,5,3,7,230.0,4.860000133514404,Meia Praia,4.860000133514404,4.860000133514404,,,,,,,,,,,,,,,,,,,,,,,,,,,,,,,0,0
41132407,apartamento,3,4.0,8,3,5,300.0,4.0,Meia Praia,4.0,4.0,,,,,,,,,,,,,,,,,,,,,,,,,,,,,,,0,0
38638326,apartamento,3,3.0,6,4,106,300.0,4.980000019073486,Meia Praia,4.980000019073486,4.980000019073486,7.0,34.0,65.0,717.0238142857143,722.2990205882353,627.6333338461538,717.5,675.0,607.75,7.0,34.0,65.0,705.0,626.3125,495.0,730.83335,724.375025,675.0,16502.5,17550.0,15801.5,0.7666666666666667,0.43333333333333335,0.2857142857142857,23.0,26.0,26.0,True,True,True,1,1
818022189335953041,apartamento,3,2.0,8,5,0,300.0,0.0,Meia Praia,0.0,,,,,,,,,,,,,,,,,,,,,,,,,,,,,,,,0,0
1312945995548248214,apartamento,3,2.0,6,3,0,200.0,0.0,Meia Praia,0.0,,,,,,,,,,,,,,,,,,,,,,,,,,,,,,,,0,0
1317427472349939673,casa,3,2.0,9,5,0,0.0,0.0,Centro,0.0,,,,,,,,,,,,,,,,,,,,,,,,,,,,,,,,0,0
1053008149558341270,apartamento,2,1.0,6,4,3,250.0,4.329999923706055,Meia Praia,4.329999923706055,4.329999923706055,,,,,,,,,,,,,,,,,,,,,,,,,,,,,,,0,0
1310198838605428702,apartamento,3,2.0,8,6,1,300.0,5.0,Meia Praia,5.0,5.0,,,,,,,,,,,,,,,,,,,,,,,,,,,,,,,0,0
1049326819777203032,apartamento,1,1.0,4,1,3,200.0,4.0,Meia Praia,4.0,4.0,,,,,,,,,,,,,,,,,,,,,,,,,,,,,,,0,0
1285210356898297607,outros,1,2.0,6,1,2,0.0,4.5,Meia Praia,4.5,4.5,,,,,,,,,,,,,,,,,,,,,,,,,,,,,,,0,0
47438974,apartamento,3,3.0,7,3,12,350.0,4.670000076293945,Meia Praia,4.670000076293945,4.670000076293945,,,,,,,,,,,,,,,,,,,,,,,,,,,,,,,0,0
53605382,apartamento,4,3.0,7,5,66,300.0,4.920000076293945,Centro,4.920000076293945,4.920000076293945,,,,,,,,,,,,,,,,,,,,,,,,,,,,,,,0,0
40029462,apartamento,3,4.0,8,3,0,350.0,0.0,Meia Praia,0.0,,,,,,,,,,,,,,,,,,,,,,,,,,,,,,,,0,0
1293504480087014303,outros,1,1.0,2,1,2,0.0,4.5,Meia Praia,4.5,4.5,,,,,,,,,,,,,,,,,,,,,,,,,,,,,,,0,0
50126529,apartamento,2,2.0,6,2,0,200.0,0.0,Meia Praia,0.0,,,,,,,,,,,,,,,,,,,,,,,,,,,,,,,,0,0
1132715317119729762,apartamento,3,2.0,10,0,0,700.0,0.0,Meia Praia,0.0,,,,,,,,,,,,,,,,,,,,,,,,,,,,,,,,0,0
1036076122797230041,apartamento,3,2.0,6,3,2,350.0,5.0,Meia Praia,5.0,5.0,,,,,,,,,,,,,,,,,,,,,,,,,,,,,,,0,0
1041940042061951082,apartamento,2,1.0,8,6,5,250.0,4.599999904632568,Centro,4.599999904632568,4.599999904632568,,,,,,,,,,,,,,,,,,,,,,,,,,,,,,,0,0
1261881302898817783,apartamento,2,2.0,6,2,1,250.0,5.0,Morretes,5.0,5.0,,,,,,,,,,,,,,,,,,,,,,,,,,,,,,,0,0
52060773,casa,2,1.0,6,5,0,250.0,0.0,Morretes,0.0,,,,,,,,,,,,,,,,,,,,,,,,,,,,,,,,0,0
986229158443814071,hotel,3,2.0,8,3,0,575.0,0.0,Meia Praia,0.0,,,,,,,,,,,,,,,,,,,,,,,,,,,,,,,,0,0
1002236089961478005,apartamento,4,3.0,6,4,1,250.0,5.0,Meia Praia,5.0,5.0,,,,,,,,,,,,,,,,,,,,,,,,,,,,,,,0,0
1281869517160680829,apartamento,3,2.0,8,4,0,0.0,0.0,Meia Praia,0.0,,,,,,,,,,,,,,,,,,,,,,,,,,,,,,,,0,0
52646204,apartamento,4,4.0,10,6,12,250.0,5.0,Meia Praia,5.0,5.0,5.0,35.0,66.0,1037.2,1064.4571428571428,965.0151515151515,999.0,999.0,899.0,5.0,35.0,66.0,999.0,899.0,899.0,999.0,999.0,999.0,24975.0,24975.0,22475.0,0.8333333333333334,0.4166666666666667,0.27472527472527475,25.0,25.0,25.0,True,True,True,1,1
1030509452142976566,apartamento,1,1.0,3,2,1,100.0,5.0,Casa Branca,5.0,5.0,,,,,,,,,,,,,,,,,,,,,,,,,,,,,,,0,0
1070904323883025927,apartamento,3,2.0,6,3,0,0.0,0.0,Meia Praia,0.0,,,,,,,,,,,,,,,,,,,,,,,,,,,,,,,,0,0
37208458,outros,1,1.0,2,1,3,150.0,4.670000076293945,Centro,4.670000076293945,4.670000076293945,,,,,,,,,,,,,,,,,,,,,,,,,,,,,,,0,0
1050222799566539931,apartamento,3,2.0,8,3,5,300.0,5.0,Meia Praia,5.0,5.0,,,,,,,,,,,,,,,,,,,,,,,,,,,,,,,0,0
1322499716276784108,apartamento,3,2.0,7,5,0,0.0,0.0,Meia Praia,0.0,,,,,,,,,,,,,,,,,,,,,,,,,,,,,,,,0,0
40560834,apartamento,2,2.0,9,7,293,60.0,4.860000133514404,Centro,4.860000133514404,4.860000133514404,13.0,43.0,73.0,869.4615384615385,781.3759697674419,669.9383561643835,811.0,800.0,558.0,13.0,43.0,73.0,800.0,558.0,500.0,945.0,907.0,800.0,13787.0,13600.0,10044.0,0.5666666666666667,0.2833333333333333,0.1978021978021978,17.0,17.0,18.0,True,True,True,1,1
1321267864417287720,apartamento,3,2.0,8,3,0,350.0,0.0,Meia Praia,0.0,,,,,,,,,,,,,,,,,,,,,,,,,,,,,,,,0,0
52469454,apartamento,3,3.0,8,3,9,350.0,4.78000020980835,Meia Praia,4.78000020980835,4.78000020980835,,,,,,,,,,,,,,,,,,,,,,,,,,,,,,,0,0
8753204,casa,1,1.0,5,3,78,185.0,4.940000057220459,Canto da Praia,4.940000057220459,4.940000057220459,,,,,,,,,,,,,,,,,,,,,,,,,,,,,,,0,0
41310506,apartamento,1,4.0,10,3,0,0.0,0.0,Meia Praia,0.0,,,,,,,,,,,,,,,,,,,,,,,,,,,,,,,,0,0
1002366861944342964,apartamento,4,3.0,10,8,0,290.0,0.0,Meia Praia,0.0,,,,,,,,,,,,,,,,,,,,,,,,,,,,,,,,0,0
1208704132667695539,apartamento,1,1.0,2,1,0,170.0,0.0,Centro,0.0,,30.0,60.0,91.0,575.2166666666667,599.275,587.7417582417582,566.0,572.0,564.0,30.0,60.0,91.0,564.0,564.0,564.0,581.875,603.5,594.0,0.0,0.0,0.0,0.0,0.0,0.0,0.0,0.0,0.0,True,True,True,1,1
1045459185575382038,apartamento,2,2.0,5,2,15,200.0,5.0,Morretes,5.0,5.0,28.0,58.0,89.0,569.2857142857143,584.6551724137931,515.2808988764045,580.0,580.0,450.0,28.0,58.0,89.0,550.0,475.0,450.0,580.0,580.0,580.0,1160.0,1160.0,900.0,0.06666666666666667,0.03333333333333333,0.02197802197802198,2.0,2.0,2.0,True,True,True,1,1
53669499,apartamento,3,3.0,6,3,58,200.0,4.900000095367432,Meia Praia,4.900000095367432,4.900000095367432,30.0,59.0,59.0,543.0,543.0,543.0,543.0,543.0,543.0,30.0,59.0,59.0,543.0,543.0,543.0,543.0,543.0,543.0,0.0,543.0,17376.0,0.0,0.016666666666666666,0.3516483516483517,0.0,1.0,32.0,True,True,True,1,1
1023056185859448284,apartamento,1,1.0,4,1,3,200.0,5.0,Meia Praia,5.0,5.0,,,,,,,,,,,,,,,,,,,,,,,,,,,,,,,0,0
48237766,apartamento,3,2.0,6,3,3,380.0,5.0,Meia Praia,5.0,5.0,,,,,,,,,,,,,,,,,,,,,,,,,,,,,,,0,0
779185345285397997,apartamento,4,3.0,7,4,2,0.0,4.5,Centro,4.5,4.5,,,,,,,,,,,,,,,,,,,,,,,,,,,,,,,0,0
862330712753319323,apartamento,3,3.0,10,3,0,350.0,0.0,Meia Praia,0.0,,,,,,,,,,,,,,,,,,,,,,,,,,,,,,,,0,0
21607605,apartamento,4,3.0,11,5,13,300.0,4.849999904632568,Meia Praia,4.849999904632568,4.849999904632568,2.0,19.0,47.0,975.0,969.3333315789473,779.0921978723404,975.0,952.5,650.0,2.0,19.0,47.0,962.5,761.75,650.0,987.5,1200.0,895.66665,27300.0,39052.5,28600.0,0.9333333333333333,0.6833333333333333,0.4835164835164835,28.0,41.0,44.0,True,True,True,1,0
1305300195228438309,outros,1,1.0,3,2,4,50.0,5.0,Meia Praia,5.0,5.0,,,,,,,,,,,,,,,,,,,,,,,,,,,,,,,0,0
54058056,apartamento,2,2.0,7,2,1,250.0,5.0,Morretes,5.0,5.0,,,,,,,,,,,,,,,,,,,,,,,,,,,,,,,0,0
1281343553476595754,apartamento,4,4.0,12,8,0,400.0,0.0,Meia Praia,0.0,,,,,,,,,,,,,,,,,,,,,,,,,,,,,,,,0,0
721635424816164605,apartamento,3,4.0,8,3,14,310.0,5.0,Meia Praia,5.0,5.0,0.0,21.0,52.0,,755.0,753.0192288461537,,760.0,750.0,0.0,21.0,52.0,,746.6667,740.0,,760.0,760.0,,29640.0,29250.0,1.0,0.65,0.42857142857142855,30.0,39.0,39.0,False,True,True,1,1
986217694270946924,apartamento,1,2.0,8,6,5,250.0,5.0,Meia Praia,5.0,5.0,,,,,,,,,,,,,,,,,,,,,,,,,,,,,,,0,0
40438783,casa,3,2.0,8,3,0,250.0,0.0,Alto Sao Bento,0.0,,,,,,,,,,,,,,,,,,,,,,,,,,,,,,,,0,0
31284638,apartamento,3,0.0,8,3,21,300.0,5.0,Centro,5.0,5.0,9.0,20.0,40.0,1093.3333333333333,1036.5,868.25,990.0,990.0,845.0,9.0,20.0,40.0,990.0,990.0,700.0,1300.0,990.0,990.0,20790.0,39600.0,43095.0,0.7,0.6666666666666666,0.5604395604395604,21.0,40.0,51.0,True,True,True,1,1
1254225649735122492,apartamento,2,1.0,6,4,1,0.0,5.0,Meia Praia,5.0,5.0,,,,,,,,,,,,,,,,,,,,,,,,,,,,,,,0,0
1182694533857824250,apartamento,3,3.0,7,4,0,400.0,0.0,Meia Praia,0.0,,,,,,,,,,,,,,,,,,,,,,,,,,,,,,,,0,0
46036384,apartamento,2,2.0,6,3,51,150.0,4.920000076293945,Morretes,4.920000076293945,4.920000076293945,12.0,24.0,55.0,390.5,365.0833333333333,346.3818181818182,354.0,345.0,330.0,12.0,24.0,55.0,345.0,340.0,330.0,420.75,352.875,348.25,6372.0,12420.0,11880.0,0.6,0.6,0.3956043956043956,18.0,36.0,36.0,True,True,True,1,1
53717416,apartamento,3,2.0,6,3,34,484.0,4.5,Meia Praia,4.5,4.5,0.0,29.0,60.0,,705.8793103448276,648.225,,693.0,545.0,0.0,29.0,60.0,,545.0,523.0,,804.0,736.5,,21483.0,16895.0,1.0,0.5166666666666667,0.34065934065934067,30.0,31.0,31.0,False,True,True,1,1
21324331,apartamento,2,1.0,6,4,195,100.0,4.900000095367432,Meia Praia,4.900000095367432,4.900000095367432,9.0,21.0,25.0,758.8888888888889,900.8095238095239,837.16,810.0,986.0,810.0,9.0,21.0,25.0,695.0,810.0,695.0,810.0,1109.0,986.0,17010.0,38454.0,53460.0,0.7,0.65,0.7252747252747253,21.0,39.0,66.0,True,True,True,1,1
1005318923013871091,apartamento,3,2.0,8,5,0,280.0,0.0,Meia Praia,0.0,,,,,,,,,,,,,,,,,,,,,,,,,,,,,,,,0,0
27022969,apartamento,4,4.0,8,6,2,365.0,5.0,Meia Praia,5.0,5.0,29.0,47.0,47.0,1450.0,1502.127659574468,1502.127659574468,1450.0,1450.0,1450.0,29.0,47.0,47.0,1450.0,1450.0,1450.0,1450.0,1450.0,1450.0,1450.0,18850.0,63800.0,0.03333333333333333,0.21666666666666667,0.4835164835164835,1.0,13.0,44.0,True,True,True,1,1
782548209247570691,apartamento,3,3.0,8,6,32,300.0,4.940000057220459,Meia Praia,4.940000057220459,4.940000057220459,8.0,20.0,51.0,900.0,790.0,656.8627450980392,900.0,700.0,700.0,8.0,20.0,51.0,900.0,700.0,500.0,900.0,900.0,700.0,19800.0,28000.0,28000.0,0.7333333333333333,0.6666666666666666,0.43956043956043955,22.0,40.0,40.0,True,True,True,1,1
784842998263544489,outros,1,1.0,2,1,7,50.0,5.0,Meia Praia,5.0,5.0,,,,,,,,,,,,,,,,,,,,,,,,,,,,,,,0,0
1120353092365123845,apartamento,3,4.0,7,5,0,300.0,0.0,Meia Praia,0.0,,,,,,,,,,,,,,,,,,,,,,,,,,,,,,,,0,0
799251513158018593,apartamento,3,2.0,6,4,26,250.0,4.960000038146973,Morretes,4.960000038146973,4.960000038146973,0.0,20.0,51.0,,552.0,520.3921568627451,,500.0,500.0,0.0,20.0,51.0,,500.0,500.0,,500.0,500.0,,20000.0,20000.0,1.0,0.6666666666666666,0.43956043956043955,30.0,40.0,40.0,False,True,True,1,1
1153552657765472365,apartamento,2,2.0,4,3,5,324.0,5.0,Centro,5.0,5.0,3.0,14.0,35.0,471.0,436.92857142857144,390.9880954285714,471.0,462.25,337.75,3.0,14.0,35.0,470.5,346.1875,327.625,471.5,495.25,470.5,12717.0,21263.5,18914.0,0.9,0.7666666666666667,0.6153846153846154,27.0,46.0,56.0,True,True,True,1,1
1148360450191371304,outros,10,9.0,2,0,0,0.0,0.0,Meia Praia,0.0,,,,,,,,,,,,,,,,,,,,,,,,,,,,,,,,0,0
1298089208997497330,apartamento,3,1.0,8,1,0,400.0,0.0,Centro,0.0,,,,,,,,,,,,,,,,,,,,,,,,,,,,,,,,0,0
1285674054114767622,apartamento,3,3.0,8,3,0,0.0,0.0,Meia Praia,0.0,,,,,,,,,,,,,,,,,,,,,,,,,,,,,,,,0,0
53076658,casa,3,1.0,8,4,0,180.0,0.0,Varzea,0.0,,,,,,,,,,,,,,,,,,,,,,,,,,,,,,,,0,0
1318312639932328514,apartamento,2,2.0,6,2,0,400.0,0.0,Centro,0.0,,,,,,,,,,,,,,,,,,,,,,,,,,,,,,,,0,0
633809099013662442,apartamento,3,2.0,7,3,40,250.0,4.980000019073486,Meia Praia,4.980000019073486,4.980000019073486,3.0,14.0,42.0,600.0,525.0,454.76190476190476,600.0,525.0,450.0,3.0,14.0,42.0,600.0,450.0,400.0,600.0,600.0,450.0,16200.0,24150.0,22050.0,0.9,0.7666666666666667,0.5384615384615384,27.0,46.0,49.0,True,True,True,1,1
47468878,apartamento,4,3.0,8,4,0,300.0,0.0,Meia Praia,0.0,,,,,,,,,,,,,,,,,,,,,,,,,,,,,,,,0,0
48719693,apartamento,2,2.0,6,3,8,300.0,4.880000114440918,Meia Praia,4.880000114440918,4.880000114440918,,,,,,,,,,,,,,,,,,,,,,,,,,,,,,,0,0
1306545959582020873,casa,0,0.0,14,5,0,0.0,0.0,Alto Sao Bento,0.0,,,,,,,,,,,,,,,,,,,,,,,,,,,,,,,,0,0
1139831117529014384,apartamento,3,2.0,6,4,11,220.0,5.0,Tabuleiro dos Oliveiras,5.0,5.0,17.0,47.0,78.0,611.0,638.0,582.2564102564103,611.0,611.0,530.0,17.0,47.0,78.0,611.0,530.0,492.5,611.0,611.0,611.0,7943.0,7943.0,6890.0,0.43333333333333335,0.21666666666666667,0.14285714285714285,13.0,13.0,13.0,True,True,True,1,1
708045427082372124,apartamento,2,2.0,5,3,8,250.0,5.0,Centro,5.0,5.0,30.0,60.0,91.0,1250.0,1254.0666666666666,1258.043956043956,1250.0,1250.0,1250.0,30.0,60.0,91.0,1250.0,1250.0,1250.0,1250.0,1250.0,1250.0,0.0,0.0,0.0,0.0,0.0,0.0,0.0,0.0,0.0,True,True,True,1,1
1213824251801309412,apartamento,3,3.0,6,4,6,456.0,4.5,Meia Praia,4.5,4.5,9.0,39.0,70.0,1102.6666666666667,1127.128205128205,1063.9714285714285,1056.0,1056.0,941.0,9.0,39.0,70.0,1056.0,941.0,889.0,1056.0,1265.5,1157.125,22176.0,22176.0,19761.0,0.7,0.35,0.23076923076923078,21.0,21.0,21.0,True,True,True,1,1
1313121404040146831,apartamento,3,2.0,8,4,0,0.0,0.0,Meia Praia,0.0,,,,,,,,,,,,,,,,,,,,,,,,,,,,,,,,0,0
1084956409800718038,apartamento,2,2.0,6,3,0,0.0,0.0,Meia Praia,0.0,,,,,,,,,,,,,,,,,,,,,,,,,,,,,,,,0,0
988202244677112791,apartamento,2,2.0,8,4,1,280.0,5.0,Meia Praia,5.0,5.0,,,,,,,,,,,,,,,,,,,,,,,,,,,,,,,0,0
16433733,apartamento,3,2.0,7,3,10,180.0,4.099999904632568,Meia Praia,4.099999904632568,4.099999904632568,,,,,,,,,,,,,,,,,,,,,,,,,,,,,,,0,0
1260119534147831091,outros,1,0.0,2,1,2,50.0,5.0,Morretes,5.0,5.0,,,,,,,,,,,,,,,,,,,,,,,,,,,,,,,0,0
730934848762809144,apartamento,4,3.0,9,5,3,500.0,4.670000076293945,Meia Praia,4.670000076293945,4.670000076293945,,,,,,,,,,,,,,,,,,,,,,,,,,,,,,,0,0
1254096741071252185,apartamento,3,2.0,6,3,0,250.0,0.0,Centro,0.0,,,,,,,,,,,,,,,,,,,,,,,,,,,,,,,,0,0
558481029019897262,casa,3,2.0,16,8,0,150.0,0.0,Morretes,0.0,,,,,,,,,,,,,,,,,,,,,,,,,,,,,,,,0,0
745572996552080346,apartamento,3,2.0,8,3,2,200.0,5.0,Centro,5.0,5.0,,,,,,,,,,,,,,,,,,,,,,,,,,,,,,,0,0
45910811,apartamento,4,6.0,9,7,0,350.0,0.0,Centro,0.0,,,,,,,,,,,,,,,,,,,,,,,,,,,,,,,,0,0
1074579695311638969,apartamento,2,2.0,10,5,2,400.0,5.0,Centro,5.0,5.0,,,,,,,,,,,,,,,,,,,,,,,,,,,,,,,0,0
769389251553220948,apartamento,2,2.0,6,5,22,250.0,4.820000171661377,Meia Praia,4.820000171661377,4.820000171661377,,,,,,,,,,,,,,,,,,,,,,,,,,,,,,,0,0
758092376605605790,apartamento,4,3.0,12,6,1,0.0,5.0,Meia Praia,5.0,5.0,,,,,,,,,,,,,,,,,,,,,,,,,,,,,,,0,0
1178901329731775839,apartamento,3,1.0,7,4,0,350.0,0.0,Meia Praia,0.0,,,,,,,,,,,,,,,,,,,,,,,,,,,,,,,,0,0
1225953904981320094,apartamento,2,2.0,6,4,1,350.0,4.0,Meia Praia,4.0,4.0,,,,,,,,,,,,,,,,,,,,,,,,,,,,,,,0,0
1213193646257958999,apartamento,3,1.0,6,5,1,350.0,5.0,Meia Praia,5.0,5.0,,,,,,,,,,,,,,,,,,,,,,,,,,,,,,,0,0
815359504472587443,apartamento,3,2.0,7,5,0,300.0,0.0,Meia Praia,0.0,,,,,,,,,,,,,,,,,,,,,,,,,,,,,,,,0,0
1030981527494824971,apartamento,2,2.0,5,2,21,150.0,5.0,Morretes,5.0,5.0,2.0,8.0,27.0,483.0,291.0625,306.6111111111111,483.0,225.0,250.0,2.0,8.0,27.0,483.0,225.0,250.0,483.0,298.875,400.0,13524.0,11700.0,16000.0,0.9333333333333333,0.8666666666666667,0.7032967032967034,28.0,52.0,64.0,True,True,True,1,1
1284747495879515579,apartamento,3,2.0,6,3,0,0.0,0.0,Centro,0.0,,,,,,,,,,,,,,,,,,,,,,,,,,,,,,,,0,0
22400948,casa,4,5.0,16,8,14,200.0,4.5,Morretes,4.5,4.5,,,,,,,,,,,,,,,,,,,,,,,,,,,,,,,0,0
771134836709283777,apartamento,3,2.0,8,3,10,250.0,4.199999809265137,Meia Praia,4.199999809265137,4.199999809265137,,,,,,,,,,,,,,,,,,,,,,,,,,,,,,,0,0
1312900333833141726,apartamento,3,2.0,6,3,0,250.0,0.0,Morretes,0.0,,,,,,,,,,,,,,,,,,,,,,,,,,,,,,,,0,0
1275739733166585174,apartamento,3,3.0,10,3,0,420.0,0.0,Meia Praia,0.0,,,,,,,,,,,,,,,,,,,,,,,,,,,,,,,,0,0
18505349,apartamento,3,2.0,6,4,23,380.0,4.829999923706055,Centro,4.829999923706055,4.829999923706055,0.0,6.0,30.0,,699.0,623.4333333333333,,699.0,628.5,0.0,6.0,30.0,,699.0,580.0,,699.0,686.75,,37746.0,38338.5,1.0,0.9,0.6703296703296703,30.0,54.0,61.0,False,True,True,1,1
53122209,apartamento,3,3.0,10,5,1,350.0,5.0,Meia Praia,5.0,5.0,,,,,,,,,,,,,,,,,,,,,,,,,,,,,,,0,0
999204416549665212,apartamento,2,2.0,8,3,1,250.0,5.0,Meia Praia,5.0,5.0,,,,,,,,,,,,,,,,,,,,,,,,,,,,,,,0,0
32035183,casa,1,1.0,3,1,11,100.0,4.820000171661377,Centro,4.820000171661377,4.820000171661377,,,,,,,,,,,,,,,,,,,,,,,,,,,,,,,0,0
21471023,apartamento,3,3.0,10,6,0,200.0,0.0,Meia Praia,0.0,,,,,,,,,,,,,,,,,,,,,,,,,,,,,,,,0,0
803616124180331594,outros,1,1.0,2,2,3,210.0,4.0,Morretes,4.0,4.0,,,,,,,,,,,,,,,,,,,,,,,,,,,,,,,0,0
1323262304813246840,outros,1,1.0,2,1,1,100.0,5.0,Morretes,5.0,5.0,,,,,,,,,,,,,,,,,,,,,,,,,,,,,,,0,0
709346217026755868,apartamento,3,2.0,6,0,13,250.0,4.690000057220459,Meia Praia,4.690000057220459,4.690000057220459,,,,,,,,,,,,,,,,,,,,,,,,,,,,,,,0,0
980310639590708922,apartamento,2,2.0,4,2,21,400.0,4.860000133514404,Meia Praia,4.860000133514404,4.860000133514404,7.0,37.0,68.0,612.0714285714286,674.3378378378378,615.0073529411765,660.0,653.0,534.0,7.0,37.0,68.0,572.0,495.0,484.0,665.25,693.0,666.0,15180.0,15019.0,12282.0,0.7666666666666667,0.38333333333333336,0.25274725274725274,23.0,23.0,23.0,True,True,True,1,1
1041406659315540390,apartamento,3,3.0,7,3,0,250.0,0.0,Meia Praia,0.0,,,,,,,,,,,,,,,,,,,,,,,,,,,,,,,,0,0
855593191687560480,apartamento,3,2.0,8,5,9,300.0,4.889999866485596,Meia Praia,4.889999866485596,4.889999866485596,,,,,,,,,,,,,,,,,,,,,,,,,,,,,,,0,0
1307990731854726273,apartamento,3,1.0,7,4,0,0.0,0.0,Centro,0.0,,,,,,,,,,,,,,,,,,,,,,,,,,,,,,,,0,0
841394344184198064,apartamento,3,4.0,8,3,39,290.0,4.900000095367432,Centro,4.900000095367432,4.900000095367432,2.0,19.0,27.0,597.0,694.2631578947369,666.3333333333334,597.0,600.0,600.0,2.0,19.0,27.0,597.0,600.0,600.0,597.0,800.0,800.0,16716.0,24600.0,38400.0,0.9333333333333333,0.6833333333333333,0.7032967032967034,28.0,41.0,64.0,True,True,True,1,1
1186108413179366346,casa,1,1.0,3,2,4,120.0,3.75,Morretes,3.75,3.75,,,,,,,,,,,,,,,,,,,,,,,,,,,,,,,0,0
12931525,apartamento,3,1.0,6,3,20,300.0,4.849999904632568,Meia Praia,4.849999904632568,4.849999904632568,0.0,14.0,45.0,,362.85714285714283,385.85185199999995,,360.0,383.33334,0.0,14.0,45.0,,360.0,360.0,,360.0,400.0,,16560.0,17633.33364,1.0,0.7666666666666667,0.5054945054945055,30.0,46.0,46.0,False,True,True,1,1
16192299,apartamento,3,3.0,6,5,24,200.0,4.920000076293945,Centro,4.920000076293945,4.920000076293945,,,,,,,,,,,,,,,,,,,,,,,,,,,,,,,0,0
1042891359278676628,apartamento,3,3.0,8,3,0,380.0,0.0,Meia Praia,0.0,,,,,,,,,,,,,,,,,,,,,,,,,,,,,,,,0,0
16661542,casa,3,1.0,12,4,7,100.0,4.289999961853027,Morretes,4.289999961853027,4.289999961853027,,,,,,,,,,,,,,,,,,,,,,,,,,,,,,,0,0
559902123122561436,apartamento,2,2.0,6,6,3,300.0,5.0,Centro,5.0,5.0,,,,,,,,,,,,,,,,,,,,,,,,,,,,,,,0,0
42602544,apartamento,2,2.0,4,3,7,200.0,4.710000038146973,Meia Praia,4.710000038146973,4.710000038146973,,,,,,,,,,,,,,,,,,,,,,,,,,,,,,,0,0
1283982403734255309,apartamento,1,1.0,4,2,11,190.0,4.909999847412109,Centro,4.909999847412109,4.909999847412109,6.0,31.0,62.0,608.4166666666666,566.8064516129032,521.1935483870968,653.0,600.0,471.0,6.0,31.0,62.0,551.0,446.0,445.25,659.75,659.5,651.5,15672.0,17400.0,13659.0,0.8,0.48333333333333334,0.31868131868131866,24.0,29.0,29.0,True,True,True,1,1
815250550195229821,apartamento,1,2.0,6,3,1,200.0,5.0,Meia Praia,5.0,5.0,,,,,,,,,,,,,,,,,,,,,,,,,,,,,,,0,0
784714566938065959,apartamento,4,4.0,12,4,0,350.0,0.0,Meia Praia,0.0,,,,,,,,,,,,,,,,,,,,,,,,,,,,,,,,0,0
1290672259081353958,outros,1,1.0,2,1,1,0.0,5.0,Morretes,5.0,5.0,,,,,,,,,,,,,,,,,,,,,,,,,,,,,,,0,0
765352987934363967,apartamento,3,3.0,8,3,2,250.0,5.0,Meia Praia,5.0,5.0,,,,,,,,,,,,,,,,,,,,,,,,,,,,,,,0,0
979807633052942844,apartamento,3,3.0,6,3,1,540.0,5.0,Meia Praia,5.0,5.0,,,,,,,,,,,,,,,,,,,,,,,,,,,,,,,0,0
974676828545143124,hotel,3,3.0,6,3,0,575.0,0.0,Centro,0.0,,,,,,,,,,,,,,,,,,,,,,,,,,,,,,,,0,0
1039154693965614296,apartamento,3,2.0,8,3,3,250.0,5.0,Meia Praia,5.0,5.0,,,,,,,,,,,,,,,,,,,,,,,,,,,,,,,0,0
986091250803335044,apartamento,2,2.0,7,2,0,250.0,0.0,Casa Branca,0.0,,,,,,,,,,,,,,,,,,,,,,,,,,,,,,,,0,0
1129240866521731428,apartamento,2,2.0,6,3,1,250.0,5.0,Meia Praia,5.0,5.0,,,,,,,,,,,,,,,,,,,,,,,,,,,,,,,0,0
8325723,apartamento,3,3.0,7,3,197,400.0,4.909999847412109,Meia Praia,4.909999847412109,4.909999847412109,,,,,,,,,,,,,,,,,,,,,,,,,,,,,,,0,0
784598714032826222,apartamento,4,4.0,12,4,15,300.0,4.869999885559082,Meia Praia,4.869999885559082,4.869999885559082,,,,,,,,,,,,,,,,,,,,,,,,,,,,,,,0,0
599368528094352718,apartamento,3,0.0,6,3,48,300.0,4.960000038146973,Meia Praia,4.960000038146973,4.960000038146973,0.0,7.0,22.0,,564.8571428571429,384.6818181818182,,599.0,299.5,0.0,7.0,22.0,,599.0,299.0,,599.0,539.25,,31747.0,20665.5,1.0,0.8833333333333333,0.7582417582417582,30.0,53.0,69.0,False,True,True,1,1
1322388174775746079,apartamento,3,2.0,8,4,0,300.0,0.0,Meia Praia,0.0,,,,,,,,,,,,,,,,,,,,,,,,,,,,,,,,0,0
1028988415727336651,apartamento,1,1.0,4,1,1,200.0,5.0,Meia Praia,5.0,5.0,,,,,,,,,,,,,,,,,,,,,,,,,,,,,,,0,0
1320977847975808970,apartamento,2,3.0,6,4,0,300.0,0.0,Meia Praia,0.0,,,,,,,,,,,,,,,,,,,,,,,,,,,,,,,,0,0
739119927990563923,apartamento,2,2.0,5,2,3,150.0,5.0,Alto Sao Bento,5.0,5.0,,,,,,,,,,,,,,,,,,,,,,,,,,,,,,,0,0
48182966,apartamento,3,3.0,8,4,0,400.0,0.0,Centro,0.0,,,,,,,,,,,,,,,,,,,,,,,,,,,,,,,,0,0
1304420440489036276,casa,2,1.0,4,2,1,100.0,5.0,Morretes,5.0,5.0,,,,,,,,,,,,,,,,,,,,,,,,,,,,,,,0,0
1309702240684831451,apartamento,2,2.0,6,2,0,400.0,0.0,Centro,0.0,,,,,,,,,,,,,,,,,,,,,,,,,,,,,,,,0,0
42362968,apartamento,2,2.0,8,4,10,0.0,4.800000190734863,Centro,4.800000190734863,4.800000190734863,,,,,,,,,,,,,,,,,,,,,,,,,,,,,,,0,0
1288631745410289331,hotel,1,1.0,4,2,0,0.0,0.0,Centro,0.0,,,,,,,,,,,,,,,,,,,,,,,,,,,,,,,,0,0
1055301475132487378,apartamento,2,2.0,5,3,2,250.0,5.0,Centro,5.0,5.0,,,,,,,,,,,,,,,,,,,,,,,,,,,,,,,0,0
628340205412932131,apartamento,1,1.0,4,2,27,60.0,4.960000038146973,Morretes,4.960000038146973,4.960000038146973,4.0,10.0,10.0,400.0,500.0,500.0,400.0,400.0,400.0,4.0,10.0,10.0,400.0,400.0,400.0,400.0,650.0,650.0,10400.0,20000.0,32400.0,0.8666666666666667,0.8333333333333334,0.8901098901098901,26.0,50.0,81.0,True,True,True,1,1
1069442661178052272,apartamento,3,3.0,8,3,0,400.0,0.0,Meia Praia,0.0,,,,,,,,,,,,,,,,,,,,,,,,,,,,,,,,0,0
586021359699432850,apartamento,3,2.0,6,4,0,300.0,0.0,Meia Praia,0.0,,,,,,,,,,,,,,,,,,,,,,,,,,,,,,,,0,0
1323103434074226721,apartamento,2,3.0,5,3,1,200.0,5.0,Meia Praia,5.0,5.0,,,,,,,,,,,,,,,,,,,,,,,,,,,,,,,0,0
1053019884849497334,apartamento,3,1.0,8,4,0,300.0,0.0,Meia Praia,0.0,,,,,,,,,,,,,,,,,,,,,,,,,,,,,,,,0,0
769638600726888512,apartamento,2,2.0,6,4,0,0.0,0.0,Meia Praia,0.0,,,,,,,,,,,,,,,,,,,,,,,,,,,,,,,,0,0
936332699195593802,apartamento,2,3.0,6,2,2,400.0,5.0,Meia Praia,5.0,5.0,,,,,,,,,,,,,,,,,,,,,,,,,,,,,,,0,0
940708826177293135,outros,1,1.0,2,1,0,100.0,0.0,Meia Praia,0.0,,,,,,,,,,,,,,,,,,,,,,,,,,,,,,,,0,0
768288843904248283,apartamento,2,2.0,5,2,8,250.0,4.75,Tabuleiro dos Oliveiras,4.75,4.75,,,,,,,,,,,,,,,,,,,,,,,,,,,,,,,0,0
30697520,apartamento,5,3.0,14,5,4,350.0,5.0,Meia Praia,5.0,5.0,,,,,,,,,,,,,,,,,,,,,,,,,,,,,,,0,0
593271297231369439,apartamento,3,4.0,6,3,0,300.0,0.0,Meia Praia,0.0,,,,,,,,,,,,,,,,,,,,,,,,,,,,,,,,0,0
974459023862118567,apartamento,3,2.0,8,5,0,250.0,0.0,Meia Praia,0.0,,,,,,,,,,,,,,,,,,,,,,,,,,,,,,,,0,0
1318119519475947447,apartamento,4,4.0,8,4,0,400.0,0.0,Meia Praia,0.0,,,,,,,,,,,,,,,,,,,,,,,,,,,,,,,,0,0
46812114,apartamento,3,3.0,8,3,3,350.0,5.0,Meia Praia,5.0,5.0,,,,,,,,,,,,,,,,,,,,,,,,,,,,,,,0,0
1320326783400396215,apartamento,2,2.0,5,2,0,0.0,0.0,Meia Praia,0.0,,,,,,,,,,,,,,,,,,,,,,,,,,,,,,,,0,0
760805979001764233,casa,3,1.0,9,3,9,280.0,4.78000020980835,Meia Praia,4.78000020980835,4.78000020980835,,,,,,,,,,,,,,,,,,,,,,,,,,,,,,,0,0
739015384619300207,apartamento,4,5.0,12,5,45,300.0,4.869999885559082,Meia Praia,4.869999885559082,4.869999885559082,17.0,47.0,58.0,1620.0,1609.787234042553,1608.6896551724137,1620.0,1604.0,1604.0,17.0,47.0,58.0,1620.0,1604.0,1604.0,1620.0,1620.0,1620.0,21060.0,20852.0,52932.0,0.43333333333333335,0.21666666666666667,0.3626373626373626,13.0,13.0,33.0,True,True,True,1,1
1168127800153462670,apartamento,4,3.0,13,0,5,350.0,5.0,Meia Praia,5.0,5.0,,,,,,,,,,,,,,,,,,,,,,,,,,,,,,,0,0
11008083,apartamento,3,2.0,8,4,3,250.0,5.0,Meia Praia,5.0,5.0,,,,,,,,,,,,,,,,,,,,,,,,,,,,,,,0,0
1259534245145609058,apartamento,1,1.0,2,1,10,150.0,5.0,Centro,5.0,5.0,5.0,23.0,54.0,362.8,503.1471000000001,446.00709814814815,347.0,395.0,377.5,5.0,23.0,54.0,347.0,352.0,372.0,395.0,661.375,419.0,8675.0,14615.0,13967.5,0.8333333333333334,0.6166666666666667,0.4065934065934066,25.0,37.0,37.0,True,True,True,1,1
22367379,apartamento,2,2.0,5,2,213,0.0,4.949999809265137,Meia Praia,4.949999809265137,4.949999809265137,,,,,,,,,,,,,,,,,,,,,,,,,,,,,,,0,0
1226369560634486253,apartamento,3,3.0,6,3,0,0.0,0.0,Meia Praia,0.0,,,,,,,,,,,,,,,,,,,,,,,,,,,,,,,,0,0
1279733743094620459,apartamento,3,3.0,8,3,1,300.0,1.0,Meia Praia,1.0,1.0,,,,,,,,,,,,,,,,,,,,,,,,,,,,,,,0,0
894985131313802009,apartamento,3,2.0,8,3,6,484.0,4.329999923706055,Meia Praia,4.329999923706055,4.329999923706055,3.0,33.0,64.0,696.6666666666666,706.469696969697,652.1328125,660.0,693.0,560.0,3.0,33.0,64.0,660.0,545.0,523.0,715.0,775.0,753.75,17820.0,18711.0,15120.0,0.9,0.45,0.2967032967032967,27.0,27.0,27.0,True,True,True,1,1
53337464,apartamento,2,2.0,6,3,14,250.0,5.0,Meia Praia,5.0,5.0,28.0,58.0,89.0,550.0,605.8275862068965,586.3820224719101,550.0,550.0,550.0,28.0,58.0,89.0,550.0,550.0,550.0,550.0,550.0,550.0,1100.0,1100.0,1100.0,0.06666666666666667,0.03333333333333333,0.02197802197802198,2.0,2.0,2.0,True,True,True,1,0
1072545209824901036,apartamento,3,2.0,7,6,0,350.0,0.0,Morretes,0.0,,,,,,,,,,,,,,,,,,,,,,,,,,,,,,,,0,0
604521043281534642,apartamento,4,3.0,7,5,40,300.0,4.949999809265137,Centro,4.949999809265137,4.949999809265137,,,,,,,,,,,,,,,,,,,,,,,,,,,,,,,0,0
45935232,apartamento,2,1.0,6,4,0,150.0,0.0,Meia Praia,0.0,,,,,,,,,,,,,,,,,,,,,,,,,,,,,,,,0,0
1238321506456103932,apartamento,2,2.0,6,3,9,240.0,4.670000076293945,Centro,4.670000076293945,4.670000076293945,15.0,45.0,76.0,790.5666666666667,779.1444444444444,731.2828947368421,784.0,792.0,715.0,15.0,45.0,76.0,770.0,715.0,660.0,812.75,845.0,825.0,11760.0,11880.0,10725.0,0.5,0.25,0.16483516483516483,15.0,15.0,15.0,True,True,True,1,1
52582961,apartamento,2,2.0,4,2,3,200.0,4.670000076293945,Centro,4.670000076293945,4.670000076293945,,,,,,,,,,,,,,,,,,,,,,,,,,,,,,,0,0
986407426689940399,apartamento,2,2.0,5,3,25,300.0,4.840000152587891,Meia Praia,4.840000152587891,4.840000152587891,0.0,7.0,35.0,,285.0,269.57142857142856,,290.0,275.0,0.0,7.0,35.0,,275.0,250.0,,290.0,290.0,,15370.0,15400.0,1.0,0.8833333333333333,0.6153846153846154,30.0,53.0,56.0,False,True,True,1,1
1289263958043683265,apartamento,3,0.0,8,3,0,250.0,0.0,Meia Praia,0.0,,,,,,,,,,,,,,,,,,,,,,,,,,,,,,,,0,0
963040775940890055,apartamento,2,2.0,5,2,37,400.0,4.920000076293945,Tabuleiro dos Oliveiras,4.920000076293945,4.920000076293945,19.0,49.0,80.0,669.3157894736842,708.396257142857,650.24687375,656.5,665.0,644.0,19.0,49.0,80.0,644.0,644.0,545.0,687.0,718.5,693.125,7221.5,7315.0,7084.0,0.36666666666666664,0.18333333333333332,0.12087912087912088,11.0,11.0,11.0,True,True,True,1,1
31891659,casa,2,1.0,8,2,1,100.0,4.0,Varzea,4.0,4.0,,,,,,,,,,,,,,,,,,,,,,,,,,,,,,,0,0
38693604,apartamento,3,2.0,8,7,20,300.0,4.849999904632568,Meia Praia,4.849999904632568,4.849999904632568,6.0,23.0,54.0,616.6666666666666,528.2608695652174,483.3333333333333,600.0,450.0,450.0,6.0,23.0,54.0,600.0,450.0,450.0,637.5,625.0,450.0,14400.0,16650.0,16650.0,0.8,0.6166666666666667,0.4065934065934066,24.0,37.0,37.0,True,True,True,1,1
791313913845076166,apartamento,4,2.0,8,6,6,300.0,5.0,Meia Praia,5.0,5.0,,,,,,,,,,,,,,,,,,,,,,,,,,,,,,,0,0
991946075811076825,apartamento,3,3.0,8,3,5,300.0,4.800000190734863,Meia Praia,4.800000190734863,4.800000190734863,,,,,,,,,,,,,,,,,,,,,,,,,,,,,,,0,0
1270500625990390992,casa,1,1.0,4,1,0,0.0,0.0,Morretes,0.0,,,,,,,,,,,,,,,,,,,,,,,,,,,,,,,,0,0
1291985009511026813,apartamento,2,1.0,4,2,3,150.0,5.0,Casa Branca,5.0,5.0,,,,,,,,,,,,,,,,,,,,,,,,,,,,,,,0,0
41822635,apartamento,3,3.0,7,3,0,250.0,0.0,Meia Praia,0.0,,,,,,,,,,,,,,,,,,,,,,,,,,,,,,,,0,0
38569669,apartamento,5,3.0,13,9,14,400.0,5.0,Meia Praia,5.0,5.0,,,,,,,,,,,,,,,,,,,,,,,,,,,,,,,0,0
47844337,apartamento,2,2.0,6,3,8,100.0,4.880000114440918,Morretes,4.880000114440918,4.880000114440918,,,,,,,,,,,,,,,,,,,,,,,,,,,,,,,0,0
816531385836499020,apartamento,3,3.0,8,7,4,300.0,5.0,Meia Praia,5.0,5.0,,,,,,,,,,,,,,,,,,,,,,,,,,,,,,,0,0
1069710216126818337,apartamento,2,2.0,5,2,4,0.0,5.0,Morretes,5.0,5.0,,,,,,,,,,,,,,,,,,,,,,,,,,,,,,,0,0
20618105,apartamento,2,2.0,5,2,15,300.0,4.730000019073486,Meia Praia,4.730000019073486,4.730000019073486,23.0,39.0,39.0,611.5509304347826,632.3691076923076,632.3691076923076,602.4286,612.2857,612.2857,23.0,39.0,39.0,600.0,600.0,600.0,624.2619,638.5,638.5,4217.0001999999995,12857.9997,31838.8564,0.23333333333333334,0.35,0.5714285714285714,7.0,21.0,52.0,True,True,True,1,1
35826155,apartamento,2,2.0,6,3,32,250.0,4.909999847412109,Meia Praia,4.909999847412109,4.909999847412109,0.0,0.0,20.0,,,590.0,,,590.0,0.0,0.0,20.0,,,590.0,,,590.0,,,41890.0,1.0,1.0,0.7802197802197802,30.0,60.0,71.0,False,False,True,1,0
37108379,outros,1,0.0,2,2,0,0.0,0.0,Centro,0.0,,,,,,,,,,,,,,,,,,,,,,,,,,,,,,,,0,0
45531969,apartamento,3,2.0,8,6,31,300.0,5.0,Meia Praia,5.0,5.0,3.0,7.0,26.0,700.0,721.4285714285714,669.2307692307693,700.0,700.0,650.0,3.0,7.0,26.0,700.0,700.0,650.0,700.0,700.0,687.5,18900.0,37100.0,42250.0,0.9,0.8833333333333333,0.7142857142857143,27.0,53.0,65.0,True,True,True,1,1
1314471490376704385,apartamento,2,2.0,5,3,0,300.0,0.0,Morretes,0.0,,,,,,,,,,,,,,,,,,,,,,,,,,,,,,,,0,0
1027088555597671969,apartamento,3,2.0,6,3,2,300.0,5.0,Meia Praia,5.0,5.0,,,,,,,,,,,,,,,,,,,,,,,,,,,,,,,0,0
1263748016799621791,apartamento,3,2.0,8,3,0,299.0,0.0,Meia Praia,0.0,,,,,,,,,,,,,,,,,,,,,,,,,,,,,,,,0,0
47441042,apartamento,3,2.0,8,3,1,199.0,4.0,Meia Praia,4.0,4.0,,,,,,,,,,,,,,,,,,,,,,,,,,,,,,,0,0
1060712994513047104,apartamento,2,2.0,5,3,10,250.0,4.900000095367432,Morretes,4.900000095367432,4.900000095367432,15.0,35.0,59.0,478.3333333333333,471.10714285714283,419.34322033898303,450.0,440.0,416.5,15.0,35.0,59.0,437.5,408.25,366.25,550.0,550.0,450.0,6750.0,11000.0,13328.0,0.5,0.4166666666666667,0.3516483516483517,15.0,25.0,32.0,True,True,True,1,1
1321812028838591137,apartamento,3,4.0,8,3,0,350.0,0.0,Meia Praia,0.0,,,,,,,,,,,,,,,,,,,,,,,,,,,,,,,,0,0
1038473014859458540,casa,2,2.0,4,2,6,200.0,5.0,Leopoldo Zarling,5.0,5.0,,,,,,,,,,,,,,,,,,,,,,,,,,,,,,,0,0
42154347,apartamento,0,3.0,8,1,0,400.0,0.0,Meia Praia,0.0,,,,,,,,,,,,,,,,,,,,,,,,,,,,,,,,0,0
890108624797058843,apartamento,4,3.0,9,5,1,350.0,5.0,Meia Praia,5.0,5.0,,,,,,,,,,,,,,,,,,,,,,,,,,,,,,,0,0
1274679812745645557,apartamento,1,1.0,4,2,7,195.0,4.860000133514404,Centro,4.860000133514404,4.860000133514404,11.0,37.0,68.0,548.2272727272727,575.5,529.9485294117648,572.0,572.0,471.0,11.0,37.0,68.0,523.0,446.0,444.5,577.25,693.0,600.0,10868.0,13156.0,10833.0,0.6333333333333333,0.38333333333333336,0.25274725274725274,19.0,23.0,23.0,True,True,True,1,1
756006202648492532,apartamento,3,3.0,9,3,0,250.0,0.0,Meia Praia,0.0,,,,,,,,,,,,,,,,,,,,,,,,,,,,,,,,0,0
1317493588231563038,apartamento,2,1.0,6,3,1,150.0,5.0,Meia Praia,5.0,5.0,,,,,,,,,,,,,,,,,,,,,,,,,,,,,,,0,0
1263250333930923451,casa,1,1.0,2,1,6,150.0,5.0,Ilhota,5.0,5.0,,,,,,,,,,,,,,,,,,,,,,,,,,,,,,,0,0
54197754,apartamento,2,2.0,6,3,5,0.0,5.0,Centro,5.0,5.0,,,,,,,,,,,,,,,,,,,,,,,,,,,,,,,0,0
749236858009962576,apartamento,4,4.0,8,5,3,550.0,5.0,Morretes,5.0,5.0,,,,,,,,,,,,,,,,,,,,,,,,,,,,,,,0,0
1085708494928220029,apartamento,2,1.0,6,2,0,150.0,0.0,Casa Branca,0.0,,,,,,,,,,,,,,,,,,,,,,,,,,,,,,,,0,0
1069655967488909794,outros,2,2.0,8,1,0,350.0,0.0,Meia Praia,0.0,,,,,,,,,,,,,,,,,,,,,,,,,,,,,,,,0,0
47255498,apartamento,3,3.0,10,5,2,350.0,5.0,Meia Praia,5.0,5.0,,,,,,,,,,,,,,,,,,,,,,,,,,,,,,,0,0
1111649100941039100,apartamento,3,2.0,10,6,0,300.0,0.0,Meia Praia,0.0,,,,,,,,,,,,,,,,,,,,,,,,,,,,,,,,0,0
787727349025737770,apartamento,2,1.0,3,2,0,200.0,0.0,Tabuleiro dos Oliveiras,0.0,,,,,,,,,,,,,,,,,,,,,,,,,,,,,,,,0,0
1069673755630628429,casa,2,1.0,4,3,1,200.0,5.0,Meia Praia,5.0,5.0,,,,,,,,,,,,,,,,,,,,,,,,,,,,,,,0,0
1227549458445970951,outros,1,1.0,2,1,2,30.0,5.0,Morretes,5.0,5.0,,,,,,,,,,,,,,,,,,,,,,,,,,,,,,,0,0
975376794627405792,apartamento,2,0.0,4,3,10,200.0,5.0,Meia Praia,5.0,5.0,,,,,,,,,,,,,,,,,,,,,,,,,,,,,,,0,0
16253828,apartamento,3,2.0,7,4,24,420.0,4.960000038146973,Meia Praia,4.960000038146973,4.960000038146973,13.0,43.0,73.0,1668.6025692307692,1606.4573674418607,1605.472605479452,1649.5,1610.6666,1610.6666,13.0,43.0,73.0,1611.0,1566.3334,1566.3334,1699.5,1633.0,1633.0,28041.5,27381.3322,28991.9988,0.5666666666666667,0.2833333333333333,0.1978021978021978,17.0,17.0,18.0,True,True,True,1,1
14872547,apartamento,2,2.0,5,2,32,230.0,4.690000057220459,Meia Praia,4.690000057220459,4.690000057220459,,,,,,,,,,,,,,,,,,,,,,,,,,,,,,,0,0
790431243381422888,apartamento,3,3.0,8,3,7,300.0,5.0,Meia Praia,5.0,5.0,29.0,59.0,90.0,1027.5862068965516,997.6440677966102,914.2333333333333,1000.0,1000.0,1000.0,29.0,59.0,90.0,1000.0,1000.0,750.0,1100.0,1000.0,1000.0,1000.0,1000.0,1000.0,0.03333333333333333,0.016666666666666666,0.01098901098901099,1.0,1.0,1.0,True,True,True,1,1
44165129,apartamento,3,2.0,8,3,2,350.0,5.0,Meia Praia,5.0,5.0,,,,,,,,,,,,,,,,,,,,,,,,,,,,,,,0,0
28342148,apartamento,2,2.0,6,3,0,280.0,0.0,Meia Praia,0.0,,,,,,,,,,,,,,,,,,,,,,,,,,,,,,,,0,0
1311436396574665693,apartamento,2,3.0,7,5,1,200.0,5.0,Meia Praia,5.0,5.0,,,,,,,,,,,,,,,,,,,,,,,,,,,,,,,0,0
1010164576908019973,apartamento,3,4.0,10,5,0,400.0,0.0,Meia Praia,0.0,,,,,,,,,,,,,,,,,,,,,,,,,,,,,,,,0,0
52813149,apartamento,3,2.0,6,4,12,200.0,4.579999923706055,Meia Praia,4.579999923706055,4.579999923706055,,,,,,,,,,,,,,,,,,,,,,,,,,,,,,,0,0
1287957791965762724,apartamento,3,2.0,6,1,1,0.0,5.0,Meia Praia,5.0,5.0,,,,,,,,,,,,,,,,,,,,,,,,,,,,,,,0,0
1274733643327589564,outros,1,1.0,2,1,0,0.0,0.0,Centro,0.0,,,,,,,,,,,,,,,,,,,,,,,,,,,,,,,,0,0
45673726,apartamento,4,5.0,1,6,0,300.0,0.0,Meia Praia,0.0,,,,,,,,,,,,,,,,,,,,,,,,,,,,,,,,0,0
730644723519092285,outros,1,1.0,2,3,1,0.0,5.0,Meia Praia,5.0,5.0,,,,,,,,,,,,,,,,,,,,,,,,,,,,,,,0,0
1023309988162338565,apartamento,3,4.0,6,3,0,0.0,0.0,Meia Praia,0.0,,,,,,,,,,,,,,,,,,,,,,,,,,,,,,,,0,0
1273992109121182190,apartamento,4,4.0,12,8,2,400.0,5.0,Meia Praia,5.0,5.0,,,,,,,,,,,,,,,,,,,,,,,,,,,,,,,0,0
1286333977654822712,apartamento,3,3.0,8,3,0,0.0,0.0,Meia Praia,0.0,,,,,,,,,,,,,,,,,,,,,,,,,,,,,,,,0,0
17570590,apartamento,4,3.0,10,6,45,420.0,4.820000171661377,Meia Praia,4.820000171661377,4.820000171661377,2.0,29.0,60.0,1784.0,1697.103448275862,1563.4333333333334,1784.0,1574.0,1574.0,2.0,29.0,60.0,1784.0,1574.0,1398.25,1784.0,1784.0,1784.0,49952.0,48794.0,48794.0,0.9333333333333333,0.5166666666666667,0.34065934065934067,28.0,31.0,31.0,True,True,True,1,0
16792099,casa,1,1.0,2,1,3,60.0,4.670000076293945,Morretes,4.670000076293945,4.670000076293945,,,,,,,,,,,,,,,,,,,,,,,,,,,,,,,0,0
885573307899615788,apartamento,2,2.0,6,2,2,300.0,5.0,Meia Praia,5.0,5.0,,,,,,,,,,,,,,,,,,,,,,,,,,,,,,,0,0
580589381711973141,apartamento,2,2.0,4,3,11,180.0,5.0,Morretes,5.0,5.0,,,,,,,,,,,,,,,,,,,,,,,,,,,,,,,0,0
577333685681759877,apartamento,2,2.0,6,4,55,200.0,4.849999904632568,Meia Praia,4.849999904632568,4.849999904632568,5.0,16.0,37.0,690.0,574.25,534.027027027027,750.0,550.0,498.0,5.0,16.0,37.0,600.0,498.0,498.0,750.0,600.0,550.0,18750.0,24200.0,26892.0,0.8333333333333334,0.7333333333333333,0.5934065934065934,25.0,44.0,54.0,True,True,True,1,1
1062640898662664328,casa,3,1.0,10,3,0,0.0,0.0,Meia Praia,0.0,,,,,,,,,,,,,,,,,,,,,,,,,,,,,,,,0,0
1310742028524584660,outros,1,1.0,2,1,0,0.0,0.0,Centro,0.0,,,,,,,,,,,,,,,,,,,,,,,,,,,,,,,,0,0
1285538056394050628,apartamento,2,2.0,7,5,3,240.0,4.670000076293945,Centro,4.670000076293945,4.670000076293945,28.0,52.0,83.0,1494.4285714285713,1263.1442307692307,1025.8373493975903,1584.0,1584.0,784.0,28.0,52.0,83.0,1320.0,761.0,594.0,1584.0,1584.0,1584.0,3168.0,12672.0,6272.0,0.06666666666666667,0.13333333333333333,0.08791208791208792,2.0,8.0,8.0,True,True,True,1,1
1102350809508113139,apartamento,2,2.0,7,3,0,0.0,0.0,Morretes,0.0,,,,,,,,,,,,,,,,,,,,,,,,,,,,,,,,0,0
45711835,apartamento,4,2.0,10,6,17,280.0,4.940000057220459,Meia Praia,4.940000057220459,4.940000057220459,3.0,3.0,3.0,850.0,850.0,850.0,850.0,850.0,850.0,3.0,3.0,3.0,850.0,850.0,850.0,850.0,850.0,850.0,22950.0,48450.0,74800.0,0.9,0.95,0.967032967032967,27.0,57.0,88.0,True,True,True,1,0
39837003,outros,1,1.0,2,1,111,0.0,4.960000038146973,Casa Branca,4.960000038146973,4.960000038146973,,,,,,,,,,,,,,,,,,,,,,,,,,,,,,,0,0
17294276,apartamento,4,4.0,9,5,21,300.0,4.949999809265137,Meia Praia,4.949999809265137,4.949999809265137,3.0,3.0,10.0,1000.0,1000.0,796.5,1000.0,1000.0,700.0,3.0,3.0,10.0,1000.0,1000.0,700.0,1000.0,1000.0,941.25,27000.0,57000.0,56700.0,0.9,0.95,0.8901098901098901,27.0,57.0,81.0,True,True,True,1,1
29761442,apartamento,3,2.0,7,3,28,200.0,4.960000038146973,Meia Praia,4.960000038146973,4.960000038146973,1.0,6.0,6.0,700.0,433.3333333333333,433.3333333333333,700.0,380.0,380.0,1.0,6.0,6.0,700.0,380.0,380.0,700.0,380.0,380.0,20300.0,20520.0,32300.0,0.9666666666666667,0.9,0.9340659340659341,29.0,54.0,85.0,True,True,True,1,1
734774611454860165,apartamento,4,3.0,8,4,10,300.0,4.900000095367432,Meia Praia,4.900000095367432,4.900000095367432,9.0,21.0,52.0,733.8888888888889,707.047619047619,576.7067307692307,730.0,695.0,604.16665,9.0,21.0,52.0,660.0,660.0,415.0,800.0,800.0,660.0,15330.0,27105.0,23562.499350000002,0.7,0.65,0.42857142857142855,21.0,39.0,39.0,True,True,True,1,1
1223218190223719061,apartamento,3,2.0,10,3,0,300.0,0.0,Meia Praia,0.0,,,,,,,,,,,,,,,,,,,,,,,,,,,,,,,,0,0
1078340136924118349,apartamento,2,1.0,4,2,0,250.0,0.0,Meia Praia,0.0,,,,,,,,,,,,,,,,,,,,,,,,,,,,,,,,0,0
19034009,apartamento,2,2.0,5,3,82,0.0,4.949999809265137,Meia Praia,4.949999809265137,4.949999809265137,,,,,,,,,,,,,,,,,,,,,,,,,,,,,,,0,0
1202208549414487818,apartamento,2,2.0,6,2,1,250.0,5.0,Meia Praia,5.0,5.0,,,,,,,,,,,,,,,,,,,,,,,,,,,,,,,0,0
794947375713324843,apartamento,3,2.0,8,1,0,200.0,0.0,Meia Praia,0.0,,,,,,,,,,,,,,,,,,,,,,,,,,,,,,,,0,0
1058193595817353204,apartamento,2,2.0,6,5,11,200.0,5.0,Tabuleiro dos Oliveiras,5.0,5.0,4.0,17.0,33.0,600.0,447.05882352941177,409.56060606060606,600.0,400.0,400.0,4.0,17.0,33.0,600.0,400.0,400.0,600.0,400.0,400.0,15600.0,17200.0,23200.0,0.8666666666666667,0.7166666666666667,0.6373626373626373,26.0,43.0,58.0,True,True,True,1,1
1219327432735332574,apartamento,2,2.0,6,0,1,300.0,5.0,Meia Praia,5.0,5.0,,,,,,,,,,,,,,,,,,,,,,,,,,,,,,,0,0
1062396271225190263,apartamento,0,1.0,2,1,0,50.0,0.0,Morretes,0.0,,,,,,,,,,,,,,,,,,,,,,,,,,,,,,,,0,0
771730426994820566,apartamento,2,2.0,6,3,0,250.0,0.0,Morretes,0.0,,,,,,,,,,,,,,,,,,,,,,,,,,,,,,,,0,0
1248089779912826997,outros,1,1.0,2,1,1,0.0,5.0,Centro,5.0,5.0,,,,,,,,,,,,,,,,,,,,,,,,,,,,,,,0,0
1145617872827607513,apartamento,2,2.0,5,2,1,250.0,5.0,Morretes,5.0,5.0,,,,,,,,,,,,,,,,,,,,,,,,,,,,,,,0,0
40678671,apartamento,2,2.0,4,3,2,165.0,5.0,Meia Praia,5.0,5.0,,,,,,,,,,,,,,,,,,,,,,,,,,,,,,,0,0
1070895497744991848,casa,7,5.0,16,23,0,500.0,0.0,Centro,0.0,,,,,,,,,,,,,,,,,,,,,,,,,,,,,,,,0,0
32585103,apartamento,2,2.0,5,2,75,250.0,4.909999847412109,Meia Praia,4.909999847412109,4.909999847412109,3.0,12.0,38.0,600.0,580.75,368.92105263157896,600.0,600.0,300.0,3.0,12.0,38.0,600.0,600.0,250.0,600.0,600.0,600.0,16200.0,28800.0,15900.0,0.9,0.8,0.5824175824175825,27.0,48.0,53.0,True,True,True,1,1
1130433234974669219,apartamento,3,3.0,6,4,1,457.0,5.0,Meia Praia,5.0,5.0,,,,,,,,,,,,,,,,,,,,,,,,,,,,,,,0,0
1025356251415331533,apartamento,2,2.0,5,5,27,250.0,5.0,Morretes,5.0,5.0,2.0,5.0,29.0,450.0,370.0,356.7931034482759,450.0,350.0,350.0,2.0,5.0,29.0,425.0,300.0,350.0,475.0,400.0,350.0,12600.0,19250.0,21700.0,0.9333333333333333,0.9166666666666666,0.6813186813186813,28.0,55.0,62.0,True,True,True,1,1
709245197514952702,apartamento,3,2.0,9,6,0,350.0,0.0,Meia Praia,0.0,,,,,,,,,,,,,,,,,,,,,,,,,,,,,,,,0,0
1289338795775178059,casa,3,3.0,8,3,1,0.0,1.0,Morretes,1.0,1.0,,,,,,,,,,,,,,,,,,,,,,,,,,,,,,,0,0
1216732772582825156,apartamento,2,2.0,4,3,0,350.0,0.0,Meia Praia,0.0,,,,,,,,,,,,,,,,,,,,,,,,,,,,,,,,0,0
937816682872398000,apartamento,2,2.0,6,2,0,350.0,0.0,Centro,0.0,,,,,,,,,,,,,,,,,,,,,,,,,,,,,,,,0,0
52965209,apartamento,3,2.0,7,4,10,150.0,5.0,Meia Praia,5.0,5.0,,,,,,,,,,,,,,,,,,,,,,,,,,,,,,,0,0
1316258631420873788,apartamento,2,2.0,6,3,0,250.0,0.0,Meia Praia,0.0,,,,,,,,,,,,,,,,,,,,,,,,,,,,,,,,0,0
30269941,apartamento,3,2.0,8,4,2,250.0,5.0,Meia Praia,5.0,5.0,,,,,,,,,,,,,,,,,,,,,,,,,,,,,,,0,0
1070419520917155794,apartamento,2,1.0,6,2,2,200.0,5.0,Casa Branca,5.0,5.0,,,,,,,,,,,,,,,,,,,,,,,,,,,,,,,0,0
1066086425420423269,casa,1,1.0,2,1,0,200.0,0.0,Centro,0.0,,,,,,,,,,,,,,,,,,,,,,,,,,,,,,,,0,0
54387208,apartamento,3,2.0,9,4,0,300.0,0.0,Meia Praia,0.0,,,,,,,,,,,,,,,,,,,,,,,,,,,,,,,,0,0
1063673865276513492,apartamento,1,1.0,3,1,1,300.0,5.0,Centro,5.0,5.0,,,,,,,,,,,,,,,,,,,,,,,,,,,,,,,0,0
40391575,apartamento,2,2.0,4,2,46,190.0,4.78000020980835,Morretes,4.78000020980835,4.78000020980835,0.0,0.0,7.0,,,10000.0,,,10000.0,0.0,0.0,7.0,,,10000.0,,,10000.0,,,840000.0,1.0,1.0,0.9230769230769231,30.0,60.0,84.0,False,False,True,1,0
47050907,apartamento,0,1.0,2,2,9,230.0,4.78000020980835,Meia Praia,4.78000020980835,4.78000020980835,,,,,,,,,,,,,,,,,,,,,,,,,,,,,,,0,0
1311819847706319025,apartamento,2,1.0,6,2,0,250.0,0.0,Centro,0.0,,,,,,,,,,,,,,,,,,,,,,,,,,,,,,,,0,0
1256594551359425163,outros,2,2.0,2,2,0,0.0,0.0,Tabuleiro dos Oliveiras,0.0,,,,,,,,,,,,,,,,,,,,,,,,,,,,,,,,0,0
1287958272064925979,apartamento,3,3.0,10,4,0,300.0,0.0,Meia Praia,0.0,,,,,,,,,,,,,,,,,,,,,,,,,,,,,,,,0,0
46926474,apartamento,2,2.0,6,4,6,300.0,4.829999923706055,Centro,4.829999923706055,4.829999923706055,,,,,,,,,,,,,,,,,,,,,,,,,,,,,,,0,0
809317557821633854,apartamento,0,4.0,12,5,0,200.0,0.0,Meia Praia,0.0,,,,,,,,,,,,,,,,,,,,,,,,,,,,,,,,0,0
1275424888010985336,apartamento,3,2.0,8,3,0,349.0,0.0,Meia Praia,0.0,,,,,,,,,,,,,,,,,,,,,,,,,,,,,,,,0,0
31878628,apartamento,2,2.0,6,2,1,100.0,5.0,Meia Praia,5.0,5.0,,,,,,,,,,,,,,,,,,,,,,,,,,,,,,,0,0
1319805592763041500,apartamento,3,4.0,11,3,0,350.0,0.0,Meia Praia,0.0,,,,,,,,,,,,,,,,,,,,,,,,,,,,,,,,0,0
525472560929976068,apartamento,3,3.0,8,3,18,350.0,4.940000057220459,Meia Praia,4.940000057220459,4.940000057220459,23.0,48.0,79.0,973.2608695652174,979.5624979166665,1022.8987329113924,981.0,981.0,981.0,23.0,48.0,79.0,934.16665,981.0,981.0,981.0,981.0,1090.0,6867.0,11772.0,11772.0,0.23333333333333334,0.2,0.13186813186813187,7.0,12.0,12.0,True,True,True,1,1
39151183,apartamento,3,2.0,8,3,0,300.0,0.0,Meia Praia,0.0,,,,,,,,,,,,,,,,,,,,,,,,,,,,,,,,0,0
1207864392976162235,apartamento,1,1.0,4,2,1,0.0,5.0,Centro,5.0,5.0,28.0,43.0,74.0,635.7142857142857,611.6279069767442,510.2837837837838,600.0,600.0,600.0,28.0,43.0,74.0,600.0,600.0,364.25,700.0,643.75,600.0,1200.0,10200.0,10200.0,0.06666666666666667,0.2833333333333333,0.18681318681318682,2.0,17.0,17.0,True,True,True,1,1
844404773672380302,casa,1,1.0,3,2,1,0.0,5.0,Sertao do Trombudo,5.0,5.0,,,,,,,,,,,,,,,,,,,,,,,,,,,,,,,0,0
1323402748711514203,outros,1,2.0,2,1,2,0.0,2.5,Meia Praia,2.5,2.5,,,,,,,,,,,,,,,,,,,,,,,,,,,,,,,0,0
802182013088218373,apartamento,3,3.0,8,6,6,300.0,4.829999923706055,Meia Praia,4.829999923706055,4.829999923706055,,,,,,,,,,,,,,,,,,,,,,,,,,,,,,,0,0
802922826036667371,apartamento,3,3.0,8,4,15,300.0,5.0,Meia Praia,5.0,5.0,,,,,,,,,,,,,,,,,,,,,,,,,,,,,,,0,0
50059423,apartamento,2,2.0,6,4,145,80.0,4.929999828338623,Meia Praia,4.929999828338623,4.929999828338623,0.0,2.0,27.0,,500.0,405.55555555555554,,500.0,350.0,0.0,2.0,27.0,,500.0,350.0,,500.0,500.0,,29000.0,22400.0,1.0,0.9666666666666667,0.7032967032967034,30.0,58.0,64.0,False,True,True,1,1
1096224406959211567,apartamento,3,2.0,6,4,1,0.0,5.0,Meia Praia,5.0,5.0,,,,,,,,,,,,,,,,,,,,,,,,,,,,,,,0,0
39715668,apartamento,2,1.0,4,3,18,200.0,4.940000057220459,Casa Branca,4.940000057220459,4.940000057220459,3.0,26.0,56.0,270.0,243.69230769230768,225.10714285714286,270.0,240.0,215.0,3.0,26.0,56.0,270.0,210.0,200.0,270.0,270.0,240.0,7290.0,8160.0,7525.0,0.9,0.5666666666666667,0.38461538461538464,27.0,34.0,35.0,True,True,True,1,1
1273418796300868015,apartamento,2,2.0,6,4,1,200.0,4.0,Tabuleiro dos Oliveiras,4.0,4.0,,,,,,,,,,,,,,,,,,,,,,,,,,,,,,,0,0
46116173,apartamento,2,2.0,6,4,39,180.0,4.949999809265137,Meia Praia,4.949999809265137,4.949999809265137,0.0,11.0,28.0,,564.5454545454545,393.57142857142856,,630.0,270.0,0.0,11.0,28.0,,630.0,250.0,,630.0,630.0,,30870.0,17010.0,1.0,0.8166666666666667,0.6923076923076923,30.0,49.0,63.0,False,True,True,1,1
1323218032841264799,outros,1,1.0,2,1,0,0.0,0.0,Varzea,0.0,,,,,,,,,,,,,,,,,,,,,,,,,,,,,,,,0,0
939698664229028471,apartamento,2,2.0,6,3,20,250.0,4.949999809265137,Morretes,4.949999809265137,4.949999809265137,5.0,9.0,35.0,390.0,344.44444444444446,306.35714285714283,400.0,350.0,300.0,5.0,9.0,35.0,400.0,300.0,300.0,400.0,400.0,300.0,10000.0,17850.0,16800.0,0.8333333333333334,0.85,0.6153846153846154,25.0,51.0,56.0,True,True,True,1,1
1018861232450784289,apartamento,2,2.0,5,3,4,200.0,5.0,Morretes,5.0,5.0,,,,,,,,,,,,,,,,,,,,,,,,,,,,,,,0,0
1066914720488800402,apartamento,3,4.0,7,3,0,0.0,0.0,Meia Praia,0.0,,,,,,,,,,,,,,,,,,,,,,,,,,,,,,,,0,0
1182070530301053205,apartamento,1,1.0,4,2,12,190.0,4.920000076293945,Centro,4.920000076293945,4.920000076293945,5.0,25.0,56.0,660.0,589.176668,525.6830357142857,660.0,660.0,471.0,5.0,25.0,56.0,660.0,446.0,444.875,660.0,672.0,655.5,16500.0,23100.0,16485.0,0.8333333333333334,0.5833333333333334,0.38461538461538464,25.0,35.0,35.0,True,True,True,1,1
994187384136169442,apartamento,3,3.0,8,3,3,300.0,5.0,Meia Praia,5.0,5.0,,,,,,,,,,,,,,,,,,,,,,,,,,,,,,,0,0
15909831,apartamento,3,3.0,6,4,32,190.0,4.940000057220459,Meia Praia,4.940000057220459,4.940000057220459,10.0,34.0,65.0,790.0,790.0,719.8461538461538,790.0,790.0,790.0,10.0,34.0,65.0,790.0,790.0,600.0,790.0,790.0,790.0,15800.0,20540.0,20540.0,0.6666666666666666,0.43333333333333335,0.2857142857142857,20.0,26.0,26.0,True,True,True,1,1
779693856770376018,outros,1,1.0,3,2,0,0.0,0.0,Meia Praia,0.0,,,,,,,,,,,,,,,,,,,,,,,,,,,,,,,,0,0
1044426964136235800,outros,1,1.0,2,1,7,80.0,4.860000133514404,Centro,4.860000133514404,4.860000133514404,,,,,,,,,,,,,,,,,,,,,,,,,,,,,,,0,0
1122567171503565314,apartamento,1,2.0,4,1,0,300.0,0.0,Tabuleiro dos Oliveiras,0.0,,,,,,,,,,,,,,,,,,,,,,,,,,,,,,,,0,0
844864653127085626,apartamento,3,3.0,8,6,15,370.0,5.0,Meia Praia,5.0,5.0,13.0,43.0,74.0,1136.1538461538462,1138.8372093023256,1028.9909905405405,1090.0,1090.0,1090.0,13.0,43.0,74.0,1090.0,1090.0,841.0,1190.0,1140.0,1090.0,18530.0,18530.0,18530.0,0.5666666666666667,0.2833333333333333,0.18681318681318682,17.0,17.0,17.0,True,True,True,1,1
53031891,apartamento,2,1.0,6,2,4,100.0,3.75,Meia Praia,3.75,3.75,,,,,,,,,,,,,,,,,,,,,,,,,,,,,,,0,0
671197701971960715,casa,2,2.0,5,3,0,200.0,0.0,Centro,0.0,,,,,,,,,,,,,,,,,,,,,,,,,,,,,,,,0,0
1018009430361037830,apartamento,2,2.0,8,2,0,300.0,0.0,Meia Praia,0.0,,,,,,,,,,,,,,,,,,,,,,,,,,,,,,,,0,0
30922946,outros,1,1.0,2,1,92,50.0,4.980000019073486,Meia Praia,4.980000019073486,4.980000019073486,,,,,,,,,,,,,,,,,,,,,,,,,,,,,,,0,0
761791400447949684,apartamento,3,2.0,7,3,0,300.0,0.0,Casa Branca,0.0,,,,,,,,,,,,,,,,,,,,,,,,,,,,,,,,0,0
40920962,apartamento,2,2.0,6,2,0,250.0,0.0,Meia Praia,0.0,,,,,,,,,,,,,,,,,,,,,,,,,,,,,,,,0,0
35251479,apartamento,4,3.0,8,7,13,350.0,4.690000057220459,Centro,4.690000057220459,4.690000057220459,,,,,,,,,,,,,,,,,,,,,,,,,,,,,,,0,0
776868780194110778,apartamento,2,2.0,8,2,0,250.0,0.0,Meia Praia,0.0,,,,,,,,,,,,,,,,,,,,,,,,,,,,,,,,0,0
40576710,casa,4,2.0,10,8,10,300.0,4.800000190734863,Meia Praia,4.800000190734863,4.800000190734863,4.0,31.0,59.0,600.0,579.0322580645161,541.5254237288135,600.0,500.0,500.0,4.0,31.0,59.0,600.0,500.0,500.0,600.0,600.0,550.0,15600.0,14500.0,16000.0,0.8666666666666667,0.48333333333333334,0.3516483516483517,26.0,29.0,32.0,True,True,True,1,0
572368704250611987,apartamento,2,2.0,5,2,35,200.0,4.860000133514404,Meia Praia,4.860000133514404,4.860000133514404,,,,,,,,,,,,,,,,,,,,,,,,,,,,,,,0,0
46222390,apartamento,2,1.0,6,4,6,250.0,4.829999923706055,Meia Praia,4.829999923706055,4.829999923706055,17.0,43.0,73.0,408.4117647058824,471.69767441860466,483.32876712328766,400.0,500.0,500.0,17.0,43.0,73.0,400.0,400.0,500.0,400.0,500.0,500.0,5200.0,8500.0,9000.0,0.43333333333333335,0.2833333333333333,0.1978021978021978,13.0,17.0,18.0,True,True,True,1,0
976945230870631103,apartamento,4,4.0,8,5,5,0.0,4.800000190734863,Meia Praia,4.800000190734863,4.800000190734863,,,,,,,,,,,,,,,,,,,,,,,,,,,,,,,0,0
1056582819102883602,apartamento,2,1.0,6,8,0,200.0,0.0,Morretes,0.0,,,,,,,,,,,,,,,,,,,,,,,,,,,,,,,,0,0
1314789151621799910,outros,1,2.0,2,1,1,0.0,5.0,Meia Praia,5.0,5.0,,,,,,,,,,,,,,,,,,,,,,,,,,,,,,,0,0
38980085,apartamento,3,3.0,8,3,13,350.0,5.0,Meia Praia,5.0,5.0,16.0,46.0,77.0,800.0,896.195652173913,859.5324675324675,800.0,800.0,800.0,16.0,46.0,77.0,800.0,800.0,800.0,800.0,800.0,800.0,11200.0,11200.0,11200.0,0.4666666666666667,0.23333333333333334,0.15384615384615385,14.0,14.0,14.0,True,True,True,1,1
48042920,casa,3,2.0,8,3,0,300.0,0.0,Ilhota,0.0,,,,,,,,,,,,,,,,,,,,,,,,,,,,,,,,0,0
1320556897418384859,apartamento,2,2.0,6,3,0,300.0,0.0,Meia Praia,0.0,,,,,,,,,,,,,,,,,,,,,,,,,,,,,,,,0,0
16804726,apartamento,3,4.0,10,8,0,200.0,0.0,Meia Praia,0.0,,,,,,,,,,,,,,,,,,,,,,,,,,,,,,,,0,0
824716714835061158,apartamento,3,2.0,7,4,2,350.0,5.0,Meia Praia,5.0,5.0,,,,,,,,,,,,,,,,,,,,,,,,,,,,,,,0,0
1237872426515152443,apartamento,3,2.0,6,3,0,300.0,0.0,Meia Praia,0.0,,,,,,,,,,,,,,,,,,,,,,,,,,,,,,,,0,0
1313144034274766322,apartamento,3,4.0,8,2,0,350.0,0.0,Morretes,0.0,,,,,,,,,,,,,,,,,,,,,,,,,,,,,,,,0,0
1040784559215923309,casa,3,1.0,6,3,4,200.0,4.5,Meia Praia,4.5,4.5,,,,,,,,,,,,,,,,,,,,,,,,,,,,,,,0,0
38899673,apartamento,2,1.0,4,2,7,245.0,5.0,Morretes,5.0,5.0,27.0,48.0,78.0,397.75925925925924,484.54861041666663,544.0149564102563,398.0,400.0,500.0,27.0,48.0,78.0,395.0,396.5,400.0,400.0,500.0,710.0,1194.0,4800.0,6500.0,0.1,0.2,0.14285714285714285,3.0,12.0,13.0,True,True,True,1,1
51507847,apartamento,3,2.0,6,4,5,300.0,5.0,Meia Praia,5.0,5.0,,,,,,,,,,,,,,,,,,,,,,,,,,,,,,,0,0
703538637731385185,apartamento,2,1.0,6,3,22,0.0,4.820000171661377,Meia Praia,4.820000171661377,4.820000171661377,9.0,35.0,66.0,383.0370377777778,393.24761942857145,398.97979818181824,380.0,402.0,402.0,9.0,35.0,66.0,380.0,380.0,385.5,380.0,404.5,406.375,7980.0,10050.0,10050.0,0.7,0.4166666666666667,0.27472527472527475,21.0,25.0,25.0,True,True,True,1,1
1209010210831577821,apartamento,3,3.0,8,4,0,350.0,0.0,Centro,0.0,,,,,,,,,,,,,,,,,,,,,,,,,,,,,,,,0,0
819714618271533438,apartamento,2,2.0,7,5,0,230.0,0.0,Centro,0.0,,,,,,,,,,,,,,,,,,,,,,,,,,,,,,,,0,0
792184367926408145,apartamento,2,2.0,6,3,23,230.0,5.0,Meia Praia,5.0,5.0,0.0,20.0,50.0,,418.183334,371.04,,396.0,347.16667,0.0,20.0,50.0,,396.0,323.750005,,409.75,396.0,,15840.0,14233.83347,1.0,0.6666666666666666,0.45054945054945056,30.0,40.0,41.0,False,True,True,1,1
1306807353529683202,apartamento,3,2.0,8,4,0,350.0,0.0,Meia Praia,0.0,,,,,,,,,,,,,,,,,,,,,,,,,,,,,,,,0,0
1039148529762696570,apartamento,2,2.0,4,3,2,300.0,5.0,Leopoldo Zarling,5.0,5.0,,,,,,,,,,,,,,,,,,,,,,,,,,,,,,,0,0
1294169573187469017,apartamento,2,2.0,4,2,1,0.0,5.0,Centro,5.0,5.0,,,,,,,,,,,,,,,,,,,,,,,,,,,,,,,0,0
680309785259567235,casa,3,3.0,8,4,7,400.0,5.0,Varzea,5.0,5.0,,,,,,,,,,,,,,,,,,,,,,,,,,,,,,,0,0
53825192,apartamento,3,3.0,7,4,65,200.0,4.889999866485596,Meia Praia,4.889999866485596,4.889999866485596,0.0,13.0,23.0,,1421.5384615384614,1036.2173913043478,,1620.0,925.0,0.0,13.0,23.0,,1125.0,533.0,,1620.0,1620.0,,76140.0,62900.0,1.0,0.7833333333333333,0.7472527472527473,30.0,47.0,68.0,False,True,True,1,1
1285186073711689347,outros,1,2.0,4,2,7,0.0,5.0,Meia Praia,5.0,5.0,,,,,,,,,,,,,,,,,,,,,,,,,,,,,,,0,0
41705158,apartamento,2,2.0,4,2,10,200.0,4.900000095367432,Morretes,4.900000095367432,4.900000095367432,,,,,,,,,,,,,,,,,,,,,,,,,,,,,,,0,0
1076283050930905812,casa,3,2.0,8,3,0,0.0,0.0,Meia Praia,0.0,,,,,,,,,,,,,,,,,,,,,,,,,,,,,,,,0,0
1089848297340886677,apartamento,2,2.0,6,4,0,0.0,0.0,Meia Praia,0.0,,,,,,,,,,,,,,,,,,,,,,,,,,,,,,,,0,0
46237789,casa,3,2.0,16,5,2,200.0,4.5,Morretes,4.5,4.5,,,,,,,,,,,,,,,,,,,,,,,,,,,,,,,0,0
705167970678992594,apartamento,2,2.0,6,2,24,180.0,4.880000114440918,Meia Praia,4.880000114440918,4.880000114440918,,,,,,,,,,,,,,,,,,,,,,,,,,,,,,,0,0
1320160052256466425,apartamento,3,2.0,6,3,0,380.0,0.0,Meia Praia,0.0,,,,,,,,,,,,,,,,,,,,,,,,,,,,,,,,0,0
561392888536380944,apartamento,3,2.0,10,5,0,300.0,0.0,Meia Praia,0.0,,,,,,,,,,,,,,,,,,,,,,,,,,,,,,,,0,0
1304604335965216750,apartamento,3,2.0,6,3,1,265.0,5.0,Centro,5.0,5.0,,,,,,,,,,,,,,,,,,,,,,,,,,,,,,,0,0
20863370,apartamento,3,3.0,7,5,25,410.0,4.880000114440918,Meia Praia,4.880000114440918,4.880000114440918,0.0,2.0,18.0,,531.0,507.93055555555554,,531.0,500.0,0.0,2.0,18.0,,530.0,500.0,,532.0,515.5625,,30798.0,36500.0,1.0,0.9666666666666667,0.8021978021978022,30.0,58.0,73.0,False,True,True,1,0
1284112270868624978,apartamento,1,1.0,4,2,4,210.0,5.0,Centro,5.0,5.0,,,,,,,,,,,,,,,,,,,,,,,,,,,,,,,0,0
54287612,apartamento,2,2.0,6,4,10,610.0,4.900000095367432,Centro,4.900000095367432,4.900000095367432,0.0,19.0,50.0,,439.14035263157893,414.25333400000005,,389.0,399.0,0.0,19.0,50.0,,389.0,399.0,,399.0,399.0,,15949.0,16359.0,1.0,0.6833333333333333,0.45054945054945056,30.0,41.0,41.0,False,True,True,1,1
1209995062310858711,apartamento,2,3.0,6,3,2,200.0,5.0,Meia Praia,5.0,5.0,,,,,,,,,,,,,,,,,,,,,,,,,,,,,,,0,0
10340400,apartamento,3,2.0,6,4,55,250.0,4.929999828338623,Meia Praia,4.929999828338623,4.929999828338623,0.0,6.0,6.0,,300.0,300.0,,300.0,300.0,0.0,6.0,6.0,,300.0,300.0,,300.0,300.0,,16200.0,25500.0,1.0,0.9,0.9340659340659341,30.0,54.0,85.0,False,True,True,1,1
1122484070806000083,apartamento,2,2.0,5,1,2,230.0,5.0,Meia Praia,5.0,5.0,,,,,,,,,,,,,,,,,,,,,,,,,,,,,,,0,0
36632832,apartamento,3,2.0,8,5,41,250.0,4.849999904632568,Meia Praia,4.849999904632568,4.849999904632568,17.0,43.0,70.0,750.0,639.3372093023256,537.7357142857143,750.0,750.0,450.0,17.0,43.0,70.0,750.0,450.0,350.0,750.0,750.0,750.0,9750.0,12750.0,9450.0,0.43333333333333335,0.2833333333333333,0.23076923076923078,13.0,17.0,21.0,True,True,True,1,1
834645644371228115,outros,1,1.0,2,1,14,70.0,4.929999828338623,Centro,4.929999828338623,4.929999828338623,28.0,38.0,38.0,300.0,300.0,300.0,300.0,300.0,300.0,28.0,38.0,38.0,300.0,300.0,300.0,300.0,300.0,300.0,600.0,6600.0,15900.0,0.06666666666666667,0.36666666666666664,0.5824175824175825,2.0,22.0,53.0,True,True,True,1,0
1258552591163936031,casa,2,2.0,10,2,0,200.0,0.0,Alto Sao Bento,0.0,,,,,,,,,,,,,,,,,,,,,,,,,,,,,,,,0,0
17434239,apartamento,3,2.0,8,5,128,270.0,4.909999847412109,Meia Praia,4.909999847412109,4.909999847412109,,,,,,,,,,,,,,,,,,,,,,,,,,,,,,,0,0
1056441270202826833,apartamento,4,4.0,10,6,1,400.0,5.0,Meia Praia,5.0,5.0,,,,,,,,,,,,,,,,,,,,,,,,,,,,,,,0,0
563923122447968990,apartamento,3,3.0,6,3,0,300.0,0.0,Meia Praia,0.0,,,,,,,,,,,,,,,,,,,,,,,,,,,,,,,,0,0
1287289583582915738,apartamento,3,2.0,10,3,0,250.0,0.0,Meia Praia,0.0,,,,,,,,,,,,,,,,,,,,,,,,,,,,,,,,0,0
22208899,apartamento,3,2.0,7,5,1,300.0,3.0,Meia Praia,3.0,3.0,,,,,,,,,,,,,,,,,,,,,,,,,,,,,,,0,0
1251662764548638555,casa,3,3.0,8,3,0,400.0,0.0,Canto da Praia,0.0,,,,,,,,,,,,,,,,,,,,,,,,,,,,,,,,0,0
1310910867031688625,apartamento,3,2.0,8,6,1,0.0,5.0,Meia Praia,5.0,5.0,,,,,,,,,,,,,,,,,,,,,,,,,,,,,,,0,0
19484857,apartamento,4,2.0,10,4,0,300.0,0.0,Meia Praia,0.0,,,,,,,,,,,,,,,,,,,,,,,,,,,,,,,,0,0
40636229,apartamento,4,1.0,10,4,0,350.0,0.0,Meia Praia,0.0,,,,,,,,,,,,,,,,,,,,,,,,,,,,,,,,0,0
41593259,apartamento,2,2.0,4,2,0,250.0,0.0,Meia Praia,0.0,,,,,,,,,,,,,,,,,,,,,,,,,,,,,,,,0,0
954569872271554009,apartamento,2,2.0,7,4,0,350.0,0.0,Meia Praia,0.0,,,,,,,,,,,,,,,,,,,,,,,,,,,,,,,,0,0
40236441,casa,1,1.0,2,1,84,80.0,4.900000095367432,Morretes,4.900000095367432,4.900000095367432,,,,,,,,,,,,,,,,,,,,,,,,,,,,,,,0,0
1320102250145284179,apartamento,2,2.0,6,2,0,300.0,0.0,Meia Praia,0.0,,,,,,,,,,,,,,,,,,,,,,,,,,,,,,,,0,0
53697976,apartamento,3,2.0,6,3,0,300.0,0.0,Meia Praia,0.0,,,,,,,,,,,,,,,,,,,,,,,,,,,,,,,,0,0
846453708877796469,apartamento,3,2.0,8,4,3,200.0,5.0,Meia Praia,5.0,5.0,,,,,,,,,,,,,,,,,,,,,,,,,,,,,,,0,0
1277120737684715722,apartamento,2,2.0,8,3,5,250.0,5.0,Meia Praia,5.0,5.0,,,,,,,,,,,,,,,,,,,,,,,,,,,,,,,0,0
1297381884801826260,apartamento,4,5.0,10,5,0,350.0,0.0,Meia Praia,0.0,,,,,,,,,,,,,,,,,,,,,,,,,,,,,,,,0,0
1206616023790805525,apartamento,2,3.0,5,2,0,0.0,0.0,Meia Praia,0.0,,,,,,,,,,,,,,,,,,,,,,,,,,,,,,,,0,0
1061867942571538346,apartamento,3,3.0,8,3,2,300.0,5.0,Meia Praia,5.0,5.0,,,,,,,,,,,,,,,,,,,,,,,,,,,,,,,0,0
1276994081745483373,apartamento,3,0.0,6,3,0,300.0,0.0,Meia Praia,0.0,,,,,,,,,,,,,,,,,,,,,,,,,,,,,,,,0,0
1284365865529385073,apartamento,3,3.0,8,3,0,550.0,0.0,Meia Praia,0.0,,,,,,,,,,,,,,,,,,,,,,,,,,,,,,,,0,0
734707774394612996,apartamento,3,2.0,9,3,36,250.0,5.0,Meia Praia,5.0,5.0,,,,,,,,,,,,,,,,,,,,,,,,,,,,,,,0,0
1320244297875951003,apartamento,2,1.0,5,2,0,350.0,0.0,Casa Branca,0.0,,,,,,,,,,,,,,,,,,,,,,,,,,,,,,,,0,0
1313034607802481095,apartamento,3,4.0,10,6,1,0.0,5.0,Meia Praia,5.0,5.0,,,,,,,,,,,,,,,,,,,,,,,,,,,,,,,0,0
1056714372479342999,apartamento,3,2.0,8,6,0,300.0,0.0,Meia Praia,0.0,,,,,,,,,,,,,,,,,,,,,,,,,,,,,,,,0,0
1053078341808957766,apartamento,2,2.0,5,0,0,0.0,0.0,Morretes,0.0,,,,,,,,,,,,,,,,,,,,,,,,,,,,,,,,0,0
37183669,apartamento,2,1.0,6,3,114,180.0,4.820000171661377,Casa Branca,4.820000171661377,4.820000171661377,,,,,,,,,,,,,,,,,,,,,,,,,,,,,,,0,0
53448627,apartamento,3,2.0,12,8,6,290.0,5.0,Meia Praia,5.0,5.0,11.0,26.0,26.0,497.3636363636364,533.1794884615384,533.1794884615384,445.0,505.0,505.0,11.0,26.0,26.0,445.0,445.0,445.0,567.0,567.0,567.0,8455.0,17170.0,32825.0,0.6333333333333333,0.5666666666666667,0.7142857142857143,19.0,34.0,65.0,True,True,True,1,1
44153810,apartamento,2,1.0,4,3,35,200.0,4.909999847412109,Alto Sao Bento,4.909999847412109,4.909999847412109,0.0,17.0,48.0,,180.76470588235293,188.375,,179.0,199.0,0.0,17.0,48.0,,179.0,179.0,,179.0,199.0,,7697.0,8557.0,1.0,0.7166666666666667,0.4725274725274725,30.0,43.0,43.0,False,True,True,1,0
1314387592587159598,apartamento,2,2.0,6,3,0,0.0,0.0,Tabuleiro dos Oliveiras,0.0,,,,,,,,,,,,,,,,,,,,,,,,,,,,,,,,0,0
53599319,casa,3,2.0,8,3,1,300.0,5.0,Meia Praia,5.0,5.0,,,,,,,,,,,,,,,,,,,,,,,,,,,,,,,0,0
53133078,apartamento,3,3.0,6,3,4,350.0,4.75,Meia Praia,4.75,4.75,,,,,,,,,,,,,,,,,,,,,,,,,,,,,,,0,0
31103520,apartamento,4,4.0,8,8,0,350.0,0.0,Meia Praia,0.0,,,,,,,,,,,,,,,,,,,,,,,,,,,,,,,,0,0
1199587121851873718,outros,0,0.0,2,1,0,100.0,0.0,Alto Sao Bento,0.0,,,,,,,,,,,,,,,,,,,,,,,,,,,,,,,,0,0
1281374746325498940,apartamento,3,4.0,8,4,0,0.0,0.0,Meia Praia,0.0,,,,,,,,,,,,,,,,,,,,,,,,,,,,,,,,0,0
766788707373767791,apartamento,3,3.0,8,4,23,150.0,4.909999847412109,Meia Praia,4.909999847412109,4.909999847412109,0.0,5.0,35.0,,520.0,430.42857142857144,,520.0,355.0,0.0,5.0,35.0,,520.0,355.0,,520.0,520.0,,28600.0,19880.0,1.0,0.9166666666666666,0.6153846153846154,30.0,55.0,56.0,False,True,True,1,1
580407424598756855,apartamento,3,2.0,10,3,11,270.0,5.0,Meia Praia,5.0,5.0,0.0,8.0,14.0,,669.1458375,538.7976214285715,,680.33335,573.5,0.0,8.0,14.0,,634.0,365.0,,714.125,692.6666749999999,,35377.3342,44159.5,1.0,0.8666666666666667,0.8461538461538461,30.0,52.0,77.0,False,True,True,1,1
569254356071404463,apartamento,4,3.0,8,5,0,0.0,0.0,Centro,0.0,,,,,,,,,,,,,,,,,,,,,,,,,,,,,,,,0,0
1284184965610419280,apartamento,3,3.0,7,4,1,350.0,5.0,Meia Praia,5.0,5.0,,,,,,,,,,,,,,,,,,,,,,,,,,,,,,,0,0
1078261284424187966,apartamento,3,2.0,6,3,0,0.0,0.0,Centro,0.0,,,,,,,,,,,,,,,,,,,,,,,,,,,,,,,,0,0
40351988,apartamento,3,2.0,7,4,35,200.0,4.909999847412109,Meia Praia,4.909999847412109,4.909999847412109,4.0,27.0,52.0,450.0,393.6666666666667,347.53846153846155,450.0,450.0,333.0,4.0,27.0,52.0,450.0,333.0,270.0,450.0,450.0,450.0,11700.0,14850.0,12987.0,0.8666666666666667,0.55,0.42857142857142855,26.0,33.0,39.0,True,True,True,1,1
1091369081991245399,apartamento,3,2.0,6,3,1,350.0,5.0,Morretes,5.0,5.0,,,,,,,,,,,,,,,,,,,,,,,,,,,,,,,0,0
41981095,apartamento,3,2.0,8,7,0,300.0,0.0,Meia Praia,0.0,,,,,,,,,,,,,,,,,,,,,,,,,,,,,,,,0,0
11567423,apartamento,3,2.0,6,4,24,400.0,4.880000114440918,Centro,4.880000114440918,4.880000114440918,19.0,31.0,62.0,946.8421052631579,898.7096774193549,814.3548387096774,1020.0,920.0,790.0,19.0,31.0,62.0,920.0,790.0,697.0,1020.0,1020.0,920.0,11220.0,26680.0,22910.0,0.36666666666666664,0.48333333333333334,0.31868131868131866,11.0,29.0,29.0,True,True,True,1,1
782698200172395257,outros,1,1.0,2,1,4,120.0,5.0,Meia Praia,5.0,5.0,,,,,,,,,,,,,,,,,,,,,,,,,,,,,,,0,0
1061476831992709667,apartamento,4,3.0,10,6,0,200.0,0.0,Meia Praia,0.0,,,,,,,,,,,,,,,,,,,,,,,,,,,,,,,,0,0
1309667855765227447,apartamento,3,2.0,12,4,0,350.0,0.0,Meia Praia,0.0,,,,,,,,,,,,,,,,,,,,,,,,,,,,,,,,0,0
1314729269633513523,casa,3,2.0,8,4,2,250.0,5.0,Meia Praia,5.0,5.0,,,,,,,,,,,,,,,,,,,,,,,,,,,,,,,0,0
1323259402993093234,casa,0,1.0,3,1,0,150.0,0.0,Varzea,0.0,,,,,,,,,,,,,,,,,,,,,,,,,,,,,,,,0,0
1283961557256501933,apartamento,2,2.0,5,5,0,300.0,0.0,Morretes,0.0,,,,,,,,,,,,,,,,,,,,,,,,,,,,,,,,0,0
978840394466382129,apartamento,4,4.0,8,4,0,0.0,0.0,Meia Praia,0.0,,,,,,,,,,,,,,,,,,,,,,,,,,,,,,,,0,0
762916089194134311,apartamento,2,2.0,5,3,3,170.0,5.0,Centro,5.0,5.0,29.0,59.0,90.0,1000.0,1000.0,1000.0,1000.0,1000.0,1000.0,29.0,59.0,90.0,1000.0,1000.0,1000.0,1000.0,1000.0,1000.0,1000.0,1000.0,1000.0,0.03333333333333333,0.016666666666666666,0.01098901098901099,1.0,1.0,1.0,True,True,True,1,1
1193347652334673191,apartamento,3,3.0,6,3,12,200.0,5.0,Meia Praia,5.0,5.0,5.0,28.0,54.0,825.0,1070.607142857143,832.1296296296297,825.0,825.0,633.0,5.0,28.0,54.0,825.0,825.0,533.0,825.0,1520.0,825.0,20625.0,26400.0,23421.0,0.8333333333333334,0.5333333333333333,0.4065934065934066,25.0,32.0,37.0,True,True,True,1,1
1281942401940101122,outros,1,1.0,2,1,1,100.0,4.0,Alto Sao Bento,4.0,4.0,,,,,,,,,,,,,,,,,,,,,,,,,,,,,,,0,0
1040086591203443519,apartamento,3,2.0,6,3,1,350.0,5.0,Meia Praia,5.0,5.0,,,,,,,,,,,,,,,,,,,,,,,,,,,,,,,0,0
48413303,apartamento,3,2.0,6,5,2,300.0,5.0,Centro,5.0,5.0,,,,,,,,,,,,,,,,,,,,,,,,,,,,,,,0,0
1265295313956605287,apartamento,1,1.0,2,1,0,190.0,0.0,Centro,0.0,,12.0,42.0,73.0,373.9583333333333,400.76587380952384,401.67351643835616,366.0,372.5,372.0,12.0,42.0,73.0,366.0,366.0,370.0,385.0,397.0,419.0,6588.0,6705.0,6696.0,0.6,0.3,0.1978021978021978,18.0,18.0,18.0,True,True,True,1,1
1287750974185241054,apartamento,3,3.0,9,4,0,0.0,0.0,Meia Praia,0.0,,,,,,,,,,,,,,,,,,,,,,,,,,,,,,,,0,0
1061760018903434391,apartamento,2,2.0,6,2,3,0.0,5.0,Meia Praia,5.0,5.0,,,,,,,,,,,,,,,,,,,,,,,,,,,,,,,0,0
892881566791794062,apartamento,3,3.0,11,5,2,350.0,4.5,Meia Praia,4.5,4.5,,,,,,,,,,,,,,,,,,,,,,,,,,,,,,,0,0
770135470713734104,apartamento,3,4.0,7,6,0,200.0,0.0,Meia Praia,0.0,,,,,,,,,,,,,,,,,,,,,,,,,,,,,,,,0,0
1034871022051200160,apartamento,2,2.0,6,3,1,150.0,5.0,Meia Praia,5.0,5.0,,,,,,,,,,,,,,,,,,,,,,,,,,,,,,,0,0
1050695563362835747,casa,2,2.0,4,0,2,250.0,4.5,Tabuleiro dos Oliveiras,4.5,4.5,,,,,,,,,,,,,,,,,,,,,,,,,,,,,,,0,0
1042761419992983867,apartamento,2,2.0,6,3,2,300.0,5.0,Centro,5.0,5.0,,,,,,,,,,,,,,,,,,,,,,,,,,,,,,,0,0
40400432,apartamento,3,2.0,8,5,34,250.0,4.820000171661377,Ilhota,4.820000171661377,4.820000171661377,,,,,,,,,,,,,,,,,,,,,,,,,,,,,,,0,0
1066545050089987954,apartamento,2,1.0,6,3,5,200.0,5.0,Meia Praia,5.0,5.0,13.0,38.0,69.0,499.2307692307692,514.2105263157895,462.8985507246377,500.0,500.0,400.0,13.0,38.0,69.0,500.0,492.5,400.0,500.0,500.0,500.0,8500.0,11000.0,8800.0,0.5666666666666667,0.36666666666666664,0.24175824175824176,17.0,22.0,22.0,True,True,True,1,1
792571277294268451,apartamento,3,3.0,10,3,0,400.0,0.0,Meia Praia,0.0,,,,,,,,,,,,,,,,,,,,,,,,,,,,,,,,0,0
1285258394122828809,outros,1,2.0,6,2,0,0.0,0.0,Meia Praia,0.0,,,,,,,,,,,,,,,,,,,,,,,,,,,,,,,,0,0
31443878,apartamento,4,2.0,10,5,19,350.0,4.949999809265137,Meia Praia,4.949999809265137,4.949999809265137,,,,,,,,,,,,,,,,,,,,,,,,,,,,,,,0,0
735257283376748431,apartamento,3,2.0,7,4,2,250.0,5.0,Ilhota,5.0,5.0,,,,,,,,,,,,,,,,,,,,,,,,,,,,,,,0,0
1105311689904411621,apartamento,3,3.0,5,7,0,350.0,0.0,Meia Praia,0.0,,,,,,,,,,,,,,,,,,,,,,,,,,,,,,,,0,0
1054495267819919793,apartamento,3,2.0,8,3,0,350.0,0.0,Meia Praia,0.0,,,,,,,,,,,,,,,,,,,,,,,,,,,,,,,,0,0
46550767,apartamento,3,2.0,8,5,42,200.0,4.809999942779541,Meia Praia,4.809999942779541,4.809999942779541,15.0,36.0,47.0,813.3333333333334,775.0,757.4468085106383,800.0,800.0,800.0,15.0,36.0,47.0,800.0,700.0,700.0,825.0,800.0,800.0,12000.0,19200.0,35200.0,0.5,0.4,0.4835164835164835,15.0,24.0,44.0,True,True,True,1,1
1305831278324186957,apartamento,3,2.0,8,5,0,300.0,0.0,Centro,0.0,,,,,,,,,,,,,,,,,,,,,,,,,,,,,,,,0,0
41786765,apartamento,3,3.0,8,3,32,500.0,4.840000152587891,Meia Praia,4.840000152587891,4.840000152587891,0.0,0.0,13.0,,,250.0,,,250.0,0.0,0.0,13.0,,,250.0,,,250.0,,,19500.0,1.0,1.0,0.8571428571428571,30.0,60.0,78.0,False,False,True,1,0
9327293,apartamento,4,3.0,9,5,50,450.0,4.960000038146973,Meia Praia,4.960000038146973,4.960000038146973,8.0,22.0,33.0,931.25,933.6136363636364,922.4090909090909,950.0,950.0,900.0,8.0,22.0,33.0,900.0,900.0,900.0,950.0,950.0,950.0,20900.0,36100.0,52200.0,0.7333333333333333,0.6333333333333333,0.6373626373626373,22.0,38.0,58.0,True,True,True,1,0
1315873889497529964,apartamento,1,1.0,4,1,2,250.0,4.5,Meia Praia,4.5,4.5,,,,,,,,,,,,,,,,,,,,,,,,,,,,,,,0,0
12359560,apartamento,3,3.0,6,4,29,295.0,4.789999961853027,Meia Praia,4.789999961853027,4.789999961853027,0.0,3.0,25.0,,800.0,839.9466440000001,,800.0,815.3333,0.0,3.0,25.0,,800.0,800.0,,800.0,877.3333,,45600.0,53811.9978,1.0,0.95,0.7252747252747253,30.0,57.0,66.0,False,True,True,1,1
44535734,apartamento,2,1.0,7,4,0,0.0,0.0,Meia Praia,0.0,,,,,,,,,,,,,,,,,,,,,,,,,,,,,,,,0,0
1066179672592682596,apartamento,2,1.0,5,3,0,200.0,0.0,Alto Sao Bento,0.0,,,,,,,,,,,,,,,,,,,,,,,,,,,,,,,,0,0
53986731,apartamento,3,2.0,6,3,31,250.0,4.940000057220459,Centro,4.940000057220459,4.940000057220459,0.0,7.0,15.0,,367.14285714285717,331.3333333333333,,362.0,300.0,0.0,7.0,15.0,,362.0,300.0,,368.0,362.0,,19186.0,22800.0,1.0,0.8833333333333333,0.8351648351648352,30.0,53.0,76.0,False,True,True,1,1
1003109218241323629,apartamento,3,2.0,6,4,0,0.0,0.0,Meia Praia,0.0,,,,,,,,,,,,,,,,,,,,,,,,,,,,,,,,0,0
1053450485992715258,apartamento,2,2.0,6,4,1,250.0,4.0,Centro,4.0,4.0,,,,,,,,,,,,,,,,,,,,,,,,,,,,,,,0,0
779706062189433696,casa,3,2.0,8,3,0,200.0,0.0,Morretes,0.0,,,,,,,,,,,,,,,,,,,,,,,,,,,,,,,,0,0
1249514642418701429,apartamento,3,2.0,4,4,2,250.0,5.0,Centro,5.0,5.0,,,,,,,,,,,,,,,,,,,,,,,,,,,,,,,0,0
1258863337814966892,apartamento,2,2.0,6,3,1,150.0,5.0,Casa Branca,5.0,5.0,,,,,,,,,,,,,,,,,,,,,,,,,,,,,,,0,0
39820601,apartamento,2,2.0,6,4,23,200.0,4.739999771118164,Meia Praia,4.739999771118164,4.739999771118164,,,,,,,,,,,,,,,,,,,,,,,,,,,,,,,0,0
666688976538823328,apartamento,4,3.0,11,6,7,350.0,4.860000133514404,Meia Praia,4.860000133514404,4.860000133514404,,,,,,,,,,,,,,,,,,,,,,,,,,,,,,,0,0
1265370363028714118,apartamento,1,1.0,2,1,1,190.0,5.0,Centro,5.0,5.0,8.0,29.0,60.0,392.4375,415.58620689655174,409.03333333333336,385.0,385.0,385.0,8.0,29.0,60.0,385.0,363.0,372.0,397.125,440.0,419.0,8470.0,11935.0,11935.0,0.7333333333333333,0.5166666666666667,0.34065934065934067,22.0,31.0,31.0,True,True,True,1,1
1307441126204445779,casa,2,1.0,6,2,0,0.0,0.0,Morretes,0.0,,,,,,,,,,,,,,,,,,,,,,,,,,,,,,,,0,0
684175737491387722,casa,3,1.0,5,3,7,0.0,4.710000038146973,Varzea,4.710000038146973,4.710000038146973,,,,,,,,,,,,,,,,,,,,,,,,,,,,,,,0,0
958843937087035776,apartamento,3,4.0,8,4,5,0.0,4.800000190734863,Meia Praia,4.800000190734863,4.800000190734863,,,,,,,,,,,,,,,,,,,,,,,,,,,,,,,0,0
1223298154582279095,apartamento,3,3.0,8,3,0,399.0,0.0,Meia Praia,0.0,,,,,,,,,,,,,,,,,,,,,,,,,,,,,,,,0,0
22531967,apartamento,3,3.0,8,5,0,200.0,0.0,Centro,0.0,,,,,,,,,,,,,,,,,,,,,,,,,,,,,,,,0,0
1006595840509483072,apartamento,2,2.0,7,2,0,350.0,0.0,Morretes,0.0,,,,,,,,,,,,,,,,,,,,,,,,,,,,,,,,0,0
1287180065951019381,casa,1,1.0,2,1,7,0.0,4.860000133514404,Alto Sao Bento,4.860000133514404,4.860000133514404,,,,,,,,,,,,,,,,,,,,,,,,,,,,,,,0,0
1312372350540984887,apartamento,4,5.0,9,4,0,500.0,0.0,Meia Praia,0.0,,,,,,,,,,,,,,,,,,,,,,,,,,,,,,,,0,0
1060253210101894661,apartamento,2,2.0,5,2,10,200.0,4.900000095367432,Meia Praia,4.900000095367432,4.900000095367432,,,,,,,,,,,,,,,,,,,,,,,,,,,,,,,0,0
1297002657786809873,apartamento,3,4.0,10,4,2,350.0,5.0,Meia Praia,5.0,5.0,,,,,,,,,,,,,,,,,,,,,,,,,,,,,,,0,0
47264359,apartamento,4,2.0,10,6,1,400.0,5.0,Meia Praia,5.0,5.0,,,,,,,,,,,,,,,,,,,,,,,,,,,,,,,0,0
1043497443334655968,apartamento,2,2.0,5,2,7,290.0,4.860000133514404,Centro,4.860000133514404,4.860000133514404,0.0,11.0,42.0,,870.0,870.8373023809525,,870.0,870.0,0.0,11.0,42.0,,870.0,870.0,,870.0,870.0,,42630.0,42630.0,1.0,0.8166666666666667,0.5384615384615384,30.0,49.0,49.0,False,True,True,1,0
828307537051457546,outros,1,1.0,2,1,6,100.0,5.0,Meia Praia,5.0,5.0,,,,,,,,,,,,,,,,,,,,,,,,,,,,,,,0,0
766156195693050227,apartamento,5,5.0,16,5,16,550.0,4.940000057220459,Meia Praia,4.940000057220459,4.940000057220459,,,,,,,,,,,,,,,,,,,,,,,,,,,,,,,0,0
16662563,apartamento,4,3.0,11,7,56,350.0,4.880000114440918,Meia Praia,4.880000114440918,4.880000114440918,21.0,51.0,62.0,1728.0,1728.0,1728.0,1728.0,1728.0,1728.0,21.0,51.0,62.0,1728.0,1728.0,1728.0,1728.0,1728.0,1728.0,15552.0,15552.0,50112.0,0.3,0.15,0.31868131868131866,9.0,9.0,29.0,True,True,True,1,1
1012231847285880827,apartamento,3,2.0,10,4,0,0.0,0.0,Meia Praia,0.0,,,,,,,,,,,,,,,,,,,,,,,,,,,,,,,,0,0
45512442,apartamento,4,2.0,8,5,20,250.0,4.800000190734863,Centro,4.800000190734863,4.800000190734863,,,,,,,,,,,,,,,,,,,,,,,,,,,,,,,0,0
1156781537062859668,casa,2,1.0,5,4,61,60.0,4.96999979019165,Centro,4.96999979019165,4.96999979019165,,,,,,,,,,,,,,,,,,,,,,,,,,,,,,,0,0
45726200,apartamento,3,3.0,11,5,15,350.0,5.0,Meia Praia,5.0,5.0,2.0,25.0,43.0,1590.0,1679.74,1423.4302325581396,1590.0,1631.0,1590.0,2.0,25.0,43.0,1590.0,1590.0,997.0,1590.0,1641.5,1631.0,44520.0,57085.0,76320.0,0.9333333333333333,0.5833333333333334,0.5274725274725275,28.0,35.0,48.0,True,True,True,1,1
527368588316891258,apartamento,2,2.0,5,3,7,250.0,4.860000133514404,Centro,4.860000133514404,4.860000133514404,,,,,,,,,,,,,,,,,,,,,,,,,,,,,,,0,0
1292076494703109140,casa,2,2.0,7,2,0,0.0,0.0,Morretes,0.0,,,,,,,,,,,,,,,,,,,,,,,,,,,,,,,,0,0
48254075,apartamento,2,2.0,5,2,33,300.0,4.849999904632568,Meia Praia,4.849999904632568,4.849999904632568,5.0,11.0,11.0,509.0,509.0,509.0,509.0,509.0,509.0,5.0,11.0,11.0,509.0,509.0,509.0,509.0,509.0,509.0,12725.0,24941.0,40720.0,0.8333333333333334,0.8166666666666667,0.8791208791208791,25.0,49.0,80.0,True,True,True,1,1
1240643134903046008,apartamento,3,2.0,8,3,1,200.0,5.0,Meia Praia,5.0,5.0,,,,,,,,,,,,,,,,,,,,,,,,,,,,,,,0,0
1016568511063529821,apartamento,3,2.0,8,4,2,0.0,5.0,Meia Praia,5.0,5.0,,,,,,,,,,,,,,,,,,,,,,,,,,,,,,,0,0
1038053437487514538,apartamento,3,1.0,5,2,0,0.0,0.0,Meia Praia,0.0,,,,,,,,,,,,,,,,,,,,,,,,,,,,,,,,0,0
1302418579673981667,apartamento,2,2.0,6,2,0,250.0,0.0,Morretes,0.0,,,,,,,,,,,,,,,,,,,,,,,,,,,,,,,,0,0
45803876,apartamento,3,3.0,7,3,40,260.0,5.0,Meia Praia,5.0,5.0,6.0,25.0,54.0,644.0,609.54,540.5277777777778,644.0,567.5,450.0,6.0,25.0,54.0,644.0,455.0,450.0,644.0,644.0,644.0,15456.0,19862.5,16650.0,0.8,0.5833333333333334,0.4065934065934066,24.0,35.0,37.0,True,True,True,1,1
14884678,apartamento,3,2.0,6,3,20,250.0,4.699999809265137,Meia Praia,4.699999809265137,4.699999809265137,0.0,11.0,42.0,,595.0,573.5714285714286,,595.0,595.0,0.0,11.0,42.0,,595.0,550.0,,595.0,595.0,,29155.0,29155.0,1.0,0.8166666666666667,0.5384615384615384,30.0,49.0,49.0,False,True,True,1,0
964579064376617710,apartamento,3,0.0,8,3,4,456.0,5.0,Meia Praia,5.0,5.0,3.0,33.0,64.0,744.3333333333334,800.8030303030303,742.4609375,704.0,743.0,662.0,3.0,33.0,64.0,704.0,644.0,627.0,764.5,825.0,780.0,19008.0,20061.0,17874.0,0.9,0.45,0.2967032967032967,27.0,27.0,27.0,True,True,True,1,1
41762297,casa,6,3.0,16,12,1,600.0,5.0,Sertaozinho,5.0,5.0,23.0,47.0,77.0,1632.0652173913043,1604.787234042553,1661.3636363636363,1575.0,1575.0,1662.5,23.0,47.0,77.0,1575.0,1575.0,1575.0,1750.0,1575.0,1750.0,11025.0,20475.0,23275.0,0.23333333333333334,0.21666666666666667,0.15384615384615385,7.0,13.0,14.0,True,True,True,1,0
1208690202721738211,apartamento,1,1.0,2,1,1,0.0,5.0,Morretes,5.0,5.0,,,,,,,,,,,,,,,,,,,,,,,,,,,,,,,0,0
734317980236725351,apartamento,4,4.0,10,5,1,300.0,5.0,Meia Praia,5.0,5.0,,,,,,,,,,,,,,,,,,,,,,,,,,,,,,,0,0
46048941,apartamento,2,2.0,6,4,58,250.0,4.909999847412109,Meia Praia,4.909999847412109,4.909999847412109,,,,,,,,,,,,,,,,,,,,,,,,,,,,,,,0,0
990753381537113233,apartamento,2,2.0,4,2,1,0.0,5.0,Meia Praia,5.0,5.0,,,,,,,,,,,,,,,,,,,,,,,,,,,,,,,0,0
1241358686262226420,apartamento,3,2.0,8,3,0,300.0,0.0,Meia Praia,0.0,,,,,,,,,,,,,,,,,,,,,,,,,,,,,,,,0,0
1248542115027053727,apartamento,3,1.0,9,5,1,500.0,5.0,Centro,5.0,5.0,,,,,,,,,,,,,,,,,,,,,,,,,,,,,,,0,0
610155932497817911,apartamento,2,1.0,5,3,85,200.0,4.880000114440918,Canto da Praia,4.880000114440918,4.880000114440918,24.0,54.0,65.0,518.0,518.0,518.0,518.0,518.0,518.0,24.0,54.0,65.0,518.0,518.0,518.0,518.0,518.0,518.0,3108.0,3108.0,13468.0,0.2,0.1,0.2857142857142857,6.0,6.0,26.0,True,True,True,1,1
53990080,apartamento,3,2.0,8,6,0,200.0,0.0,Meia Praia,0.0,,,,,,,,,,,,,,,,,,,,,,,,,,,,,,,,0,0
39789650,apartamento,2,2.0,6,2,4,300.0,4.75,Meia Praia,4.75,4.75,,,,,,,,,,,,,,,,,,,,,,,,,,,,,,,0,0
782494656199337158,apartamento,2,1.0,6,5,22,250.0,4.679999828338623,Ilhota,4.679999828338623,4.679999828338623,,,,,,,,,,,,,,,,,,,,,,,,,,,,,,,0,0
1312606525920978616,apartamento,2,1.0,6,2,3,250.0,5.0,Meia Praia,5.0,5.0,,,,,,,,,,,,,,,,,,,,,,,,,,,,,,,0,0
1187061700423806804,apartamento,1,1.0,4,2,3,190.0,5.0,Centro,5.0,5.0,12.0,42.0,73.0,632.25,606.4047619047619,550.8493150684932,648.0,641.5,509.0,12.0,42.0,73.0,597.0,495.0,446.0,660.0,660.0,660.0,11664.0,11547.0,9162.0,0.6,0.3,0.1978021978021978,18.0,18.0,18.0,True,True,True,1,1
967442825122503004,apartamento,3,3.0,9,3,2,300.0,4.5,Meia Praia,4.5,4.5,,,,,,,,,,,,,,,,,,,,,,,,,,,,,,,0,0
1208735754877396448,apartamento,1,1.0,2,1,2,150.0,5.0,Centro,5.0,5.0,12.0,38.0,69.0,427.0,431.8157894736842,435.2173913043478,427.0,427.0,427.0,12.0,38.0,69.0,427.0,427.0,427.0,427.0,427.0,427.0,7686.0,9394.0,9394.0,0.6,0.36666666666666664,0.24175824175824176,18.0,22.0,22.0,True,True,True,1,1
52437705,apartamento,2,2.0,8,0,1,350.0,5.0,Meia Praia,5.0,5.0,,,,,,,,,,,,,,,,,,,,,,,,,,,,,,,0,0
45911990,apartamento,3,2.0,6,3,38,200.0,4.949999809265137,Morretes,4.949999809265137,4.949999809265137,3.0,3.0,3.0,1022.3888666666667,1022.3888666666667,1022.3888666666667,1010.5,1010.5,1010.5,3.0,3.0,3.0,996.75,996.75,996.75,1042.0833,1042.0833,1042.0833,27283.5,57598.5,88924.0,0.9,0.95,0.967032967032967,27.0,57.0,88.0,True,True,True,1,1
1203003652162530323,apartamento,2,2.0,6,3,18,100.0,4.889999866485596,Meia Praia,4.889999866485596,4.889999866485596,,,,,,,,,,,,,,,,,,,,,,,,,,,,,,,0,0
45768161,apartamento,3,2.0,6,3,22,300.0,4.820000171661377,Meia Praia,4.820000171661377,4.820000171661377,20.0,40.0,71.0,850.0,760.0,624.6478873239437,850.0,850.0,450.0,20.0,40.0,71.0,850.0,850.0,450.0,850.0,850.0,850.0,8500.0,17000.0,9000.0,0.3333333333333333,0.3333333333333333,0.21978021978021978,10.0,20.0,20.0,True,True,True,1,1
1318341646949848198,apartamento,1,1.0,4,1,1,200.0,5.0,Meia Praia,5.0,5.0,,,,,,,,,,,,,,,,,,,,,,,,,,,,,,,0,0
1044724334704468537,apartamento,3,2.0,8,4,1,150.0,5.0,Tabuleiro dos Oliveiras,5.0,5.0,,,,,,,,,,,,,,,,,,,,,,,,,,,,,,,0,0
821655940167878176,apartamento,4,4.0,8,4,0,300.0,0.0,Meia Praia,0.0,,,,,,,,,,,,,,,,,,,,,,,,,,,,,,,,0,0
47130787,apartamento,3,4.0,6,3,2,200.0,4.5,Meia Praia,4.5,4.5,,,,,,,,,,,,,,,,,,,,,,,,,,,,,,,0,0
914999722763333589,apartamento,4,5.0,11,7,0,0.0,0.0,Meia Praia,0.0,,,,,,,,,,,,,,,,,,,,,,,,,,,,,,,,0,0
551461385062038076,apartamento,3,3.0,8,5,0,180.0,0.0,Meia Praia,0.0,,,,,,,,,,,,,,,,,,,,,,,,,,,,,,,,0,0
1066105364930743053,casa,2,3.0,5,3,6,200.0,4.829999923706055,Morretes,4.829999923706055,4.829999923706055,,,,,,,,,,,,,,,,,,,,,,,,,,,,,,,0,0
1279732570135680973,casa,2,3.0,6,2,0,0.0,0.0,Tabuleiro dos Oliveiras,0.0,,,,,,,,,,,,,,,,,,,,,,,,,,,,,,,,0,0
51403736,outros,1,1.0,2,1,26,100.0,5.0,Meia Praia,5.0,5.0,,,,,,,,,,,,,,,,,,,,,,,,,,,,,,,0,0
11044577,apartamento,1,1.0,4,1,26,306.0,4.380000114440918,Centro,4.380000114440918,4.380000114440918,,,,,,,,,,,,,,,,,,,,,,,,,,,,,,,0,0
39629644,apartamento,3,2.0,6,3,84,350.0,4.949999809265137,Meia Praia,4.949999809265137,4.949999809265137,0.0,5.0,17.0,,549.0,410.47058823529414,,549.0,350.0,0.0,5.0,17.0,,549.0,350.0,,549.0,549.0,,30195.0,25900.0,1.0,0.9166666666666666,0.8131868131868132,30.0,55.0,74.0,False,True,True,1,1
36136004,apartamento,3,2.0,7,4,45,200.0,5.0,Meia Praia,5.0,5.0,,,,,,,,,,,,,,,,,,,,,,,,,,,,,,,0,0
787195284335262595,apartamento,3,2.0,7,3,11,300.0,5.0,Meia Praia,5.0,5.0,0.0,23.0,50.0,,574.0181173913044,539.5633332000001,,550.0,543.625,0.0,23.0,50.0,,539.25,481.125,,650.0,550.0,,20350.0,22288.625,1.0,0.6166666666666667,0.45054945054945056,30.0,37.0,41.0,False,True,True,1,1
1242981323241444070,apartamento,3,2.0,8,3,0,350.0,0.0,Centro,0.0,,,,,,,,,,,,,,,,,,,,,,,,,,,,,,,,0,0
1249371220066552412,apartamento,1,1.0,4,2,12,180.0,4.920000076293945,Centro,4.920000076293945,4.920000076293945,8.0,38.0,69.0,570.375,590.6578947368421,538.9565217391304,553.5,600.0,492.0,8.0,38.0,69.0,492.0,466.875,446.0,660.0,684.75,660.0,12177.0,13200.0,10824.0,0.7333333333333333,0.36666666666666664,0.24175824175824176,22.0,22.0,22.0,True,True,True,1,1
46604700,apartamento,1,1.0,4,2,33,100.0,5.0,Ilhota,5.0,5.0,26.0,56.0,87.0,341.38461538461536,351.1458332142857,350.73754781609193,350.0,350.0,350.0,26.0,56.0,87.0,322.0,350.0,350.0,350.0,350.0,350.0,1400.0,1400.0,1400.0,0.13333333333333333,0.06666666666666667,0.04395604395604396,4.0,4.0,4.0,True,True,True,1,0
1305843824199247411,apartamento,3,4.0,7,3,1,0.0,5.0,Meia Praia,5.0,5.0,,,,,,,,,,,,,,,,,,,,,,,,,,,,,,,0,0
1014418701938150991,apartamento,3,3.0,8,4,0,200.0,0.0,Centro,0.0,,,,,,,,,,,,,,,,,,,,,,,,,,,,,,,,0,0
783879004243392314,apartamento,3,2.0,6,3,30,250.0,4.670000076293945,Meia Praia,4.670000076293945,4.670000076293945,17.0,40.0,71.0,802.2927176470589,763.73482,612.4905426760562,800.0,781.9048,624.0,17.0,40.0,71.0,773.3333,650.0,387.61905,850.0,850.0,800.0,10400.0,15638.096000000001,12480.0,0.43333333333333335,0.3333333333333333,0.21978021978021978,13.0,20.0,20.0,True,True,True,1,1
1299279663008925083,apartamento,3,3.0,6,3,1,200.0,5.0,Meia Praia,5.0,5.0,,,,,,,,,,,,,,,,,,,,,,,,,,,,,,,0,0
1063105649097848850,casa,3,2.0,10,4,0,250.0,0.0,Meia Praia,0.0,,,,,,,,,,,,,,,,,,,,,,,,,,,,,,,,0,0
1045157338035795486,apartamento,2,2.0,5,4,4,250.0,4.5,Morretes,4.5,4.5,,,,,,,,,,,,,,,,,,,,,,,,,,,,,,,0,0
36452039,apartamento,4,4.0,10,6,4,300.0,5.0,Meia Praia,5.0,5.0,,,,,,,,,,,,,,,,,,,,,,,,,,,,,,,0,0
760947613603556887,apartamento,2,1.0,6,3,4,250.0,5.0,Alto Sao Bento,5.0,5.0,,,,,,,,,,,,,,,,,,,,,,,,,,,,,,,0,0
24754306,apartamento,3,3.0,6,3,5,180.0,5.0,Centro,5.0,5.0,,,,,,,,,,,,,,,,,,,,,,,,,,,,,,,0,0
44277119,apartamento,2,2.0,6,3,4,450.0,4.5,Morretes,4.5,4.5,,,,,,,,,,,,,,,,,,,,,,,,,,,,,,,0,0
1055739043688411409,apartamento,3,3.0,8,5,0,250.0,0.0,Meia Praia,0.0,,,,,,,,,,,,,,,,,,,,,,,,,,,,,,,,0,0
30032994,apartamento,2,2.0,8,3,11,280.0,5.0,Meia Praia,5.0,5.0,8.0,21.0,31.0,395.0,341.9047619047619,309.35483870967744,395.0,330.0,300.0,8.0,21.0,31.0,377.5,300.0,265.0,420.0,380.0,365.0,8690.0,12870.0,18000.0,0.7333333333333333,0.65,0.6593406593406593,22.0,39.0,60.0,True,True,True,1,1
39498604,apartamento,3,3.0,10,5,2,350.0,4.5,Meia Praia,4.5,4.5,,,,,,,,,,,,,,,,,,,,,,,,,,,,,,,0,0
21077682,apartamento,4,3.0,10,8,31,300.0,4.96999979019165,Meia Praia,4.96999979019165,4.96999979019165,,,,,,,,,,,,,,,,,,,,,,,,,,,,,,,0,0
1072517073581411088,apartamento,2,2.0,4,0,1,0.0,5.0,Meia Praia,5.0,5.0,,,,,,,,,,,,,,,,,,,,,,,,,,,,,,,0,0
30153564,apartamento,2,0.0,6,3,39,300.0,4.900000095367432,Meia Praia,4.900000095367432,4.900000095367432,3.0,16.0,44.0,399.0,397.83854125,388.54356045454546,399.0,399.0,396.0,3.0,16.0,44.0,399.0,358.0,358.0,399.0,447.25,428.75,10773.0,17556.0,18612.0,0.9,0.7333333333333333,0.5164835164835165,27.0,44.0,47.0,True,True,True,1,1
1241431920371635947,apartamento,2,1.0,6,4,2,250.0,5.0,Meia Praia,5.0,5.0,,,,,,,,,,,,,,,,,,,,,,,,,,,,,,,0,0
46119574,apartamento,4,6.0,9,7,0,0.0,0.0,Centro,0.0,,,,,,,,,,,,,,,,,,,,,,,,,,,,,,,,0,0
694063005500099848,apartamento,3,3.0,8,4,0,0.0,0.0,Meia Praia,0.0,,,,,,,,,,,,,,,,,,,,,,,,,,,,,,,,0,0
1284017614218114612,casa,4,3.0,15,10,0,500.0,0.0,Leopoldo Zarling,0.0,,,,,,,,,,,,,,,,,,,,,,,,,,,,,,,,0,0
836836653828097445,apartamento,3,2.0,8,4,7,250.0,4.860000133514404,Meia Praia,4.860000133514404,4.860000133514404,,,,,,,,,,,,,,,,,,,,,,,,,,,,,,,0,0
798475021925579344,apartamento,2,2.0,5,4,20,100.0,4.900000095367432,Morretes,4.900000095367432,4.900000095367432,4.0,23.0,25.0,350.0,332.95652173913044,330.32,350.0,320.0,300.0,4.0,23.0,25.0,350.0,300.0,300.0,350.0,369.0,360.0,9100.0,11840.0,19800.0,0.8666666666666667,0.6166666666666667,0.7252747252747253,26.0,37.0,66.0,True,True,True,1,1
1310761836598013860,casa,1,1.0,6,3,0,100.0,0.0,Tabuleiro dos Oliveiras,0.0,,,,,,,,,,,,,,,,,,,,,,,,,,,,,,,,0,0
1316053057404845789,casa,1,1.0,4,2,1,0.0,5.0,Tabuleiro dos Oliveiras,5.0,5.0,,,,,,,,,,,,,,,,,,,,,,,,,,,,,,,0,0
1258908908552806926,apartamento,3,4.0,8,3,0,0.0,0.0,Meia Praia,0.0,,,,,,,,,,,,,,,,,,,,,,,,,,,,,,,,0,0
35520112,apartamento,2,2.0,6,2,4,300.0,4.25,Meia Praia,4.25,4.25,,,,,,,,,,,,,,,,,,,,,,,,,,,,,,,0,0
46970731,apartamento,3,3.0,8,5,0,0.0,0.0,Meia Praia,0.0,,,,,,,,,,,,,,,,,,,,,,,,,,,,,,,,0,0
1189331897618015345,apartamento,2,2.0,6,3,17,240.0,4.820000171661377,Centro,4.820000171661377,4.820000171661377,11.0,31.0,62.0,714.8181818181819,712.3360225806452,670.1357532258065,713.0,693.0,631.5,11.0,31.0,62.0,693.0,606.5,594.0,733.0,748.83335,728.0,13547.0,20097.0,18313.5,0.6333333333333333,0.48333333333333334,0.31868131868131866,19.0,29.0,29.0,True,True,True,1,1
1249211268837274869,apartamento,3,3.0,6,3,0,350.0,0.0,Meia Praia,0.0,,,,,,,,,,,,,,,,,,,,,,,,,,,,,,,,0,0
1073771138941507010,apartamento,2,2.0,6,5,1,0.0,5.0,Meia Praia,5.0,5.0,,,,,,,,,,,,,,,,,,,,,,,,,,,,,,,0,0
43601494,outros,3,2.0,6,3,7,200.0,5.0,Centro,5.0,5.0,,,,,,,,,,,,,,,,,,,,,,,,,,,,,,,0,0
1097203193949693989,outros,1,1.0,2,1,5,100.0,5.0,Meia Praia,5.0,5.0,,,,,,,,,,,,,,,,,,,,,,,,,,,,,,,0,0
1303037995885447859,apartamento,2,1.0,7,2,2,200.0,4.5,Meia Praia,4.5,4.5,,,,,,,,,,,,,,,,,,,,,,,,,,,,,,,0,0
1299141322658958069,apartamento,3,3.0,6,3,1,250.0,5.0,Meia Praia,5.0,5.0,,,,,,,,,,,,,,,,,,,,,,,,,,,,,,,0,0
1298060332962663411,apartamento,1,1.0,4,1,2,300.0,5.0,Centro,5.0,5.0,,,,,,,,,,,,,,,,,,,,,,,,,,,,,,,0,0
1054265461023254222,apartamento,1,1.0,4,2,5,200.0,5.0,Meia Praia,5.0,5.0,12.0,31.0,58.0,559.5,555.2903225806451,488.17241379310343,500.0,500.0,500.0,12.0,31.0,58.0,500.0,500.0,350.0,635.5,657.0,500.0,9000.0,14500.0,16500.0,0.6,0.48333333333333334,0.3626373626373626,18.0,29.0,33.0,True,True,True,1,1
38191694,apartamento,2,2.0,6,2,113,200.0,4.840000152587891,Meia Praia,4.840000152587891,4.840000152587891,,,,,,,,,,,,,,,,,,,,,,,,,,,,,,,0,0
1285226211884391167,outros,1,2.0,4,1,7,0.0,5.0,Meia Praia,5.0,5.0,,,,,,,,,,,,,,,,,,,,,,,,,,,,,,,0,0
42452666,apartamento,3,2.0,8,7,5,300.0,5.0,Centro,5.0,5.0,,,,,,,,,,,,,,,,,,,,,,,,,,,,,,,0,0
985042369672942275,apartamento,3,2.0,5,3,0,0.0,0.0,Meia Praia,0.0,,,,,,,,,,,,,,,,,,,,,,,,,,,,,,,,0,0
46107837,apartamento,2,1.0,4,2,1,0.0,5.0,Ilhota,5.0,5.0,,,,,,,,,,,,,,,,,,,,,,,,,,,,,,,0,0
1244216647299197138,apartamento,3,2.0,6,5,0,300.0,0.0,Meia Praia,0.0,,,,,,,,,,,,,,,,,,,,,,,,,,,,,,,,0,0
1294573808914208053,apartamento,3,3.0,10,5,0,450.0,0.0,Meia Praia,0.0,,,,,,,,,,,,,,,,,,,,,,,,,,,,,,,,0,0
1194289561715207569,apartamento,2,2.0,4,2,12,0.0,4.920000076293945,Morretes,4.920000076293945,4.920000076293945,,,,,,,,,,,,,,,,,,,,,,,,,,,,,,,0,0
21078841,apartamento,3,2.0,8,3,0,250.0,0.0,Meia Praia,0.0,,,,,,,,,,,,,,,,,,,,,,,,,,,,,,,,0,0
1321022086036905023,apartamento,2,1.0,5,2,0,220.0,0.0,Centro,0.0,,23.0,53.0,84.0,770.0,863.5566037735849,871.4623023809525,770.0,770.0,858.0,23.0,53.0,84.0,770.0,770.0,770.0,770.0,858.0,858.0,5390.0,5390.0,6006.0,0.23333333333333334,0.11666666666666667,0.07692307692307693,7.0,7.0,7.0,True,True,True,1,1
1303573690157181526,apartamento,3,3.0,9,5,0,0.0,0.0,Meia Praia,0.0,,,,,,,,,,,,,,,,,,,,,,,,,,,,,,,,0,0
1321969665885525873,apartamento,3,4.0,7,3,1,350.0,5.0,Meia Praia,5.0,5.0,,,,,,,,,,,,,,,,,,,,,,,,,,,,,,,0,0
1050436179639408484,apartamento,3,2.0,8,3,0,0.0,0.0,Meia Praia,0.0,,,,,,,,,,,,,,,,,,,,,,,,,,,,,,,,0,0
1310891711408211450,apartamento,3,2.0,8,6,2,250.0,5.0,Meia Praia,5.0,5.0,,,,,,,,,,,,,,,,,,,,,,,,,,,,,,,0,0
22428369,apartamento,3,2.0,7,5,1,250.0,5.0,Meia Praia,5.0,5.0,,,,,,,,,,,,,,,,,,,,,,,,,,,,,,,0,0
1268188605720765255,apartamento,3,2.0,8,3,1,300.0,5.0,Centro,5.0,5.0,,,,,,,,,,,,,,,,,,,,,,,,,,,,,,,0,0
1046281051880780245,apartamento,2,3.0,6,4,0,250.0,0.0,Morretes,0.0,,,,,,,,,,,,,,,,,,,,,,,,,,,,,,,,0,0
39810748,apartamento,3,3.0,7,5,0,250.0,0.0,Meia Praia,0.0,,,,,,,,,,,,,,,,,,,,,,,,,,,,,,,,0,0
38998610,casa,1,1.0,3,2,13,100.0,4.849999904632568,Meia Praia,4.849999904632568,4.849999904632568,11.0,37.0,68.0,195.0,195.0,195.0,195.0,195.0,195.0,11.0,37.0,68.0,195.0,195.0,195.0,195.0,195.0,195.0,3705.0,4485.0,4485.0,0.6333333333333333,0.38333333333333336,0.25274725274725274,19.0,23.0,23.0,True,True,True,1,0
1037004838842410100,apartamento,1,1.0,3,2,12,120.0,4.579999923706055,Meia Praia,4.579999923706055,4.579999923706055,5.0,24.0,35.0,426.5,352.3958333333333,310.7857142857143,426.5,357.5,330.0,5.0,24.0,35.0,426.5,302.5,220.0,426.5,440.0,426.5,10662.5,12870.0,18480.0,0.8333333333333334,0.6,0.6153846153846154,25.0,36.0,56.0,True,True,True,1,0
1312957646658225653,apartamento,2,2.0,6,5,0,0.0,0.0,Canto da Praia,0.0,,,,,,,,,,,,,,,,,,,,,,,,,,,,,,,,0,0
1242885282115776239,apartamento,3,3.0,6,3,0,350.0,0.0,Meia Praia,0.0,,,,,,,,,,,,,,,,,,,,,,,,,,,,,,,,0,0
1305069739006468111,apartamento,3,3.0,7,4,0,300.0,0.0,Meia Praia,0.0,,,,,,,,,,,,,,,,,,,,,,,,,,,,,,,,0,0
53841961,apartamento,3,2.0,10,3,1,300.0,5.0,Meia Praia,5.0,5.0,,,,,,,,,,,,,,,,,,,,,,,,,,,,,,,0,0
668715506986619718,apartamento,3,3.0,8,4,17,320.0,4.940000057220459,Meia Praia,4.940000057220459,4.940000057220459,3.0,12.0,23.0,720.0,558.5416666666666,510.97826086956513,720.0,542.5,450.0,3.0,12.0,23.0,720.0,462.499995,450.0,720.0,624.375,542.5,19440.0,26040.0,30600.0,0.9,0.8,0.7472527472527473,27.0,48.0,68.0,True,True,True,1,1
726824755593769251,apartamento,3,2.0,6,4,1,300.0,5.0,Meia Praia,5.0,5.0,,,,,,,,,,,,,,,,,,,,,,,,,,,,,,,0,0
937784845189626298,hotel,2,2.0,6,2,0,460.0,0.0,Meia Praia,0.0,,,,,,,,,,,,,,,,,,,,,,,,,,,,,,,,0,0
47966333,apartamento,5,5.0,10,5,20,400.0,4.949999809265137,Meia Praia,4.949999809265137,4.949999809265137,,,,,,,,,,,,,,,,,,,,,,,,,,,,,,,0,0
1074829679064875721,apartamento,3,3.0,8,4,10,0.0,5.0,Meia Praia,5.0,5.0,,,,,,,,,,,,,,,,,,,,,,,,,,,,,,,0,0
1058608574256056822,apartamento,3,2.0,8,3,1,380.0,5.0,Meia Praia,5.0,5.0,,,,,,,,,,,,,,,,,,,,,,,,,,,,,,,0,0
621626596784793972,apartamento,3,2.0,8,6,39,310.0,5.0,Meia Praia,5.0,5.0,,,,,,,,,,,,,,,,,,,,,,,,,,,,,,,0,0
50561328,apartamento,3,2.0,7,4,32,200.0,4.78000020980835,Meia Praia,4.78000020980835,4.78000020980835,2.0,10.0,10.0,445.0,1209.0,1209.0,445.0,1400.0,1400.0,2.0,10.0,10.0,445.0,1400.0,1400.0,445.0,1400.0,1400.0,12460.0,70000.0,113400.0,0.9333333333333333,0.8333333333333334,0.8901098901098901,28.0,50.0,81.0,True,True,True,1,1
1018988231816821881,apartamento,3,2.0,5,3,1,250.0,5.0,Meia Praia,5.0,5.0,,,,,,,,,,,,,,,,,,,,,,,,,,,,,,,0,0
1029566381255289346,apartamento,3,2.0,10,4,0,0.0,0.0,Meia Praia,0.0,,,,,,,,,,,,,,,,,,,,,,,,,,,,,,,,0,0
53314692,apartamento,1,1.0,5,1,19,250.0,4.579999923706055,Centro,4.579999923706055,4.579999923706055,2.0,22.0,53.0,780.0,661.8181818181819,728.8050320754717,780.0,780.0,780.0,2.0,22.0,53.0,780.0,520.0,520.0,780.0,780.0,950.0,21840.0,29640.0,29640.0,0.9333333333333333,0.6333333333333333,0.4175824175824176,28.0,38.0,38.0,True,True,True,1,1
978956556263109793,apartamento,2,2.0,5,2,2,300.0,5.0,Tabuleiro dos Oliveiras,5.0,5.0,,,,,,,,,,,,,,,,,,,,,,,,,,,,,,,0,0
957850854349366173,apartamento,2,2.0,6,3,4,300.0,5.0,Tabuleiro dos Oliveiras,5.0,5.0,,,,,,,,,,,,,,,,,,,,,,,,,,,,,,,0,0
1052895085056584824,apartamento,3,3.0,8,4,1,350.0,5.0,Meia Praia,5.0,5.0,,,,,,,,,,,,,,,,,,,,,,,,,,,,,,,0,0
51742599,apartamento,4,3.0,10,5,3,350.0,5.0,Meia Praia,5.0,5.0,,,,,,,,,,,,,,,,,,,,,,,,,,,,,,,0,0
797261187302809924,apartamento,2,2.0,5,2,15,250.0,5.0,Centro,5.0,5.0,20.0,37.0,68.0,582.0,547.027027027027,528.5441176470588,600.0,540.0,500.0,20.0,37.0,68.0,540.0,500.0,500.0,600.0,600.0,546.75,6000.0,12420.0,11500.0,0.3333333333333333,0.38333333333333336,0.25274725274725274,10.0,23.0,23.0,True,True,True,1,1
764692834916104045,apartamento,2,2.0,6,2,1,250.0,4.0,Morretes,4.0,4.0,,,,,,,,,,,,,,,,,,,,,,,,,,,,,,,0,0
53643568,apartamento,3,2.0,7,5,19,199.0,5.0,Meia Praia,5.0,5.0,8.0,17.0,17.0,607.75,689.0588235294117,689.0588235294117,601.5,700.0,700.0,8.0,17.0,17.0,539.0,664.0,664.0,670.25,769.0,769.0,13233.0,30100.0,51800.0,0.7333333333333333,0.7166666666666667,0.8131868131868132,22.0,43.0,74.0,True,True,True,1,1
536767025073932298,apartamento,2,2.0,4,2,3,200.0,4.329999923706055,Morretes,4.329999923706055,4.329999923706055,,,,,,,,,,,,,,,,,,,,,,,,,,,,,,,0,0
810817897123849056,outros,1,1.0,2,1,1,0.0,5.0,Meia Praia,5.0,5.0,,,,,,,,,,,,,,,,,,,,,,,,,,,,,,,0,0
1004910078575857573,apartamento,3,2.0,7,5,12,300.0,5.0,Meia Praia,5.0,5.0,12.0,19.0,19.0,762.2916666666666,747.2368421052631,747.2368421052631,750.0,750.0,750.0,12.0,19.0,19.0,710.0,707.0,707.0,808.75,771.25,771.25,13500.0,30750.0,54000.0,0.6,0.6833333333333333,0.7912087912087912,18.0,41.0,72.0,True,True,True,1,1
1278402651447247510,apartamento,3,3.0,6,3,2,300.0,5.0,Centro,5.0,5.0,,,,,,,,,,,,,,,,,,,,,,,,,,,,,,,0,0
1043599286749467076,apartamento,2,1.0,4,3,20,205.0,5.0,Morretes,5.0,5.0,,,,,,,,,,,,,,,,,,,,,,,,,,,,,,,0,0
1053030252161966865,apartamento,2,1.0,6,2,5,80.0,5.0,Casa Branca,5.0,5.0,22.0,52.0,83.0,273.5,267.0769230769231,276.72289156626505,276.0,252.0,280.0,22.0,52.0,83.0,252.0,252.0,252.0,288.0,288.0,288.0,2208.0,2016.0,2240.0,0.26666666666666666,0.13333333333333333,0.08791208791208792,8.0,8.0,8.0,True,True,True,1,0
1296486250925136982,apartamento,3,3.0,7,3,0,0.0,0.0,Meia Praia,0.0,,,,,,,,,,,,,,,,,,,,,,,,,,,,,,,,0,0
1309957278392046161,apartamento,3,3.0,7,3,0,350.0,0.0,Meia Praia,0.0,,,,,,,,,,,,,,,,,,,,,,,,,,,,,,,,0,0
892626164290483045,apartamento,3,2.0,9,3,2,250.0,4.0,Meia Praia,4.0,4.0,,,,,,,,,,,,,,,,,,,,,,,,,,,,,,,0,0
1279886461171365732,apartamento,2,2.0,4,2,3,180.0,5.0,Morretes,5.0,5.0,,,,,,,,,,,,,,,,,,,,,,,,,,,,,,,0,0
663206784662825327,apartamento,3,2.0,6,3,7,310.0,4.139999866485596,Meia Praia,4.139999866485596,4.139999866485596,,,,,,,,,,,,,,,,,,,,,,,,,,,,,,,0,0
3977675,apartamento,0,1.0,5,3,21,50.0,4.619999885559082,Meia Praia,4.619999885559082,4.619999885559082,14.0,44.0,55.0,307.7976185714286,253.89015136363633,242.71212109090908,313.83333,198.0,198.0,14.0,44.0,55.0,300.0,198.0,198.0,330.0,306.91666499999997,300.0,5021.33328,3168.0,7128.0,0.5333333333333333,0.26666666666666666,0.3956043956043956,16.0,16.0,36.0,True,True,True,1,0
1321064167200107186,apartamento,2,1.0,5,3,0,0.0,0.0,Morretes,0.0,,,,,,,,,,,,,,,,,,,,,,,,,,,,,,,,0,0
1297703553282099427,apartamento,2,2.0,5,3,2,200.0,4.5,Alto Sao Bento,4.5,4.5,,,,,,,,,,,,,,,,,,,,,,,,,,,,,,,0,0
772261416620745030,apartamento,3,3.0,6,3,10,300.0,5.0,Meia Praia,5.0,5.0,13.0,43.0,74.0,852.6923076923077,835.0697674418604,831.8378378378378,847.5,825.0,825.0,13.0,43.0,74.0,825.0,825.0,825.0,881.25,839.75,825.0,14407.5,14025.0,14025.0,0.5666666666666667,0.2833333333333333,0.18681318681318682,17.0,17.0,17.0,True,True,True,1,1
1095231396684061228,apartamento,3,2.0,6,6,0,0.0,0.0,Casa Branca,0.0,,,,,,,,,,,,,,,,,,,,,,,,,,,,,,,,0,0
28889043,apartamento,3,3.0,8,4,2,350.0,4.5,Centro,4.5,4.5,,,,,,,,,,,,,,,,,,,,,,,,,,,,,,,0,0
1303756660115417355,apartamento,2,2.0,5,3,1,200.0,3.0,Tabuleiro dos Oliveiras,3.0,3.0,,,,,,,,,,,,,,,,,,,,,,,,,,,,,,,0,0
1021069474943551711,apartamento,3,3.0,8,4,0,330.0,0.0,Meia Praia,0.0,,,,,,,,,,,,,,,,,,,,,,,,,,,,,,,,0,0
31560419,apartamento,2,2.0,6,4,16,220.0,5.0,Centro,5.0,5.0,0.0,11.0,41.0,,449.0,402.6585365853659,,449.0,449.0,0.0,11.0,41.0,,449.0,349.0,,449.0,449.0,,22001.0,22450.0,1.0,0.8166666666666667,0.5494505494505495,30.0,49.0,50.0,False,True,True,1,1
993657929672148104,apartamento,3,3.0,8,3,4,250.0,5.0,Meia Praia,5.0,5.0,,,,,,,,,,,,,,,,,,,,,,,,,,,,,,,0,0
45889892,apartamento,2,2.0,6,4,58,250.0,4.980000019073486,Meia Praia,4.980000019073486,4.980000019073486,3.0,27.0,58.0,695.0,639.4444444444445,615.6896551724138,695.0,595.0,595.0,3.0,27.0,58.0,695.0,595.0,595.0,695.0,695.0,595.0,18765.0,19635.0,19635.0,0.9,0.55,0.3626373626373626,27.0,33.0,33.0,True,True,True,1,1
1298534026763641217,apartamento,3,4.0,8,3,0,350.0,0.0,Meia Praia,0.0,,,,,,,,,,,,,,,,,,,,,,,,,,,,,,,,0,0
15549803,apartamento,4,3.0,8,6,82,350.0,4.929999828338623,Morretes,4.929999828338623,4.929999828338623,7.0,11.0,41.0,1451.857142857143,1138.4545454545455,690.8048780487804,1490.0,1490.0,590.0,7.0,11.0,41.0,1490.0,590.0,490.0,1490.0,1490.0,590.0,34270.0,73010.0,29500.0,0.7666666666666667,0.8166666666666667,0.5494505494505495,23.0,49.0,50.0,True,True,True,1,1
1257280185796580133,apartamento,4,3.0,10,3,0,450.0,0.0,Morretes,0.0,,,,,,,,,,,,,,,,,,,,,,,,,,,,,,,,0,0
1275531280106913427,apartamento,3,3.0,8,5,9,150.0,5.0,Meia Praia,5.0,5.0,,,,,,,,,,,,,,,,,,,,,,,,,,,,,,,0,0
1242636559252630512,apartamento,1,1.0,4,3,0,0.0,0.0,Centro,0.0,,,,,,,,,,,,,,,,,,,,,,,,,,,,,,,,0,0
761435242184281814,apartamento,2,1.0,6,3,8,220.0,4.880000114440918,Meia Praia,4.880000114440918,4.880000114440918,,,,,,,,,,,,,,,,,,,,,,,,,,,,,,,0,0
39507664,apartamento,4,3.0,8,4,50,275.0,4.840000152587891,Meia Praia,4.840000152587891,4.840000152587891,4.0,12.0,39.0,609.25,626.75,533.4358974358975,599.0,599.0,599.0,4.0,12.0,39.0,599.0,599.0,429.0,609.25,609.25,599.0,15574.0,28752.0,31148.0,0.8666666666666667,0.8,0.5714285714285714,26.0,48.0,52.0,True,True,True,1,1
1313073144404552593,apartamento,3,2.0,8,6,1,300.0,5.0,Meia Praia,5.0,5.0,,,,,,,,,,,,,,,,,,,,,,,,,,,,,,,0,0
1056816282920055514,apartamento,3,3.0,6,3,15,250.0,4.929999828338623,Meia Praia,4.929999828338623,4.929999828338623,2.0,32.0,43.0,540.0,540.0,540.0,540.0,540.0,540.0,2.0,32.0,43.0,540.0,540.0,540.0,540.0,540.0,540.0,15120.0,15120.0,25920.0,0.9333333333333333,0.4666666666666667,0.5274725274725275,28.0,28.0,48.0,True,True,True,1,1
1006520154239574601,apartamento,2,2.0,8,4,0,250.0,0.0,Meia Praia,0.0,,,,,,,,,,,,,,,,,,,,,,,,,,,,,,,,0,0
31084280,apartamento,3,3.0,7,4,1,200.0,5.0,Meia Praia,5.0,5.0,,,,,,,,,,,,,,,,,,,,,,,,,,,,,,,0,0
1314800180043022973,apartamento,2,1.0,5,4,1,200.0,5.0,Casa Branca,5.0,5.0,,,,,,,,,,,,,,,,,,,,,,,,,,,,,,,0,0
43769569,apartamento,1,2.0,6,1,12,200.0,5.0,Meia Praia,5.0,5.0,,,,,,,,,,,,,,,,,,,,,,,,,,,,,,,0,0
16618715,apartamento,3,2.0,8,3,59,189.0,4.920000076293945,Meia Praia,4.920000076293945,4.920000076293945,6.0,36.0,67.0,790.0,835.3194444444445,781.0746268656717,790.0,790.0,715.125,6.0,36.0,67.0,790.0,715.125,700.0,790.0,876.8125,790.0,18960.0,18960.0,17163.0,0.8,0.4,0.26373626373626374,24.0,24.0,24.0,True,True,True,1,1
20555680,apartamento,1,1.0,4,1,12,150.0,4.829999923706055,Centro,4.829999923706055,4.829999923706055,0.0,0.0,19.0,,,200.0,,,200.0,0.0,0.0,19.0,,,200.0,,,200.0,,,14400.0,1.0,1.0,0.7912087912087912,30.0,60.0,72.0,False,False,True,1,0
1257238720663706122,apartamento,2,2.0,6,2,0,250.0,0.0,Meia Praia,0.0,,,,,,,,,,,,,,,,,,,,,,,,,,,,,,,,0,0
1977915,apartamento,3,2.0,6,3,42,240.0,4.880000114440918,Meia Praia,4.880000114440918,4.880000114440918,0.0,21.0,52.0,,936.9563523809524,841.5673096153846,,850.0,750.0,0.0,21.0,52.0,,775.0,700.0,,1131.5,949.4791749999999,,33150.0,29250.0,1.0,0.65,0.42857142857142855,30.0,39.0,39.0,False,True,True,1,1
1316787254143531676,apartamento,2,1.0,5,3,0,200.0,0.0,Morretes,0.0,,,,,,,,,,,,,,,,,,,,,,,,,,,,,,,,0,0
1046646292156945457,outros,1,1.0,3,1,2,120.0,5.0,Meia Praia,5.0,5.0,,,,,,,,,,,,,,,,,,,,,,,,,,,,,,,0,0
23787711,apartamento,3,2.0,6,4,19,0.0,5.0,Meia Praia,5.0,5.0,,,,,,,,,,,,,,,,,,,,,,,,,,,,,,,0,0
47221333,apartamento,2,1.0,6,2,11,150.0,4.269999980926514,Centro,4.269999980926514,4.269999980926514,,,,,,,,,,,,,,,,,,,,,,,,,,,,,,,0,0
1184272240544685353,outros,1,1.0,2,2,0,200.0,0.0,Meia Praia,0.0,,,,,,,,,,,,,,,,,,,,,,,,,,,,,,,,0,0
1289123372092092457,outros,1,1.0,2,1,0,100.0,0.0,Alto Sao Bento,0.0,,,,,,,,,,,,,,,,,,,,,,,,,,,,,,,,0,0
45687710,apartamento,2,1.0,6,5,11,130.0,4.909999847412109,Meia Praia,4.909999847412109,4.909999847412109,18.0,48.0,79.0,590.0,530.0,419.45569620253167,590.0,590.0,350.0,18.0,48.0,79.0,590.0,530.0,243.33333,590.0,590.0,590.0,7080.0,7080.0,4200.0,0.4,0.2,0.13186813186813187,12.0,12.0,12.0,True,True,True,1,0
38843637,apartamento,5,5.0,10,6,2,400.0,5.0,Meia Praia,5.0,5.0,,,,,,,,,,,,,,,,,,,,,,,,,,,,,,,0,0
46334353,apartamento,3,4.0,8,3,62,350.0,4.900000095367432,Meia Praia,4.900000095367432,4.900000095367432,,,,,,,,,,,,,,,,,,,,,,,,,,,,,,,0,0
21552865,apartamento,2,2.0,6,2,49,200.0,4.960000038146973,Meia Praia,4.960000038146973,4.960000038146973,12.0,27.0,27.0,671.75,694.3333333333334,694.3333333333334,650.0,650.0,650.0,12.0,27.0,27.0,650.0,650.0,650.0,680.5,725.0,725.0,11700.0,21450.0,41600.0,0.6,0.55,0.7032967032967034,18.0,33.0,64.0,True,True,True,1,1
48443223,apartamento,2,2.0,8,6,6,250.0,4.829999923706055,Morretes,4.829999923706055,4.829999923706055,,,,,,,,,,,,,,,,,,,,,,,,,,,,,,,0,0
1275736151334341563,apartamento,3,3.0,8,4,0,450.0,0.0,Meia Praia,0.0,,,,,,,,,,,,,,,,,,,,,,,,,,,,,,,,0,0
1310384858110128384,apartamento,3,3.0,9,3,0,350.0,0.0,Meia Praia,0.0,,,,,,,,,,,,,,,,,,,,,,,,,,,,,,,,0,0
1058564342891815711,apartamento,4,4.0,12,5,2,300.0,5.0,Meia Praia,5.0,5.0,,,,,,,,,,,,,,,,,,,,,,,,,,,,,,,0,0
1291504859858473422,apartamento,3,1.0,6,4,0,350.0,0.0,Meia Praia,0.0,,,,,,,,,,,,,,,,,,,,,,,,,,,,,,,,0,0
1082655898196675925,outros,1,1.0,2,1,5,0.0,5.0,Meia Praia,5.0,5.0,,,,,,,,,,,,,,,,,,,,,,,,,,,,,,,0,0
26570136,apartamento,3,2.0,8,3,22,370.0,4.860000133514404,Meia Praia,4.860000133514404,4.860000133514404,8.0,32.0,63.0,762.5,809.430803125,676.2346904761904,800.0,800.0,533.3333,8.0,32.0,63.0,700.0,700.0,500.0,800.0,959.375,800.0,17600.0,22400.0,14933.3324,0.7333333333333333,0.4666666666666667,0.3076923076923077,22.0,28.0,28.0,True,True,True,1,1
976784814346753011,apartamento,3,2.0,6,4,2,0.0,4.5,Meia Praia,4.5,4.5,,,,,,,,,,,,,,,,,,,,,,,,,,,,,,,0,0
1269636598524749154,apartamento,1,1.0,3,1,9,190.0,4.21999979019165,Centro,4.21999979019165,4.21999979019165,2.0,32.0,63.0,385.0,405.723959375,404.33597936507937,385.0,390.5,372.0,2.0,32.0,63.0,385.0,363.0,372.0,385.0,446.0,419.0,10780.0,10934.0,10416.0,0.9333333333333333,0.4666666666666667,0.3076923076923077,28.0,28.0,28.0,True,True,True,1,1
8287843,apartamento,2,2.0,6,2,42,270.0,4.880000114440918,Meia Praia,4.880000114440918,4.880000114440918,11.0,36.0,67.0,690.9090909090909,719.4444444444445,591.4179104477612,800.0,700.0,700.0,11.0,36.0,67.0,600.0,700.0,302.5,800.0,800.0,700.0,15200.0,16800.0,16800.0,0.6333333333333333,0.4,0.26373626373626374,19.0,24.0,24.0,True,True,True,1,1
1294195836141803854,apartamento,4,2.0,10,6,0,350.0,0.0,Meia Praia,0.0,,,,,,,,,,,,,,,,,,,,,,,,,,,,,,,,0,0
857402047530007620,apartamento,2,2.0,6,2,3,150.0,5.0,Meia Praia,5.0,5.0,,,,,,,,,,,,,,,,,,,,,,,,,,,,,,,0,0
1210080672553000893,apartamento,2,2.0,6,3,2,250.0,3.0,Meia Praia,3.0,3.0,,,,,,,,,,,,,,,,,,,,,,,,,,,,,,,0,0
543584528464360785,apartamento,2,2.0,6,5,26,350.0,4.920000076293945,Meia Praia,4.920000076293945,4.920000076293945,0.0,29.0,60.0,,402.7413793103448,375.4916666666667,,353.0,350.0,0.0,29.0,60.0,,350.0,350.0,,390.0,352.25,,10943.0,10850.0,1.0,0.5166666666666667,0.34065934065934067,30.0,31.0,31.0,False,True,True,1,0
30318082,apartamento,4,3.0,8,4,0,350.0,0.0,Meia Praia,0.0,,,,,,,,,,,,,,,,,,,,,,,,,,,,,,,,0,0
833539958060734092,casa,2,2.0,8,5,1,0.0,4.0,Sertao do Trombudo,4.0,4.0,,,,,,,,,,,,,,,,,,,,,,,,,,,,,,,0,0
46414639,apartamento,3,2.0,6,4,0,0.0,0.0,Centro,0.0,,,,,,,,,,,,,,,,,,,,,,,,,,,,,,,,0,0
903070216803880261,apartamento,2,3.0,5,2,0,0.0,0.0,Meia Praia,0.0,,,,,,,,,,,,,,,,,,,,,,,,,,,,,,,,0,0
51990592,apartamento,3,2.0,12,7,44,250.0,4.929999828338623,Meia Praia,4.929999828338623,4.929999828338623,,,,,,,,,,,,,,,,,,,,,,,,,,,,,,,0,0
987948094559838706,outros,1,1.0,6,4,0,0.0,0.0,Sertaozinho,0.0,,,,,,,,,,,,,,,,,,,,,,,,,,,,,,,,0,0
1078513687570405295,apartamento,3,2.0,8,3,0,450.0,0.0,Meia Praia,0.0,,,,,,,,,,,,,,,,,,,,,,,,,,,,,,,,0,0
1247055321694361431,apartamento,2,1.0,6,2,0,300.0,0.0,Meia Praia,0.0,,,,,,,,,,,,,,,,,,,,,,,,,,,,,,,,0,0
41761142,apartamento,2,2.0,6,5,60,170.0,4.769999980926514,Meia Praia,4.769999980926514,4.769999980926514,0.0,9.0,34.0,,530.0,334.70588235294116,,520.0,270.0,0.0,9.0,34.0,,520.0,260.0,,520.0,465.0,,26520.0,15390.0,1.0,0.85,0.6263736263736264,30.0,51.0,57.0,False,True,True,1,1
825921973978902012,outros,1,1.0,2,1,0,100.0,0.0,Meia Praia,0.0,,,,,,,,,,,,,,,,,,,,,,,,,,,,,,,,0,0
959168173915968666,apartamento,3,1.0,6,3,1,350.0,5.0,Meia Praia,5.0,5.0,,,,,,,,,,,,,,,,,,,,,,,,,,,,,,,0,0
41799727,apartamento,2,2.0,6,4,3,199.0,5.0,Meia Praia,5.0,5.0,,,,,,,,,,,,,,,,,,,,,,,,,,,,,,,0,0
1263664156575372222,apartamento,3,2.0,7,3,1,0.0,5.0,Meia Praia,5.0,5.0,,,,,,,,,,,,,,,,,,,,,,,,,,,,,,,0,0
53280090,apartamento,3,2.0,8,3,9,350.0,4.78000020980835,Meia Praia,4.78000020980835,4.78000020980835,,,,,,,,,,,,,,,,,,,,,,,,,,,,,,,0,0
48080102,apartamento,3,2.0,8,6,17,250.0,4.940000057220459,Meia Praia,4.940000057220459,4.940000057220459,0.0,19.0,36.0,,445.36842105263156,400.3333333333333,,450.0,350.0,0.0,19.0,36.0,,450.0,350.0,,466.0,450.0,,18450.0,19250.0,1.0,0.6833333333333333,0.6043956043956044,30.0,41.0,55.0,False,True,True,1,1
1273425441748538565,apartamento,2,2.0,6,2,2,150.0,5.0,Morretes,5.0,5.0,,,,,,,,,,,,,,,,,,,,,,,,,,,,,,,0,0
665236915472525453,apartamento,2,2.0,5,2,26,180.0,4.880000114440918,Tabuleiro dos Oliveiras,4.880000114440918,4.880000114440918,,,,,,,,,,,,,,,,,,,,,,,,,,,,,,,0,0
32185033,casa,4,4.0,15,8,28,500.0,4.929999828338623,Sertao do Trombudo,4.929999828338623,4.929999828338623,10.0,15.0,37.0,1360.0,1340.0,1116.2162162162163,1300.0,1300.0,1000.0,10.0,15.0,37.0,1300.0,1300.0,950.0,1450.0,1300.0,1300.0,26000.0,58500.0,54000.0,0.6666666666666666,0.75,0.5934065934065934,20.0,45.0,54.0,True,True,True,1,1
1086823206539291587,apartamento,3,3.0,8,3,0,0.0,0.0,Meia Praia,0.0,,,,,,,,,,,,,,,,,,,,,,,,,,,,,,,,0,0
1310042490915137463,apartamento,2,2.0,6,4,0,250.0,0.0,Meia Praia,0.0,,,,,,,,,,,,,,,,,,,,,,,,,,,,,,,,0,0
1206741304807052353,apartamento,3,2.0,6,4,4,200.0,4.75,Centro,4.75,4.75,,,,,,,,,,,,,,,,,,,,,,,,,,,,,,,0,0
46250277,apartamento,3,2.0,8,4,0,300.0,0.0,Meia Praia,0.0,,,,,,,,,,,,,,,,,,,,,,,,,,,,,,,,0,0
47440042,apartamento,3,1.0,6,8,1,200.0,4.0,Meia Praia,4.0,4.0,,,,,,,,,,,,,,,,,,,,,,,,,,,,,,,0,0
1283618903500404258,apartamento,2,2.0,8,3,3,160.0,5.0,Tabuleiro dos Oliveiras,5.0,5.0,,,,,,,,,,,,,,,,,,,,,,,,,,,,,,,0,0
40532740,apartamento,2,2.0,6,5,28,200.0,4.960000038146973,Meia Praia,4.960000038146973,4.960000038146973,0.0,18.0,40.0,,338.8888888888889,309.625,,330.0,330.0,0.0,18.0,40.0,,330.0,250.0,,330.0,342.5,,13860.0,16830.0,1.0,0.7,0.5604395604395604,30.0,42.0,51.0,False,True,True,1,0
716703713524347583,apartamento,2,2.0,6,2,9,300.0,5.0,Meia Praia,5.0,5.0,,,,,,,,,,,,,,,,,,,,,,,,,,,,,,,0,0
871084107630048364,apartamento,2,2.0,6,2,44,99.0,5.0,Meia Praia,5.0,5.0,2.0,23.0,54.0,475.0,480.4347826086956,444.44444444444446,475.0,450.0,450.0,2.0,23.0,54.0,462.5,450.0,400.0,487.5,500.0,450.0,13300.0,16650.0,16650.0,0.9333333333333333,0.6166666666666667,0.4065934065934066,28.0,37.0,37.0,True,True,True,1,1
15791567,apartamento,3,3.0,10,5,22,300.0,4.090000152587891,Meia Praia,4.090000152587891,4.090000152587891,,,,,,,,,,,,,,,,,,,,,,,,,,,,,,,0,0
1082546397191273981,apartamento,2,2.0,7,6,0,250.0,0.0,Centro,0.0,,,,,,,,,,,,,,,,,,,,,,,,,,,,,,,,0,0
38640237,apartamento,2,2.0,6,3,2,250.0,5.0,Meia Praia,5.0,5.0,,,,,,,,,,,,,,,,,,,,,,,,,,,,,,,0,0
1146337291578567263,apartamento,4,5.0,11,4,0,450.0,0.0,Meia Praia,0.0,,,,,,,,,,,,,,,,,,,,,,,,,,,,,,,,0,0
40769516,casa,3,2.0,7,3,0,350.0,0.0,Centro,0.0,,,,,,,,,,,,,,,,,,,,,,,,,,,,,,,,0,0
43379132,apartamento,2,2.0,5,3,48,250.0,4.980000019073486,Meia Praia,4.980000019073486,4.980000019073486,3.0,11.0,26.0,690.0,512.7272727272727,413.0769230769231,690.0,460.0,340.0,3.0,11.0,26.0,690.0,390.0,340.0,690.0,635.0,390.0,18630.0,22540.0,22100.0,0.9,0.8166666666666667,0.7142857142857143,27.0,49.0,65.0,True,True,True,1,1
1023322932190965616,apartamento,3,2.0,6,3,0,250.0,0.0,Morretes,0.0,,,,,,,,,,,,,,,,,,,,,,,,,,,,,,,,0,0
754338132668025654,apartamento,3,3.0,8,3,7,250.0,4.860000133514404,Meia Praia,4.860000133514404,4.860000133514404,,,,,,,,,,,,,,,,,,,,,,,,,,,,,,,0,0
46479624,apartamento,4,3.0,7,4,1,300.0,5.0,Meia Praia,5.0,5.0,,,,,,,,,,,,,,,,,,,,,,,,,,,,,,,0,0
1173260792743932663,apartamento,3,2.0,7,4,2,270.0,5.0,Meia Praia,5.0,5.0,21.0,31.0,31.0,1090.5396857142857,1070.3978516129034,1070.3978516129034,1088.5,1077.5,1077.5,21.0,31.0,31.0,1069.0,1029.25,1029.25,1103.6666,1101.8333,1101.8333,9796.5,31247.5,64650.0,0.3,0.48333333333333334,0.6593406593406593,9.0,29.0,60.0,True,True,True,1,1
29252506,apartamento,2,1.0,4,2,2,200.0,5.0,Casa Branca,5.0,5.0,,,,,,,,,,,,,,,,,,,,,,,,,,,,,,,0,0
1309507261190883248,apartamento,3,4.0,6,4,0,400.0,0.0,Meia Praia,0.0,,,,,,,,,,,,,,,,,,,,,,,,,,,,,,,,0,0
46896012,apartamento,3,2.0,8,4,14,350.0,4.929999828338623,Meia Praia,4.929999828338623,4.929999828338623,4.0,25.0,56.0,680.0,670.4,599.4642857142857,680.0,680.0,550.0,4.0,25.0,56.0,680.0,550.0,538.0,680.0,680.0,550.0,17680.0,23800.0,19250.0,0.8666666666666667,0.5833333333333334,0.38461538461538464,26.0,35.0,35.0,True,True,True,1,1
17013106,apartamento,4,4.0,8,6,29,350.0,4.659999847412109,Morretes,4.659999847412109,4.659999847412109,,,,,,,,,,,,,,,,,,,,,,,,,,,,,,,0,0
1258956190525569719,apartamento,3,4.0,6,3,0,0.0,0.0,Meia Praia,0.0,,,,,,,,,,,,,,,,,,,,,,,,,,,,,,,,0,0
1298410358969446170,apartamento,2,2.0,8,2,0,200.0,0.0,Meia Praia,0.0,,,,,,,,,,,,,,,,,,,,,,,,,,,,,,,,0,0
1259659982464249183,apartamento,2,2.0,6,2,0,300.0,0.0,Meia Praia,0.0,,,,,,,,,,,,,,,,,,,,,,,,,,,,,,,,0,0
21293473,apartamento,1,1.0,4,3,0,0.0,0.0,Meia Praia,0.0,,,,,,,,,,,,,,,,,,,,,,,,,,,,,,,,0,0
1060303363292443230,casa,3,1.0,8,4,0,0.0,0.0,Varzea,0.0,,,,,,,,,,,,,,,,,,,,,,,,,,,,,,,,0,0
674566887638611404,apartamento,3,2.0,6,3,15,420.0,5.0,Meia Praia,5.0,5.0,13.0,15.0,40.0,650.0,643.3333333333334,488.75,650.0,650.0,600.0,13.0,15.0,40.0,650.0,650.0,300.0,650.0,650.0,650.0,11050.0,29250.0,30600.0,0.5666666666666667,0.75,0.5604395604395604,17.0,45.0,51.0,True,True,True,1,1
826688649202200978,apartamento,2,1.0,5,2,1,300.0,5.0,Morretes,5.0,5.0,,,,,,,,,,,,,,,,,,,,,,,,,,,,,,,0,0
1295814483068338684,apartamento,3,2.0,10,4,1,250.0,5.0,Meia Praia,5.0,5.0,,,,,,,,,,,,,,,,,,,,,,,,,,,,,,,0,0
988209846458628227,apartamento,4,3.0,9,7,4,250.0,5.0,Morretes,5.0,5.0,,,,,,,,,,,,,,,,,,,,,,,,,,,,,,,0,0
1295619045700290262,apartamento,2,1.0,4,2,0,200.0,0.0,Meia Praia,0.0,,,,,,,,,,,,,,,,,,,,,,,,,,,,,,,,0,0
51177541,apartamento,3,2.0,9,5,5,250.0,4.800000190734863,Meia Praia,4.800000190734863,4.800000190734863,,,,,,,,,,,,,,,,,,,,,,,,,,,,,,,0,0
1271651870449452940,apartamento,3,4.0,8,4,0,280.0,0.0,Meia Praia,0.0,,,,,,,,,,,,,,,,,,,,,,,,,,,,,,,,0,0
1020352360748829864,apartamento,3,2.0,8,3,5,300.0,5.0,Centro,5.0,5.0,,,,,,,,,,,,,,,,,,,,,,,,,,,,,,,0,0
1315170793056402402,apartamento,3,2.0,8,3,0,0.0,0.0,Meia Praia,0.0,,,,,,,,,,,,,,,,,,,,,,,,,,,,,,,,0,0
41731457,apartamento,0,1.0,5,3,8,50.0,4.5,Meia Praia,4.5,4.5,,,,,,,,,,,,,,,,,,,,,,,,,,,,,,,0,0
1294439015861379459,apartamento,3,0.0,7,4,0,499.0,0.0,Meia Praia,0.0,,,,,,,,,,,,,,,,,,,,,,,,,,,,,,,,0,0
1062531273496862060,apartamento,2,2.0,5,0,0,250.0,0.0,Morretes,0.0,,,,,,,,,,,,,,,,,,,,,,,,,,,,,,,,0,0
703678241822238330,apartamento,2,1.0,5,4,15,300.0,4.929999828338623,Meia Praia,4.929999828338623,4.929999828338623,4.0,29.0,60.0,398.0,343.9310344827586,321.23333333333335,398.0,300.0,300.0,4.0,29.0,60.0,398.0,300.0,300.0,398.0,398.0,300.0,10348.0,9300.0,9300.0,0.8666666666666667,0.5166666666666667,0.34065934065934067,26.0,31.0,31.0,True,True,True,1,0
1050053859273199330,casa,2,1.0,6,3,2,100.0,5.0,Alto Sao Bento,5.0,5.0,,,,,,,,,,,,,,,,,,,,,,,,,,,,,,,0,0
889307162854480804,outros,1,1.0,2,1,9,150.0,5.0,Meia Praia,5.0,5.0,,,,,,,,,,,,,,,,,,,,,,,,,,,,,,,0,0
974641366404745810,hotel,2,3.0,6,3,0,460.0,0.0,Meia Praia,0.0,,,,,,,,,,,,,,,,,,,,,,,,,,,,,,,,0,0
1050981045499188524,apartamento,2,2.0,5,3,9,300.0,5.0,Meia Praia,5.0,5.0,,,,,,,,,,,,,,,,,,,,,,,,,,,,,,,0,0
552951849918263899,apartamento,2,2.0,5,3,4,140.0,5.0,Morretes,5.0,5.0,,,,,,,,,,,,,,,,,,,,,,,,,,,,,,,0,0
965310801955633109,apartamento,2,2.0,6,2,14,250.0,5.0,Meia Praia,5.0,5.0,10.0,32.0,63.0,650.0,565.625,476.984126984127,650.0,600.0,450.0,10.0,32.0,63.0,650.0,500.0,350.0,650.0,650.0,600.0,13000.0,16800.0,12600.0,0.6666666666666666,0.4666666666666667,0.3076923076923077,20.0,28.0,28.0,True,True,True,1,1
1303180624424137587,apartamento,3,3.0,6,3,1,350.0,5.0,Meia Praia,5.0,5.0,,,,,,,,,,,,,,,,,,,,,,,,,,,,,,,0,0
1311521479092057264,outros,1,1.0,2,1,0,0.0,0.0,Meia Praia,0.0,,,,,,,,,,,,,,,,,,,,,,,,,,,,,,,,0,0
793703191791372209,apartamento,2,2.0,9,6,3,200.0,5.0,Centro,5.0,5.0,,,,,,,,,,,,,,,,,,,,,,,,,,,,,,,0,0
1263690672732785750,apartamento,3,2.0,6,4,7,150.0,5.0,Tabuleiro dos Oliveiras,5.0,5.0,,,,,,,,,,,,,,,,,,,,,,,,,,,,,,,0,0
904512525045117852,apartamento,3,2.0,8,4,41,180.0,5.0,Meia Praia,5.0,5.0,0.0,20.0,40.0,,711.495,530.9975000000001,,750.0,550.0,0.0,20.0,40.0,,639.375,300.0,,800.0,750.0,,30000.0,28050.0,1.0,0.6666666666666666,0.5604395604395604,30.0,40.0,51.0,False,True,True,1,1
40777141,apartamento,3,4.0,8,5,20,350.0,4.800000190734863,Meia Praia,4.800000190734863,4.800000190734863,0.0,4.0,4.0,,1508.0,1508.0,,1508.0,1508.0,0.0,4.0,4.0,,1508.0,1508.0,,1508.0,1508.0,,84448.0,131196.0,1.0,0.9333333333333333,0.9560439560439561,30.0,56.0,87.0,False,True,True,1,1
22514231,apartamento,2,2.0,6,2,34,250.0,4.820000171661377,Centro,4.820000171661377,4.820000171661377,,,,,,,,,,,,,,,,,,,,,,,,,,,,,,,0,0
994050613738555329,apartamento,3,2.0,8,3,0,250.0,0.0,Meia Praia,0.0,,,,,,,,,,,,,,,,,,,,,,,,,,,,,,,,0,0
1057823197232677783,apartamento,2,1.0,6,0,6,100.0,4.5,Alto Sao Bento,4.5,4.5,,,,,,,,,,,,,,,,,,,,,,,,,,,,,,,0,0
1062460880319807251,casa,3,1.0,8,3,0,0.0,0.0,Tabuleiro dos Oliveiras,0.0,,,,,,,,,,,,,,,,,,,,,,,,,,,,,,,,0,0
790518755885066166,apartamento,3,4.0,6,3,6,0.0,5.0,Centro,5.0,5.0,0.0,16.0,47.0,,752.5,806.1702127659574,,750.0,750.0,0.0,16.0,47.0,,750.0,750.0,,750.0,880.0,,33000.0,33000.0,1.0,0.7333333333333333,0.4835164835164835,30.0,44.0,44.0,False,True,True,1,1
27397473,apartamento,3,1.0,10,6,4,250.0,4.75,Meia Praia,4.75,4.75,,,,,,,,,,,,,,,,,,,,,,,,,,,,,,,0,0
1101585118067937280,apartamento,3,4.0,10,3,0,300.0,0.0,Meia Praia,0.0,,,,,,,,,,,,,,,,,,,,,,,,,,,,,,,,0,0
1218991049874355381,apartamento,3,3.0,6,3,0,200.0,0.0,Centro,0.0,,,,,,,,,,,,,,,,,,,,,,,,,,,,,,,,0,0
1260799506532685081,casa,10,9.0,16,40,0,0.0,0.0,Meia Praia,0.0,,,,,,,,,,,,,,,,,,,,,,,,,,,,,,,,0,0
1257368703930215344,apartamento,3,2.0,8,3,0,370.0,0.0,Meia Praia,0.0,,,,,,,,,,,,,,,,,,,,,,,,,,,,,,,,0,0
1254367793260264188,casa,2,1.0,4,2,0,150.0,0.0,Sertao do Trombudo,0.0,,,,,,,,,,,,,,,,,,,,,,,,,,,,,,,,0,0
31380471,apartamento,3,3.0,7,4,27,250.0,4.670000076293945,Meia Praia,4.670000076293945,4.670000076293945,3.0,26.0,57.0,799.0,967.1923076923077,767.6578947368421,799.0,800.0,750.0,3.0,26.0,57.0,799.0,800.0,500.0,799.0,1200.0,800.0,21573.0,27200.0,25500.0,0.9,0.5666666666666667,0.37362637362637363,27.0,34.0,34.0,True,True,True,1,1
28029195,apartamento,3,3.0,7,3,4,200.0,5.0,Meia Praia,5.0,5.0,,,,,,,,,,,,,,,,,,,,,,,,,,,,,,,0,0
21103807,apartamento,5,4.0,10,8,38,350.0,4.96999979019165,Meia Praia,4.96999979019165,4.96999979019165,,,,,,,,,,,,,,,,,,,,,,,,,,,,,,,0,0
1269744096051808853,apartamento,3,3.0,9,3,0,300.0,0.0,Meia Praia,0.0,,,,,,,,,,,,,,,,,,,,,,,,,,,,,,,,0,0
1303593007044032483,apartamento,4,0.0,12,5,0,350.0,0.0,Meia Praia,0.0,,,,,,,,,,,,,,,,,,,,,,,,,,,,,,,,0,0
766523470893238581,apartamento,3,2.0,7,5,1,250.0,4.0,Centro,4.0,4.0,,,,,,,,,,,,,,,,,,,,,,,,,,,,,,,0,0
927426464522828770,hotel,2,2.0,6,3,0,460.0,0.0,Meia Praia,0.0,,,,,,,,,,,,,,,,,,,,,,,,,,,,,,,,0,0
53682994,apartamento,3,2.0,7,3,4,220.0,5.0,Meia Praia,5.0,5.0,,,,,,,,,,,,,,,,,,,,,,,,,,,,,,,0,0
53567582,apartamento,3,2.0,10,5,2,350.0,5.0,Meia Praia,5.0,5.0,,,,,,,,,,,,,,,,,,,,,,,,,,,,,,,0,0
792567012140217848,apartamento,3,3.0,8,3,0,350.0,0.0,Meia Praia,0.0,,,,,,,,,,,,,,,,,,,,,,,,,,,,,,,,0,0
1306071127428219225,outros,1,1.0,2,1,0,80.0,0.0,Meia Praia,0.0,,,,,,,,,,,,,,,,,,,,,,,,,,,,,,,,0,0
1300042401669433590,apartamento,3,2.0,7,4,0,350.0,0.0,Meia Praia,0.0,,,,,,,,,,,,,,,,,,,,,,,,,,,,,,,,0,0
1170581686192011483,apartamento,2,2.0,6,3,14,180.0,4.860000133514404,Meia Praia,4.860000133514404,4.860000133514404,,,,,,,,,,,,,,,,,,,,,,,,,,,,,,,0,0
1237097584529010572,outros,1,1.0,2,1,0,10.0,0.0,Meia Praia,0.0,,,,,,,,,,,,,,,,,,,,,,,,,,,,,,,,0,0
1312524247058689796,apartamento,3,3.0,7,4,1,300.0,5.0,Meia Praia,5.0,5.0,,,,,,,,,,,,,,,,,,,,,,,,,,,,,,,0,0
1204202556611988459,casa,3,2.0,8,3,1,0.0,5.0,Sertao do Trombudo,5.0,5.0,,,,,,,,,,,,,,,,,,,,,,,,,,,,,,,0,0
1183341386353396185,apartamento,4,2.0,8,6,0,350.0,0.0,Meia Praia,0.0,,,,,,,,,,,,,,,,,,,,,,,,,,,,,,,,0,0
1072539500992627353,apartamento,4,3.0,9,0,1,350.0,5.0,Meia Praia,5.0,5.0,,,,,,,,,,,,,,,,,,,,,,,,,,,,,,,0,0
1063705737261985613,casa,1,1.0,3,1,4,0.0,4.25,Varzea,4.25,4.25,,,,,,,,,,,,,,,,,,,,,,,,,,,,,,,0,0
1077455073809832287,apartamento,2,2.0,6,2,3,250.0,5.0,Meia Praia,5.0,5.0,,,,,,,,,,,,,,,,,,,,,,,,,,,,,,,0,0
43468529,apartamento,3,3.0,8,5,25,250.0,5.0,Centro,5.0,5.0,,,,,,,,,,,,,,,,,,,,,,,,,,,,,,,0,0
30855028,apartamento,3,2.0,4,3,31,350.0,4.480000019073486,Centro,4.480000019073486,4.480000019073486,,,,,,,,,,,,,,,,,,,,,,,,,,,,,,,0,0
44895797,apartamento,3,2.0,7,3,65,179.0,4.880000114440918,Meia Praia,4.880000114440918,4.880000114440918,13.0,13.0,13.0,703.0769230769231,703.0769230769231,703.0769230769231,705.0,705.0,705.0,13.0,13.0,13.0,700.0,700.0,700.0,705.0,705.0,705.0,11985.0,33135.0,54990.0,0.5666666666666667,0.7833333333333333,0.8571428571428571,17.0,47.0,78.0,True,True,True,1,1
966471403166364931,apartamento,3,2.0,8,3,6,300.0,4.829999923706055,Meia Praia,4.829999923706055,4.829999923706055,,,,,,,,,,,,,,,,,,,,,,,,,,,,,,,0,0
1182043782165637473,apartamento,1,1.0,4,2,11,190.0,4.820000171661377,Centro,4.820000171661377,4.820000171661377,11.0,41.0,72.0,514.0909090909091,574.0731707317074,531.6666666666666,466.0,600.0,471.0,11.0,41.0,72.0,443.0,446.0,443.0,575.5,660.0,654.75,8854.0,11400.0,8949.0,0.6333333333333333,0.31666666666666665,0.2087912087912088,19.0,19.0,19.0,True,True,True,1,1
5443557,casa,1,1.0,5,4,107,198.0,4.869999885559082,Canto da Praia,4.869999885559082,4.869999885559082,,,,,,,,,,,,,,,,,,,,,,,,,,,,,,,0,0
46719903,apartamento,3,2.0,6,3,28,260.0,4.960000038146973,Meia Praia,4.960000038146973,4.960000038146973,,,,,,,,,,,,,,,,,,,,,,,,,,,,,,,0,0
1230649714487579642,apartamento,3,2.0,6,3,0,0.0,0.0,Meia Praia,0.0,,,,,,,,,,,,,,,,,,,,,,,,,,,,,,,,0,0
1092843074590526105,apartamento,2,3.0,8,2,0,150.0,0.0,Meia Praia,0.0,,,,,,,,,,,,,,,,,,,,,,,,,,,,,,,,0,0
1317451954002590597,apartamento,2,2.0,5,2,0,0.0,0.0,Morretes,0.0,,,,,,,,,,,,,,,,,,,,,,,,,,,,,,,,0,0
51861410,casa,3,2.0,7,4,26,350.0,4.960000038146973,Varzea,4.960000038146973,4.960000038146973,12.0,18.0,18.0,700.0,700.0,700.0,700.0,700.0,700.0,12.0,18.0,18.0,700.0,700.0,700.0,700.0,700.0,700.0,12600.0,29400.0,51100.0,0.6,0.7,0.8021978021978022,18.0,42.0,73.0,True,True,True,1,0
1278411303068620572,apartamento,3,3.0,8,3,2,250.0,5.0,Meia Praia,5.0,5.0,,,,,,,,,,,,,,,,,,,,,,,,,,,,,,,0,0
1036307863666955691,hotel,2,2.0,6,3,0,460.0,0.0,Meia Praia,0.0,,,,,,,,,,,,,,,,,,,,,,,,,,,,,,,,0,0
1079128911247438973,apartamento,2,1.0,6,5,1,250.0,5.0,Casa Branca,5.0,5.0,,,,,,,,,,,,,,,,,,,,,,,,,,,,,,,0,0
1321156671231129227,apartamento,2,2.0,5,3,0,200.0,0.0,Morretes,0.0,,,,,,,,,,,,,,,,,,,,,,,,,,,,,,,,0,0
557386903732882183,apartamento,3,2.0,9,5,6,300.0,5.0,Meia Praia,5.0,5.0,,,,,,,,,,,,,,,,,,,,,,,,,,,,,,,0,0
30910938,apartamento,2,2.0,6,3,46,300.0,4.929999828338623,Meia Praia,4.929999828338623,4.929999828338623,4.0,23.0,54.0,564.5,482.95652173913044,475.14814814814815,562.5,450.0,450.0,4.0,23.0,54.0,550.0,450.0,450.0,577.0,550.0,450.0,14625.0,16650.0,16650.0,0.8666666666666667,0.6166666666666667,0.4065934065934066,26.0,37.0,37.0,True,True,True,1,1
963200943747370218,casa,3,2.0,6,3,5,50.0,5.0,Canto da Praia,5.0,5.0,,,,,,,,,,,,,,,,,,,,,,,,,,,,,,,0,0
806702099486447309,apartamento,3,2.0,8,3,9,300.0,5.0,Meia Praia,5.0,5.0,11.0,29.0,60.0,756.0,622.9655172413793,571.2833333333333,750.0,500.0,500.0,11.0,29.0,60.0,750.0,500.0,500.0,758.25,750.0,658.0,14250.0,15500.0,15500.0,0.6333333333333333,0.5166666666666667,0.34065934065934067,19.0,31.0,31.0,True,True,True,1,1
1303904813387687115,outros,1,1.0,2,1,2,60.0,5.0,Morretes,5.0,5.0,,,,,,,,,,,,,,,,,,,,,,,,,,,,,,,0,0
53008127,apartamento,3,2.0,9,5,34,250.0,4.849999904632568,Meia Praia,4.849999904632568,4.849999904632568,3.0,22.0,51.0,450.0,397.27272727272725,329.4117647058824,450.0,450.0,300.0,3.0,22.0,51.0,450.0,350.0,300.0,450.0,450.0,400.0,12150.0,17100.0,12000.0,0.9,0.6333333333333333,0.43956043956043955,27.0,38.0,40.0,True,True,True,1,1
1269069420492148422,apartamento,3,2.0,8,4,0,275.0,0.0,Meia Praia,0.0,,,,,,,,,,,,,,,,,,,,,,,,,,,,,,,,0,0
1318064312179983511,apartamento,1,1.0,3,1,1,150.0,5.0,Centro,5.0,5.0,,,,,,,,,,,,,,,,,,,,,,,,,,,,,,,0,0
53445765,apartamento,2,2.0,6,2,24,200.0,5.0,Meia Praia,5.0,5.0,5.0,21.0,52.0,370.0,321.2738095238095,387.22596153846155,370.0,315.0,348.75,5.0,21.0,52.0,370.0,300.0,300.0,370.0,319.375,500.0,9250.0,12285.0,13601.25,0.8333333333333334,0.65,0.42857142857142855,25.0,39.0,39.0,True,True,True,1,1
54370587,apartamento,2,3.0,5,2,8,250.0,4.75,Meia Praia,4.75,4.75,,,,,,,,,,,,,,,,,,,,,,,,,,,,,,,0,0
1056570271629206534,casa,2,2.0,6,4,5,200.0,5.0,Meia Praia,5.0,5.0,,,,,,,,,,,,,,,,,,,,,,,,,,,,,,,0,0
963906476261332664,apartamento,2,2.0,6,4,2,270.0,5.0,Meia Praia,5.0,5.0,,,,,,,,,,,,,,,,,,,,,,,,,,,,,,,0,0
720383944790760874,apartamento,2,2.0,5,3,15,250.0,4.929999828338623,Centro,4.929999828338623,4.929999828338623,,,,,,,,,,,,,,,,,,,,,,,,,,,,,,,0,0
1315383023701906919,apartamento,2,2.0,6,2,0,350.0,0.0,Morretes,0.0,,,,,,,,,,,,,,,,,,,,,,,,,,,,,,,,0,0
1269002689013489472,apartamento,3,2.0,7,3,0,250.0,0.0,Meia Praia,0.0,,,,,,,,,,,,,,,,,,,,,,,,,,,,,,,,0,0
1313887191033564319,apartamento,3,3.0,6,3,0,250.0,0.0,Meia Praia,0.0,,,,,,,,,,,,,,,,,,,,,,,,,,,,,,,,0,0
1261073229588827579,outros,1,1.0,3,2,4,0.0,5.0,Meia Praia,5.0,5.0,,,,,,,,,,,,,,,,,,,,,,,,,,,,,,,0,0
1011429683225365524,apartamento,3,3.0,8,3,0,350.0,0.0,Meia Praia,0.0,,,,,,,,,,,,,,,,,,,,,,,,,,,,,,,,0,0
1195817681118454177,outros,1,1.0,2,1,0,50.0,0.0,Meia Praia,0.0,,,,,,,,,,,,,,,,,,,,,,,,,,,,,,,,0,0
698609052948535659,apartamento,4,4.0,10,5,1,650.0,5.0,Meia Praia,5.0,5.0,,,,,,,,,,,,,,,,,,,,,,,,,,,,,,,0,0
1187772975255244525,apartamento,1,1.0,2,1,23,150.0,4.869999885559082,Centro,4.869999885559082,4.869999885559082,6.0,32.0,63.0,358.6666666666667,383.60416687500003,393.21428634920636,385.0,384.5,384.0,6.0,32.0,63.0,316.0,361.5,372.0,394.75,398.0,407.5,9240.0,10766.0,10752.0,0.8,0.4666666666666667,0.3076923076923077,24.0,28.0,28.0,True,True,True,1,1
1186527192047619776,casa,2,1.0,8,5,1,0.0,4.0,Tabuleiro dos Oliveiras,4.0,4.0,,,,,,,,,,,,,,,,,,,,,,,,,,,,,,,0,0
1058777213156843238,apartamento,1,1.0,4,2,24,212.0,5.0,Meia Praia,5.0,5.0,9.0,9.0,26.0,621.0,621.0,448.2692307692308,621.0,621.0,360.0,9.0,9.0,26.0,621.0,621.0,360.0,621.0,621.0,621.0,13041.0,31671.0,23400.0,0.7,0.85,0.7142857142857143,21.0,51.0,65.0,True,True,True,1,1
46298683,apartamento,3,2.0,8,4,1,250.0,4.0,Meia Praia,4.0,4.0,,,,,,,,,,,,,,,,,,,,,,,,,,,,,,,0,0
1040664783789355948,apartamento,5,6.0,12,7,1,400.0,5.0,Meia Praia,5.0,5.0,,,,,,,,,,,,,,,,,,,,,,,,,,,,,,,0,0
30491733,apartamento,4,3.0,9,4,18,350.0,4.940000057220459,Meia Praia,4.940000057220459,4.940000057220459,1.0,17.0,48.0,891.0,862.5627470588234,753.41180625,891.0,888.0,770.0,1.0,17.0,48.0,891.0,803.0,650.0,891.0,899.0,805.0,25839.0,38184.0,33110.0,0.9666666666666667,0.7166666666666667,0.4725274725274725,29.0,43.0,43.0,True,True,True,1,1
52864004,apartamento,3,2.0,7,5,4,300.0,4.25,Meia Praia,4.25,4.25,,,,,,,,,,,,,,,,,,,,,,,,,,,,,,,0,0
37709918,apartamento,3,2.0,8,6,0,299.0,0.0,Meia Praia,0.0,,,,,,,,,,,,,,,,,,,,,,,,,,,,,,,,0,0
1314398128960750476,apartamento,3,4.0,6,4,0,350.0,0.0,Meia Praia,0.0,,,,,,,,,,,,,,,,,,,,,,,,,,,,,,,,0,0
1288436009394308547,apartamento,3,2.0,7,3,2,200.0,4.5,Meia Praia,4.5,4.5,,,,,,,,,,,,,,,,,,,,,,,,,,,,,,,0,0
1268360369138084164,apartamento,5,5.0,8,6,0,0.0,0.0,Meia Praia,0.0,,,,,,,,,,,,,,,,,,,,,,,,,,,,,,,,0,0
1268175742888206281,apartamento,3,2.0,8,3,0,320.0,0.0,Meia Praia,0.0,,,,,,,,,,,,,,,,,,,,,,,,,,,,,,,,0,0
53384633,apartamento,2,2.0,5,3,12,150.0,4.920000076293945,Morretes,4.920000076293945,4.920000076293945,,,,,,,,,,,,,,,,,,,,,,,,,,,,,,,0,0
728531681504670920,apartamento,2,2.0,10,6,55,250.0,4.840000152587891,Tabuleiro dos Oliveiras,4.840000152587891,4.840000152587891,9.0,15.0,37.0,194.27777777777777,176.56666666666666,151.86936918918917,181.0,173.0,133.5,9.0,15.0,37.0,178.5,148.5,120.0,240.5,184.0,173.33333,3801.0,7785.0,7209.0,0.7,0.75,0.5934065934065934,21.0,45.0,54.0,True,True,True,1,0
1019453731090411731,apartamento,0,1.0,4,2,12,200.0,5.0,Meia Praia,5.0,5.0,9.0,35.0,66.0,450.0,443.75714285714287,413.81060606060606,450.0,450.0,380.0,9.0,35.0,66.0,450.0,374.91667,380.0,450.0,450.0,450.0,9450.0,11250.0,9500.0,0.7,0.4166666666666667,0.27472527472527475,21.0,25.0,25.0,True,True,True,1,1
1169576861766557489,apartamento,3,3.0,8,5,1,250.0,4.0,Meia Praia,4.0,4.0,,,,,,,,,,,,,,,,,,,,,,,,,,,,,,,0,0
1301642727552567702,outros,1,1.0,2,1,0,100.0,0.0,Alto Sao Bento,0.0,,,,,,,,,,,,,,,,,,,,,,,,,,,,,,,,0,0
1246519122613872366,apartamento,3,2.0,8,4,0,250.0,0.0,Centro,0.0,,,,,,,,,,,,,,,,,,,,,,,,,,,,,,,,0,0
1297215706620685519,casa,3,3.0,12,6,1,400.0,5.0,Casa Branca,5.0,5.0,,,,,,,,,,,,,,,,,,,,,,,,,,,,,,,0,0
1040468720599464619,apartamento,2,2.0,5,3,2,250.0,5.0,Meia Praia,5.0,5.0,,,,,,,,,,,,,,,,,,,,,,,,,,,,,,,0,0
754796838418506202,apartamento,3,2.0,9,3,12,350.0,5.0,Meia Praia,5.0,5.0,16.0,37.0,68.0,773.4375,718.2432432432432,574.4852941176471,812.5,700.0,600.0,16.0,37.0,68.0,700.0,700.0,392.5,850.0,850.0,700.0,11375.0,16100.0,13800.0,0.4666666666666667,0.38333333333333336,0.25274725274725274,14.0,23.0,23.0,True,True,True,1,1
1212415662189091963,apartamento,2,2.0,4,2,3,200.0,5.0,Morretes,5.0,5.0,,,,,,,,,,,,,,,,,,,,,,,,,,,,,,,0,0
1292133136651238520,apartamento,3,2.0,6,3,0,0.0,0.0,Meia Praia,0.0,,,,,,,,,,,,,,,,,,,,,,,,,,,,,,,,0,0
54352601,apartamento,3,2.0,6,4,5,250.0,5.0,Meia Praia,5.0,5.0,,,,,,,,,,,,,,,,,,,,,,,,,,,,,,,0,0
995677914874740936,outros,1,2.0,6,4,0,0.0,0.0,Sertaozinho,0.0,,,,,,,,,,,,,,,,,,,,,,,,,,,,,,,,0,0
780389629228308190,casa,2,2.0,6,2,3,200.0,5.0,Centro,5.0,5.0,,,,,,,,,,,,,,,,,,,,,,,,,,,,,,,0,0
31740594,apartamento,4,3.0,10,6,9,400.0,4.440000057220459,Meia Praia,4.440000057220459,4.440000057220459,,,,,,,,,,,,,,,,,,,,,,,,,,,,,,,0,0
994303225569719796,apartamento,2,2.0,4,2,5,120.0,4.400000095367432,Meia Praia,4.400000095367432,4.400000095367432,,,,,,,,,,,,,,,,,,,,,,,,,,,,,,,0,0
1225971691879804463,apartamento,3,2.0,6,5,0,300.0,0.0,Meia Praia,0.0,,,,,,,,,,,,,,,,,,,,,,,,,,,,,,,,0,0
47385736,casa,2,2.0,8,12,5,250.0,4.800000190734863,Ilhota,4.800000190734863,4.800000190734863,,,,,,,,,,,,,,,,,,,,,,,,,,,,,,,0,0
758758164947604865,outros,1,1.0,2,1,14,100.0,4.860000133514404,Meia Praia,4.860000133514404,4.860000133514404,26.0,51.0,82.0,179.23076923076923,176.4313725490196,153.90243902439025,170.0,170.0,170.0,26.0,51.0,82.0,170.0,170.0,100.0,200.0,170.0,170.0,680.0,1530.0,1530.0,0.13333333333333333,0.15,0.0989010989010989,4.0,9.0,9.0,True,True,True,1,0
1094352618245433600,apartamento,2,2.0,6,2,2,250.0,5.0,Meia Praia,5.0,5.0,,,,,,,,,,,,,,,,,,,,,,,,,,,,,,,0,0
1056410885508086196,casa,3,2.0,10,4,0,0.0,0.0,Alto Sao Bento,0.0,,,,,,,,,,,,,,,,,,,,,,,,,,,,,,,,0,0
15106253,apartamento,3,2.0,8,4,34,250.0,4.849999904632568,Meia Praia,4.849999904632568,4.849999904632568,,,,,,,,,,,,,,,,,,,,,,,,,,,,,,,0,0
956676934234107014,apartamento,3,2.0,9,6,47,210.0,4.940000057220459,Meia Praia,4.940000057220459,4.940000057220459,3.0,11.0,14.0,576.0,412.90909090909093,409.07142857142856,504.0,504.0,395.0,3.0,11.0,14.0,504.0,248.0,275.0,612.0,504.0,504.0,13608.0,24696.0,30415.0,0.9,0.8166666666666667,0.8461538461538461,27.0,49.0,77.0,True,True,True,1,1
1290151602510667000,apartamento,2,2.0,5,3,1,250.0,5.0,Morretes,5.0,5.0,,,,,,,,,,,,,,,,,,,,,,,,,,,,,,,0,0
1321663743479638993,casa,2,1.0,6,2,0,0.0,0.0,Varzea,0.0,,,,,,,,,,,,,,,,,,,,,,,,,,,,,,,,0,0
40666404,casa,2,2.0,8,5,56,200.0,4.980000019073486,Casa Branca,4.980000019073486,4.980000019073486,,,,,,,,,,,,,,,,,,,,,,,,,,,,,,,0,0
28071688,apartamento,3,3.0,8,4,22,250.0,4.769999980926514,Meia Praia,4.769999980926514,4.769999980926514,0.0,13.0,41.0,,881.3589692307693,659.3739804878049,,875.3333,550.0,0.0,13.0,41.0,,550.0,550.0,,1200.0,603.0,,41140.6651,27500.0,1.0,0.7833333333333333,0.5494505494505495,30.0,47.0,50.0,False,True,True,1,1
1268700777743246137,apartamento,3,3.0,12,2,1,400.0,5.0,Meia Praia,5.0,5.0,,,,,,,,,,,,,,,,,,,,,,,,,,,,,,,0,0
1031938290013047428,apartamento,2,2.0,4,2,12,400.0,5.0,Meia Praia,5.0,5.0,19.0,49.0,80.0,609.8947368421053,659.6173469387755,639.253125,619.0,644.0,586.0,19.0,49.0,80.0,590.0,586.0,495.0,644.0,693.0,653.0,6809.0,7084.0,6446.0,0.36666666666666664,0.18333333333333332,0.12087912087912088,11.0,11.0,11.0,True,True,True,1,1
54246694,apartamento,3,3.0,8,5,10,300.0,5.0,Meia Praia,5.0,5.0,28.0,58.0,89.0,800.0,800.0,710.1123595505618,800.0,800.0,800.0,28.0,58.0,89.0,800.0,800.0,800.0,800.0,800.0,800.0,1600.0,1600.0,1600.0,0.06666666666666667,0.03333333333333333,0.02197802197802198,2.0,2.0,2.0,True,True,True,1,1
30086402,apartamento,3,2.0,8,6,9,0.0,4.670000076293945,Casa Branca,4.670000076293945,4.670000076293945,,,,,,,,,,,,,,,,,,,,,,,,,,,,,,,0,0
988662267344953993,apartamento,4,3.0,12,4,0,500.0,0.0,Meia Praia,0.0,,,,,,,,,,,,,,,,,,,,,,,,,,,,,,,,0,0
910815231577364751,apartamento,1,1.0,5,2,38,150.0,4.96999979019165,Meia Praia,4.96999979019165,4.96999979019165,3.0,17.0,39.0,700.0,740.4705882352941,502.2564102564103,700.0,700.0,400.0,3.0,17.0,39.0,700.0,700.0,300.0,700.0,900.0,700.0,18900.0,30100.0,20800.0,0.9,0.7166666666666667,0.5714285714285714,27.0,43.0,52.0,True,True,True,1,1
1013015809551990146,apartamento,3,2.0,5,3,1,400.0,4.0,Meia Praia,4.0,4.0,,,,,,,,,,,,,,,,,,,,,,,,,,,,,,,0,0
1260829862590826054,apartamento,2,2.0,5,3,2,250.0,5.0,Morretes,5.0,5.0,,,,,,,,,,,,,,,,,,,,,,,,,,,,,,,0,0
1202112826227726232,apartamento,3,3.0,8,4,0,0.0,0.0,Meia Praia,0.0,,,,,,,,,,,,,,,,,,,,,,,,,,,,,,,,0,0
681139047695558927,apartamento,2,2.0,4,2,22,260.0,4.730000019073486,Morretes,4.730000019073486,4.730000019073486,,,,,,,,,,,,,,,,,,,,,,,,,,,,,,,0,0
1191543560489849934,casa,2,3.0,5,2,1,40.0,5.0,Sertao do Trombudo,5.0,5.0,,,,,,,,,,,,,,,,,,,,,,,,,,,,,,,0,0
745721701947116393,apartamento,2,1.0,6,1,0,200.0,0.0,Casa Branca,0.0,,,,,,,,,,,,,,,,,,,,,,,,,,,,,,,,0,0
1236324650857979589,apartamento,3,2.0,8,3,0,250.0,0.0,Meia Praia,0.0,,,,,,,,,,,,,,,,,,,,,,,,,,,,,,,,0,0
45456914,apartamento,3,2.0,6,4,0,250.0,0.0,Centro,0.0,,,,,,,,,,,,,,,,,,,,,,,,,,,,,,,,0,0
818513037989175149,apartamento,2,2.0,6,2,4,180.0,5.0,Morretes,5.0,5.0,,,,,,,,,,,,,,,,,,,,,,,,,,,,,,,0,0
559430665216139427,outros,1,1.0,3,1,7,150.0,5.0,Meia Praia,5.0,5.0,,,,,,,,,,,,,,,,,,,,,,,,,,,,,,,0,0
1218776899039658891,apartamento,4,4.0,8,4,0,450.0,0.0,Meia Praia,0.0,,,,,,,,,,,,,,,,,,,,,,,,,,,,,,,,0,0
771054676372745506,casa,3,2.0,10,4,0,260.0,0.0,Centro,0.0,,,,,,,,,,,,,,,,,,,,,,,,,,,,,,,,0,0
1050749872031768842,apartamento,2,2.0,6,1,3,300.0,4.670000076293945,Meia Praia,4.670000076293945,4.670000076293945,,,,,,,,,,,,,,,,,,,,,,,,,,,,,,,0,0
1284110666632259028,apartamento,1,1.0,4,2,0,190.0,0.0,Centro,0.0,,12.0,42.0,73.0,590.5,593.6904761904761,543.5342465753424,604.0,604.0,495.0,12.0,42.0,73.0,604.0,466.625,446.0,627.0,653.0,627.0,10872.0,10872.0,8910.0,0.6,0.3,0.1978021978021978,18.0,18.0,18.0,True,True,True,1,1
1252753408221770788,apartamento,4,2.0,11,6,3,400.0,5.0,Meia Praia,5.0,5.0,,,,,,,,,,,,,,,,,,,,,,,,,,,,,,,0,0
13522176,apartamento,5,6.0,15,7,144,435.0,4.829999923706055,Meia Praia,4.829999923706055,4.829999923706055,,,,,,,,,,,,,,,,,,,,,,,,,,,,,,,0,0
21397811,apartamento,3,2.0,8,8,19,350.0,4.889999866485596,Meia Praia,4.889999866485596,4.889999866485596,11.0,41.0,68.0,872.7272727272727,784.7560975609756,699.25,850.0,850.0,600.0,11.0,41.0,68.0,850.0,600.0,566.6667,900.0,850.0,850.0,16150.0,16150.0,13800.0,0.6333333333333333,0.31666666666666665,0.25274725274725274,19.0,19.0,23.0,True,True,True,1,1
1286868505765445574,casa,1,1.0,4,1,2,150.0,5.0,Tabuleiro dos Oliveiras,5.0,5.0,,,,,,,,,,,,,,,,,,,,,,,,,,,,,,,0,0
37744392,apartamento,3,2.0,6,3,10,100.0,5.0,Meia Praia,5.0,5.0,,,,,,,,,,,,,,,,,,,,,,,,,,,,,,,0,0
1242302594456760963,apartamento,3,3.0,8,4,2,300.0,5.0,Meia Praia,5.0,5.0,,,,,,,,,,,,,,,,,,,,,,,,,,,,,,,0,0
725287076784390348,apartamento,2,2.0,5,3,9,220.0,5.0,Meia Praia,5.0,5.0,,,,,,,,,,,,,,,,,,,,,,,,,,,,,,,0,0
989345231542781584,apartamento,6,4.0,16,8,1,550.0,5.0,Meia Praia,5.0,5.0,,,,,,,,,,,,,,,,,,,,,,,,,,,,,,,0,0
1096373335316071895,apartamento,3,3.0,8,3,4,290.0,4.5,Meia Praia,4.5,4.5,,,,,,,,,,,,,,,,,,,,,,,,,,,,,,,0,0
860109707700434700,apartamento,3,3.0,8,3,0,300.0,0.0,Meia Praia,0.0,,,,,,,,,,,,,,,,,,,,,,,,,,,,,,,,0,0
1302385137743714245,apartamento,2,1.0,6,5,0,250.0,0.0,Meia Praia,0.0,,,,,,,,,,,,,,,,,,,,,,,,,,,,,,,,0,0
1015891835742611992,outros,1,1.0,2,1,0,0.0,0.0,Centro,0.0,,,,,,,,,,,,,,,,,,,,,,,,,,,,,,,,0,0
1281447974687781532,apartamento,0,0.0,8,4,1,250.0,5.0,Meia Praia,5.0,5.0,,,,,,,,,,,,,,,,,,,,,,,,,,,,,,,0,0
41548025,apartamento,3,2.0,8,3,0,0.0,0.0,Meia Praia,0.0,,,,,,,,,,,,,,,,,,,,,,,,,,,,,,,,0,0
828238115992749496,apartamento,3,3.0,8,4,0,400.0,0.0,Meia Praia,0.0,,,,,,,,,,,,,,,,,,,,,,,,,,,,,,,,0,0
1254392084331548457,apartamento,4,4.0,10,1,0,350.0,0.0,Meia Praia,0.0,,,,,,,,,,,,,,,,,,,,,,,,,,,,,,,,0,0
41235599,apartamento,3,2.0,6,3,6,350.0,4.829999923706055,Centro,4.829999923706055,4.829999923706055,,,,,,,,,,,,,,,,,,,,,,,,,,,,,,,0,0
836385234465202348,apartamento,3,4.0,7,4,16,380.0,5.0,Meia Praia,5.0,5.0,8.0,25.0,33.0,1690.0,1450.8,1256.6666666666667,1690.0,1690.0,1690.0,8.0,25.0,33.0,1690.0,650.0,650.0,1690.0,1950.0,1950.0,37180.0,59150.0,98020.0,0.7333333333333333,0.5833333333333334,0.6373626373626373,22.0,35.0,58.0,True,True,True,1,1
1294181566192305296,apartamento,1,1.0,4,2,0,0.0,0.0,Meia Praia,0.0,,,,,,,,,,,,,,,,,,,,,,,,,,,,,,,,0,0
38800430,apartamento,3,2.0,7,5,53,150.0,4.980000019073486,Meia Praia,4.980000019073486,4.980000019073486,8.0,13.0,13.0,600.0,503.84615384615387,503.84615384615387,600.0,600.0,600.0,8.0,13.0,13.0,600.0,350.0,350.0,600.0,600.0,600.0,13200.0,28200.0,46800.0,0.7333333333333333,0.7833333333333333,0.8571428571428571,22.0,47.0,78.0,True,True,True,1,1
39532664,apartamento,3,2.0,8,3,39,210.0,4.619999885559082,Meia Praia,4.619999885559082,4.619999885559082,,,,,,,,,,,,,,,,,,,,,,,,,,,,,,,0,0
1266717192483343855,apartamento,2,2.0,6,4,2,250.0,5.0,Meia Praia,5.0,5.0,1.0,31.0,62.0,650.0,650.0,600.0,650.0,650.0,550.0,1.0,31.0,62.0,650.0,550.0,550.0,650.0,650.0,625.0,18850.0,18850.0,15950.0,0.9666666666666667,0.48333333333333334,0.31868131868131866,29.0,29.0,29.0,True,True,True,1,0
47198796,casa,0,1.0,2,2,14,150.0,4.789999961853027,Casa Branca,4.789999961853027,4.789999961853027,,,,,,,,,,,,,,,,,,,,,,,,,,,,,,,0,0
21743476,apartamento,3,3.0,7,3,18,250.0,4.78000020980835,Meia Praia,4.78000020980835,4.78000020980835,,,,,,,,,,,,,,,,,,,,,,,,,,,,,,,0,0
1091408953130822622,apartamento,2,1.0,6,3,13,0.0,5.0,Centro,5.0,5.0,,,,,,,,,,,,,,,,,,,,,,,,,,,,,,,0,0
1208757855935244741,apartamento,1,1.0,2,1,0,150.0,0.0,Centro,0.0,,2.0,32.0,63.0,368.5,404.692709375,403.81216984126985,368.5,390.5,372.0,2.0,32.0,63.0,360.25,363.0,372.0,376.75,446.0,419.0,10318.0,10934.0,10416.0,0.9333333333333333,0.4666666666666667,0.3076923076923077,28.0,28.0,28.0,True,True,True,1,1
52883365,apartamento,2,2.0,4,2,6,100.0,4.5,Morretes,4.5,4.5,,,,,,,,,,,,,,,,,,,,,,,,,,,,,,,0,0
1213961040337895184,apartamento,3,2.0,7,4,1,250.0,5.0,Morretes,5.0,5.0,,,,,,,,,,,,,,,,,,,,,,,,,,,,,,,0,0
990873537741639580,apartamento,4,5.0,10,4,0,500.0,0.0,Meia Praia,0.0,,,,,,,,,,,,,,,,,,,,,,,,,,,,,,,,0,0
1091165192621837341,apartamento,2,2.0,5,3,0,250.0,0.0,Centro,0.0,,,,,,,,,,,,,,,,,,,,,,,,,,,,,,,,0,0
1053851019443958006,apartamento,2,2.0,5,3,15,300.0,4.869999885559082,Centro,4.869999885559082,4.869999885559082,29.0,59.0,90.0,499.0,519.0,503.9,499.0,499.0,499.0,29.0,59.0,90.0,499.0,499.0,447.25,499.0,499.0,500.0,499.0,499.0,499.0,0.03333333333333333,0.016666666666666666,0.01098901098901099,1.0,1.0,1.0,True,True,True,1,1
1292178168042903576,casa,4,2.0,10,4,2,190.0,5.0,Morretes,5.0,5.0,,,,,,,,,,,,,,,,,,,,,,,,,,,,,,,0,0
1214464056304542513,apartamento,2,1.0,5,4,16,220.0,5.0,Centro,5.0,5.0,13.0,43.0,74.0,705.9615384615385,712.1046511627907,676.777027027027,770.0,723.0,629.5,13.0,43.0,74.0,597.5,594.0,594.0,792.0,792.0,770.0,13090.0,12291.0,10701.5,0.5666666666666667,0.2833333333333333,0.18681318681318682,17.0,17.0,17.0,True,True,True,1,1
1288225902205385857,apartamento,2,2.0,6,2,0,250.0,0.0,Meia Praia,0.0,,,,,,,,,,,,,,,,,,,,,,,,,,,,,,,,0,0
22258063,apartamento,3,2.0,10,9,3,260.0,4.329999923706055,Meia Praia,4.329999923706055,4.329999923706055,,,,,,,,,,,,,,,,,,,,,,,,,,,,,,,0,0
1292976440894819617,apartamento,3,2.0,8,3,3,300.0,5.0,Meia Praia,5.0,5.0,,,,,,,,,,,,,,,,,,,,,,,,,,,,,,,0,0
39989789,apartamento,3,3.0,6,4,1,500.0,5.0,Centro,5.0,5.0,,,,,,,,,,,,,,,,,,,,,,,,,,,,,,,0,0
1310200744046984553,apartamento,2,2.0,6,2,2,210.0,5.0,Morretes,5.0,5.0,,,,,,,,,,,,,,,,,,,,,,,,,,,,,,,0,0
777658866189629109,apartamento,2,2.0,5,3,9,250.0,5.0,Meia Praia,5.0,5.0,,,,,,,,,,,,,,,,,,,,,,,,,,,,,,,0,0
45910560,apartamento,4,5.0,9,7,0,350.0,0.0,Centro,0.0,,,,,,,,,,,,,,,,,,,,,,,,,,,,,,,,0,0
1294828688904090711,casa,2,1.0,4,2,2,250.0,5.0,Sertao do Trombudo,5.0,5.0,,,,,,,,,,,,,,,,,,,,,,,,,,,,,,,0,0
37347085,apartamento,3,2.0,6,5,41,250.0,4.710000038146973,Meia Praia,4.710000038146973,4.710000038146973,27.0,57.0,88.0,495.55555555555554,494.56140350877195,494.52272727272725,492.0,492.0,492.0,27.0,57.0,88.0,492.0,492.0,492.0,492.0,492.0,492.0,1476.0,1476.0,1476.0,0.1,0.05,0.03296703296703297,3.0,3.0,3.0,True,True,True,1,1
39837626,apartamento,3,3.0,6,3,22,350.0,5.0,Meia Praia,5.0,5.0,,,,,,,,,,,,,,,,,,,,,,,,,,,,,,,0,0
863830918159371125,apartamento,3,1.0,6,5,44,60.0,4.730000019073486,Casa Branca,4.730000019073486,4.730000019073486,8.0,36.0,67.0,394.5,380.05555555555554,329.46268656716416,381.0,350.0,306.0,8.0,36.0,67.0,380.0,284.5,263.0,395.5,386.5,375.0,8382.0,8400.0,7344.0,0.7333333333333333,0.4,0.26373626373626374,22.0,24.0,24.0,True,True,True,1,0
1305912340453612514,apartamento,3,2.0,6,3,2,170.0,5.0,Meia Praia,5.0,5.0,,,,,,,,,,,,,,,,,,,,,,,,,,,,,,,0,0
950059146531590785,apartamento,2,2.0,5,3,8,100.0,4.880000114440918,Tabuleiro dos Oliveiras,4.880000114440918,4.880000114440918,3.0,17.0,17.0,397.0,469.05882352941177,469.05882352941177,397.0,397.0,397.0,3.0,17.0,17.0,397.0,397.0,397.0,397.0,537.0,537.0,10719.0,17071.0,29378.0,0.9,0.7166666666666667,0.8131868131868132,27.0,43.0,74.0,True,True,True,1,0
767407262472265686,apartamento,3,2.0,8,3,16,300.0,5.0,Meia Praia,5.0,5.0,10.0,40.0,68.0,800.0,794.75,729.0441176470588,800.0,800.0,700.0,10.0,40.0,68.0,800.0,700.0,700.0,800.0,800.0,800.0,16000.0,16000.0,16100.0,0.6666666666666666,0.3333333333333333,0.25274725274725274,20.0,20.0,23.0,True,True,True,1,1
53581602,apartamento,3,2.0,8,3,6,250.0,5.0,Centro,5.0,5.0,10.0,40.0,70.0,500.0,536.45,520.8285714285714,500.0,500.0,500.0,10.0,40.0,70.0,500.0,500.0,500.0,500.0,500.0,500.0,10000.0,10000.0,10500.0,0.6666666666666666,0.3333333333333333,0.23076923076923078,20.0,20.0,21.0,True,True,True,1,1
821346339368769003,casa,5,5.0,16,6,7,300.0,5.0,Sertao do Trombudo,5.0,5.0,,,,,,,,,,,,,,,,,,,,,,,,,,,,,,,0,0
1288588610295836762,apartamento,2,1.0,5,2,0,120.0,0.0,Morretes,0.0,,,,,,,,,,,,,,,,,,,,,,,,,,,,,,,,0,0
1076774325481778005,apartamento,3,2.0,8,3,1,450.0,5.0,Meia Praia,5.0,5.0,,,,,,,,,,,,,,,,,,,,,,,,,,,,,,,0,0
1056566030515743391,apartamento,4,2.0,9,9,0,0.0,0.0,Morretes,0.0,,,,,,,,,,,,,,,,,,,,,,,,,,,,,,,,0,0
1267332355220608617,apartamento,2,2.0,5,3,1,150.0,5.0,Meia Praia,5.0,5.0,,,,,,,,,,,,,,,,,,,,,,,,,,,,,,,0,0
41556526,apartamento,0,2.0,5,2,13,150.0,4.849999904632568,Tabuleiro dos Oliveiras,4.849999904632568,4.849999904632568,,,,,,,,,,,,,,,,,,,,,,,,,,,,,,,0,0
1270320558298150233,apartamento,4,4.0,10,1,0,400.0,0.0,Meia Praia,0.0,,,,,,,,,,,,,,,,,,,,,,,,,,,,,,,,0,0
1272538182016914519,apartamento,2,2.0,6,3,1,250.0,5.0,Centro,5.0,5.0,,,,,,,,,,,,,,,,,,,,,,,,,,,,,,,0,0
774835101488402035,apartamento,4,3.0,9,1,2,350.0,5.0,Meia Praia,5.0,5.0,,,,,,,,,,,,,,,,,,,,,,,,,,,,,,,0,0
1319557868224326182,apartamento,2,2.0,5,3,1,300.0,5.0,Centro,5.0,5.0,,,,,,,,,,,,,,,,,,,,,,,,,,,,,,,0,0
979822999058425359,apartamento,2,2.0,6,2,7,250.0,4.710000038146973,Meia Praia,4.710000038146973,4.710000038146973,,,,,,,,,,,,,,,,,,,,,,,,,,,,,,,0,0
15706749,apartamento,2,2.0,6,3,42,250.0,4.829999923706055,Meia Praia,4.829999923706055,4.829999923706055,,,,,,,,,,,,,,,,,,,,,,,,,,,,,,,0,0
1262982199583014782,apartamento,2,1.0,6,3,9,240.0,4.670000076293945,Centro,4.670000076293945,4.670000076293945,15.0,45.0,76.0,714.8666666666667,753.9111111111112,716.3421052631579,770.0,792.0,665.0,15.0,45.0,76.0,622.25,660.0,626.125,792.0,845.0,808.25,11550.0,11880.0,9975.0,0.5,0.25,0.16483516483516483,15.0,15.0,15.0,True,True,True,1,1
37989675,apartamento,2,2.0,6,2,20,300.0,4.849999904632568,Meia Praia,4.849999904632568,4.849999904632568,6.0,32.0,63.0,437.5,436.375,418.4761904761905,465.0,432.5,400.0,6.0,32.0,63.0,465.0,400.0,400.0,465.0,465.0,432.5,11160.0,12110.0,11200.0,0.8,0.4666666666666667,0.3076923076923077,24.0,28.0,28.0,True,True,True,1,0
1318157437821801284,apartamento,3,3.0,6,4,0,300.0,0.0,Meia Praia,0.0,,,,,,,,,,,,,,,,,,,,,,,,,,,,,,,,0,0
832123000813215722,apartamento,0,1.0,4,1,13,120.0,4.849999904632568,Meia Praia,4.849999904632568,4.849999904632568,22.0,47.0,78.0,530.0,520.6382978723404,486.6666666666667,530.0,530.0,490.0,22.0,47.0,78.0,530.0,490.0,426.25,530.0,530.0,530.0,4240.0,6890.0,6370.0,0.26666666666666666,0.21666666666666667,0.14285714285714285,8.0,13.0,13.0,True,True,True,1,1
873904497165304605,apartamento,2,2.0,4,3,2,300.0,5.0,Centro,5.0,5.0,,,,,,,,,,,,,,,,,,,,,,,,,,,,,,,0,0
1272260793182499350,apartamento,2,0.0,5,2,2,250.0,5.0,Morretes,5.0,5.0,0.0,15.0,45.0,,557.7222226666668,569.5251853333333,,582.0,582.0,0.0,15.0,45.0,,518.5,582.0,,614.0,582.0,,26190.0,26772.0,1.0,0.75,0.5054945054945055,30.0,45.0,46.0,False,True,True,1,0
54055912,apartamento,3,2.0,6,4,1,380.0,5.0,Meia Praia,5.0,5.0,,,,,,,,,,,,,,,,,,,,,,,,,,,,,,,0,0
618150693526656201,apartamento,2,2.0,6,4,28,150.0,4.860000133514404,Meia Praia,4.860000133514404,4.860000133514404,,,,,,,,,,,,,,,,,,,,,,,,,,,,,,,0,0
1116425778520469842,apartamento,3,3.0,8,2,1,150.0,5.0,Meia Praia,5.0,5.0,,,,,,,,,,,,,,,,,,,,,,,,,,,,,,,0,0
979694178358433783,hotel,1,1.0,6,5,2,0.0,5.0,Centro,5.0,5.0,,,,,,,,,,,,,,,,,,,,,,,,,,,,,,,0,0
1094439132432767000,casa,2,2.0,6,2,3,350.0,4.329999923706055,Canto da Praia,4.329999923706055,4.329999923706055,,,,,,,,,,,,,,,,,,,,,,,,,,,,,,,0,0
49838353,apartamento,3,2.0,7,4,7,150.0,4.710000038146973,Meia Praia,4.710000038146973,4.710000038146973,,,,,,,,,,,,,,,,,,,,,,,,,,,,,,,0,0
1262886232299960378,apartamento,4,4.0,10,4,1,480.0,5.0,Centro,5.0,5.0,,,,,,,,,,,,,,,,,,,,,,,,,,,,,,,0,0
1081972140987250431,apartamento,2,2.0,4,2,9,400.0,4.559999942779541,Meia Praia,4.559999942779541,4.559999942779541,5.0,32.0,63.0,548.2,669.6953125,638.8769841269841,544.0,632.75,525.0,5.0,32.0,63.0,523.0,559.0,471.0,586.0,757.1875,667.5,13600.0,17717.0,14700.0,0.8333333333333334,0.4666666666666667,0.3076923076923077,25.0,28.0,28.0,True,True,True,1,1
628311049816808766,apartamento,3,4.0,6,3,0,100.0,0.0,Meia Praia,0.0,,,,,,,,,,,,,,,,,,,,,,,,,,,,,,,,0,0
832593035712862671,apartamento,3,1.0,8,4,0,200.0,0.0,Meia Praia,0.0,,,,,,,,,,,,,,,,,,,,,,,,,,,,,,,,0,0
952906500922625842,apartamento,1,2.0,7,8,2,0.0,5.0,Meia Praia,5.0,5.0,,,,,,,,,,,,,,,,,,,,,,,,,,,,,,,0,0
776544149666899830,outros,1,1.0,2,1,1,80.0,5.0,Meia Praia,5.0,5.0,,,,,,,,,,,,,,,,,,,,,,,,,,,,,,,0,0
1066890753033004221,apartamento,4,2.0,8,4,0,0.0,0.0,Meia Praia,0.0,,,,,,,,,,,,,,,,,,,,,,,,,,,,,,,,0,0
23108026,apartamento,2,2.0,5,3,28,180.0,4.639999866485596,Meia Praia,4.639999866485596,4.639999866485596,,,,,,,,,,,,,,,,,,,,,,,,,,,,,,,0,0
1012492340641180651,apartamento,3,2.0,8,5,4,300.0,4.75,Meia Praia,4.75,4.75,,,,,,,,,,,,,,,,,,,,,,,,,,,,,,,0,0
1263217493560717612,apartamento,3,0.0,10,3,0,300.0,0.0,Centro,0.0,,,,,,,,,,,,,,,,,,,,,,,,,,,,,,,,0,0
1194075983394113187,apartamento,2,3.0,6,2,0,0.0,0.0,Meia Praia,0.0,,,,,,,,,,,,,,,,,,,,,,,,,,,,,,,,0,0
39131762,apartamento,2,2.0,6,4,1,200.0,5.0,Meia Praia,5.0,5.0,,,,,,,,,,,,,,,,,,,,,,,,,,,,,,,0,0
1102303506285191628,apartamento,3,2.0,6,5,6,300.0,5.0,Meia Praia,5.0,5.0,,,,,,,,,,,,,,,,,,,,,,,,,,,,,,,0,0
44196773,apartamento,2,2.0,6,7,0,250.0,0.0,Meia Praia,0.0,,,,,,,,,,,,,,,,,,,,,,,,,,,,,,,,0,0
1218973882572470900,apartamento,3,3.0,8,0,0,300.0,0.0,Meia Praia,0.0,,,,,,,,,,,,,,,,,,,,,,,,,,,,,,,,0,0
36298189,apartamento,4,3.0,10,7,8,400.0,4.880000114440918,Meia Praia,4.880000114440918,4.880000114440918,,,,,,,,,,,,,,,,,,,,,,,,,,,,,,,0,0
1057298537539146203,apartamento,2,3.0,8,4,0,0.0,0.0,Morretes,0.0,,,,,,,,,,,,,,,,,,,,,,,,,,,,,,,,0,0
1305723919394214968,apartamento,3,4.0,8,4,2,150.0,5.0,Meia Praia,5.0,5.0,,,,,,,,,,,,,,,,,,,,,,,,,,,,,,,0,0
1029927598666112399,apartamento,3,2.0,6,3,6,198.0,4.670000076293945,Meia Praia,4.670000076293945,4.670000076293945,,,,,,,,,,,,,,,,,,,,,,,,,,,,,,,0,0
873125740517449213,apartamento,2,1.0,5,3,19,400.0,4.840000152587891,Morretes,4.840000152587891,4.840000152587891,5.0,31.0,62.0,455.4,508.93548387096774,456.0483870967742,462.0,451.0,418.0,5.0,31.0,62.0,451.0,416.0,366.0,462.0,539.0,486.75,11550.0,13079.0,12122.0,0.8333333333333334,0.48333333333333334,0.31868131868131866,25.0,29.0,29.0,True,True,True,1,1
1294324900978572403,apartamento,2,1.0,7,7,2,150.0,5.0,Meia Praia,5.0,5.0,,,,,,,,,,,,,,,,,,,,,,,,,,,,,,,0,0
30755946,outros,1,1.0,3,1,9,70.0,4.889999866485596,Centro,4.889999866485596,4.889999866485596,,,,,,,,,,,,,,,,,,,,,,,,,,,,,,,0,0
42219953,apartamento,2,2.0,6,2,11,280.0,4.639999866485596,Meia Praia,4.639999866485596,4.639999866485596,,,,,,,,,,,,,,,,,,,,,,,,,,,,,,,0,0
40910065,apartamento,0,1.0,8,5,10,300.0,5.0,Meia Praia,5.0,5.0,28.0,58.0,88.0,720.1642857142857,695.9413793103448,604.7113636363637,720.0,720.0,650.0,28.0,58.0,88.0,720.0,650.0,650.0,720.0,720.0,720.0,1440.0,1440.0,1950.0,0.06666666666666667,0.03333333333333333,0.03296703296703297,2.0,2.0,3.0,True,True,True,1,0
1273371214479475254,casa,3,4.0,10,3,0,600.0,0.0,Meia Praia,0.0,,,,,,,,,,,,,,,,,,,,,,,,,,,,,,,,0,0
774060818755528184,apartamento,3,2.0,6,3,1,0.0,5.0,Meia Praia,5.0,5.0,,,,,,,,,,,,,,,,,,,,,,,,,,,,,,,0,0
1081242440625947235,apartamento,3,3.0,10,4,1,250.0,5.0,Meia Praia,5.0,5.0,,,,,,,,,,,,,,,,,,,,,,,,,,,,,,,0,0
1298159312080141485,apartamento,3,3.0,10,5,0,450.0,0.0,Meia Praia,0.0,,,,,,,,,,,,,,,,,,,,,,,,,,,,,,,,0,0
1234854942843643576,apartamento,5,6.0,15,8,0,450.0,0.0,Meia Praia,0.0,,,,,,,,,,,,,,,,,,,,,,,,,,,,,,,,0,0
1290710956551561929,apartamento,2,1.0,9,6,0,249.0,0.0,Centro,0.0,,,,,,,,,,,,,,,,,,,,,,,,,,,,,,,,0,0
1226846054624436877,apartamento,2,1.0,6,3,7,240.0,4.860000133514404,Centro,4.860000133514404,4.860000133514404,7.0,37.0,68.0,630.2142857142857,698.7702702702703,666.3235294117648,597.5,723.0,627.0,7.0,37.0,68.0,586.0,594.0,592.5,632.0,792.0,746.75,13742.5,16629.0,14421.0,0.7666666666666667,0.38333333333333336,0.25274725274725274,23.0,23.0,23.0,True,True,True,1,1
1051481374779167805,apartamento,2,1.0,6,4,0,250.0,0.0,Centro,0.0,,,,,,,,,,,,,,,,,,,,,,,,,,,,,,,,0,0
966687088388761169,apartamento,3,3.0,6,3,14,350.0,5.0,Meia Praia,5.0,5.0,27.0,57.0,88.0,866.6666666666666,818.421052631579,776.7045454545455,850.0,850.0,700.0,27.0,57.0,88.0,850.0,700.0,700.0,900.0,850.0,850.0,2550.0,2550.0,2100.0,0.1,0.05,0.03296703296703297,3.0,3.0,3.0,True,True,True,1,1
764594928509928066,apartamento,3,1.0,4,4,0,200.0,0.0,Meia Praia,0.0,,,,,,,,,,,,,,,,,,,,,,,,,,,,,,,,0,0
984790656508975357,apartamento,2,2.0,7,3,0,350.0,0.0,Meia Praia,0.0,,,,,,,,,,,,,,,,,,,,,,,,,,,,,,,,0,0
1004639989908402291,apartamento,2,2.0,6,2,0,250.0,0.0,Meia Praia,0.0,,,,,,,,,,,,,,,,,,,,,,,,,,,,,,,,0,0
39721124,apartamento,3,2.0,8,4,2,400.0,5.0,Meia Praia,5.0,5.0,,,,,,,,,,,,,,,,,,,,,,,,,,,,,,,0,0
1322113651529436162,outros,1,2.0,1,5,0,0.0,0.0,Meia Praia,0.0,,,,,,,,,,,,,,,,,,,,,,,,,,,,,,,,0,0
28410850,apartamento,1,1.0,2,1,62,0.0,4.849999904632568,Centro,4.849999904632568,4.849999904632568,22.0,46.0,76.0,570.7878772727273,548.5507239130435,527.5438592105263,568.0,568.0,499.0,22.0,46.0,76.0,568.0,499.0,494.0,568.0,568.0,568.0,4544.0,7952.0,7485.0,0.26666666666666666,0.23333333333333334,0.16483516483516483,8.0,14.0,15.0,True,True,True,1,1
998524736276497831,apartamento,3,3.0,8,3,0,400.0,0.0,Meia Praia,0.0,,,,,,,,,,,,,,,,,,,,,,,,,,,,,,,,0,0
1091265213844771501,apartamento,2,1.0,4,2,7,180.0,5.0,Alto Sao Bento,5.0,5.0,,,,,,,,,,,,,,,,,,,,,,,,,,,,,,,0,0
1257475064962985099,apartamento,2,2.0,5,3,0,200.0,0.0,Meia Praia,0.0,,,,,,,,,,,,,,,,,,,,,,,,,,,,,,,,0,0
1274113216241261516,apartamento,4,4.0,12,8,0,400.0,0.0,Meia Praia,0.0,,,,,,,,,,,,,,,,,,,,,,,,,,,,,,,,0,0
46119923,apartamento,4,6.0,9,5,0,350.0,0.0,Centro,0.0,,,,,,,,,,,,,,,,,,,,,,,,,,,,,,,,0,0
1271976168616688272,apartamento,2,1.0,4,2,0,0.0,0.0,Centro,0.0,,,,,,,,,,,,,,,,,,,,,,,,,,,,,,,,0,0
17511306,casa,4,2.0,13,5,33,350.0,4.849999904632568,Meia Praia,4.849999904632568,4.849999904632568,,,,,,,,,,,,,,,,,,,,,,,,,,,,,,,0,0
1276876271755772492,apartamento,2,1.0,5,3,1,180.0,5.0,Casa Branca,5.0,5.0,,,,,,,,,,,,,,,,,,,,,,,,,,,,,,,0,0
53340772,apartamento,3,2.0,7,5,17,300.0,5.0,Meia Praia,5.0,5.0,8.0,28.0,59.0,600.0,633.3035714285714,518.8559322033898,600.0,600.0,400.0,8.0,28.0,59.0,600.0,600.0,380.0,600.0,600.0,600.0,13200.0,19200.0,12800.0,0.7333333333333333,0.5333333333333333,0.3516483516483517,22.0,32.0,32.0,True,True,True,1,1
1288579754592033151,hotel,1,1.0,2,1,0,0.0,0.0,Ilhota,0.0,,,,,,,,,,,,,,,,,,,,,,,,,,,,,,,,0,0
1295017112354125087,apartamento,2,3.0,6,3,0,0.0,0.0,Meia Praia,0.0,,,,,,,,,,,,,,,,,,,,,,,,,,,,,,,,0,0
1063982447676370951,apartamento,2,2.0,6,3,3,280.0,4.670000076293945,Centro,4.670000076293945,4.670000076293945,,,,,,,,,,,,,,,,,,,,,,,,,,,,,,,0,0
799416164363141517,casa,3,2.0,8,2,0,250.0,0.0,Meia Praia,0.0,,,,,,,,,,,,,,,,,,,,,,,,,,,,,,,,0,0
1048551226044145540,apartamento,3,3.0,6,3,5,300.0,5.0,Meia Praia,5.0,5.0,,,,,,,,,,,,,,,,,,,,,,,,,,,,,,,0,0
980642326401425672,apartamento,3,3.0,11,3,2,300.0,5.0,Centro,5.0,5.0,,,,,,,,,,,,,,,,,,,,,,,,,,,,,,,0,0
1313912109489456358,casa,2,1.0,8,2,0,180.0,0.0,Morretes,0.0,,,,,,,,,,,,,,,,,,,,,,,,,,,,,,,,0,0
1318174922191887812,apartamento,3,4.0,6,3,0,250.0,0.0,Centro,0.0,,,,,,,,,,,,,,,,,,,,,,,,,,,,,,,,0,0
51825638,apartamento,3,2.0,6,4,8,50.0,5.0,Meia Praia,5.0,5.0,23.0,43.0,74.0,673.8695652173913,662.7674418604652,657.418918918919,650.0,650.0,650.0,23.0,43.0,74.0,650.0,650.0,650.0,650.0,650.0,650.0,4550.0,11050.0,11050.0,0.23333333333333334,0.2833333333333333,0.18681318681318682,7.0,17.0,17.0,True,True,True,1,1
695682678491300843,apartamento,2,1.0,8,3,5,250.0,5.0,Meia Praia,5.0,5.0,,,,,,,,,,,,,,,,,,,,,,,,,,,,,,,0,0
1034744128218003504,apartamento,2,2.0,4,2,1,300.0,5.0,Meia Praia,5.0,5.0,,,,,,,,,,,,,,,,,,,,,,,,,,,,,,,0,0
1057349559495676134,apartamento,3,3.0,6,3,2,360.0,5.0,Meia Praia,5.0,5.0,,,,,,,,,,,,,,,,,,,,,,,,,,,,,,,0,0
787361488757051131,apartamento,3,3.0,8,6,0,400.0,0.0,Centro,0.0,,,,,,,,,,,,,,,,,,,,,,,,,,,,,,,,0,0
1083478584557196767,apartamento,2,2.0,4,0,0,250.0,0.0,Meia Praia,0.0,,,,,,,,,,,,,,,,,,,,,,,,,,,,,,,,0,0
1086226123812140134,casa,3,1.0,8,3,0,0.0,0.0,Centro,0.0,,,,,,,,,,,,,,,,,,,,,,,,,,,,,,,,0,0
739006815344684109,apartamento,3,3.0,6,3,1,260.0,5.0,Meia Praia,5.0,5.0,,,,,,,,,,,,,,,,,,,,,,,,,,,,,,,0,0
1292945994882872233,casa,0,1.0,6,5,0,200.0,0.0,Sertao do Trombudo,0.0,,,,,,,,,,,,,,,,,,,,,,,,,,,,,,,,0,0
1304404694000639638,apartamento,2,2.0,4,2,1,0.0,5.0,Morretes,5.0,5.0,,,,,,,,,,,,,,,,,,,,,,,,,,,,,,,0,0
46854533,apartamento,2,3.0,5,3,0,250.0,0.0,Meia Praia,0.0,,,,,,,,,,,,,,,,,,,,,,,,,,,,,,,,0,0
1287181259883706860,apartamento,2,1.0,4,3,0,205.0,0.0,Casa Branca,0.0,,,,,,,,,,,,,,,,,,,,,,,,,,,,,,,,0,0
1019041007385326527,apartamento,2,2.0,7,3,10,350.0,4.900000095367432,Meia Praia,4.900000095367432,4.900000095367432,,,,,,,,,,,,,,,,,,,,,,,,,,,,,,,0,0
22306996,apartamento,2,2.0,5,3,15,220.0,5.0,Meia Praia,5.0,5.0,0.0,0.0,23.0,,,156.05797086956522,,,155.0,0.0,0.0,23.0,,,155.0,,,155.0,,,10540.0,1.0,1.0,0.7472527472527473,30.0,60.0,68.0,False,False,True,1,1
1057777398171376301,outros,1,1.0,2,1,1,100.0,5.0,Tabuleiro dos Oliveiras,5.0,5.0,,,,,,,,,,,,,,,,,,,,,,,,,,,,,,,0,0
1050357191604236754,apartamento,2,2.0,8,3,7,250.0,5.0,Meia Praia,5.0,5.0,,,,,,,,,,,,,,,,,,,,,,,,,,,,,,,0,0
52433968,apartamento,3,2.0,8,6,3,350.0,5.0,Meia Praia,5.0,5.0,,,,,,,,,,,,,,,,,,,,,,,,,,,,,,,0,0
569727477825054356,apartamento,3,3.0,8,6,0,300.0,0.0,Meia Praia,0.0,,,,,,,,,,,,,,,,,,,,,,,,,,,,,,,,0,0
1174263938200349649,apartamento,1,1.0,2,1,22,250.0,4.909999847412109,Centro,4.909999847412109,4.909999847412109,27.0,57.0,88.0,480.962962962963,570.2046771929824,550.8371204545455,491.0,500.0,500.0,27.0,57.0,88.0,441.0,491.0,498.75,498.5,517.0,535.5,1473.0,1500.0,1500.0,0.1,0.05,0.03296703296703297,3.0,3.0,3.0,True,True,True,1,1
1251624845796760916,casa,2,1.0,10,4,1,150.0,5.0,Morretes,5.0,5.0,,,,,,,,,,,,,,,,,,,,,,,,,,,,,,,0,0
1211444250585349363,apartamento,3,3.0,8,5,8,350.0,4.880000114440918,Meia Praia,4.880000114440918,4.880000114440918,,,,,,,,,,,,,,,,,,,,,,,,,,,,,,,0,0
982642009007231841,apartamento,1,1.0,4,3,24,135.0,4.880000114440918,Centro,4.880000114440918,4.880000114440918,,,,,,,,,,,,,,,,,,,,,,,,,,,,,,,0,0
1233370107101543516,apartamento,1,1.0,3,2,10,160.0,5.0,Centro,5.0,5.0,1.0,12.0,43.0,385.0,447.8333333333333,416.4651162790698,385.0,392.5,372.0,1.0,12.0,43.0,385.0,370.0,372.0,385.0,577.0,419.0,11165.0,18840.0,17856.0,0.9666666666666667,0.8,0.5274725274725275,29.0,48.0,48.0,True,True,True,1,1
1220486999657134587,casa,3,2.0,7,3,0,0.0,0.0,Varzea,0.0,,,,,,,,,,,,,,,,,,,,,,,,,,,,,,,,0,0
767303976773437303,apartamento,3,3.0,7,3,0,300.0,0.0,Meia Praia,0.0,,,,,,,,,,,,,,,,,,,,,,,,,,,,,,,,0,0
758709951594179266,apartamento,2,2.0,5,2,1,250.0,5.0,Meia Praia,5.0,5.0,,,,,,,,,,,,,,,,,,,,,,,,,,,,,,,0,0
1173454138951663467,apartamento,2,2.0,5,3,3,200.0,5.0,Centro,5.0,5.0,,,,,,,,,,,,,,,,,,,,,,,,,,,,,,,0,0
1190674276723780626,apartamento,2,1.0,6,2,0,250.0,0.0,Meia Praia,0.0,,,,,,,,,,,,,,,,,,,,,,,,,,,,,,,,0,0
1315843176541999716,apartamento,2,2.0,8,4,0,0.0,0.0,Meia Praia,0.0,,,,,,,,,,,,,,,,,,,,,,,,,,,,,,,,0,0
53603293,apartamento,2,2.0,5,2,2,150.0,5.0,Meia Praia,5.0,5.0,,,,,,,,,,,,,,,,,,,,,,,,,,,,,,,0,0
734991572208138176,apartamento,1,1.0,3,2,40,80.0,4.949999809265137,Centro,4.949999809265137,4.949999809265137,,,,,,,,,,,,,,,,,,,,,,,,,,,,,,,0,0
39133572,apartamento,2,2.0,6,2,0,0.0,0.0,Meia Praia,0.0,,,,,,,,,,,,,,,,,,,,,,,,,,,,,,,,0,0
54067163,apartamento,1,1.0,4,2,53,30.0,4.849999904632568,Canto da Praia,4.849999904632568,4.849999904632568,,,,,,,,,,,,,,,,,,,,,,,,,,,,,,,0,0
944199836585616806,apartamento,2,2.0,4,2,1,250.0,5.0,Meia Praia,5.0,5.0,,,,,,,,,,,,,,,,,,,,,,,,,,,,,,,0,0
1079020200354869279,apartamento,2,2.0,5,4,0,0.0,0.0,Morretes,0.0,,,,,,,,,,,,,,,,,,,,,,,,,,,,,,,,0,0
1319052943695390684,apartamento,3,2.0,6,3,0,150.0,0.0,Tabuleiro dos Oliveiras,0.0,,,,,,,,,,,,,,,,,,,,,,,,,,,,,,,,0,0
1205971101659299009,apartamento,3,2.0,6,1,0,300.0,0.0,Meia Praia,0.0,,,,,,,,,,,,,,,,,,,,,,,,,,,,,,,,0,0
1277433462144327255,apartamento,2,2.0,6,2,0,300.0,0.0,Meia Praia,0.0,,,,,,,,,,,,,,,,,,,,,,,,,,,,,,,,0,0
47558531,apartamento,3,2.0,9,5,68,300.0,4.929999828338623,Meia Praia,4.929999828338623,4.929999828338623,25.0,55.0,86.0,886.08,839.1272727272727,755.6139534883721,895.0,900.0,750.0,25.0,55.0,86.0,850.0,850.0,600.0,909.2,900.0,900.0,4475.0,4500.0,3750.0,0.16666666666666666,0.08333333333333333,0.054945054945054944,5.0,5.0,5.0,True,True,True,1,1
1231258846701164070,apartamento,2,2.0,4,3,4,200.0,5.0,Morretes,5.0,5.0,,,,,,,,,,,,,,,,,,,,,,,,,,,,,,,0,0
52874992,apartamento,5,5.0,12,9,3,400.0,4.670000076293945,Meia Praia,4.670000076293945,4.670000076293945,,,,,,,,,,,,,,,,,,,,,,,,,,,,,,,0,0
950071725057458527,outros,1,1.0,2,1,2,0.0,5.0,Meia Praia,5.0,5.0,,,,,,,,,,,,,,,,,,,,,,,,,,,,,,,0,0
46732171,apartamento,3,2.0,8,6,1,350.0,5.0,Meia Praia,5.0,5.0,,,,,,,,,,,,,,,,,,,,,,,,,,,,,,,0,0
1272513450174682572,apartamento,2,1.0,6,1,0,0.0,0.0,Meia Praia,0.0,,,,,,,,,,,,,,,,,,,,,,,,,,,,,,,,0,0
1298771012972286379,apartamento,2,2.0,6,3,2,250.0,5.0,Morretes,5.0,5.0,,,,,,,,,,,,,,,,,,,,,,,,,,,,,,,0,0
1219597802580113056,apartamento,1,1.0,4,2,6,190.0,4.829999923706055,Centro,4.829999923706055,4.829999923706055,4.0,32.0,63.0,572.25,589.3125,533.3492063492064,581.5,600.0,471.0,4.0,32.0,63.0,518.75,446.0,445.5,635.0,693.0,644.0,15119.0,16800.0,13188.0,0.8666666666666667,0.4666666666666667,0.3076923076923077,26.0,28.0,28.0,True,True,True,1,1
857423070522811614,apartamento,2,1.0,6,4,2,270.0,5.0,Meia Praia,5.0,5.0,,,,,,,,,,,,,,,,,,,,,,,,,,,,,,,0,0
1294927813283467468,apartamento,3,3.0,6,3,0,0.0,0.0,Centro,0.0,,,,,,,,,,,,,,,,,,,,,,,,,,,,,,,,0,0
9020559,apartamento,3,2.0,7,5,16,250.0,4.75,Meia Praia,4.75,4.75,,,,,,,,,,,,,,,,,,,,,,,,,,,,,,,0,0
31141252,apartamento,2,2.0,5,3,84,250.0,4.960000038146973,Meia Praia,4.960000038146973,4.960000038146973,,,,,,,,,,,,,,,,,,,,,,,,,,,,,,,0,0
1315135179041078348,apartamento,4,4.0,8,4,0,550.0,0.0,Meia Praia,0.0,,,,,,,,,,,,,,,,,,,,,,,,,,,,,,,,0,0
40449599,apartamento,3,3.0,8,4,34,300.0,4.849999904632568,Meia Praia,4.849999904632568,4.849999904632568,6.0,31.0,62.0,645.0,608.5645129032259,544.4704290322582,638.0,638.0,529.6667,6.0,31.0,62.0,638.0,522.3333,449.75,651.5,661.0,638.0,15312.0,18502.0,15360.3343,0.8,0.48333333333333334,0.31868131868131866,24.0,29.0,29.0,True,True,True,1,1
1314469487970224033,apartamento,4,4.0,8,5,0,550.0,0.0,Meia Praia,0.0,,,,,,,,,,,,,,,,,,,,,,,,,,,,,,,,0,0
739663897909156017,apartamento,2,2.0,5,4,14,0.0,4.929999828338623,Meia Praia,4.929999828338623,4.929999828338623,,,,,,,,,,,,,,,,,,,,,,,,,,,,,,,0,0
942057172413556286,outros,1,1.0,1,1,14,0.0,5.0,Meia Praia,5.0,5.0,,,,,,,,,,,,,,,,,,,,,,,,,,,,,,,0,0
995658810433202014,apartamento,2,2.0,6,2,1,300.0,5.0,Meia Praia,5.0,5.0,,,,,,,,,,,,,,,,,,,,,,,,,,,,,,,0,0
1310093328154719841,apartamento,2,2.0,6,3,2,200.0,5.0,Morretes,5.0,5.0,,,,,,,,,,,,,,,,,,,,,,,,,,,,,,,0,0
52107212,casa,2,1.0,4,3,0,250.0,0.0,Ilhota,0.0,,,,,,,,,,,,,,,,,,,,,,,,,,,,,,,,0,0
710739184958846083,outros,1,1.0,2,1,73,20.0,5.0,Meia Praia,5.0,5.0,,,,,,,,,,,,,,,,,,,,,,,,,,,,,,,0,0
1311150015781996959,apartamento,3,1.0,6,4,2,0.0,4.5,Meia Praia,4.5,4.5,,,,,,,,,,,,,,,,,,,,,,,,,,,,,,,0,0
808167363475289022,apartamento,2,1.0,6,4,1,200.0,5.0,Morretes,5.0,5.0,,,,,,,,,,,,,,,,,,,,,,,,,,,,,,,0,0
682678593442961196,casa,3,3.0,10,8,5,350.0,4.199999809265137,Meia Praia,4.199999809265137,4.199999809265137,,,,,,,,,,,,,,,,,,,,,,,,,,,,,,,0,0
1286885346606821954,apartamento,2,2.0,6,3,1,250.0,5.0,Tabuleiro dos Oliveiras,5.0,5.0,,,,,,,,,,,,,,,,,,,,,,,,,,,,,,,0,0
47032923,apartamento,3,2.0,7,5,0,500.0,0.0,Morretes,0.0,,,,,,,,,,,,,,,,,,,,,,,,,,,,,,,,0,0
630326155301078742,apartamento,2,2.0,6,5,17,250.0,4.880000114440918,Meia Praia,4.880000114440918,4.880000114440918,,,,,,,,,,,,,,,,,,,,,,,,,,,,,,,0,0
1310205478580856656,outros,1,1.0,4,2,0,200.0,0.0,Meia Praia,0.0,,,,,,,,,,,,,,,,,,,,,,,,,,,,,,,,0,0
36908385,apartamento,3,3.0,7,4,22,350.0,4.820000171661377,Meia Praia,4.820000171661377,4.820000171661377,2.0,10.0,19.0,650.0,786.5,629.4736842105264,650.0,845.0,455.0,2.0,10.0,19.0,650.0,503.75,455.0,650.0,1040.0,845.0,18200.0,42250.0,32760.0,0.9333333333333333,0.8333333333333334,0.7912087912087912,28.0,50.0,72.0,True,True,True,1,1
1298521696353871732,outros,1,1.0,2,3,1,0.0,5.0,Meia Praia,5.0,5.0,,,,,,,,,,,,,,,,,,,,,,,,,,,,,,,0,0
777535236265957213,apartamento,4,4.0,8,4,0,0.0,0.0,Meia Praia,0.0,,,,,,,,,,,,,,,,,,,,,,,,,,,,,,,,0,0
30314062,apartamento,2,1.0,6,4,7,140.0,4.860000133514404,Casa Branca,4.860000133514404,4.860000133514404,,,,,,,,,,,,,,,,,,,,,,,,,,,,,,,0,0
1269556442442986416,apartamento,2,2.0,4,1,1,300.0,5.0,Meia Praia,5.0,5.0,,,,,,,,,,,,,,,,,,,,,,,,,,,,,,,0,0
30402651,apartamento,2,2.0,6,3,10,200.0,5.0,Meia Praia,5.0,5.0,28.0,37.0,48.0,560.375,582.1756756756756,597.71875,550.0,550.0,550.0,28.0,37.0,48.0,549.0,549.5,550.0,550.0,650.0,650.0,1100.0,12650.0,23650.0,0.06666666666666667,0.38333333333333336,0.4725274725274725,2.0,23.0,43.0,True,True,True,1,1
968213956640500474,apartamento,2,2.0,6,3,37,300.0,5.0,Morretes,5.0,5.0,23.0,53.0,81.0,533.8695652173913,520.2106916981132,465.27366246913573,498.0,498.0,473.0,23.0,53.0,81.0,498.0,473.0,398.0,573.0,573.0,510.5,3486.0,3486.0,4730.0,0.23333333333333334,0.11666666666666667,0.10989010989010989,7.0,7.0,10.0,True,True,True,1,1
1313192226174263411,apartamento,3,4.0,7,4,0,350.0,0.0,Meia Praia,0.0,,,,,,,,,,,,,,,,,,,,,,,,,,,,,,,,0,0
47222306,apartamento,1,1.0,5,4,65,75.0,4.96999979019165,Morretes,4.96999979019165,4.96999979019165,,,,,,,,,,,,,,,,,,,,,,,,,,,,,,,0,0
38699498,outros,1,1.0,3,1,3,60.0,5.0,Centro,5.0,5.0,,,,,,,,,,,,,,,,,,,,,,,,,,,,,,,0,0
1032037416009523135,casa,1,1.0,2,1,21,0.0,5.0,Areal,5.0,5.0,22.0,37.0,37.0,556.0,550.7972972972973,550.7972972972973,556.0,556.0,556.0,22.0,37.0,37.0,556.0,556.0,556.0,556.0,556.0,556.0,4448.0,12788.0,30024.0,0.26666666666666666,0.38333333333333336,0.5934065934065934,8.0,23.0,54.0,True,True,True,1,0
802997767575123539,apartamento,3,3.0,7,4,3,400.0,5.0,Meia Praia,5.0,5.0,,,,,,,,,,,,,,,,,,,,,,,,,,,,,,,0,0
54367133,apartamento,3,2.0,7,4,1,200.0,4.0,Meia Praia,4.0,4.0,,,,,,,,,,,,,,,,,,,,,,,,,,,,,,,0,0
29739100,apartamento,3,2.0,7,3,19,350.0,5.0,Meia Praia,5.0,5.0,8.0,38.0,69.0,752.3333375,738.2570184210526,699.7922710144928,752.0,750.0,661.7,8.0,38.0,69.0,750.0,678.0,650.0,753.000025,762.0,750.0,16544.0,16500.0,14557.400000000001,0.7333333333333333,0.36666666666666664,0.24175824175824176,22.0,22.0,22.0,True,True,True,1,0
771366912915633484,apartamento,3,3.0,7,4,5,300.0,5.0,Meia Praia,5.0,5.0,,,,,,,,,,,,,,,,,,,,,,,,,,,,,,,0,0
47512442,apartamento,2,2.0,5,3,4,180.0,5.0,Meia Praia,5.0,5.0,,,,,,,,,,,,,,,,,,,,,,,,,,,,,,,0,0
659262137039564317,apartamento,3,4.0,8,5,0,0.0,0.0,Meia Praia,0.0,,,,,,,,,,,,,,,,,,,,,,,,,,,,,,,,0,0
1029871571812460364,apartamento,2,2.0,6,2,1,200.0,5.0,Meia Praia,5.0,5.0,,,,,,,,,,,,,,,,,,,,,,,,,,,,,,,0,0
28155872,apartamento,3,2.0,6,3,13,200.0,4.619999885559082,Meia Praia,4.619999885559082,4.619999885559082,,,,,,,,,,,,,,,,,,,,,,,,,,,,,,,0,0
577547502503396579,apartamento,2,2.0,4,2,26,250.0,4.849999904632568,Meia Praia,4.849999904632568,4.849999904632568,8.0,30.0,58.0,725.0,686.8333333333334,610.6551724137931,650.0,650.0,650.0,8.0,30.0,58.0,650.0,650.0,450.0,850.0,690.0,650.0,14300.0,19500.0,21450.0,0.7333333333333333,0.5,0.3626373626373626,22.0,30.0,33.0,True,True,True,1,1
1045645052596927627,apartamento,3,3.0,7,4,0,150.0,0.0,Centro,0.0,,,,,,,,,,,,,,,,,,,,,,,,,,,,,,,,0,0
1193018470753061448,apartamento,3,2.0,9,2,0,350.0,0.0,Meia Praia,0.0,,,,,,,,,,,,,,,,,,,,,,,,,,,,,,,,0,0
734169053874890548,apartamento,3,2.0,8,3,14,350.0,4.860000133514404,Meia Praia,4.860000133514404,4.860000133514404,,,,,,,,,,,,,,,,,,,,,,,,,,,,,,,0,0
1315142436521613012,apartamento,0,1.0,2,1,0,150.0,0.0,Meia Praia,0.0,,,,,,,,,,,,,,,,,,,,,,,,,,,,,,,,0,0
1257913840027045858,apartamento,3,3.0,9,5,0,450.0,0.0,Meia Praia,0.0,,,,,,,,,,,,,,,,,,,,,,,,,,,,,,,,0,0
52164313,casa,1,1.0,3,2,17,150.0,5.0,Centro,5.0,5.0,,,,,,,,,,,,,,,,,,,,,,,,,,,,,,,0,0
32965564,apartamento,3,2.0,10,4,7,250.0,4.289999961853027,Centro,4.289999961853027,4.289999961853027,,,,,,,,,,,,,,,,,,,,,,,,,,,,,,,0,0
713617442222928787,apartamento,3,3.0,6,4,0,0.0,0.0,Meia Praia,0.0,,,,,,,,,,,,,,,,,,,,,,,,,,,,,,,,0,0
797846744052893154,apartamento,2,1.0,4,2,11,150.0,5.0,Casa Branca,5.0,5.0,,,,,,,,,,,,,,,,,,,,,,,,,,,,,,,0,0
1044248176977498506,apartamento,4,5.0,12,4,2,400.0,5.0,Meia Praia,5.0,5.0,,,,,,,,,,,,,,,,,,,,,,,,,,,,,,,0,0
762341762809211072,apartamento,3,2.0,6,3,5,350.0,5.0,Centro,5.0,5.0,,,,,,,,,,,,,,,,,,,,,,,,,,,,,,,0,0
1005940465349194255,apartamento,1,1.0,4,2,6,50.0,4.829999923706055,Alto Sao Bento,4.829999923706055,4.829999923706055,,,,,,,,,,,,,,,,,,,,,,,,,,,,,,,0,0
1318162382615121900,apartamento,3,3.0,6,3,0,450.0,0.0,Meia Praia,0.0,,,,,,,,,,,,,,,,,,,,,,,,,,,,,,,,0,0
1315402405706071677,apartamento,2,2.0,6,4,0,350.0,0.0,Meia Praia,0.0,,,,,,,,,,,,,,,,,,,,,,,,,,,,,,,,0,0
1298079782772415239,apartamento,2,2.0,4,2,2,100.0,5.0,Morretes,5.0,5.0,,,,,,,,,,,,,,,,,,,,,,,,,,,,,,,0,0
786807324710664147,apartamento,4,4.0,8,4,13,200.0,4.849999904632568,Meia Praia,4.849999904632568,4.849999904632568,4.0,17.0,43.0,1550.0,1798.235294117647,1205.1162790697674,1550.0,2330.0,850.0,4.0,17.0,43.0,1550.0,1550.0,800.0,1550.0,2330.0,1550.0,40300.0,100190.0,40800.0,0.8666666666666667,0.7166666666666667,0.5274725274725275,26.0,43.0,48.0,True,True,True,1,1
1060030042730634983,casa,1,1.0,5,0,2,0.0,4.0,Morretes,4.0,4.0,,,,,,,,,,,,,,,,,,,,,,,,,,,,,,,0,0
16321793,apartamento,3,2.0,7,5,31,250.0,4.96999979019165,Meia Praia,4.96999979019165,4.96999979019165,11.0,41.0,72.0,620.0,569.5121951219512,518.0555555555555,620.0,620.0,450.0,11.0,41.0,72.0,620.0,450.0,450.0,620.0,620.0,620.0,11780.0,11780.0,8550.0,0.6333333333333333,0.31666666666666665,0.2087912087912088,19.0,19.0,19.0,True,True,True,1,1
34976786,apartamento,3,3.0,8,3,1,200.0,5.0,Meia Praia,5.0,5.0,,,,,,,,,,,,,,,,,,,,,,,,,,,,,,,0,0
53972959,apartamento,3,3.0,6,3,13,400.0,4.769999980926514,Meia Praia,4.769999980926514,4.769999980926514,0.0,17.0,48.0,,902.5098,864.6041645833334,,899.0,899.0,0.0,17.0,48.0,,899.0,799.0,,899.0,899.0,,38657.0,38657.0,1.0,0.7166666666666667,0.4725274725274725,30.0,43.0,43.0,False,True,True,1,1
1280559161534348023,apartamento,1,1.0,4,2,0,190.0,0.0,Centro,0.0,,24.0,54.0,85.0,576.9791666666666,607.425925925926,591.6588235294117,572.0,588.25,554.0,24.0,54.0,85.0,554.0,554.0,550.0,594.0,614.0,600.0,3432.0,3529.5,3324.0,0.2,0.1,0.06593406593406594,6.0,6.0,6.0,True,True,True,1,1
561577604914431329,apartamento,3,2.0,3,3,1,250.0,4.0,Meia Praia,4.0,4.0,,,,,,,,,,,,,,,,,,,,,,,,,,,,,,,0,0
1281758835621348169,apartamento,2,2.0,6,4,0,200.0,0.0,Meia Praia,0.0,,,,,,,,,,,,,,,,,,,,,,,,,,,,,,,,0,0
49050392,apartamento,3,2.0,8,3,44,150.0,4.949999809265137,Meia Praia,4.949999809265137,4.949999809265137,10.0,35.0,46.0,800.0,754.2857142857143,741.304347826087,800.0,800.0,700.0,10.0,35.0,46.0,800.0,700.0,700.0,800.0,800.0,800.0,16000.0,20000.0,31500.0,0.6666666666666666,0.4166666666666667,0.4945054945054945,20.0,25.0,45.0,True,True,True,1,1
1305114061221278336,outros,1,1.0,2,1,0,100.0,0.0,Meia Praia,0.0,,,,,,,,,,,,,,,,,,,,,,,,,,,,,,,,0,0
565917175006296984,apartamento,2,2.0,6,2,13,50.0,4.690000057220459,Meia Praia,4.690000057220459,4.690000057220459,,,,,,,,,,,,,,,,,,,,,,,,,,,,,,,0,0
15934309,apartamento,3,2.0,8,3,32,320.0,4.940000057220459,Meia Praia,4.940000057220459,4.940000057220459,0.0,30.0,61.0,,852.9,784.8688524590164,,810.0,790.0,0.0,30.0,61.0,,790.0,680.0,,902.75,790.0,,24300.0,23700.0,1.0,0.5,0.32967032967032966,30.0,30.0,30.0,False,True,True,1,1
1294899215568571898,apartamento,3,2.0,6,3,1,380.0,5.0,Meia Praia,5.0,5.0,,,,,,,,,,,,,,,,,,,,,,,,,,,,,,,0,0
1291614741660749995,outros,1,1.0,2,1,1,25.0,5.0,Meia Praia,5.0,5.0,,,,,,,,,,,,,,,,,,,,,,,,,,,,,,,0,0
1267255743308437769,casa,1,1.0,3,2,0,100.0,0.0,Ilhota,0.0,,,,,,,,,,,,,,,,,,,,,,,,,,,,,,,,0,0
39600423,apartamento,3,3.0,8,4,2,350.0,5.0,Meia Praia,5.0,5.0,,,,,,,,,,,,,,,,,,,,,,,,,,,,,,,0,0
1232611334186837116,apartamento,3,3.0,6,3,0,0.0,0.0,Meia Praia,0.0,,,,,,,,,,,,,,,,,,,,,,,,,,,,,,,,0,0
29510428,apartamento,3,2.0,10,8,18,250.0,5.0,Meia Praia,5.0,5.0,,,,,,,,,,,,,,,,,,,,,,,,,,,,,,,0,0
676838365540390245,apartamento,2,2.0,6,4,8,200.0,5.0,Meia Praia,5.0,5.0,0.0,0.0,20.0,,,250.0,,,250.0,0.0,0.0,20.0,,,250.0,,,250.0,,,17750.0,1.0,1.0,0.7802197802197802,30.0,60.0,71.0,False,False,True,1,0
804322899195148210,outros,1,1.0,2,1,2,0.0,5.0,Meia Praia,5.0,5.0,,,,,,,,,,,,,,,,,,,,,,,,,,,,,,,0,0
1211548591438099722,apartamento,3,2.0,10,6,2,350.0,5.0,Meia Praia,5.0,5.0,,,,,,,,,,,,,,,,,,,,,,,,,,,,,,,0,0
1016100494032497541,casa,1,1.0,2,1,34,100.0,4.940000057220459,Sertaozinho,4.940000057220459,4.940000057220459,,,,,,,,,,,,,,,,,,,,,,,,,,,,,,,0,0
1308674095345519931,outros,1,2.0,2,1,0,100.0,0.0,Meia Praia,0.0,,,,,,,,,,,,,,,,,,,,,,,,,,,,,,,,0,0
43300431,apartamento,4,3.0,10,4,13,250.0,4.690000057220459,Meia Praia,4.690000057220459,4.690000057220459,,,,,,,,,,,,,,,,,,,,,,,,,,,,,,,0,0
1231826085497703472,apartamento,2,1.0,6,4,0,0.0,0.0,Centro,0.0,,,,,,,,,,,,,,,,,,,,,,,,,,,,,,,,0,0
43499385,apartamento,2,3.0,5,4,67,200.0,4.96999979019165,Ilhota,4.96999979019165,4.96999979019165,8.0,38.0,69.0,593.25,604.6315789473684,595.5942028985507,585.0,585.0,585.0,8.0,38.0,69.0,585.0,585.0,540.0,593.25,616.5,650.0,12870.0,12870.0,12870.0,0.7333333333333333,0.36666666666666664,0.24175824175824176,22.0,22.0,22.0,True,True,True,1,0
40513465,apartamento,4,3.0,10,7,3,400.0,5.0,Meia Praia,5.0,5.0,,,,,,,,,,,,,,,,,,,,,,,,,,,,,,,0,0
42841323,apartamento,1,1.0,4,2,36,300.0,5.0,Centro,5.0,5.0,0.0,1.0,17.0,,405.0,413.9117647058824,,405.0,402.0,0.0,1.0,17.0,,405.0,402.0,,405.0,402.0,,23895.0,29748.0,1.0,0.9833333333333333,0.8131868131868132,30.0,59.0,74.0,False,True,True,1,1
1208746927423730353,apartamento,1,1.0,2,1,1,150.0,5.0,Centro,5.0,5.0,11.0,41.0,72.0,384.59090909090907,401.0650414634147,401.85648194444445,385.0,385.0,379.0,11.0,41.0,72.0,375.0,363.0,372.0,388.75,411.0,419.0,7315.0,7315.0,7201.0,0.6333333333333333,0.31666666666666665,0.2087912087912088,19.0,19.0,19.0,True,True,True,1,1
53091689,apartamento,3,1.0,5,3,9,200.0,5.0,Morretes,5.0,5.0,,,,,,,,,,,,,,,,,,,,,,,,,,,,,,,0,0
623256310488796530,apartamento,3,4.0,10,4,7,300.0,4.860000133514404,Meia Praia,4.860000133514404,4.860000133514404,,,,,,,,,,,,,,,,,,,,,,,,,,,,,,,0,0
739822733713639773,apartamento,2,2.0,6,2,2,250.0,5.0,Meia Praia,5.0,5.0,,,,,,,,,,,,,,,,,,,,,,,,,,,,,,,0,0
782404018922337274,apartamento,2,2.0,5,2,9,200.0,4.78000020980835,Alto Sao Bento,4.78000020980835,4.78000020980835,,,,,,,,,,,,,,,,,,,,,,,,,,,,,,,0,0
954394460758052368,apartamento,2,2.0,6,2,0,250.0,0.0,Meia Praia,0.0,,,,,,,,,,,,,,,,,,,,,,,,,,,,,,,,0,0
1045070428630494366,apartamento,3,2.0,6,6,1,350.0,5.0,Morretes,5.0,5.0,,,,,,,,,,,,,,,,,,,,,,,,,,,,,,,0,0
53794321,apartamento,2,2.0,5,2,17,250.0,4.880000114440918,Meia Praia,4.880000114440918,4.880000114440918,27.0,42.0,42.0,549.0,563.4285714285714,563.4285714285714,549.0,549.0,549.0,27.0,42.0,42.0,549.0,549.0,549.0,549.0,549.0,549.0,1647.0,9882.0,26901.0,0.1,0.3,0.5384615384615384,3.0,18.0,49.0,True,True,True,1,1
1297992815191664316,apartamento,3,3.0,8,5,0,300.0,0.0,Meia Praia,0.0,,,,,,,,,,,,,,,,,,,,,,,,,,,,,,,,0,0
47325492,apartamento,3,3.0,8,3,11,150.0,5.0,Meia Praia,5.0,5.0,18.0,48.0,79.0,645.2777777777778,668.2677354166667,626.8532012658228,650.0,622.32145,607.1429,18.0,48.0,79.0,600.0,603.75,600.0,672.5,657.5,650.0,7800.0,7467.857400000001,7285.714800000001,0.4,0.2,0.13186813186813187,12.0,12.0,12.0,True,True,True,1,1
47232230,apartamento,3,2.0,6,6,20,400.0,4.949999809265137,Meia Praia,4.949999809265137,4.949999809265137,7.0,15.0,15.0,1001.0,1001.0,1001.0,1001.0,1001.0,1001.0,7.0,15.0,15.0,1001.0,1001.0,1001.0,1001.0,1001.0,1001.0,23023.0,45045.0,76076.0,0.7666666666666667,0.75,0.8351648351648352,23.0,45.0,76.0,True,True,True,1,1
1058044419435738817,casa,3,1.0,8,0,6,200.0,4.670000076293945,Morretes,4.670000076293945,4.670000076293945,,,,,,,,,,,,,,,,,,,,,,,,,,,,,,,0,0
1308634466058625526,apartamento,3,3.0,6,3,0,0.0,0.0,Meia Praia,0.0,,,,,,,,,,,,,,,,,,,,,,,,,,,,,,,,0,0
1263128865886946817,apartamento,1,1.0,2,1,1,170.0,5.0,Centro,5.0,5.0,20.0,45.0,76.0,591.425,570.4,527.25,589.5,594.0,523.0,20.0,45.0,76.0,572.0,495.0,446.0,595.75,614.0,594.0,5895.0,8910.0,7845.0,0.3333333333333333,0.25,0.16483516483516483,10.0,15.0,15.0,True,True,True,1,1
41026763,apartamento,2,1.0,5,3,18,150.0,4.78000020980835,Centro,4.78000020980835,4.78000020980835,,,,,,,,,,,,,,,,,,,,,,,,,,,,,,,0,0
1062164172340136948,casa,3,2.0,7,0,0,0.0,0.0,Leopoldo Zarling,0.0,,,,,,,,,,,,,,,,,,,,,,,,,,,,,,,,0,0
29370604,apartamento,1,1.0,4,4,13,199.0,4.380000114440918,Meia Praia,4.380000114440918,4.380000114440918,,,,,,,,,,,,,,,,,,,,,,,,,,,,,,,0,0
46704215,apartamento,2,2.0,4,2,61,100.0,4.840000152587891,Meia Praia,4.840000152587891,4.840000152587891,11.0,11.0,11.0,583.6955909090909,583.6955909090909,583.6955909090909,580.0,580.0,580.0,11.0,11.0,11.0,566.0,566.0,566.0,600.41665,600.41665,600.41665,11020.0,28420.0,46400.0,0.6333333333333333,0.8166666666666667,0.8791208791208791,19.0,49.0,80.0,True,True,True,1,0
1028406443295552020,casa,3,5.0,15,3,3,300.0,5.0,Meia Praia,5.0,5.0,,,,,,,,,,,,,,,,,,,,,,,,,,,,,,,0,0
30105402,apartamento,3,2.0,8,4,12,350.0,4.75,Meia Praia,4.75,4.75,29.0,56.0,87.0,937.9310344827586,931.6964285714286,777.8735632183908,900.0,900.0,900.0,29.0,56.0,87.0,900.0,900.0,500.0,1000.0,1000.0,900.0,900.0,3600.0,3600.0,0.03333333333333333,0.06666666666666667,0.04395604395604396,1.0,4.0,4.0,True,True,True,1,1
1233994658216308874,apartamento,1,1.0,3,2,16,180.0,4.380000114440918,Centro,4.380000114440918,4.380000114440918,2.0,17.0,48.0,292.5,440.97058823529414,416.84375,292.5,419.0,383.0,2.0,17.0,48.0,292.25,383.0,372.0,292.75,531.75,419.0,8190.0,18017.0,16469.0,0.9333333333333333,0.7166666666666667,0.4725274725274725,28.0,43.0,43.0,True,True,True,1,1
1293681486580893323,hotel,2,0.0,3,2,0,0.0,0.0,Centro,0.0,,,,,,,,,,,,,,,,,,,,,,,,,,,,,,,,0,0
53075699,apartamento,2,1.0,4,4,0,280.0,0.0,Meia Praia,0.0,,,,,,,,,,,,,,,,,,,,,,,,,,,,,,,,0,0
38818200,apartamento,4,3.0,8,4,0,300.0,0.0,Meia Praia,0.0,,,,,,,,,,,,,,,,,,,,,,,,,,,,,,,,0,0
1314058711540768623,apartamento,2,1.0,4,2,0,0.0,0.0,Varzea,0.0,,,,,,,,,,,,,,,,,,,,,,,,,,,,,,,,0,0
830480761359896223,apartamento,3,2.0,7,3,0,0.0,0.0,Meia Praia,0.0,,,,,,,,,,,,,,,,,,,,,,,,,,,,,,,,0,0
1264729892004302735,apartamento,1,2.0,4,2,0,190.0,0.0,Centro,0.0,,0.0,17.0,35.0,,462.0235294117647,455.84,,405.0,450.0,0.0,17.0,35.0,,405.0,427.5,,531.0,450.0,,17415.0,25200.0,1.0,0.7166666666666667,0.6153846153846154,30.0,43.0,56.0,False,True,True,1,0
787004119033122661,casa,3,2.0,6,3,0,150.0,0.0,Centro,0.0,,,,,,,,,,,,,,,,,,,,,,,,,,,,,,,,0,0
986230242316529308,hotel,2,2.0,6,2,0,460.0,0.0,Meia Praia,0.0,,,,,,,,,,,,,,,,,,,,,,,,,,,,,,,,0,0
32486859,apartamento,4,4.0,8,5,70,400.0,4.889999866485596,Meia Praia,4.889999866485596,4.889999866485596,1.0,21.0,48.0,1050.0,867.1190476190476,868.3854166666666,1050.0,899.0,849.0,1.0,21.0,48.0,1050.0,849.0,849.0,1050.0,949.0,899.0,30450.0,35061.0,36507.0,0.9666666666666667,0.65,0.4725274725274725,29.0,39.0,43.0,True,True,True,1,1
991105409368461151,apartamento,5,5.0,15,11,1,430.0,5.0,Meia Praia,5.0,5.0,,,,,,,,,,,,,,,,,,,,,,,,,,,,,,,0,0
1323287414300397947,apartamento,3,2.0,6,3,0,350.0,0.0,Centro,0.0,,,,,,,,,,,,,,,,,,,,,,,,,,,,,,,,0,0
888259502963698996,apartamento,1,1.0,4,1,3,200.0,4.329999923706055,Meia Praia,4.329999923706055,4.329999923706055,,,,,,,,,,,,,,,,,,,,,,,,,,,,,,,0,0
771783768080922720,apartamento,3,3.0,6,3,3,300.0,4.670000076293945,Meia Praia,4.670000076293945,4.670000076293945,,,,,,,,,,,,,,,,,,,,,,,,,,,,,,,0,0
22280693,apartamento,1,1.0,4,3,172,0.0,4.849999904632568,Alto Sao Bento,4.849999904632568,4.849999904632568,,,,,,,,,,,,,,,,,,,,,,,,,,,,,,,0,0
1296405857054568096,apartamento,1,1.0,10,1,0,300.0,0.0,Meia Praia,0.0,,,,,,,,,,,,,,,,,,,,,,,,,,,,,,,,0,0
15941269,apartamento,3,2.0,8,3,6,300.0,4.829999923706055,Meia Praia,4.829999923706055,4.829999923706055,,,,,,,,,,,,,,,,,,,,,,,,,,,,,,,0,0
892145183207607661,apartamento,4,4.0,10,5,2,250.0,5.0,Meia Praia,5.0,5.0,,,,,,,,,,,,,,,,,,,,,,,,,,,,,,,0,0
1218140952698517467,outros,0,1.0,1,1,1,0.0,5.0,Meia Praia,5.0,5.0,,,,,,,,,,,,,,,,,,,,,,,,,,,,,,,0,0
888404026062062224,apartamento,1,1.0,4,1,1,0.0,5.0,Meia Praia,5.0,5.0,,,,,,,,,,,,,,,,,,,,,,,,,,,,,,,0,0
53973724,apartamento,3,2.0,6,4,15,300.0,4.929999828338623,Meia Praia,4.929999828338623,4.929999828338623,3.0,28.0,55.0,731.6666666666666,640.0,577.5090909090909,689.0,589.0,589.0,3.0,28.0,55.0,689.0,589.0,459.0,753.0,689.0,589.0,18603.0,18848.0,21204.0,0.9,0.5333333333333333,0.3956043956043956,27.0,32.0,36.0,True,True,True,1,1
1298708824500193290,apartamento,3,2.0,8,4,0,420.0,0.0,Meia Praia,0.0,,,,,,,,,,,,,,,,,,,,,,,,,,,,,,,,0,0
1288603393968480244,apartamento,2,1.0,6,2,0,250.0,0.0,Meia Praia,0.0,,,,,,,,,,,,,,,,,,,,,,,,,,,,,,,,0,0
1322818101907680074,casa,2,1.0,10,6,0,150.0,0.0,Alto Sao Bento,0.0,,,,,,,,,,,,,,,,,,,,,,,,,,,,,,,,0,0
684137520256598843,apartamento,3,2.0,8,5,0,220.0,0.0,Centro,0.0,,,,,,,,,,,,,,,,,,,,,,,,,,,,,,,,0,0
46942030,apartamento,3,2.0,8,3,0,0.0,0.0,Meia Praia,0.0,,,,,,,,,,,,,,,,,,,,,,,,,,,,,,,,0,0
1321078074691562865,apartamento,3,4.0,7,3,0,0.0,0.0,Meia Praia,0.0,,,,,,,,,,,,,,,,,,,,,,,,,,,,,,,,0,0
656283634467375980,casa,4,4.0,9,6,0,380.0,0.0,Meia Praia,0.0,,,,,,,,,,,,,,,,,,,,,,,,,,,,,,,,0,0
781285266903281162,apartamento,4,4.0,10,5,0,0.0,0.0,Meia Praia,0.0,,,,,,,,,,,,,,,,,,,,,,,,,,,,,,,,0,0
1246438264226109093,apartamento,3,3.0,7,4,0,50.0,0.0,Meia Praia,0.0,,,,,,,,,,,,,,,,,,,,,,,,,,,,,,,,0,0
46072703,apartamento,3,3.0,8,5,14,300.0,5.0,Meia Praia,5.0,5.0,0.0,12.0,39.0,,967.625,696.2948717948718,,1053.75,584.0,0.0,12.0,39.0,,852.0,570.0,,1080.0,829.0,,50580.0,30368.0,1.0,0.8,0.5714285714285714,30.0,48.0,52.0,False,True,True,1,1
552912581186899747,casa,7,3.0,16,9,19,250.0,5.0,Meia Praia,5.0,5.0,,,,,,,,,,,,,,,,,,,,,,,,,,,,,,,0,0
40342798,apartamento,3,3.0,6,3,14,300.0,5.0,Meia Praia,5.0,5.0,20.0,50.0,81.0,700.0,663.7,657.2222222222222,700.0,700.0,700.0,20.0,50.0,81.0,700.0,550.0,550.0,700.0,700.0,700.0,7000.0,7000.0,7000.0,0.3333333333333333,0.16666666666666666,0.10989010989010989,10.0,10.0,10.0,True,True,True,1,1
1273421997466579072,apartamento,3,3.0,6,3,0,300.0,0.0,Meia Praia,0.0,,,,,,,,,,,,,,,,,,,,,,,,,,,,,,,,0,0
32600458,apartamento,3,3.0,8,4,31,350.0,4.900000095367432,Meia Praia,4.900000095367432,4.900000095367432,0.0,11.0,38.0,,590.9090909090909,506.14035000000007,,600.0,500.0,0.0,11.0,38.0,,600.0,450.0,,600.0,577.777775,,29400.0,26500.0,1.0,0.8166666666666667,0.5824175824175825,30.0,49.0,53.0,False,True,True,1,1
1017546253134148389,apartamento,2,2.0,6,4,0,250.0,0.0,Meia Praia,0.0,,,,,,,,,,,,,,,,,,,,,,,,,,,,,,,,0,0
1291377995150928631,apartamento,4,2.0,8,4,1,0.0,5.0,Meia Praia,5.0,5.0,,,,,,,,,,,,,,,,,,,,,,,,,,,,,,,0,0
779104726998664227,apartamento,2,2.0,6,5,16,250.0,4.940000057220459,Meia Praia,4.940000057220459,4.940000057220459,,,,,,,,,,,,,,,,,,,,,,,,,,,,,,,0,0
53063710,outros,2,2.0,10,7,7,300.0,4.860000133514404,Morretes,4.860000133514404,4.860000133514404,,,,,,,,,,,,,,,,,,,,,,,,,,,,,,,0,0
1244455209217128785,outros,1,1.0,2,3,1,100.0,5.0,Meia Praia,5.0,5.0,,,,,,,,,,,,,,,,,,,,,,,,,,,,,,,0,0
784867761523378586,apartamento,4,2.0,8,5,0,200.0,0.0,Meia Praia,0.0,,,,,,,,,,,,,,,,,,,,,,,,,,,,,,,,0,0
1292788717849175855,apartamento,3,4.0,8,3,0,0.0,0.0,Meia Praia,0.0,,,,,,,,,,,,,,,,,,,,,,,,,,,,,,,,0,0
27338096,apartamento,3,3.0,8,7,12,350.0,5.0,Centro,5.0,5.0,,,,,,,,,,,,,,,,,,,,,,,,,,,,,,,0,0
1303525394628441748,apartamento,3,3.0,9,3,1,0.0,5.0,Meia Praia,5.0,5.0,,,,,,,,,,,,,,,,,,,,,,,,,,,,,,,0,0
1300836931154289279,apartamento,3,1.0,8,4,2,360.0,5.0,Morretes,5.0,5.0,,,,,,,,,,,,,,,,,,,,,,,,,,,,,,,0,0
699448139972382147,casa,3,5.0,16,5,0,150.0,0.0,Sertao do Trombudo,0.0,,,,,,,,,,,,,,,,,,,,,,,,,,,,,,,,0,0
10982940,apartamento,4,4.0,8,5,7,300.0,5.0,Meia Praia,5.0,5.0,14.0,44.0,75.0,1800.0,1800.0,1800.0,1800.0,1800.0,1800.0,14.0,44.0,75.0,1800.0,1800.0,1800.0,1800.0,1800.0,1800.0,28800.0,28800.0,28800.0,0.5333333333333333,0.26666666666666666,0.17582417582417584,16.0,16.0,16.0,True,True,True,1,0
1191261348067720296,apartamento,2,1.0,6,3,25,240.0,5.0,Centro,5.0,5.0,3.0,30.0,61.0,800.5,713.75,670.0573770491803,800.5,723.0,627.0,3.0,30.0,61.0,796.25,594.0,594.0,804.75,803.125,761.0,21613.5,21690.0,18810.0,0.9,0.5,0.32967032967032966,27.0,30.0,30.0,True,True,True,1,1
41677540,apartamento,3,2.0,8,3,2,300.0,5.0,Meia Praia,5.0,5.0,,,,,,,,,,,,,,,,,,,,,,,,,,,,,,,0,0
42832318,casa,3,3.0,10,5,8,70.0,4.880000114440918,Morretes,4.880000114440918,4.880000114440918,,,,,,,,,,,,,,,,,,,,,,,,,,,,,,,0,0
765220485646135765,apartamento,3,4.0,6,3,3,250.0,5.0,Meia Praia,5.0,5.0,,,,,,,,,,,,,,,,,,,,,,,,,,,,,,,0,0
1289758176904091982,apartamento,3,3.0,6,3,0,0.0,0.0,Meia Praia,0.0,,,,,,,,,,,,,,,,,,,,,,,,,,,,,,,,0,0
34866449,apartamento,3,2.0,8,4,23,150.0,4.829999923706055,Meia Praia,4.829999923706055,4.829999923706055,2.0,29.0,59.0,550.0,535.0689655172414,468.93220338983053,550.0,550.0,400.0,2.0,29.0,59.0,550.0,400.0,400.0,550.0,550.0,550.0,15400.0,17050.0,12800.0,0.9333333333333333,0.5166666666666667,0.3516483516483517,28.0,31.0,32.0,True,True,True,1,1
39202645,apartamento,3,2.0,8,3,1,250.0,4.0,Meia Praia,4.0,4.0,,,,,,,,,,,,,,,,,,,,,,,,,,,,,,,0,0
31308297,apartamento,1,1.0,3,1,3,300.0,5.0,Casa Branca,5.0,5.0,,,,,,,,,,,,,,,,,,,,,,,,,,,,,,,0,0
1313032419505695116,apartamento,2,2.0,4,2,1,150.0,5.0,Meia Praia,5.0,5.0,,,,,,,,,,,,,,,,,,,,,,,,,,,,,,,0,0
1205874259880523813,apartamento,3,2.0,6,3,0,0.0,0.0,Meia Praia,0.0,,,,,,,,,,,,,,,,,,,,,,,,,,,,,,,,0,0
1062329758790485589,apartamento,3,3.0,8,2,1,250.0,5.0,Meia Praia,5.0,5.0,,,,,,,,,,,,,,,,,,,,,,,,,,,,,,,0,0
756349386368160913,apartamento,2,2.0,5,3,12,300.0,4.920000076293945,Meia Praia,4.920000076293945,4.920000076293945,,,,,,,,,,,,,,,,,,,,,,,,,,,,,,,0,0
1321665865287545772,apartamento,3,2.0,8,4,1,300.0,5.0,Meia Praia,5.0,5.0,,,,,,,,,,,,,,,,,,,,,,,,,,,,,,,0,0
1088251024341369589,apartamento,2,3.0,5,2,16,0.0,4.880000114440918,Morretes,4.880000114440918,4.880000114440918,14.0,14.0,14.0,603.5714285714286,603.5714285714286,603.5714285714286,600.0,600.0,600.0,14.0,14.0,14.0,600.0,600.0,600.0,600.0,600.0,600.0,9600.0,27600.0,46200.0,0.5333333333333333,0.7666666666666667,0.8461538461538461,16.0,46.0,77.0,True,True,True,1,1
1244477645812160676,apartamento,3,3.0,8,4,1,0.0,5.0,Meia Praia,5.0,5.0,,,,,,,,,,,,,,,,,,,,,,,,,,,,,,,0,0
1274797415798183244,apartamento,4,3.0,10,5,0,400.0,0.0,Meia Praia,0.0,,,,,,,,,,,,,,,,,,,,,,,,,,,,,,,,0,0
553578003486746447,apartamento,2,2.0,6,2,16,280.0,4.809999942779541,Meia Praia,4.809999942779541,4.809999942779541,,,,,,,,,,,,,,,,,,,,,,,,,,,,,,,0,0
770849753679081492,apartamento,3,2.0,7,3,0,200.0,0.0,Meia Praia,0.0,,,,,,,,,,,,,,,,,,,,,,,,,,,,,,,,0,0
968676271316056907,apartamento,2,1.0,6,2,10,129.0,4.900000095367432,Tabuleiro dos Oliveiras,4.900000095367432,4.900000095367432,,,,,,,,,,,,,,,,,,,,,,,,,,,,,,,0,0
1203667582146912143,apartamento,3,3.0,10,6,5,300.0,5.0,Meia Praia,5.0,5.0,,,,,,,,,,,,,,,,,,,,,,,,,,,,,,,0,0
1268710208854055752,casa,2,1.0,6,3,3,50.0,3.670000076293945,Morretes,3.670000076293945,3.670000076293945,,,,,,,,,,,,,,,,,,,,,,,,,,,,,,,0,0
754141022905987471,apartamento,3,2.0,8,4,15,250.0,4.929999828338623,Meia Praia,4.929999828338623,4.929999828338623,19.0,49.0,80.0,700.0,704.5986387755102,639.06666625,700.0,700.0,600.0,19.0,49.0,80.0,700.0,600.0,575.0,700.0,700.0,700.0,7700.0,7700.0,6600.0,0.36666666666666664,0.18333333333333332,0.12087912087912088,11.0,11.0,11.0,True,True,True,1,1
711735081107146147,apartamento,3,3.0,8,3,4,260.0,5.0,Centro,5.0,5.0,,,,,,,,,,,,,,,,,,,,,,,,,,,,,,,0,0
1062404897234929767,apartamento,0,1.0,3,1,0,50.0,0.0,Morretes,0.0,,,,,,,,,,,,,,,,,,,,,,,,,,,,,,,,0,0
1306112009212693956,apartamento,3,2.0,6,2,1,350.0,4.0,Meia Praia,4.0,4.0,,,,,,,,,,,,,,,,,,,,,,,,,,,,,,,0,0
37804764,apartamento,3,2.0,8,6,9,300.0,4.78000020980835,Meia Praia,4.78000020980835,4.78000020980835,,,,,,,,,,,,,,,,,,,,,,,,,,,,,,,0,0
1073303527682582222,casa,1,1.0,2,1,1,0.0,5.0,Leopoldo Zarling,5.0,5.0,,,,,,,,,,,,,,,,,,,,,,,,,,,,,,,0,0
1246425566656110947,casa,3,2.0,15,3,0,0.0,0.0,Canto da Praia,0.0,,,,,,,,,,,,,,,,,,,,,,,,,,,,,,,,0,0
1308597162942640159,apartamento,3,3.0,8,3,0,350.0,0.0,Meia Praia,0.0,,,,,,,,,,,,,,,,,,,,,,,,,,,,,,,,0,0
1045077329214831775,casa,2,2.0,8,2,1,160.0,5.0,Morretes,5.0,5.0,0.0,1.0,31.0,,800.0,800.0,,800.0,800.0,0.0,1.0,31.0,,800.0,800.0,,800.0,800.0,,47200.0,48000.0,1.0,0.9833333333333333,0.6593406593406593,30.0,59.0,60.0,False,True,True,1,0
1036453026410910833,apartamento,3,3.0,7,3,1,190.0,5.0,Meia Praia,5.0,5.0,,,,,,,,,,,,,,,,,,,,,,,,,,,,,,,0,0
53365226,apartamento,2,2.0,5,0,20,200.0,4.650000095367432,Meia Praia,4.650000095367432,4.650000095367432,,,,,,,,,,,,,,,,,,,,,,,,,,,,,,,0,0
1289862173315575165,apartamento,3,2.0,7,3,1,300.0,5.0,Centro,5.0,5.0,,,,,,,,,,,,,,,,,,,,,,,,,,,,,,,0,0
1201524410402216599,outros,1,0.0,2,1,11,0.0,5.0,Meia Praia,5.0,5.0,,,,,,,,,,,,,,,,,,,,,,,,,,,,,,,0,0
989301822716949432,apartamento,2,2.0,6,2,2,250.0,5.0,Meia Praia,5.0,5.0,,,,,,,,,,,,,,,,,,,,,,,,,,,,,,,0,0
1212179727017190050,apartamento,2,2.0,6,4,2,300.0,5.0,Meia Praia,5.0,5.0,,,,,,,,,,,,,,,,,,,,,,,,,,,,,,,0,0
818886744540655169,apartamento,2,2.0,6,5,0,230.0,0.0,Centro,0.0,,,,,,,,,,,,,,,,,,,,,,,,,,,,,,,,0,0
808425365462138959,apartamento,3,3.0,8,4,0,300.0,0.0,Meia Praia,0.0,,,,,,,,,,,,,,,,,,,,,,,,,,,,,,,,0,0
41454399,apartamento,2,2.0,5,2,0,250.0,0.0,Meia Praia,0.0,,,,,,,,,,,,,,,,,,,,,,,,,,,,,,,,0,0
1076812789641172407,apartamento,2,2.0,6,6,0,198.0,0.0,Morretes,0.0,,,,,,,,,,,,,,,,,,,,,,,,,,,,,,,,0,0
15639459,apartamento,3,4.0,8,1,1,350.0,5.0,Meia Praia,5.0,5.0,,,,,,,,,,,,,,,,,,,,,,,,,,,,,,,0,0
1063631212924566587,casa,2,1.0,5,4,1,250.0,5.0,Centro,5.0,5.0,,,,,,,,,,,,,,,,,,,,,,,,,,,,,,,0,0
754260636604985777,apartamento,4,3.0,8,4,0,0.0,0.0,Centro,0.0,,,,,,,,,,,,,,,,,,,,,,,,,,,,,,,,0,0
1318302156174940688,apartamento,2,1.0,8,3,0,300.0,0.0,Centro,0.0,,,,,,,,,,,,,,,,,,,,,,,,,,,,,,,,0,0
1023318531772287794,apartamento,3,3.0,7,4,1,250.0,5.0,Meia Praia,5.0,5.0,,,,,,,,,,,,,,,,,,,,,,,,,,,,,,,0,0
817909829740037853,apartamento,5,5.0,12,11,0,400.0,0.0,Centro,0.0,,,,,,,,,,,,,,,,,,,,,,,,,,,,,,,,0,0
52582287,apartamento,3,2.0,6,5,0,350.0,0.0,Meia Praia,0.0,,,,,,,,,,,,,,,,,,,,,,,,,,,,,,,,0,0
1284913657497086774,apartamento,3,3.0,6,3,1,200.0,5.0,Meia Praia,5.0,5.0,,,,,,,,,,,,,,,,,,,,,,,,,,,,,,,0,0
735732850757918650,apartamento,3,2.0,6,3,15,200.0,4.730000019073486,Meia Praia,4.730000019073486,4.730000019073486,0.0,11.0,35.0,,2332.4848454545454,1293.0666657142856,,2430.0,927.6667,0.0,11.0,35.0,,2259.66665,750.0,,2430.0,2186.66665,,119070.0,51949.3352,1.0,0.8166666666666667,0.6153846153846154,30.0,49.0,56.0,False,True,True,1,1
1015691857467598452,apartamento,3,2.0,6,3,21,250.0,5.0,Meia Praia,5.0,5.0,14.0,44.0,55.0,1018.2857142857143,1207.6363636363637,1225.3090909090909,972.0,1296.0,1296.0,14.0,44.0,55.0,972.0,972.0,1296.0,972.0,1296.0,1296.0,15552.0,20736.0,46656.0,0.5333333333333333,0.26666666666666666,0.3956043956043956,16.0,16.0,36.0,True,True,True,1,1
1064361544684463450,apartamento,0,1.0,5,3,0,50.0,0.0,Meia Praia,0.0,,,,,,,,,,,,,,,,,,,,,,,,,,,,,,,,0,0
1036316015400901078,hotel,1,1.0,6,5,1,0.0,5.0,Centro,5.0,5.0,,,,,,,,,,,,,,,,,,,,,,,,,,,,,,,0,0
1261075083927841039,apartamento,3,2.0,8,3,1,300.0,5.0,Meia Praia,5.0,5.0,,,,,,,,,,,,,,,,,,,,,,,,,,,,,,,0,0
46792527,apartamento,2,2.0,6,4,1,0.0,4.0,Centro,4.0,4.0,,,,,,,,,,,,,,,,,,,,,,,,,,,,,,,0,0
1323425991861389388,casa,2,1.0,6,2,0,150.0,0.0,Morretes,0.0,,,,,,,,,,,,,,,,,,,,,,,,,,,,,,,,0,0
1264040949531443013,apartamento,2,1.0,6,2,2,300.0,5.0,Meia Praia,5.0,5.0,,,,,,,,,,,,,,,,,,,,,,,,,,,,,,,0,0
30209117,apartamento,3,2.0,9,5,16,160.0,4.940000057220459,Meia Praia,4.940000057220459,4.940000057220459,,,,,,,,,,,,,,,,,,,,,,,,,,,,,,,0,0
32697747,apartamento,2,2.0,5,3,65,300.0,4.889999866485596,Meia Praia,4.889999866485596,4.889999866485596,,,,,,,,,,,,,,,,,,,,,,,,,,,,,,,0,0
1028877959048714123,apartamento,1,1.0,6,2,2,0.0,2.5,Centro,2.5,2.5,,,,,,,,,,,,,,,,,,,,,,,,,,,,,,,0,0
1291419243412523599,apartamento,4,3.0,8,5,0,0.0,0.0,Meia Praia,0.0,,,,,,,,,,,,,,,,,,,,,,,,,,,,,,,,0,0
53372578,apartamento,2,2.0,5,3,6,0.0,3.670000076293945,Meia Praia,3.670000076293945,3.670000076293945,,,,,,,,,,,,,,,,,,,,,,,,,,,,,,,0,0
1315261246891483918,apartamento,3,3.0,8,5,0,350.0,0.0,Meia Praia,0.0,,,,,,,,,,,,,,,,,,,,,,,,,,,,,,,,0,0
760744906334086646,casa,2,1.0,5,2,0,150.0,0.0,Meia Praia,0.0,,,,,,,,,,,,,,,,,,,,,,,,,,,,,,,,0,0
1318267210921184935,apartamento,3,2.0,6,3,0,0.0,0.0,Meia Praia,0.0,,,,,,,,,,,,,,,,,,,,,,,,,,,,,,,,0,0
1240775832879183392,casa,3,3.0,8,3,2,250.0,5.0,Morretes,5.0,5.0,,,,,,,,,,,,,,,,,,,,,,,,,,,,,,,0,0
1155844501678298300,apartamento,2,1.0,8,3,2,0.0,5.0,Meia Praia,5.0,5.0,,,,,,,,,,,,,,,,,,,,,,,,,,,,,,,0,0
1276864818594967734,casa,1,1.0,2,1,22,0.0,5.0,Casa Branca,5.0,5.0,,,,,,,,,,,,,,,,,,,,,,,,,,,,,,,0,0
1044346153746167739,casa,3,1.0,8,3,1,0.0,5.0,Casa Branca,5.0,5.0,,,,,,,,,,,,,,,,,,,,,,,,,,,,,,,0,0
1050824626350559241,apartamento,3,3.0,8,4,1,300.0,5.0,Meia Praia,5.0,5.0,,,,,,,,,,,,,,,,,,,,,,,,,,,,,,,0,0
911476333007658783,apartamento,2,2.0,8,2,65,160.0,4.630000114440918,Meia Praia,4.630000114440918,4.630000114440918,8.0,25.0,53.0,425.0,333.5,257.311320754717,425.0,350.0,250.0,8.0,25.0,53.0,350.0,250.0,150.0,500.0,350.0,350.0,9350.0,12250.0,9500.0,0.7333333333333333,0.5833333333333334,0.4175824175824176,22.0,35.0,38.0,True,True,True,1,1
1250857289727971837,apartamento,2,2.0,5,3,1,200.0,5.0,Meia Praia,5.0,5.0,,,,,,,,,,,,,,,,,,,,,,,,,,,,,,,0,0
1074536325107116342,apartamento,3,4.0,6,3,0,150.0,0.0,Centro,0.0,,,,,,,,,,,,,,,,,,,,,,,,,,,,,,,,0,0
1299200884719674733,casa,3,4.0,10,3,2,70.0,5.0,Varzea,5.0,5.0,,,,,,,,,,,,,,,,,,,,,,,,,,,,,,,0,0
1052089199306202045,apartamento,3,2.0,8,3,2,300.0,5.0,Meia Praia,5.0,5.0,,,,,,,,,,,,,,,,,,,,,,,,,,,,,,,0,0
1309554958048522886,apartamento,4,3.0,10,4,0,0.0,0.0,Meia Praia,0.0,,,,,,,,,,,,,,,,,,,,,,,,,,,,,,,,0,0
53402424,apartamento,3,3.0,8,5,1,200.0,4.0,Meia Praia,4.0,4.0,,,,,,,,,,,,,,,,,,,,,,,,,,,,,,,0,0
41496656,casa,2,1.0,5,3,1,0.0,1.0,Ilhota,1.0,1.0,,,,,,,,,,,,,,,,,,,,,,,,,,,,,,,0,0
1314341743704434971,apartamento,3,2.0,10,3,0,0.0,0.0,Meia Praia,0.0,,,,,,,,,,,,,,,,,,,,,,,,,,,,,,,,0,0
1302450485079669419,apartamento,3,3.0,11,5,2,300.0,5.0,Meia Praia,5.0,5.0,,,,,,,,,,,,,,,,,,,,,,,,,,,,,,,0,0
1155627895999148799,apartamento,1,1.0,4,0,1,100.0,5.0,Morretes,5.0,5.0,,,,,,,,,,,,,,,,,,,,,,,,,,,,,,,0,0
663670006345168051,apartamento,2,1.0,6,2,0,200.0,0.0,Meia Praia,0.0,,,,,,,,,,,,,,,,,,,,,,,,,,,,,,,,0,0
897144549301156856,apartamento,3,2.0,6,4,10,200.0,5.0,Meia Praia,5.0,5.0,12.0,27.0,27.0,825.0,984.4444444444445,984.4444444444445,825.0,850.0,850.0,12.0,27.0,27.0,800.0,800.0,800.0,850.0,850.0,850.0,14850.0,28050.0,54400.0,0.6,0.55,0.7032967032967034,18.0,33.0,64.0,True,True,True,1,1
1155855946548061733,casa,1,1.0,2,1,31,250.0,4.809999942779541,Tabuleiro dos Oliveiras,4.809999942779541,4.809999942779541,,,,,,,,,,,,,,,,,,,,,,,,,,,,,,,0,0
1037047027853581998,apartamento,2,2.0,5,2,17,250.0,4.880000114440918,Centro,4.880000114440918,4.880000114440918,4.0,9.0,9.0,1071.0,1471.0,1471.0,1071.0,1791.0,1791.0,4.0,9.0,9.0,1071.0,1071.0,1071.0,1071.0,1791.0,1791.0,27846.0,91341.0,146862.0,0.8666666666666667,0.85,0.9010989010989011,26.0,51.0,82.0,True,True,True,1,1
658670870469957307,apartamento,3,2.0,9,3,3,350.0,5.0,Meia Praia,5.0,5.0,,,,,,,,,,,,,,,,,,,,,,,,,,,,,,,0,0
1268301602280137098,casa,3,2.0,8,3,0,0.0,0.0,Meia Praia,0.0,,,,,,,,,,,,,,,,,,,,,,,,,,,,,,,,0,0
28102949,apartamento,3,3.0,6,3,3,180.0,5.0,Meia Praia,5.0,5.0,,,,,,,,,,,,,,,,,,,,,,,,,,,,,,,0,0
21947811,apartamento,3,2.0,7,4,12,200.0,4.75,Meia Praia,4.75,4.75,,,,,,,,,,,,,,,,,,,,,,,,,,,,,,,0,0
977758615003005235,apartamento,4,3.0,12,6,0,350.0,0.0,Meia Praia,0.0,,,,,,,,,,,,,,,,,,,,,,,,,,,,,,,,0,0
1279123061685814133,apartamento,4,3.0,10,6,0,0.0,0.0,Meia Praia,0.0,,,,,,,,,,,,,,,,,,,,,,,,,,,,,,,,0,0
39152609,apartamento,2,2.0,6,2,21,300.0,4.760000228881836,Meia Praia,4.760000228881836,4.760000228881836,,,,,,,,,,,,,,,,,,,,,,,,,,,,,,,0,0
845012157657847255,apartamento,3,2.0,8,5,9,250.0,4.889999866485596,Meia Praia,4.889999866485596,4.889999866485596,,,,,,,,,,,,,,,,,,,,,,,,,,,,,,,0,0
970977720659867193,apartamento,3,3.0,9,3,0,450.0,0.0,Meia Praia,0.0,,,,,,,,,,,,,,,,,,,,,,,,,,,,,,,,0,0
1010884702444855566,apartamento,0,0.0,6,4,0,250.0,0.0,Meia Praia,0.0,,,,,,,,,,,,,,,,,,,,,,,,,,,,,,,,0,0
1315378265846987588,apartamento,4,2.0,10,6,0,450.0,0.0,Meia Praia,0.0,,,,,,,,,,,,,,,,,,,,,,,,,,,,,,,,0,0
1288385969078879370,apartamento,1,1.0,4,1,2,150.0,5.0,Morretes,5.0,5.0,,,,,,,,,,,,,,,,,,,,,,,,,,,,,,,0,0
1052355242204804725,apartamento,3,2.0,8,0,0,380.0,0.0,Meia Praia,0.0,,,,,,,,,,,,,,,,,,,,,,,,,,,,,,,,0,0
1267490270483958179,apartamento,3,2.0,6,4,1,300.0,5.0,Meia Praia,5.0,5.0,,,,,,,,,,,,,,,,,,,,,,,,,,,,,,,0,0
1307955803685092822,outros,1,2.0,4,3,0,200.0,0.0,Meia Praia,0.0,,,,,,,,,,,,,,,,,,,,,,,,,,,,,,,,0,0
1255166143934793043,apartamento,3,3.0,6,3,1,300.0,5.0,Meia Praia,5.0,5.0,,,,,,,,,,,,,,,,,,,,,,,,,,,,,,,0,0
967469842738718090,apartamento,3,3.0,9,3,1,300.0,5.0,Meia Praia,5.0,5.0,,,,,,,,,,,,,,,,,,,,,,,,,,,,,,,0,0
41141790,apartamento,3,2.0,8,3,10,330.0,4.900000095367432,Meia Praia,4.900000095367432,4.900000095367432,19.0,39.0,39.0,650.0,697.248717948718,697.248717948718,650.0,656.0,656.0,19.0,39.0,39.0,650.0,650.0,650.0,650.0,745.0,745.0,7150.0,13776.0,34112.0,0.36666666666666664,0.35,0.5714285714285714,11.0,21.0,52.0,True,True,True,1,1
27865733,apartamento,3,2.0,10,6,3,499.0,4.329999923706055,Centro,4.329999923706055,4.329999923706055,,,,,,,,,,,,,,,,,,,,,,,,,,,,,,,0,0
890900550062113228,apartamento,2,2.0,6,4,9,300.0,5.0,Meia Praia,5.0,5.0,,,,,,,,,,,,,,,,,,,,,,,,,,,,,,,0,0
41270247,apartamento,3,2.0,9,3,18,250.0,4.889999866485596,Meia Praia,4.889999866485596,4.889999866485596,0.0,0.0,20.0,,,605.266665,,,600.0,0.0,0.0,20.0,,,600.0,,,600.0,,,42600.0,1.0,1.0,0.7802197802197802,30.0,60.0,71.0,False,False,True,1,1
594857002569221203,apartamento,3,2.0,6,5,17,260.0,5.0,Meia Praia,5.0,5.0,,,,,,,,,,,,,,,,,,,,,,,,,,,,,,,0,0
54071592,casa,3,1.0,7,4,4,250.0,5.0,Casa Branca,5.0,5.0,,,,,,,,,,,,,,,,,,,,,,,,,,,,,,,0,0
47096976,apartamento,2,2.0,4,2,0,0.0,0.0,Morretes,0.0,,,,,,,,,,,,,,,,,,,,,,,,,,,,,,,,0,0
1075444278753674442,apartamento,2,1.0,6,4,5,250.0,4.800000190734863,Meia Praia,4.800000190734863,4.800000190734863,,,,,,,,,,,,,,,,,,,,,,,,,,,,,,,0,0
1288317456841105821,apartamento,3,2.0,8,4,0,0.0,0.0,Meia Praia,0.0,,,,,,,,,,,,,,,,,,,,,,,,,,,,,,,,0,0
45621607,apartamento,2,1.0,4,4,9,180.0,5.0,Meia Praia,5.0,5.0,10.0,40.0,71.0,431.4,386.69791649999996,331.2382628169014,450.0,367.75,350.0,10.0,40.0,71.0,450.0,350.0,210.0,450.0,421.0,376.16666,9000.0,7355.0,7000.0,0.6666666666666666,0.3333333333333333,0.21978021978021978,20.0,20.0,20.0,True,True,True,1,1
41883230,apartamento,3,3.0,7,6,5,300.0,5.0,Meia Praia,5.0,5.0,15.0,33.0,53.0,470.0,587.2727272727273,535.4716981132076,470.0,470.0,470.0,15.0,33.0,53.0,470.0,470.0,450.0,470.0,900.0,470.0,7050.0,12690.0,17860.0,0.5,0.45,0.4175824175824176,15.0,27.0,38.0,True,True,True,1,0
1314764695798251721,apartamento,3,3.0,6,3,0,250.0,0.0,Meia Praia,0.0,,,,,,,,,,,,,,,,,,,,,,,,,,,,,,,,0,0
1032819488442707067,apartamento,2,2.0,5,3,2,350.0,5.0,Meia Praia,5.0,5.0,,,,,,,,,,,,,,,,,,,,,,,,,,,,,,,0,0
782848425775715018,apartamento,1,1.0,2,2,18,250.0,5.0,Meia Praia,5.0,5.0,,,,,,,,,,,,,,,,,,,,,,,,,,,,,,,0,0
1190830635876293330,apartamento,2,2.0,6,4,0,200.0,0.0,Morretes,0.0,,,,,,,,,,,,,,,,,,,,,,,,,,,,,,,,0,0
1052992749655623271,apartamento,2,1.0,6,2,0,250.0,0.0,Meia Praia,0.0,,,,,,,,,,,,,,,,,,,,,,,,,,,,,,,,0,0
1316604682338226124,apartamento,2,0.0,4,2,0,200.0,0.0,Morretes,0.0,,,,,,,,,,,,,,,,,,,,,,,,,,,,,,,,0,0
785658004981722606,apartamento,2,2.0,6,2,10,200.0,5.0,Tabuleiro dos Oliveiras,5.0,5.0,16.0,46.0,62.0,473.0,553.054347826087,560.3306451612904,473.0,473.0,495.0,16.0,46.0,62.0,473.0,473.0,473.0,473.0,495.0,550.0,6622.0,6622.0,14355.0,0.4666666666666667,0.23333333333333334,0.31868131868131866,14.0,14.0,29.0,True,True,True,1,1
1048046070762969350,outros,1,1.0,1,1,0,100.0,0.0,Meia Praia,0.0,,,,,,,,,,,,,,,,,,,,,,,,,,,,,,,,0,0
25104649,apartamento,4,3.0,12,6,43,250.0,4.980000019073486,Meia Praia,4.980000019073486,4.980000019073486,,,,,,,,,,,,,,,,,,,,,,,,,,,,,,,0,0
1239409920081319316,apartamento,2,3.0,4,2,4,280.0,5.0,Morretes,5.0,5.0,,,,,,,,,,,,,,,,,,,,,,,,,,,,,,,0,0
788085745534865923,apartamento,3,2.0,7,3,1,200.0,5.0,Meia Praia,5.0,5.0,,,,,,,,,,,,,,,,,,,,,,,,,,,,,,,0,0
47291978,apartamento,3,3.0,6,4,3,300.0,5.0,Meia Praia,5.0,5.0,,,,,,,,,,,,,,,,,,,,,,,,,,,,,,,0,0
990432282679577821,apartamento,3,2.0,10,6,2,0.0,5.0,Meia Praia,5.0,5.0,,,,,,,,,,,,,,,,,,,,,,,,,,,,,,,0,0
1271272432935586273,apartamento,2,1.0,5,2,0,300.0,0.0,Centro,0.0,,,,,,,,,,,,,,,,,,,,,,,,,,,,,,,,0,0
1315529790295837216,apartamento,2,2.0,4,2,3,0.0,5.0,Morretes,5.0,5.0,,,,,,,,,,,,,,,,,,,,,,,,,,,,,,,0,0
1036358303831861787,apartamento,2,1.0,6,4,3,80.0,5.0,Centro,5.0,5.0,,,,,,,,,,,,,,,,,,,,,,,,,,,,,,,0,0
1285599150590499228,apartamento,2,2.0,5,2,0,350.0,0.0,Morretes,0.0,,,,,,,,,,,,,,,,,,,,,,,,,,,,,,,,0,0
645092818132652927,apartamento,2,1.0,6,2,38,150.0,4.949999809265137,Meia Praia,4.949999809265137,4.949999809265137,,,,,,,,,,,,,,,,,,,,,,,,,,,,,,,0,0
836415940545761422,apartamento,1,1.0,4,1,14,200.0,4.929999828338623,Meia Praia,4.929999828338623,4.929999828338623,,,,,,,,,,,,,,,,,,,,,,,,,,,,,,,0,0
40228868,apartamento,3,2.0,8,4,0,250.0,0.0,Meia Praia,0.0,,,,,,,,,,,,,,,,,,,,,,,,,,,,,,,,0,0
53402180,apartamento,4,3.0,10,4,0,300.0,0.0,Meia Praia,0.0,,,,,,,,,,,,,,,,,,,,,,,,,,,,,,,,0,0
1256723784627855477,casa,3,0.0,8,6,1,150.0,5.0,Centro,5.0,5.0,,,,,,,,,,,,,,,,,,,,,,,,,,,,,,,0,0
53400271,casa,3,2.0,10,3,0,300.0,0.0,Meia Praia,0.0,,,,,,,,,,,,,,,,,,,,,,,,,,,,,,,,0,0
605748852048435444,apartamento,3,2.0,6,3,33,250.0,5.0,Meia Praia,5.0,5.0,7.0,28.0,59.0,596.9524,462.913695,402.73870271186445,596.6667,433.33333,400.0,7.0,28.0,59.0,596.6667,400.0,320.0,601.33335,482.0,428.95833,13723.3341,13866.66656,12800.0,0.7666666666666667,0.5333333333333333,0.3516483516483517,23.0,32.0,32.0,True,True,True,1,1
22221493,casa,4,3.0,16,14,22,350.0,4.860000133514404,Meia Praia,4.860000133514404,4.860000133514404,,,,,,,,,,,,,,,,,,,,,,,,,,,,,,,0,0
1236888236862742446,apartamento,2,2.0,6,3,0,250.0,0.0,Morretes,0.0,,,,,,,,,,,,,,,,,,,,,,,,,,,,,,,,0,0
41676390,apartamento,2,2.0,6,2,20,250.0,4.949999809265137,Meia Praia,4.949999809265137,4.949999809265137,29.0,59.0,90.0,621.0172379310345,610.3305067796609,608.0055544444444,600.0,600.0,600.0,29.0,59.0,90.0,600.0,600.0,600.0,650.0,600.0,600.0,600.0,600.0,600.0,0.03333333333333333,0.016666666666666666,0.01098901098901099,1.0,1.0,1.0,True,True,True,1,1
1041262196440480958,casa,0,0.0,2,1,31,0.0,5.0,Casa Branca,5.0,5.0,,,,,,,,,,,,,,,,,,,,,,,,,,,,,,,0,0
1056698752886178077,apartamento,2,2.0,8,4,1,250.0,3.0,Meia Praia,3.0,3.0,,,,,,,,,,,,,,,,,,,,,,,,,,,,,,,0,0
52702659,apartamento,2,2.0,8,5,12,300.0,4.329999923706055,Meia Praia,4.329999923706055,4.329999923706055,,,,,,,,,,,,,,,,,,,,,,,,,,,,,,,0,0
30315370,apartamento,3,2.0,8,4,4,350.0,5.0,Meia Praia,5.0,5.0,,,,,,,,,,,,,,,,,,,,,,,,,,,,,,,0,0
16586622,apartamento,3,2.0,6,3,30,0.0,4.829999923706055,Meia Praia,4.829999923706055,4.829999923706055,5.0,20.0,51.0,600.0,601.0,511.37254901960785,600.0,600.0,500.0,5.0,20.0,51.0,600.0,500.0,400.0,600.0,750.0,560.0,15000.0,24000.0,20000.0,0.8333333333333334,0.6666666666666666,0.43956043956043955,25.0,40.0,40.0,True,True,True,1,1
753705661776365934,outros,3,3.0,6,7,1,100.0,5.0,Alto Sao Bento,5.0,5.0,,,,,,,,,,,,,,,,,,,,,,,,,,,,,,,0,0
1290227876992816321,apartamento,3,2.0,8,5,0,0.0,0.0,Meia Praia,0.0,,,,,,,,,,,,,,,,,,,,,,,,,,,,,,,,0,0
1060899311557227968,apartamento,3,3.0,6,7,0,350.0,0.0,Meia Praia,0.0,,,,,,,,,,,,,,,,,,,,,,,,,,,,,,,,0,0
1226940717284477483,apartamento,3,2.0,10,7,4,300.0,5.0,Centro,5.0,5.0,,,,,,,,,,,,,,,,,,,,,,,,,,,,,,,0,0
23523034,apartamento,3,2.0,10,3,3,270.0,5.0,Meia Praia,5.0,5.0,,,,,,,,,,,,,,,,,,,,,,,,,,,,,,,0,0
52652931,apartamento,2,2.0,5,2,18,250.0,5.0,Meia Praia,5.0,5.0,,,,,,,,,,,,,,,,,,,,,,,,,,,,,,,0,0
758059618209979073,apartamento,3,2.0,6,3,3,0.0,5.0,Sertaozinho,5.0,5.0,,,,,,,,,,,,,,,,,,,,,,,,,,,,,,,0,0
1255178693593030744,apartamento,2,1.0,5,2,1,0.0,5.0,Meia Praia,5.0,5.0,,,,,,,,,,,,,,,,,,,,,,,,,,,,,,,0,0
1292815457899461748,apartamento,2,1.0,4,2,4,240.0,5.0,Centro,5.0,5.0,3.0,26.0,49.0,550.0,918.3942307692307,800.3112244897959,550.0,723.0,654.0,3.0,26.0,49.0,550.0,627.0,627.0,550.0,1083.0625,803.0,14850.0,24582.0,27468.0,0.9,0.5666666666666667,0.46153846153846156,27.0,34.0,42.0,True,True,True,1,1
1318095501459517296,casa,3,1.0,8,3,0,200.0,0.0,Meia Praia,0.0,,,,,,,,,,,,,,,,,,,,,,,,,,,,,,,,0,0
53109238,casa,4,5.0,16,6,0,200.0,0.0,Morretes,0.0,,,,,,,,,,,,,,,,,,,,,,,,,,,,,,,,0,0
1321924579099353012,casa,2,1.0,7,4,0,200.0,0.0,Canto da Praia,0.0,,,,,,,,,,,,,,,,,,,,,,,,,,,,,,,,0,0
986228725951753024,hotel,2,2.0,6,2,0,460.0,0.0,Meia Praia,0.0,,,,,,,,,,,,,,,,,,,,,,,,,,,,,,,,0,0
1269623861253689862,apartamento,1,1.0,3,1,3,190.0,5.0,Centro,5.0,5.0,6.0,27.0,58.0,357.5,407.104937037037,404.8591948275862,368.5,366.0,372.0,6.0,27.0,58.0,307.75,350.5,372.0,404.5,446.0,419.0,8844.0,12078.0,12276.0,0.8,0.55,0.3626373626373626,24.0,33.0,33.0,True,True,True,1,1
973160738029639257,apartamento,2,2.0,6,2,8,0.0,4.75,Meia Praia,4.75,4.75,,,,,,,,,,,,,,,,,,,,,,,,,,,,,,,0,0
820470065107810212,apartamento,3,2.0,8,4,1,350.0,5.0,Centro,5.0,5.0,,,,,,,,,,,,,,,,,,,,,,,,,,,,,,,0,0
1211523131988133768,apartamento,1,1.0,4,3,0,0.0,0.0,Meia Praia,0.0,,,,,,,,,,,,,,,,,,,,,,,,,,,,,,,,0,0
1010091303354020330,apartamento,3,3.0,6,0,1,300.0,5.0,Meia Praia,5.0,5.0,,,,,,,,,,,,,,,,,,,,,,,,,,,,,,,0,0
735756948744314725,apartamento,3,4.0,7,4,6,350.0,4.329999923706055,Meia Praia,4.329999923706055,4.329999923706055,,,,,,,,,,,,,,,,,,,,,,,,,,,,,,,0,0
1281101198743058105,apartamento,2,2.0,6,2,2,250.0,5.0,Meia Praia,5.0,5.0,,,,,,,,,,,,,,,,,,,,,,,,,,,,,,,0,0
1316054784122061241,apartamento,4,4.0,10,5,1,300.0,5.0,Meia Praia,5.0,5.0,,,,,,,,,,,,,,,,,,,,,,,,,,,,,,,0,0
1045565487399099010,apartamento,2,2.0,6,2,0,200.0,0.0,Morretes,0.0,,,,,,,,,,,,,,,,,,,,,,,,,,,,,,,,0,0
39623532,apartamento,3,3.0,8,4,0,400.0,0.0,Meia Praia,0.0,,,,,,,,,,,,,,,,,,,,,,,,,,,,,,,,0,0
1303266648692596227,apartamento,3,3.0,8,7,2,0.0,5.0,Meia Praia,5.0,5.0,,,,,,,,,,,,,,,,,,,,,,,,,,,,,,,0,0
988406365435700829,apartamento,4,3.0,8,4,1,250.0,5.0,Meia Praia,5.0,5.0,,,,,,,,,,,,,,,,,,,,,,,,,,,,,,,0,0
26898492,casa,2,2.0,10,4,20,200.0,4.699999809265137,Ilhota,4.699999809265137,4.699999809265137,,,,,,,,,,,,,,,,,,,,,,,,,,,,,,,0,0
1020942153159227291,apartamento,2,2.0,5,2,4,0.0,5.0,Meia Praia,5.0,5.0,,,,,,,,,,,,,,,,,,,,,,,,,,,,,,,0,0
31252494,apartamento,2,1.0,6,3,17,200.0,4.650000095367432,Casa Branca,4.650000095367432,4.650000095367432,,,,,,,,,,,,,,,,,,,,,,,,,,,,,,,0,0
986230802916483711,hotel,3,2.0,8,3,0,575.0,0.0,Centro,0.0,,,,,,,,,,,,,,,,,,,,,,,,,,,,,,,,0,0
1054538603433172053,apartamento,0,1.0,6,0,0,0.0,0.0,Morretes,0.0,,,,,,,,,,,,,,,,,,,,,,,,,,,,,,,,0,0
1061167994996104209,outros,1,1.0,2,1,0,80.0,0.0,Meia Praia,0.0,,,,,,,,,,,,,,,,,,,,,,,,,,,,,,,,0,0
1020581372983314967,apartamento,3,2.0,9,3,9,350.0,4.78000020980835,Meia Praia,4.78000020980835,4.78000020980835,,,,,,,,,,,,,,,,,,,,,,,,,,,,,,,0,0
1289798260831154810,apartamento,4,5.0,12,4,0,0.0,0.0,Meia Praia,0.0,,,,,,,,,,,,,,,,,,,,,,,,,,,,,,,,0,0
1285454337721014883,apartamento,2,2.0,4,2,3,150.0,5.0,Centro,5.0,5.0,,,,,,,,,,,,,,,,,,,,,,,,,,,,,,,0,0
1308589669202501336,apartamento,2,1.0,4,2,0,200.0,0.0,Casa Branca,0.0,,,,,,,,,,,,,,,,,,,,,,,,,,,,,,,,0,0
1310274192276754423,apartamento,4,4.0,12,4,0,300.0,0.0,Meia Praia,0.0,,,,,,,,,,,,,,,,,,,,,,,,,,,,,,,,0,0
1067459758200575743,apartamento,3,2.0,7,5,1,0.0,5.0,Morretes,5.0,5.0,,,,,,,,,,,,,,,,,,,,,,,,,,,,,,,0,0
1121120387558822074,apartamento,3,3.0,8,3,0,700.0,0.0,Meia Praia,0.0,,,,,,,,,,,,,,,,,,,,,,,,,,,,,,,,0,0
856482117556875618,apartamento,2,2.0,6,2,26,250.0,4.960000038146973,Meia Praia,4.960000038146973,4.960000038146973,0.0,0.0,20.0,,,370.0,,,370.0,0.0,0.0,20.0,,,370.0,,,370.0,,,26270.0,1.0,1.0,0.7802197802197802,30.0,60.0,71.0,False,False,True,1,0
1020333217878509527,apartamento,2,2.0,6,3,5,300.0,4.800000190734863,Tabuleiro dos Oliveiras,4.800000190734863,4.800000190734863,,,,,,,,,,,,,,,,,,,,,,,,,,,,,,,0,0
51785337,apartamento,2,2.0,6,4,9,200.0,5.0,Morretes,5.0,5.0,7.0,25.0,56.0,356.0,311.9146664,313.07142857142856,356.0,299.2,308.83334,7.0,25.0,56.0,356.0,285.0,286.29166499999997,356.0,356.0,330.0,8188.0,10472.0,10809.1669,0.7666666666666667,0.5833333333333334,0.38461538461538464,23.0,35.0,35.0,True,True,True,1,1
1315147093627131241,apartamento,3,2.0,8,3,0,200.0,0.0,Meia Praia,0.0,,,,,,,,,,,,,,,,,,,,,,,,,,,,,,,,0,0
1289919194267387550,outros,1,1.0,1,3,4,0.0,4.75,Meia Praia,4.75,4.75,,,,,,,,,,,,,,,,,,,,,,,,,,,,,,,0,0
1051494217635423017,apartamento,3,2.0,8,3,0,300.0,0.0,Meia Praia,0.0,,,,,,,,,,,,,,,,,,,,,,,,,,,,,,,,0,0
46486203,apartamento,2,2.0,6,3,0,150.0,0.0,Centro,0.0,,,,,,,,,,,,,,,,,,,,,,,,,,,,,,,,0,0
1254384361135492137,apartamento,2,2.0,4,2,4,369.0,4.5,Morretes,4.5,4.5,20.0,50.0,81.0,539.95,580.11,540.3888888888889,529.5,541.5,515.0,20.0,50.0,81.0,515.0,511.25,418.0,572.0,591.5,572.0,5295.0,5415.0,5150.0,0.3333333333333333,0.16666666666666666,0.10989010989010989,10.0,10.0,10.0,True,True,True,1,1
815806026505024003,apartamento,3,2.0,9,3,7,250.0,5.0,Meia Praia,5.0,5.0,13.0,33.0,33.0,894.4615384615385,897.2121212121212,897.2121212121212,900.0,900.0,900.0,13.0,33.0,33.0,888.0,900.0,900.0,900.0,900.0,900.0,15300.0,24300.0,52200.0,0.5666666666666667,0.45,0.6373626373626373,17.0,27.0,58.0,True,True,True,1,1
1021680708785478385,apartamento,3,2.0,8,3,0,300.0,0.0,Meia Praia,0.0,,,,,,,,,,,,,,,,,,,,,,,,,,,,,,,,0,0
1148617111615851069,outros,1,1.0,2,1,0,0.0,0.0,Morretes,0.0,,,,,,,,,,,,,,,,,,,,,,,,,,,,,,,,0,0
1131810056799937593,apartamento,3,2.0,6,4,5,456.0,5.0,Tabuleiro dos Oliveiras,5.0,5.0,11.0,41.0,72.0,700.8636363636364,756.0670731707318,735.2465277777778,703.0,703.0,640.0,11.0,41.0,72.0,696.25,629.0,580.0,716.75,743.0,703.625,13357.0,13357.0,12160.0,0.6333333333333333,0.31666666666666665,0.2087912087912088,19.0,19.0,19.0,True,True,True,1,1
1282555783192045355,apartamento,2,2.0,6,6,4,250.0,4.75,Morretes,4.75,4.75,,,,,,,,,,,,,,,,,,,,,,,,,,,,,,,0,0
1207881809440158991,apartamento,1,1.0,2,1,1,150.0,5.0,Centro,5.0,5.0,21.0,51.0,82.0,427.0,438.6601313725491,438.93495975609756,427.0,427.0,427.0,21.0,51.0,82.0,427.0,427.0,427.0,427.0,427.0,427.0,3843.0,3843.0,3843.0,0.3,0.15,0.0989010989010989,9.0,9.0,9.0,True,True,True,1,1
1209591203253278549,apartamento,3,2.0,10,4,2,300.0,5.0,Meia Praia,5.0,5.0,,,,,,,,,,,,,,,,,,,,,,,,,,,,,,,0,0
39417651,apartamento,3,2.0,6,3,0,0.0,0.0,Meia Praia,0.0,,,,,,,,,,,,,,,,,,,,,,,,,,,,,,,,0,0
54211269,apartamento,3,3.0,6,4,1,200.0,5.0,Meia Praia,5.0,5.0,,,,,,,,,,,,,,,,,,,,,,,,,,,,,,,0,0
1214388774715647910,apartamento,2,1.0,7,3,0,460.0,0.0,Meia Praia,0.0,,,,,,,,,,,,,,,,,,,,,,,,,,,,,,,,0,0
1302308496242112387,casa,2,1.0,7,3,0,250.0,0.0,Casa Branca,0.0,,,,,,,,,,,,,,,,,,,,,,,,,,,,,,,,0,0
1248663127684957882,apartamento,3,3.0,6,3,0,450.0,0.0,Centro,0.0,,,,,,,,,,,,,,,,,,,,,,,,,,,,,,,,0,0
858005684112909595,apartamento,2,2.0,6,2,1,200.0,5.0,Meia Praia,5.0,5.0,,,,,,,,,,,,,,,,,,,,,,,,,,,,,,,0,0
858200115408146370,apartamento,3,2.0,2,3,0,150.0,0.0,Meia Praia,0.0,,,,,,,,,,,,,,,,,,,,,,,,,,,,,,,,0,0
1273091811886899511,apartamento,2,2.0,6,2,3,300.0,4.670000076293945,Morretes,4.670000076293945,4.670000076293945,,,,,,,,,,,,,,,,,,,,,,,,,,,,,,,0,0
26197944,apartamento,2,2.0,6,2,38,210.0,4.789999961853027,Meia Praia,4.789999961853027,4.789999961853027,9.0,27.0,58.0,500.0,433.3333333333333,432.7586206896552,500.0,400.0,425.0,9.0,27.0,58.0,500.0,400.0,400.0,500.0,496.5,450.0,10500.0,13200.0,14025.0,0.7,0.55,0.3626373626373626,21.0,33.0,33.0,True,True,True,1,1
765933981906369872,apartamento,3,3.0,6,3,0,0.0,0.0,Meia Praia,0.0,,,,,,,,,,,,,,,,,,,,,,,,,,,,,,,,0,0
1257312272803306995,apartamento,2,2.0,4,2,8,369.0,4.75,Meia Praia,4.75,4.75,12.0,42.0,73.0,552.5,570.327380952381,538.1472602739726,575.0,557.5,523.0,12.0,42.0,73.0,546.25,495.0,471.0,578.25,594.0,575.0,10350.0,10035.0,9414.0,0.6,0.3,0.1978021978021978,18.0,18.0,18.0,True,True,True,1,1
821850217553025689,outros,1,1.0,3,0,3,150.0,5.0,Meia Praia,5.0,5.0,,,,,,,,,,,,,,,,,,,,,,,,,,,,,,,0,0
977588506516236318,apartamento,4,3.0,12,7,0,350.0,0.0,Meia Praia,0.0,,,,,,,,,,,,,,,,,,,,,,,,,,,,,,,,0,0
1321071693046943546,apartamento,3,2.0,6,2,0,300.0,0.0,Meia Praia,0.0,,,,,,,,,,,,,,,,,,,,,,,,,,,,,,,,0,0
678242953903453952,apartamento,2,2.0,6,3,10,200.0,5.0,Meia Praia,5.0,5.0,2.0,20.0,47.0,450.0,377.5,344.6808510638298,450.0,350.0,350.0,2.0,20.0,47.0,450.0,350.0,300.0,450.0,400.0,350.0,12600.0,14000.0,15400.0,0.9333333333333333,0.6666666666666666,0.4835164835164835,28.0,40.0,44.0,True,True,True,1,1
30756202,apartamento,2,2.0,6,3,17,350.0,4.760000228881836,Meia Praia,4.760000228881836,4.760000228881836,,,,,,,,,,,,,,,,,,,,,,,,,,,,,,,0,0
1279237614509895088,apartamento,3,3.0,8,4,1,200.0,5.0,Meia Praia,5.0,5.0,,,,,,,,,,,,,,,,,,,,,,,,,,,,,,,0,0
807400945391416643,apartamento,4,3.0,12,6,39,250.0,4.900000095367432,Centro,4.900000095367432,4.900000095367432,8.0,8.0,19.0,876.125,876.125,629.421052631579,858.0,858.0,450.0,8.0,8.0,19.0,858.0,858.0,450.0,900.0,900.0,858.0,18876.0,44616.0,32400.0,0.7333333333333333,0.8666666666666667,0.7912087912087912,22.0,52.0,72.0,True,True,True,1,1
1258059892964067437,apartamento,4,3.0,9,6,0,420.0,0.0,Meia Praia,0.0,,,,,,,,,,,,,,,,,,,,,,,,,,,,,,,,0,0
1307892976415279790,apartamento,3,2.0,6,4,1,300.0,5.0,Centro,5.0,5.0,,,,,,,,,,,,,,,,,,,,,,,,,,,,,,,0,0
38514587,apartamento,4,3.0,7,4,9,300.0,5.0,Meia Praia,5.0,5.0,29.0,59.0,90.0,883.3362068965516,861.498586440678,857.3601844444444,874.6667,873.75,867.3333,29.0,59.0,90.0,867.3333,857.33335,830.0,882.0,878.3333,878.3333,874.6667,873.75,867.3333,0.03333333333333333,0.016666666666666666,0.01098901098901099,1.0,1.0,1.0,True,True,True,1,1
9009370,apartamento,3,2.0,7,5,8,250.0,4.880000114440918,Meia Praia,4.880000114440918,4.880000114440918,,,,,,,,,,,,,,,,,,,,,,,,,,,,,,,0,0
1279044816202788334,apartamento,2,3.0,6,2,0,200.0,0.0,Centro,0.0,,,,,,,,,,,,,,,,,,,,,,,,,,,,,,,,0,0
1310162805894175309,hotel,1,1.0,4,1,0,0.0,0.0,Ilhota,0.0,,,,,,,,,,,,,,,,,,,,,,,,,,,,,,,,0,0
1248685472424986601,apartamento,2,2.0,6,3,10,300.0,5.0,Morretes,5.0,5.0,,,,,,,,,,,,,,,,,,,,,,,,,,,,,,,0,0
1293507005688062082,apartamento,3,3.0,6,3,0,0.0,0.0,Meia Praia,0.0,,,,,,,,,,,,,,,,,,,,,,,,,,,,,,,,0,0
840525492567265584,casa,4,3.0,11,7,24,200.0,4.960000038146973,Centro,4.960000038146973,4.960000038146973,0.0,13.0,39.0,,1589.7692307692307,1196.5897435897436,,1500.0,1000.0,0.0,13.0,39.0,,1500.0,1000.0,,2000.0,1250.0,,70500.0,52000.0,1.0,0.7833333333333333,0.5714285714285714,30.0,47.0,52.0,False,True,True,1,1
1111212394533170173,apartamento,2,2.0,8,3,0,350.0,0.0,Meia Praia,0.0,,,,,,,,,,,,,,,,,,,,,,,,,,,,,,,,0,0
1197140458682998270,outros,1,1.0,2,1,0,0.0,0.0,Morretes,0.0,,,,,,,,,,,,,,,,,,,,,,,,,,,,,,,,0,0
27873929,apartamento,3,2.0,8,3,10,280.0,5.0,Centro,5.0,5.0,,,,,,,,,,,,,,,,,,,,,,,,,,,,,,,0,0
1217884666261792316,apartamento,3,3.0,8,4,0,350.0,0.0,Meia Praia,0.0,,,,,,,,,,,,,,,,,,,,,,,,,,,,,,,,0,0
41658086,apartamento,3,4.0,10,3,0,0.0,0.0,Meia Praia,0.0,,,,,,,,,,,,,,,,,,,,,,,,,,,,,,,,0,0
47782979,outros,1,1.0,2,1,39,0.0,4.739999771118164,Canto da Praia,4.739999771118164,4.739999771118164,,,,,,,,,,,,,,,,,,,,,,,,,,,,,,,0,0
39316910,apartamento,4,3.0,10,4,52,300.0,4.789999961853027,Meia Praia,4.789999961853027,4.789999961853027,0.0,4.0,15.0,,790.0,684.0,,790.0,790.0,0.0,4.0,15.0,,790.0,500.0,,790.0,802.5,,44240.0,60040.0,1.0,0.9333333333333333,0.8351648351648352,30.0,56.0,76.0,False,True,True,1,0
37417268,outros,1,1.0,3,1,2,150.0,5.0,Centro,5.0,5.0,,,,,,,,,,,,,,,,,,,,,,,,,,,,,,,0,0
1289154878778190586,apartamento,3,3.0,8,3,1,350.0,5.0,Meia Praia,5.0,5.0,,,,,,,,,,,,,,,,,,,,,,,,,,,,,,,0,0
1221783597725078633,apartamento,3,2.0,6,4,0,500.0,0.0,Centro,0.0,,,,,,,,,,,,,,,,,,,,,,,,,,,,,,,,0,0
1305046192475138832,casa,2,1.0,4,2,0,100.0,0.0,Centro,0.0,,,,,,,,,,,,,,,,,,,,,,,,,,,,,,,,0,0
39394644,apartamento,3,2.0,8,5,5,300.0,5.0,Meia Praia,5.0,5.0,12.0,42.0,73.0,812.1666666666666,781.1190452380953,726.2739698630138,800.0,800.0,650.0,12.0,42.0,73.0,800.0,670.3333,650.0,800.0,800.0,800.0,14400.0,14400.0,11700.0,0.6,0.3,0.1978021978021978,18.0,18.0,18.0,True,True,True,1,1
999878029080069212,apartamento,2,2.0,4,2,0,0.0,0.0,Meia Praia,0.0,,,,,,,,,,,,,,,,,,,,,,,,,,,,,,,,0,0
30795921,apartamento,3,3.0,8,3,8,250.0,5.0,Meia Praia,5.0,5.0,,,,,,,,,,,,,,,,,,,,,,,,,,,,,,,0,0
1270356705472728655,casa,3,3.0,5,3,1,200.0,5.0,Alto Sao Bento,5.0,5.0,,,,,,,,,,,,,,,,,,,,,,,,,,,,,,,0,0
21091876,apartamento,3,2.0,6,3,11,350.0,4.909999847412109,Meia Praia,4.909999847412109,4.909999847412109,16.0,46.0,77.0,833.3125,768.1086956521739,751.077922077922,900.0,700.0,700.0,16.0,46.0,77.0,700.0,700.0,700.0,900.0,900.0,833.0,12600.0,9800.0,9800.0,0.4666666666666667,0.23333333333333334,0.15384615384615385,14.0,14.0,14.0,True,True,True,1,1
1288482464982273596,apartamento,3,2.0,8,5,0,350.0,0.0,Centro,0.0,,,,,,,,,,,,,,,,,,,,,,,,,,,,,,,,0,0
701243249365514750,casa,2,3.0,8,4,0,0.0,0.0,Tabuleiro dos Oliveiras,0.0,,,,,,,,,,,,,,,,,,,,,,,,,,,,,,,,0,0
10969271,apartamento,3,6.0,8,4,0,350.0,0.0,Meia Praia,0.0,,,,,,,,,,,,,,,,,,,,,,,,,,,,,,,,0,0
1278317570000344746,apartamento,2,2.0,5,2,0,250.0,0.0,Morretes,0.0,,,,,,,,,,,,,,,,,,,,,,,,,,,,,,,,0,0
21621339,apartamento,2,2.0,6,3,15,220.0,5.0,Meia Praia,5.0,5.0,,,,,,,,,,,,,,,,,,,,,,,,,,,,,,,0,0
1304367299559603295,apartamento,3,3.0,6,3,4,350.0,5.0,Meia Praia,5.0,5.0,,,,,,,,,,,,,,,,,,,,,,,,,,,,,,,0,0
48345277,apartamento,4,3.0,12,4,9,300.0,4.110000133514404,Meia Praia,4.110000133514404,4.110000133514404,,,,,,,,,,,,,,,,,,,,,,,,,,,,,,,0,0
1213080842711281763,apartamento,1,1.0,2,2,1,200.0,5.0,Centro,5.0,5.0,,,,,,,,,,,,,,,,,,,,,,,,,,,,,,,0,0
1307990676918354925,apartamento,1,1.0,4,2,3,190.0,4.670000076293945,Centro,4.670000076293945,4.670000076293945,18.0,48.0,79.0,592.9722222222222,593.53125,547.246835443038,589.5,594.0,554.0,18.0,48.0,79.0,574.625,539.25,446.0,594.0,653.0,614.0,7074.0,7128.0,6648.0,0.4,0.2,0.13186813186813187,12.0,12.0,12.0,True,True,True,1,1
687757820659405525,apartamento,2,2.0,6,3,8,220.0,5.0,Morretes,5.0,5.0,25.0,55.0,86.0,564.4,576.6818181818181,570.2906976744187,557.5,557.5,557.5,25.0,55.0,86.0,550.0,550.0,550.0,580.0,580.0,572.5,2787.5,2787.5,2787.5,0.16666666666666666,0.08333333333333333,0.054945054945054944,5.0,5.0,5.0,True,True,True,1,1
47150357,apartamento,3,2.0,6,6,5,150.0,4.400000095367432,Morretes,4.400000095367432,4.400000095367432,,,,,,,,,,,,,,,,,,,,,,,,,,,,,,,0,0
28929249,apartamento,1,1.0,4,1,227,0.0,4.840000152587891,Meia Praia,4.840000152587891,4.840000152587891,,,,,,,,,,,,,,,,,,,,,,,,,,,,,,,0,0
1229783027824297960,casa,2,2.0,4,1,3,300.0,5.0,Alto Sao Bento,5.0,5.0,,,,,,,,,,,,,,,,,,,,,,,,,,,,,,,0,0
770131545986036241,apartamento,3,3.0,8,4,36,300.0,4.920000076293945,Meia Praia,4.920000076293945,4.920000076293945,15.0,41.0,72.0,933.3333333333334,1012.1951219512196,963.8888888888889,900.0,900.0,900.0,15.0,41.0,72.0,900.0,900.0,900.0,1000.0,1000.0,900.0,13500.0,17100.0,17100.0,0.5,0.31666666666666665,0.2087912087912088,15.0,19.0,19.0,True,True,True,1,1
21383448,apartamento,3,2.0,8,5,53,250.0,4.980000019073486,Meia Praia,4.980000019073486,4.980000019073486,,,,,,,,,,,,,,,,,,,,,,,,,,,,,,,0,0
42840664,apartamento,1,1.0,2,1,3,300.0,5.0,Centro,5.0,5.0,,,,,,,,,,,,,,,,,,,,,,,,,,,,,,,0,0
1013616590713546479,apartamento,4,3.0,8,6,4,250.0,4.75,Meia Praia,4.75,4.75,,,,,,,,,,,,,,,,,,,,,,,,,,,,,,,0,0
764376917677304019,apartamento,3,3.0,8,5,7,350.0,4.860000133514404,Morretes,4.860000133514404,4.860000133514404,,,,,,,,,,,,,,,,,,,,,,,,,,,,,,,0,0
1311385271976535628,apartamento,2,1.0,4,3,1,200.0,5.0,Casa Branca,5.0,5.0,,,,,,,,,,,,,,,,,,,,,,,,,,,,,,,0,0
792096103347120988,apartamento,2,2.0,6,2,15,250.0,5.0,Tabuleiro dos Oliveiras,5.0,5.0,11.0,24.0,24.0,377.27272727272725,410.90625,410.90625,390.0,390.0,390.0,11.0,24.0,24.0,390.0,390.0,390.0,390.0,412.9375,412.9375,7410.0,14040.0,26130.0,0.6333333333333333,0.6,0.7362637362637363,19.0,36.0,67.0,True,True,True,1,1
958585314340676290,apartamento,3,3.0,7,3,8,300.0,4.880000114440918,Meia Praia,4.880000114440918,4.880000114440918,,,,,,,,,,,,,,,,,,,,,,,,,,,,,,,0,0
1292979639820528358,apartamento,1,1.0,4,2,1,200.0,5.0,Centro,5.0,5.0,,,,,,,,,,,,,,,,,,,,,,,,,,,,,,,0,0
1084684660471816372,casa,1,1.0,2,1,1,0.0,4.0,Morretes,4.0,4.0,,,,,,,,,,,,,,,,,,,,,,,,,,,,,,,0,0
1268356543846662992,apartamento,2,1.0,6,4,2,250.0,5.0,Meia Praia,5.0,5.0,,,,,,,,,,,,,,,,,,,,,,,,,,,,,,,0,0
1267447886862969484,apartamento,3,3.0,8,4,2,400.0,5.0,Meia Praia,5.0,5.0,,,,,,,,,,,,,,,,,,,,,,,,,,,,,,,0,0
52619006,apartamento,2,2.0,6,3,70,260.0,5.0,Centro,5.0,5.0,1.0,24.0,38.0,600.0,529.875,488.60526315789474,600.0,450.0,450.0,1.0,24.0,38.0,600.0,450.0,450.0,600.0,625.0,450.0,17400.0,16200.0,23850.0,0.9666666666666667,0.6,0.5824175824175825,29.0,36.0,53.0,True,True,True,1,1
1282027957414335220,apartamento,3,2.0,6,4,1,300.0,5.0,Meia Praia,5.0,5.0,,,,,,,,,,,,,,,,,,,,,,,,,,,,,,,0,0
41686810,outros,2,2.0,2,2,24,100.0,4.710000038146973,Meia Praia,4.710000038146973,4.710000038146973,6.0,28.0,59.0,90.0,90.35714285714286,95.42372881355932,90.0,90.0,100.0,6.0,28.0,59.0,90.0,90.0,90.0,90.0,90.0,100.0,2160.0,2880.0,3200.0,0.8,0.5333333333333333,0.3516483516483517,24.0,32.0,32.0,True,True,True,1,0
1047076421918890039,apartamento,3,2.0,10,5,4,449.0,4.5,Meia Praia,4.5,4.5,,,,,,,,,,,,,,,,,,,,,,,,,,,,,,,0,0
784821821299783202,outros,1,1.0,2,1,9,80.0,4.78000020980835,Meia Praia,4.78000020980835,4.78000020980835,,,,,,,,,,,,,,,,,,,,,,,,,,,,,,,0,0
1276175886462563504,apartamento,2,4.0,8,2,2,250.0,5.0,Meia Praia,5.0,5.0,,,,,,,,,,,,,,,,,,,,,,,,,,,,,,,0,0
25918412,apartamento,2,2.0,5,5,37,147.0,4.889999866485596,Meia Praia,4.889999866485596,4.889999866485596,,,,,,,,,,,,,,,,,,,,,,,,,,,,,,,0,0
547281489077476284,apartamento,2,2.0,4,4,11,300.0,5.0,Jardim Praiamar,5.0,5.0,,,,,,,,,,,,,,,,,,,,,,,,,,,,,,,0,0
1218818467971940445,apartamento,2,2.0,6,2,0,250.0,0.0,Meia Praia,0.0,,,,,,,,,,,,,,,,,,,,,,,,,,,,,,,,0,0
1181450474313604315,apartamento,4,2.0,8,1,1,200.0,5.0,Meia Praia,5.0,5.0,,,,,,,,,,,,,,,,,,,,,,,,,,,,,,,0,0
1058535274367822537,apartamento,3,2.0,8,6,0,0.0,0.0,Meia Praia,0.0,,,,,,,,,,,,,,,,,,,,,,,,,,,,,,,,0,0
956398979498945273,apartamento,3,3.0,8,3,17,250.0,5.0,Meia Praia,5.0,5.0,0.0,14.0,39.0,,500.0,464.1025641025641,,500.0,500.0,0.0,14.0,39.0,,500.0,400.0,,500.0,500.0,,23000.0,26000.0,1.0,0.7666666666666667,0.5714285714285714,30.0,46.0,52.0,False,True,True,1,1
1030481451149804053,apartamento,3,2.0,8,3,3,0.0,5.0,Meia Praia,5.0,5.0,,,,,,,,,,,,,,,,,,,,,,,,,,,,,,,0,0
27867004,apartamento,3,2.0,10,5,3,499.0,5.0,Centro,5.0,5.0,,,,,,,,,,,,,,,,,,,,,,,,,,,,,,,0,0
54218940,apartamento,3,2.0,8,3,7,250.0,4.860000133514404,Meia Praia,4.860000133514404,4.860000133514404,,,,,,,,,,,,,,,,,,,,,,,,,,,,,,,0,0
53043874,apartamento,4,4.0,8,5,13,350.0,5.0,Meia Praia,5.0,5.0,,,,,,,,,,,,,,,,,,,,,,,,,,,,,,,0,0
1070343877574441166,apartamento,2,2.0,5,2,12,150.0,5.0,Morretes,5.0,5.0,5.0,5.0,19.0,331.0,331.0,308.1578947368421,350.0,350.0,300.0,5.0,5.0,19.0,300.0,300.0,300.0,350.0,350.0,300.0,8750.0,19250.0,21600.0,0.8333333333333334,0.9166666666666666,0.7912087912087912,25.0,55.0,72.0,True,True,True,1,1
1286405768854162028,apartamento,4,3.0,10,4,0,0.0,0.0,Meia Praia,0.0,,,,,,,,,,,,,,,,,,,,,,,,,,,,,,,,0,0
1257481023975911046,apartamento,2,1.0,5,2,4,150.0,4.75,Meia Praia,4.75,4.75,,,,,,,,,,,,,,,,,,,,,,,,,,,,,,,0,0
1313097441898276704,apartamento,3,2.0,8,6,0,0.0,0.0,Centro,0.0,,,,,,,,,,,,,,,,,,,,,,,,,,,,,,,,0,0
31359070,apartamento,4,4.0,10,7,5,300.0,5.0,Centro,5.0,5.0,,,,,,,,,,,,,,,,,,,,,,,,,,,,,,,0,0
1018012011695779860,casa,2,1.0,6,2,0,0.0,0.0,Morretes,0.0,,,,,,,,,,,,,,,,,,,,,,,,,,,,,,,,0,0
723730363541361267,apartamento,3,3.0,8,4,7,250.0,5.0,Meia Praia,5.0,5.0,,,,,,,,,,,,,,,,,,,,,,,,,,,,,,,0,0
31430342,apartamento,2,2.0,7,5,12,250.0,5.0,Meia Praia,5.0,5.0,,,,,,,,,,,,,,,,,,,,,,,,,,,,,,,0,0
807901303033876952,apartamento,3,2.0,6,3,0,249.0,0.0,Centro,0.0,,,,,,,,,,,,,,,,,,,,,,,,,,,,,,,,0,0
733514433976812864,apartamento,2,2.0,5,2,8,300.0,5.0,Meia Praia,5.0,5.0,,,,,,,,,,,,,,,,,,,,,,,,,,,,,,,0,0
805120730441681952,apartamento,3,2.0,6,3,1,200.0,5.0,Meia Praia,5.0,5.0,,,,,,,,,,,,,,,,,,,,,,,,,,,,,,,0,0
1094307053007905987,apartamento,3,2.0,8,3,2,200.0,5.0,Alto Sao Bento,5.0,5.0,,,,,,,,,,,,,,,,,,,,,,,,,,,,,,,0,0
1282108677050958850,apartamento,2,2.0,6,4,2,397.0,5.0,Meia Praia,5.0,5.0,,,,,,,,,,,,,,,,,,,,,,,,,,,,,,,0,0
16566726,apartamento,4,3.0,9,5,1,250.0,5.0,Centro,5.0,5.0,,,,,,,,,,,,,,,,,,,,,,,,,,,,,,,0,0
32644324,apartamento,2,2.0,6,2,203,80.0,4.769999980926514,Tabuleiro dos Oliveiras,4.769999980926514,4.769999980926514,,,,,,,,,,,,,,,,,,,,,,,,,,,,,,,0,0
30117708,apartamento,4,3.0,10,7,1,250.0,5.0,Meia Praia,5.0,5.0,,,,,,,,,,,,,,,,,,,,,,,,,,,,,,,0,0
1247046420719729525,apartamento,3,3.0,8,3,1,300.0,5.0,Meia Praia,5.0,5.0,,,,,,,,,,,,,,,,,,,,,,,,,,,,,,,0,0
44165747,apartamento,2,2.0,5,3,8,200.0,4.880000114440918,Meia Praia,4.880000114440918,4.880000114440918,,,,,,,,,,,,,,,,,,,,,,,,,,,,,,,0,0
1001382352686700814,apartamento,3,4.0,6,3,0,300.0,0.0,Meia Praia,0.0,,,,,,,,,,,,,,,,,,,,,,,,,,,,,,,,0,0
1059261654377576396,apartamento,1,1.0,3,1,0,240.0,0.0,Meia Praia,0.0,,,,,,,,,,,,,,,,,,,,,,,,,,,,,,,,0,0
826079934498070369,apartamento,3,4.0,8,5,0,350.0,0.0,Meia Praia,0.0,,,,,,,,,,,,,,,,,,,,,,,,,,,,,,,,0,0
827032525024041844,outros,1,1.0,2,1,0,0.0,0.0,Centro,0.0,,,,,,,,,,,,,,,,,,,,,,,,,,,,,,,,0,0
46088002,apartamento,2,3.0,5,3,103,200.0,4.829999923706055,Meia Praia,4.829999923706055,4.829999923706055,7.0,32.0,43.0,648.0,648.0,648.0,648.0,648.0,648.0,7.0,32.0,43.0,648.0,648.0,648.0,648.0,648.0,648.0,14904.0,18144.0,31104.0,0.7666666666666667,0.4666666666666667,0.5274725274725275,23.0,28.0,48.0,True,True,True,1,1
1052316377617207925,apartamento,2,2.0,6,5,4,280.0,4.5,Centro,4.5,4.5,,,,,,,,,,,,,,,,,,,,,,,,,,,,,,,0,0
1211041583203981859,casa,1,1.0,2,1,9,50.0,4.889999866485596,Morretes,4.889999866485596,4.889999866485596,,,,,,,,,,,,,,,,,,,,,,,,,,,,,,,0,0
1186374250100288090,apartamento,2,1.0,4,2,8,200.0,5.0,Morretes,5.0,5.0,,,,,,,,,,,,,,,,,,,,,,,,,,,,,,,0,0
1283616910460903126,apartamento,3,2.0,9,5,0,440.0,0.0,Meia Praia,0.0,,,,,,,,,,,,,,,,,,,,,,,,,,,,,,,,0,0
53918137,apartamento,2,2.0,6,3,14,290.0,4.929999828338623,Meia Praia,4.929999828338623,4.929999828338623,,,,,,,,,,,,,,,,,,,,,,,,,,,,,,,0,0
1316676139187881178,casa,2,1.0,6,2,1,150.0,5.0,Varzea,5.0,5.0,,,,,,,,,,,,,,,,,,,,,,,,,,,,,,,0,0
816548646366675642,apartamento,3,2.0,5,3,6,150.0,4.670000076293945,Centro,4.670000076293945,4.670000076293945,,,,,,,,,,,,,,,,,,,,,,,,,,,,,,,0,0
1240553834723755861,apartamento,2,2.0,4,2,1,0.0,5.0,Meia Praia,5.0,5.0,,,,,,,,,,,,,,,,,,,,,,,,,,,,,,,0,0
1061660313612584393,apartamento,1,1.0,4,1,1,200.0,5.0,Centro,5.0,5.0,,,,,,,,,,,,,,,,,,,,,,,,,,,,,,,0,0
37294563,apartamento,3,2.0,6,4,5,300.0,5.0,Meia Praia,5.0,5.0,,,,,,,,,,,,,,,,,,,,,,,,,,,,,,,0,0
1316642419978955466,apartamento,2,1.0,6,3,0,350.0,0.0,Meia Praia,0.0,,,,,,,,,,,,,,,,,,,,,,,,,,,,,,,,0,0
1064415833040973756,casa,3,3.0,10,6,1,250.0,5.0,Meia Praia,5.0,5.0,,,,,,,,,,,,,,,,,,,,,,,,,,,,,,,0,0
39745810,apartamento,4,5.0,8,3,0,700.0,0.0,Meia Praia,0.0,,28.0,58.0,89.0,2250.0,2273.7838689655173,2352.5782516853933,2250.0,2250.0,2250.0,28.0,58.0,89.0,2250.0,2250.0,2250.0,2250.0,2250.0,2500.0,4500.0,4500.0,4500.0,0.06666666666666667,0.03333333333333333,0.02197802197802198,2.0,2.0,2.0,True,True,True,1,0
29989615,apartamento,3,2.0,8,3,2,350.0,5.0,Meia Praia,5.0,5.0,,,,,,,,,,,,,,,,,,,,,,,,,,,,,,,0,0
1220979237786390131,apartamento,3,2.0,8,3,2,450.0,5.0,Meia Praia,5.0,5.0,,,,,,,,,,,,,,,,,,,,,,,,,,,,,,,0,0
1057921303854839296,apartamento,3,2.0,8,4,2,250.0,5.0,Meia Praia,5.0,5.0,,,,,,,,,,,,,,,,,,,,,,,,,,,,,,,0,0
1268333949441747573,apartamento,4,3.0,12,5,0,300.0,0.0,Meia Praia,0.0,,,,,,,,,,,,,,,,,,,,,,,,,,,,,,,,0,0
968763887161579636,apartamento,2,2.0,6,2,2,250.0,5.0,Meia Praia,5.0,5.0,,,,,,,,,,,,,,,,,,,,,,,,,,,,,,,0,0
703527486074504582,apartamento,2,1.0,5,4,18,300.0,4.940000057220459,Meia Praia,4.940000057220459,4.940000057220459,6.0,36.0,67.0,381.6666666666667,363.1111111111111,333.910447761194,398.0,398.0,300.0,6.0,36.0,67.0,398.0,300.0,300.0,398.0,398.0,398.0,9552.0,9552.0,7200.0,0.8,0.4,0.26373626373626374,24.0,24.0,24.0,True,True,True,1,1
1081929057858455873,apartamento,3,3.0,8,4,0,400.0,0.0,Meia Praia,0.0,,,,,,,,,,,,,,,,,,,,,,,,,,,,,,,,0,0
1313724251824326300,apartamento,4,4.0,12,4,0,750.0,0.0,Meia Praia,0.0,,,,,,,,,,,,,,,,,,,,,,,,,,,,,,,,0,0
1145938005186269294,apartamento,3,2.0,6,0,2,250.0,5.0,Centro,5.0,5.0,,,,,,,,,,,,,,,,,,,,,,,,,,,,,,,0,0
1318764315423986286,apartamento,1,1.0,4,2,0,150.0,0.0,Meia Praia,0.0,,,,,,,,,,,,,,,,,,,,,,,,,,,,,,,,0,0
1199996219082185363,apartamento,2,1.0,5,2,12,0.0,4.670000076293945,Morretes,4.670000076293945,4.670000076293945,9.0,27.0,54.0,327.77777777777777,254.33333333333334,212.35185185185185,350.0,250.0,200.0,9.0,27.0,54.0,300.0,200.0,150.0,350.0,300.0,250.0,7350.0,8250.0,7400.0,0.7,0.55,0.4065934065934066,21.0,33.0,37.0,True,True,True,1,1
1043713458053737844,apartamento,2,2.0,5,2,4,300.0,5.0,Meia Praia,5.0,5.0,,,,,,,,,,,,,,,,,,,,,,,,,,,,,,,0,0
1314787149382667536,casa,1,1.0,3,2,2,0.0,4.5,Morretes,4.5,4.5,,,,,,,,,,,,,,,,,,,,,,,,,,,,,,,0,0
1234163308515824235,apartamento,4,5.0,8,4,0,0.0,0.0,Meia Praia,0.0,,,,,,,,,,,,,,,,,,,,,,,,,,,,,,,,0,0
1281906611974571860,hotel,1,1.0,4,1,0,0.0,0.0,Ilhota,0.0,,,,,,,,,,,,,,,,,,,,,,,,,,,,,,,,0,0
1163132009168177821,apartamento,4,3.0,8,4,1,0.0,5.0,Meia Praia,5.0,5.0,,,,,,,,,,,,,,,,,,,,,,,,,,,,,,,0,0
1276789839775235217,apartamento,2,2.0,4,2,15,300.0,5.0,Morretes,5.0,5.0,,,,,,,,,,,,,,,,,,,,,,,,,,,,,,,0,0
33336758,apartamento,2,2.0,6,2,29,250.0,4.860000133514404,Meia Praia,4.860000133514404,4.860000133514404,5.0,19.0,30.0,520.0,545.2456157894736,471.45555666666667,520.0,520.0,480.0,5.0,19.0,30.0,520.0,500.0,344.0,520.0,648.0,559.75,13000.0,21320.0,29280.0,0.8333333333333334,0.6833333333333333,0.6703296703296703,25.0,41.0,61.0,True,True,True,1,1
923133320997277084,apartamento,0,1.0,4,2,24,150.0,5.0,Meia Praia,5.0,5.0,12.0,25.0,39.0,550.0,462.44,396.43589743589746,550.0,550.0,300.0,12.0,25.0,39.0,550.0,300.0,300.0,550.0,550.0,550.0,9900.0,19250.0,15600.0,0.6,0.5833333333333334,0.5714285714285714,18.0,35.0,52.0,True,True,True,1,1
47815499,apartamento,2,2.0,6,2,8,290.0,4.630000114440918,Meia Praia,4.630000114440918,4.630000114440918,,,,,,,,,,,,,,,,,,,,,,,,,,,,,,,0,0
1065944631275468920,casa,3,2.0,10,7,0,350.0,0.0,Morretes,0.0,,,,,,,,,,,,,,,,,,,,,,,,,,,,,,,,0,0
1290288247931203307,apartamento,3,3.0,9,7,0,200.0,0.0,Meia Praia,0.0,,,,,,,,,,,,,,,,,,,,,,,,,,,,,,,,0,0
4635504,apartamento,2,2.0,4,3,11,200.0,4.820000171661377,Meia Praia,4.820000171661377,4.820000171661377,,,,,,,,,,,,,,,,,,,,,,,,,,,,,,,0,0
1234176985480942594,apartamento,2,2.0,6,2,0,300.0,0.0,Centro,0.0,,,,,,,,,,,,,,,,,,,,,,,,,,,,,,,,0,0
54404085,apartamento,3,2.0,8,3,0,200.0,0.0,Centro,0.0,,,,,,,,,,,,,,,,,,,,,,,,,,,,,,,,0,0
48158176,apartamento,2,2.0,6,2,33,280.0,4.909999847412109,Meia Praia,4.909999847412109,4.909999847412109,3.0,8.0,29.0,550.0,450.0,364.54022965517237,550.0,390.0,390.0,3.0,8.0,29.0,550.0,390.0,290.0,550.0,550.0,390.0,14850.0,20280.0,24180.0,0.9,0.8666666666666667,0.6813186813186813,27.0,52.0,62.0,True,True,True,1,1
963947891845223019,apartamento,3,2.0,10,4,0,0.0,0.0,Meia Praia,0.0,,,,,,,,,,,,,,,,,,,,,,,,,,,,,,,,0,0
745632820094188215,apartamento,3,3.0,8,3,7,400.0,5.0,Meia Praia,5.0,5.0,,,,,,,,,,,,,,,,,,,,,,,,,,,,,,,0,0
1086855144095843601,apartamento,2,1.0,4,3,14,175.0,4.929999828338623,Casa Branca,4.929999828338623,4.929999828338623,,,,,,,,,,,,,,,,,,,,,,,,,,,,,,,0,0
1312926515220952470,apartamento,2,1.0,4,3,0,250.0,0.0,Morretes,0.0,,,,,,,,,,,,,,,,,,,,,,,,,,,,,,,,0,0
694947516825280143,apartamento,3,2.0,8,5,24,500.0,5.0,Meia Praia,5.0,5.0,0.0,2.0,21.0,,330.0,332.23809523809524,,330.0,330.0,0.0,2.0,21.0,,330.0,330.0,,330.0,330.0,,19140.0,23100.0,1.0,0.9666666666666667,0.7692307692307693,30.0,58.0,70.0,False,True,True,1,1
766052072199682693,apartamento,1,2.0,6,3,23,200.0,4.78000020980835,Meia Praia,4.78000020980835,4.78000020980835,3.0,26.0,57.0,375.0,602.0961538461538,647.2105263157895,375.0,550.0,750.0,3.0,26.0,57.0,375.0,550.0,550.0,375.0,750.0,750.0,10125.0,18700.0,25500.0,0.9,0.5666666666666667,0.37362637362637363,27.0,34.0,34.0,True,True,True,1,1
1316186007282390658,apartamento,1,1.0,4,2,0,230.0,0.0,Meia Praia,0.0,,,,,,,,,,,,,,,,,,,,,,,,,,,,,,,,0,0
15734258,apartamento,3,2.0,8,3,0,300.0,0.0,Meia Praia,0.0,,,,,,,,,,,,,,,,,,,,,,,,,,,,,,,,0,0
1313995106969296933,apartamento,2,2.0,4,2,0,0.0,0.0,Tabuleiro dos Oliveiras,0.0,,,,,,,,,,,,,,,,,,,,,,,,,,,,,,,,0,0
925914258310920344,apartamento,2,1.0,6,2,0,150.0,0.0,Meia Praia,0.0,,,,,,,,,,,,,,,,,,,,,,,,,,,,,,,,0,0
1309417657149755613,apartamento,2,1.0,4,3,0,250.0,0.0,Morretes,0.0,,,,,,,,,,,,,,,,,,,,,,,,,,,,,,,,0,0
41126139,apartamento,0,0.0,5,3,0,200.0,0.0,Centro,0.0,,,,,,,,,,,,,,,,,,,,,,,,,,,,,,,,0,0
52969803,apartamento,2,2.0,5,3,27,160.0,5.0,Centro,5.0,5.0,7.0,30.0,61.0,341.42857142857144,347.6666666666667,346.1475409836066,350.0,335.0,350.0,7.0,30.0,61.0,330.0,335.0,335.0,350.0,350.0,350.0,8050.0,10050.0,10500.0,0.7666666666666667,0.5,0.32967032967032966,23.0,30.0,30.0,True,True,True,1,1
1148765524500353762,apartamento,3,1.0,12,4,1,350.0,5.0,Meia Praia,5.0,5.0,,,,,,,,,,,,,,,,,,,,,,,,,,,,,,,0,0
18735821,apartamento,2,2.0,8,3,10,250.0,4.199999809265137,Meia Praia,4.199999809265137,4.199999809265137,,,,,,,,,,,,,,,,,,,,,,,,,,,,,,,0,0
1083424325445690046,apartamento,2,3.0,5,4,5,250.0,5.0,Meia Praia,5.0,5.0,,,,,,,,,,,,,,,,,,,,,,,,,,,,,,,0,0
1040593269888615683,apartamento,3,2.0,8,4,7,250.0,5.0,Meia Praia,5.0,5.0,,,,,,,,,,,,,,,,,,,,,,,,,,,,,,,0,0
670972349837021205,apartamento,3,3.0,8,4,0,400.0,0.0,Meia Praia,0.0,,,,,,,,,,,,,,,,,,,,,,,,,,,,,,,,0,0
917551937462777133,apartamento,2,2.0,6,2,0,0.0,0.0,Tabuleiro dos Oliveiras,0.0,,,,,,,,,,,,,,,,,,,,,,,,,,,,,,,,0,0
28429135,apartamento,0,0.0,8,1,11,350.0,4.909999847412109,Meia Praia,4.909999847412109,4.909999847412109,2.0,32.0,63.0,432.5,530.11354125,433.16878285714284,432.5,432.08333,330.8,2.0,32.0,63.0,431.25,331.2,330.0,433.75,648.5,432.08333,12110.0,12098.33324,9262.4,0.9333333333333333,0.4666666666666667,0.3076923076923077,28.0,28.0,28.0,True,True,True,1,0
30354217,apartamento,3,2.0,8,5,36,200.0,4.559999942779541,Meia Praia,4.559999942779541,4.559999942779541,,,,,,,,,,,,,,,,,,,,,,,,,,,,,,,0,0
1249280869300332434,apartamento,3,3.0,8,3,0,300.0,0.0,Morretes,0.0,,,,,,,,,,,,,,,,,,,,,,,,,,,,,,,,0,0
1020554963948833757,apartamento,4,3.0,10,5,4,350.0,4.75,Meia Praia,4.75,4.75,,,,,,,,,,,,,,,,,,,,,,,,,,,,,,,0,0
1263182730237407812,apartamento,4,3.0,12,6,3,360.0,5.0,Meia Praia,5.0,5.0,,,,,,,,,,,,,,,,,,,,,,,,,,,,,,,0,0
1050016944647787084,apartamento,3,4.0,7,3,0,300.0,0.0,Meia Praia,0.0,,,,,,,,,,,,,,,,,,,,,,,,,,,,,,,,0,0
1311188688832400536,apartamento,4,4.0,12,9,1,400.0,5.0,Meia Praia,5.0,5.0,,,,,,,,,,,,,,,,,,,,,,,,,,,,,,,0,0
1036245475735774882,apartamento,2,2.0,6,2,3,300.0,5.0,Meia Praia,5.0,5.0,,,,,,,,,,,,,,,,,,,,,,,,,,,,,,,0,0
1036955655225647222,apartamento,2,2.0,6,2,12,260.0,4.829999923706055,Centro,4.829999923706055,4.829999923706055,,,,,,,,,,,,,,,,,,,,,,,,,,,,,,,0,0
1046663580902381675,apartamento,2,3.0,6,2,0,0.0,0.0,Meia Praia,0.0,,,,,,,,,,,,,,,,,,,,,,,,,,,,,,,,0,0
40482082,apartamento,2,3.0,5,2,21,200.0,4.480000019073486,Meia Praia,4.480000019073486,4.480000019073486,,,,,,,,,,,,,,,,,,,,,,,,,,,,,,,0,0
15500038,apartamento,3,2.0,9,4,25,300.0,4.880000114440918,Meia Praia,4.880000114440918,4.880000114440918,4.0,28.0,59.0,587.6666749999999,515.0809535714286,437.4553677966101,588.33335,584.33335,380.0,4.0,28.0,59.0,585.000025,404.75,365.0,591.0,621.3,496.4,15296.6671,18698.6672,12160.0,0.8666666666666667,0.5333333333333333,0.3516483516483517,26.0,32.0,32.0,True,True,True,1,1
922622223296896524,apartamento,3,2.0,8,4,3,330.0,4.670000076293945,Meia Praia,4.670000076293945,4.670000076293945,,,,,,,,,,,,,,,,,,,,,,,,,,,,,,,0,0
26708551,apartamento,3,2.0,10,7,361,60.0,4.829999923706055,Centro,4.829999923706055,4.829999923706055,8.0,31.0,60.0,657.375,661.0349451612902,531.4013883333333,654.0,654.0,425.25,8.0,31.0,60.0,654.0,588.16665,393.875,663.0,663.0,654.0,14388.0,18966.0,13182.75,0.7333333333333333,0.48333333333333334,0.34065934065934067,22.0,29.0,31.0,True,True,True,1,1
1202816406536335003,apartamento,0,1.0,4,1,0,200.0,0.0,Meia Praia,0.0,,,,,,,,,,,,,,,,,,,,,,,,,,,,,,,,0,0
1008864847930336278,casa,2,2.0,6,5,0,100.0,0.0,Morretes,0.0,,,,,,,,,,,,,,,,,,,,,,,,,,,,,,,,0,0
1062921566903078805,apartamento,4,3.0,12,5,0,300.0,0.0,Meia Praia,0.0,,,,,,,,,,,,,,,,,,,,,,,,,,,,,,,,0,0
52025452,apartamento,3,2.0,8,4,36,200.0,4.559999942779541,Meia Praia,4.559999942779541,4.559999942779541,,,,,,,,,,,,,,,,,,,,,,,,,,,,,,,0,0
1039249741334810278,apartamento,3,4.0,10,3,0,300.0,0.0,Meia Praia,0.0,,,,,,,,,,,,,,,,,,,,,,,,,,,,,,,,0,0
939325387438995809,apartamento,4,5.0,13,5,4,400.0,5.0,Meia Praia,5.0,5.0,16.0,37.0,68.0,1568.75,1467.5675675675675,1345.5882352941176,1700.0,1400.0,1200.0,16.0,37.0,68.0,1400.0,1200.0,1200.0,1700.0,1700.0,1475.0,23800.0,32200.0,27600.0,0.4666666666666667,0.38333333333333336,0.25274725274725274,14.0,23.0,23.0,True,True,True,1,1
1211498868869932520,apartamento,3,4.0,6,4,0,250.0,0.0,Meia Praia,0.0,,,,,,,,,,,,,,,,,,,,,,,,,,,,,,,,0,0
1292993601121137360,apartamento,3,4.0,8,3,0,0.0,0.0,Centro,0.0,,,,,,,,,,,,,,,,,,,,,,,,,,,,,,,,0,0
1310966640884237142,apartamento,3,2.0,8,4,1,350.0,5.0,Meia Praia,5.0,5.0,,,,,,,,,,,,,,,,,,,,,,,,,,,,,,,0,0
