listing_id,suburb_original,suburb_canonical,sale_price_num,usable_area_num,price_per_m2,listing_type,bedrooms,flag_outlier_price,flag_outlier_m2
2735746826,Meia Praia,Meia Praia,44000000.0,966,45548.65424430642,apartamento,7,1,0
2766852231,Canto da Praia,Canto da Praia,39499800.0,3400,11617.588235294117,terreno,0,1,0
2753354111,,,25000000.0,332,75301.2048192771,apartamento,5,1,1
2740231380,Ilhota,Ilhota,25000000.0,1747,14310.246136233543,casa,5,1,0
2735193923,Morretes,Morretes,24990000.0,331,75498.48942598187,casa,5,1,1
2752959293,Meia Praia,Meia Praia,24990000.0,331,75498.48942598187,apartamento,5,1,1
2761579415,Meia Praia,Meia Praia,24990000.0,331,75498.48942598187,apartamento,5,1,1
2754748296,Meia Praia,Meia Praia,21928180.0,417,52585.56354916067,apartamento,5,1,0
2723972240,Ilhota,Ilhota,21000000.0,856,24532.71028037383,casa,6,1,0
2751138502,Meia Praia,Meia Praia,20888000.0,483,43246.3768115942,apartamento,5,1,0
2770206625,Meia Praia,Meia Praia,20888000.0,483,43246.3768115942,apartamento,6,1,0
2758287618,Ilhota,Ilhota,20000900.0,1635,12232.96636085627,casa,6,1,0
2754746735,Meia Praia,Meia Praia,18985728.0,380,49962.44210526316,apartamento,5,1,0
2681256935,Meia Praia,Meia Praia,18835640.0,381,49437.37532808399,casa,6,1,0
2760274857,Meia Praia,Meia Praia,18835640.0,402,46854.82587064677,apartamento,6,1,0
2767583827,Ilhota,Ilhota,18370000.0,811,22651.048088779284,casa,4,1,0
2765063379,Ilhota,Ilhota,18370000.0,811,22651.048088779284,casa,4,1,0
2666619211,Andorinha,Andorinha,18370000.0,813,22595.325953259533,casa,4,1,0
2752684826,Ilhota,Ilhota,18370000.0,811,22651.048088779284,casa,4,1,0
2626580029,Ilhota,Ilhota,18370000.0,811,22651.048088779284,casa,4,1,0
2733219020,Ilhota,Ilhota,18370000.0,574,32003.48432055749,casa,3,1,0
2725006089,,,18370000.0,811,22651.048088779284,casa,4,1,0
2658991999,Andorinha,Andorinha,18370000.0,811,22651.048088779284,casa,4,1,0
2579121329,Canto da Praia,Canto da Praia,18300000.0,818,22371.63814180929,casa,4,1,0
2766855325,Ilhota,Ilhota,18099800.0,811,22317.879161528977,casa,4,1,0
2721918480,Castelo Branco,Castelo Branco,17660000.0,973,18150.05138746146,apartamento,5,1,0
2764630841,Centro,Centro,17500000.0,440,39772.72727272727,apartamento,5,1,0
2744007887,Centro,Centro,17500000.0,411,42579.075425790754,apartamento,5,1,0
2560060556,Centro,Centro,17499928.0,411,42578.900243309,apartamento,5,1,0
2768815730,Meia Praia,Meia Praia,17073328.0,427,39984.37470725995,apartamento,5,1,0
2764955330,Meia Praia,Meia Praia,17073328.0,427,39984.37470725995,apartamento,5,1,0
2735565849,Ilhota,Ilhota,17000000.0,2000,8500.0,casa,5,1,0
2763898626,Centro,Centro,16986696.0,427,39781.48946135832,apartamento,5,1,0
2765213232,Centro,Centro,16986694.0,427,39781.484777517566,apartamento,5,1,0
2754748003,Meia Praia,Meia Praia,16986694.0,427,39781.484777517566,apartamento,5,1,0
2609811607,Meia Praia,Meia Praia,16986000.0,428,39686.91588785047,apartamento,5,1,0
2767585017,Meia Praia,Meia Praia,16697866.0,427,39105.07259953162,apartamento,5,1,0
2626576930,Centro,Centro,16550000.0,440,37613.63636363636,apartamento,5,1,0
2670956205,Meia Praia,Meia Praia,16330000.0,427,38243.559718969555,apartamento,5,1,0
2684709393,Centro,Centro,16000000.0,714,22408.963585434172,apartamento,7,1,0
2767561421,Andorinha,Andorinha,16000000.0,1000,16000.0,comercial,0,1,0
2632160592,Centro,Centro,16000000.0,704,22727.272727272728,apartamento,7,1,0
2754745525,Centro,Centro,15643000.0,320,48884.375,apartamento,4,1,0
2764634214,Centro,Centro,15643000.0,320,48884.375,apartamento,4,1,0
2764853514,Morretes,Morretes,15000000.0,500,30000.0,casa,4,1,0
2738620080,Meia Praia,Meia Praia,15000000.0,240,62500.0,apartamento,4,1,1
2728462618,Ilhota,Ilhota,14950000.0,574,26045.296167247387,casa,6,1,0
2725007146,Ilhota,Ilhota,14950000.0,575,26000.0,casa,6,1,0
2752687396,Ilhota,Ilhota,14950000.0,574,26045.296167247387,casa,6,1,0
2765064429,Ilhota,Ilhota,14950000.0,574,26045.296167247387,casa,6,1,0
2749232997,Ilhota,Ilhota,14950000.0,1000,14950.0,casa,6,1,0
2770200069,Ilhota,Ilhota,14950000.0,574,26045.296167247387,casa,6,1,0
2733244125,Ilhota,Ilhota,14950000.0,574,26045.296167247387,casa,6,1,0
2766853941,Meia Praia,Meia Praia,14809800.0,427,34683.37236533958,apartamento,5,1,0
2758554925,Meia Praia,Meia Praia,14660000.0,800,18325.0,comercial,0,1,0
2769847033,Meia Praia,Meia Praia,14659530.0,800,18324.4125,comercial,1,1,0
2769187146,Meia Praia,Meia Praia,14659460.0,800,18324.325,comercial,0,1,0
2740138471,Tabuleiro dos Oliveiras,Tabuleiro dos Oliveiras,14500000.0,11500,1260.8695652173913,terreno,0,1,0
2458579201,Centro,Centro,14194800.0,297,47793.93939393939,apartamento,4,1,0
2767585018,Centro,Centro,14107500.0,295,47822.03389830508,apartamento,4,1,0
2761579321,Meia Praia,Meia Praia,13900000.0,207,67149.75845410628,apartamento,4,1,1
2748823300,Centro,Centro,13832699.0,200,69163.495,apartamento,4,1,1
2754744839,Meia Praia,Meia Praia,13832699.0,200,69163.495,apartamento,4,1,1
2609063275,Centro,Centro,13832699.0,200,69163.495,apartamento,4,1,1
2667008133,Meia Praia,Meia Praia,13750000.0,455,30219.78021978022,apartamento,5,1,0
2759608017,Meia Praia,Meia Praia,13702300.0,200,68511.5,apartamento,4,1,1
2759672234,Meia Praia,Meia Praia,13702300.0,200,68511.5,apartamento,4,1,1
2458580783,Centro,Centro,13702260.0,200,68511.3,apartamento,4,1,1
2448754274,Centro,Centro,13702260.0,201,68170.44776119402,apartamento,4,1,1
2767552717,Centro,Centro,13700000.0,200,68500.0,apartamento,4,1,1
2658963671,Centro,Centro,13598000.0,320,42493.75,apartamento,4,1,0
2761579323,Meia Praia,Meia Praia,13500000.0,264,51136.36363636364,apartamento,5,1,0
2657441096,Meia Praia,Meia Praia,13500000.0,257,52529.18287937743,apartamento,4,1,0
2749888251,Canto da Praia,Canto da Praia,13500000.0,457,29540.48140043764,apartamento,4,1,0
2769311789,Meia Praia,Meia Praia,13051000.0,426,30636.150234741785,apartamento,5,1,0
2764955616,Meia Praia,Meia Praia,13051000.0,426,30636.150234741785,apartamento,5,1,0
2748436622,Centro,Centro,13045266.0,560,23295.117857142857,apartamento,5,1,0
2676069503,Centro,Centro,13045266.0,561,23253.5935828877,casa,5,1,0
2764634759,Castelo Branco,Castelo Branco,13000000.0,281,46263.34519572954,apartamento,4,1,0
2609059393,Ilhota,Ilhota,13000000.0,450,28888.88888888889,casa,6,1,0
2764633193,Meia Praia,Meia Praia,13000000.0,217,59907.83410138249,apartamento,4,1,1
2637453962,Canto da Praia,Canto da Praia,12998800.0,457,28443.763676148796,apartamento,4,1,0
2686945428,Canto da Praia,Canto da Praia,12998800.0,457,28443.763676148796,apartamento,4,1,0
2765018995,,,12998800.0,457,28443.763676148796,apartamento,4,1,0
2761579514,Meia Praia,Meia Praia,12970000.0,252,51468.25396825397,apartamento,4,1,0
2752927375,Meia Praia,Meia Praia,12900000.0,179,72067.03910614525,apartamento,4,1,1
2764895513,Meia Praia,Meia Praia,12900000.0,239,53974.89539748954,apartamento,4,1,0
2574271432,Centro,Centro,12825000.0,295,43474.57627118644,apartamento,4,1,0
2572406181,Centro,Centro,12800000.0,237,54008.4388185654,apartamento,4,1,0
2761579219,Meia Praia,Meia Praia,12610000.0,264,47765.15151515151,apartamento,5,1,0
2569301259,Centro,Centro,12500000.0,411,30413.625304136254,apartamento,6,1,0
2766855614,Castelo Branco,Castelo Branco,12500000.0,290,43103.44827586207,apartamento,4,1,0
2770201569,Meia Praia,Meia Praia,12500000.0,455,27472.527472527472,apartamento,4,1,0
2569300958,Centro,Centro,12500000.0,411,30413.625304136254,apartamento,6,1,0
2689040524,Centro,Centro,12500000.0,411,30413.625304136254,apartamento,5,1,0
2509190222,Centro,Centro,12500000.0,411,30413.625304136254,apartamento,5,1,0
2593071642,Centro,Centro,12500000.0,411,30413.625304136254,apartamento,4,1,0
2753002161,Meia Praia,Meia Praia,12500000.0,252,49603.1746031746,apartamento,4,1,0
2496627921,Centro,Centro,12450000.0,200,62250.0,apartamento,4,1,1
2736166191,Meia Praia,Meia Praia,12413500.0,200,62067.5,apartamento,4,1,1
2761880118,Castelo Branco,Castelo Branco,12000000.0,523,22944.55066921606,apartamento,5,1,0
2761578432,Casa Branca,Casa Branca,12000000.0,688,17441.86046511628,casa,4,1,0
2732416567,Casa Branca,Casa Branca,12000000.0,689,17416.54571843251,casa,4,1,0
2765234023,Meia Praia,Meia Praia,12000000.0,245,48979.5918367347,apartamento,4,1,0
2764634145,Casa Branca,Casa Branca,12000000.0,450,26666.666666666668,casa,4,1,0
2747939820,Casa Branca,Casa Branca,12000000.0,689,17416.54571843251,casa,4,1,0
2759710722,Andorinha,Andorinha,11999900.0,524,22900.57251908397,apartamento,5,1,0
2754747812,Centro,Centro,11990900.0,411,29174.939172749393,apartamento,5,1,0
2744007183,Castelo Branco,Castelo Branco,11990000.0,270,44407.40740740741,apartamento,4,1,0
2688753827,Meia Praia,Meia Praia,11990000.0,270,44407.40740740741,apartamento,4,1,0
2770221652,Castelo Branco,Castelo Branco,11990000.0,270,44407.40740740741,apartamento,4,1,0
2764631847,Meia Praia,Meia Praia,11990000.0,440,27250.0,apartamento,6,1,0
2690686885,Meia Praia,Meia Praia,11990000.0,270,44407.40740740741,apartamento,4,1,0
2764634722,Castelo Branco,Castelo Branco,11990000.0,270,44407.40740740741,apartamento,4,1,0
2769848574,Centro,Centro,11824550.0,297,39813.299663299666,apartamento,4,1,0
2765017554,,,11800000.0,380,31052.63157894737,casa,4,1,0
2759206758,Meia Praia,Meia Praia,11800000.0,217,54377.8801843318,apartamento,4,1,0
2764632759,Meia Praia,Meia Praia,11800000.0,2179,5415.328132170721,apartamento,4,1,0
2761880116,Meia Praia,Meia Praia,11800000.0,217,54377.8801843318,apartamento,4,1,0
2739571542,Meia Praia,Meia Praia,11800000.0,217,54377.8801843318,apartamento,4,1,0
2758685317,Meia Praia,Meia Praia,11800000.0,217,54377.8801843318,apartamento,4,1,0
2767672125,Meia Praia,Meia Praia,11500000.0,281,40925.26690391459,apartamento,4,1,0
2769472652,Meia Praia,Meia Praia,11349790.0,124,91530.56451612903,apartamento,3,1,1
2463951976,Centro,Centro,11285000.0,200,56425.0,apartamento,4,1,1
2727224039,Meia Praia,Meia Praia,11016656.0,249,44243.5983935743,apartamento,4,1,0
2770028533,Andorinha,Andorinha,10999780.0,1000,10999.78,comercial,0,1,0
2715415708,Meia Praia,Meia Praia,10962506.0,246,44563.03252032521,apartamento,4,1,0
2727576098,Centro,Centro,10959000.0,320,34246.875,apartamento,4,1,0
2735746516,Meia Praia,Meia Praia,10785000.0,264,40852.27272727273,apartamento,4,1,0
2681256937,Meia Praia,Meia Praia,10669144.0,265,40260.92075471698,apartamento,4,1,0
2709220103,Meia Praia,Meia Praia,10668280.0,264,40410.15151515151,apartamento,4,1,0
2701767295,Meia Praia,Meia Praia,10642798.0,344,30938.366279069767,apartamento,4,1,0
2760270524,Meia Praia,Meia Praia,10587144.0,264,40102.818181818184,apartamento,4,1,0
2754477428,,,10587143.0,264,40102.81439393939,apartamento,4,1,0
2484947404,Centro,Centro,10500000.0,411,25547.445255474453,apartamento,5,1,0
2719046954,Centro,Centro,10500000.0,470,22340.425531914894,apartamento,5,1,0
2766853420,Centro,Centro,10500000.0,411,25547.445255474453,apartamento,5,1,0
2764350457,Meia Praia,Meia Praia,10500000.0,196,53571.42857142857,apartamento,4,1,0
2763948625,Meia Praia,Meia Praia,10500000.0,187,56149.73262032086,apartamento,4,1,1
2766852229,Centro,Centro,10479000.0,320,32746.875,apartamento,4,1,0
2759723126,Meia Praia,Meia Praia,10446887.0,246,42467.02032520325,apartamento,4,1,0
2770025564,Meia praia,Meia Praia,10178080.0,246,41374.30894308943,apartamento,4,1,0
2754745437,Meia Praia,Meia Praia,10135998.0,344,29465.11046511628,casa,4,1,0
2571417169,Centro,Centro,10072000.0,320,31475.0,apartamento,4,1,0
2717034741,Meia Praia,Meia Praia,10023055.0,250,40092.22,apartamento,4,1,0
2751610319,Morretes,Morretes,10013000.0,380,26350.0,apartamento,4,1,0
2753354110,Andorinha,Andorinha,10000000.0,180,55555.555555555555,apartamento,4,1,1
2567865289,Centro,Centro,9998800.0,505,19799.603960396038,casa,4,1,0
2761579814,Meia Praia,Meia Praia,9998000.0,180,55544.444444444445,apartamento,4,1,0
2751288697,Meia Praia,Meia Praia,9998000.0,245,40808.163265306124,apartamento,4,1,0
2747203323,Meia Praia,Meia Praia,9998000.0,180,55544.444444444445,apartamento,4,1,0
2658421697,Meia Praia,Meia Praia,9998000.0,180,55544.444444444445,apartamento,4,1,0
2740008318,Meia Praia,Meia Praia,9998000.0,180,55544.444444444445,apartamento,4,1,0
2765063791,Meia Praia,Meia Praia,9998000.0,180,55544.444444444445,apartamento,4,1,0
2770391213,Meia Praia,Meia Praia,9998000.0,180,55544.444444444445,apartamento,4,1,0
2763105248,Meia Praia,Meia Praia,9998000.0,180,55544.444444444445,apartamento,4,1,0
2770198959,Meia Praia,Meia Praia,9998000.0,180,55544.444444444445,apartamento,4,1,0
2744689901,Meia Praia,Meia Praia,9998000.0,180,55544.444444444445,apartamento,4,1,0
2754578121,Castelo Branco,Castelo Branco,9998000.0,180,55544.444444444445,apartamento,4,1,0
2720902957,Meia Praia,Meia Praia,9995000.0,180,55527.77777777778,apartamento,4,1,0
2752619507,Meia Praia,Meia Praia,9980000.0,180,55444.444444444445,apartamento,4,1,0
2764632756,Meia Praia,Meia Praia,9980000.0,306,32614.37908496732,apartamento,5,1,0
2747905140,Meia Praia,Meia Praia,9961420.0,250,39845.68,apartamento,4,1,0
2769747262,Andorinha,Andorinha,9878830.0,300,32929.433333333334,apartamento,6,1,0
2754745930,Andorinha,Andorinha,9878830.0,300,32929.433333333334,apartamento,6,1,0
2754745927,Ilhota,Ilhota,9862500.0,450,21916.666666666668,casa,4,1,0
2748437711,Meia Praia,Meia Praia,9818894.0,201,48850.21890547263,apartamento,4,1,0
2756089951,Castelo Branco,Castelo Branco,9815000.0,300,32716.666666666668,apartamento,4,1,0
2699638909,Meia Praia,Meia Praia,9800000.0,180,54444.444444444445,apartamento,4,1,0
2719465572,Meia Praia,Meia Praia,9800000.0,180,54444.444444444445,apartamento,4,1,0
2617731388,Meia Praia,Meia Praia,9800000.0,180,54444.444444444445,apartamento,4,1,0
2560058933,Meia Praia,Meia Praia,9800000.0,180,54444.444444444445,apartamento,4,1,0
2718901136,Meia Praia,Meia Praia,9800000.0,179,54748.60335195531,apartamento,4,1,0
2617068017,Meia Praia,Meia Praia,9753886.0,201,48526.796019900496,apartamento,4,1,0
2754744775,Meia Praia,Meia Praia,9753104.0,254,38398.04724409449,apartamento,4,1,0
2736167157,Meia Praia,Meia Praia,9753104.0,201,48522.90547263682,apartamento,4,1,0
2766314064,Meia Praia,Meia Praia,9750000.0,410,23780.48780487805,apartamento,5,1,0
2764631586,Meia Praia,Meia Praia,9710000.0,180,53944.444444444445,apartamento,4,1,0
2747202041,Meia Praia,Meia Praia,9710000.0,180,53944.444444444445,apartamento,4,1,0
2752619593,Meia Praia,Meia Praia,9710000.0,180,53944.444444444445,apartamento,4,1,0
2763088539,Meia Praia,Meia Praia,9710000.0,180,53944.444444444445,apartamento,4,1,0
2769498829,Meia Praia,Meia Praia,9710000.0,180,53944.444444444445,apartamento,4,1,0
2740008422,Meia Praia,Meia Praia,9710000.0,180,53944.444444444445,apartamento,4,1,0
2765062999,Meia Praia,Meia Praia,9710000.0,180,53944.444444444445,apartamento,4,1,0
2770200068,Meia Praia,Meia Praia,9710000.0,180,53944.444444444445,apartamento,4,1,0
2744653641,Meia Praia,Meia Praia,9710000.0,180,53944.444444444445,apartamento,4,1,0
2756132656,Meia Praia,Meia Praia,9709540.0,180,53941.88888888889,apartamento,4,1,0
2608278730,Meia Praia,Meia Praia,9676808.0,2016,4800.003968253968,apartamento,4,1,0
2564885018,Meia Praia,Meia Praia,9580000.0,234,40940.17094017094,apartamento,4,1,0
2767582392,Meia Praia,Meia Praia,9577800.0,234,40930.769230769234,apartamento,4,1,0
2762694337,Meia Praia,Meia Praia,9577800.0,234,40930.769230769234,apartamento,4,1,0
2731119017,Meia Praia,Meia Praia,9577000.0,234,40927.35042735043,apartamento,4,1,0
2726465761,Meia Praia,Meia Praia,9530000.0,180,52944.444444444445,apartamento,4,1,0
2764894832,Meia Praia,Meia Praia,9530000.0,180,52944.444444444445,apartamento,4,1,0
2769474711,Meia Praia,Meia Praia,9529200.0,180,52940.0,apartamento,4,1,0
2647976378,Meia Praia,Meia Praia,9500000.0,334,28443.11377245509,apartamento,4,1,0
2764633064,Centro,Centro,9500000.0,447,21252.796420581657,apartamento,4,1,0
2742888187,Meia Praia,Meia Praia,9497118.0,200,47485.59,apartamento,4,1,0
2704933608,Meia Praia,Meia Praia,9480000.0,214,44299.06542056075,apartamento,4,1,0
2756788625,Meia Praia,Meia Praia,9480000.0,201,47164.17910447761,apartamento,4,1,0
2756801487,Meia Praia,Meia Praia,9480000.0,201,47164.17910447761,apartamento,4,1,0
2436295273,Meia Praia,Meia Praia,9360000.0,201,46567.164179104475,apartamento,4,1,0
2560060060,Meia Praia,Meia Praia,9359829.0,198,47271.86363636364,apartamento,4,1,0
2764634717,Castelo Branco,Castelo Branco,9122021.0,271,33660.594095940956,apartamento,4,1,0
2747716303,Castelo Branco,Castelo Branco,9040000.0,270,33481.48148148148,apartamento,4,1,0
2611902063,Centro,Centro,9000000.0,352,25568.18181818182,apartamento,4,1,0
2615167900,Casa Branca,Casa Branca,9000000.0,440,20454.545454545456,casa,3,1,0
2704434553,Meia Praia,Meia Praia,9000000.0,725,12413.793103448275,apartamento,5,1,0
2626576307,Casa Branca,Casa Branca,9000000.0,440,20454.545454545456,casa,3,1,0
2756468359,Meia Praia,Meia Praia,9000000.0,725,12413.793103448275,apartamento,4,1,0
2764630843,Meia Praia,Meia Praia,9000000.0,725,12413.793103448275,apartamento,4,1,0
2768620822,,,9000000.0,440,20454.545454545456,casa,4,1,0
2764632428,Centro,Centro,8998800.0,505,17819.40594059406,apartamento,4,1,0
2753545415,Centro,Centro,8998800.0,505,17819.40594059406,apartamento,4,1,0
2744015473,Meia Praia,Meia Praia,8993000.0,180,49961.11111111111,apartamento,4,1,0
2740008026,Meia Praia,Meia Praia,8993000.0,180,49961.11111111111,apartamento,4,1,0
2752470027,Meia Praia,Meia Praia,8993000.0,180,49961.11111111111,apartamento,4,1,0
2765064142,Meia Praia,Meia Praia,8993000.0,180,49961.11111111111,apartamento,4,1,0
2747200735,Meia Praia,Meia Praia,8993000.0,180,49961.11111111111,apartamento,4,1,0
2763087524,Meia Praia,Meia Praia,8993000.0,180,49961.11111111111,apartamento,4,1,0
2770199970,Meia Praia,Meia Praia,8993000.0,180,49961.11111111111,apartamento,4,1,0
2736815118,Ilhota,Ilhota,8985500.0,389,23098.971722365037,apartamento,4,1,0
2655795963,Centro,Centro,8963000.0,229,39139.737991266375,apartamento,4,1,0
2736814233,Castelo Branco,Castelo Branco,8935500.0,300,29785.0,apartamento,4,1,0
2748823002,Centro,Centro,8801000.0,229,38432.31441048035,apartamento,4,0,0
2770199136,Meia Praia,Meia Praia,8792058.0,420,20933.47142857143,apartamento,5,0,0
2672319141,Meia Praia,Meia Praia,8792058.0,417,21084.071942446044,apartamento,5,0,0
2632807953,Meia Praia,Meia Praia,8792058.0,420,20933.47142857143,apartamento,5,0,0
2764631243,Centro,Centro,8774000.0,229,38314.41048034935,apartamento,4,0,0
2698206000,Centro,Centro,8774000.0,229,38314.41048034935,apartamento,4,0,0
2543286828,Centro,Centro,8774000.0,230,38147.82608695652,apartamento,4,0,0
2747203902,Meia Praia,Meia Praia,8733544.0,417,20943.750599520383,apartamento,5,0,0
2632147576,Andorinha,Andorinha,8733544.0,417,20943.750599520383,apartamento,5,0,0
2723233256,Meia Praia,Meia Praia,8733544.0,417,20943.750599520383,apartamento,5,0,0
2609060792,Meia Praia,Meia Praia,8733544.0,417,20943.750599520383,apartamento,5,0,0
2765883927,Andorinha,Andorinha,8718723.0,66585,130.94124802883533,apartamento,5,0,0
2755943513,Meia Praia,Meia Praia,8718723.0,417,20908.208633093524,apartamento,5,0,0
2689534443,Meia Praia,Meia Praia,8718723.0,417,20908.208633093524,apartamento,5,0,0
2760094926,Centro,Centro,8665000.0,418,20729.665071770334,apartamento,5,0,0
2760157818,Centro,Centro,8665000.0,418,20729.665071770334,apartamento,5,0,0
2760221454,Centro,Centro,8665000.0,418,20729.665071770334,apartamento,5,0,0
2536447598,Centro,Centro,8650000.0,265,32641.509433962263,apartamento,4,0,0
2761579418,Meia Praia,Meia Praia,8630000.0,205,42097.560975609755,apartamento,4,0,0
2764895019,Centro,Centro,8608000.0,372,23139.78494623656,apartamento,6,0,0
2537271381,Centro,Centro,8602000.0,229,37563.318777292574,apartamento,4,0,0
2708860704,Centro,Centro,8602000.0,229,37563.318777292574,apartamento,4,0,0
2537838382,Centro,Centro,8602000.0,229,37563.318777292574,apartamento,4,0,0
2707068068,Morretes,Morretes,8560000.0,180,47555.555555555555,apartamento,4,0,0
2652134086,Meia Praia,Meia Praia,8560000.0,180,47555.555555555555,apartamento,4,0,0
2569302093,Centro,Centro,8550000.0,200,42750.0,apartamento,4,0,0
2746885106,Centro,Centro,8500000.0,353,24079.320113314447,apartamento,4,0,0
2619530802,Centro,Centro,8500000.0,200,42500.0,apartamento,4,0,0
2764894826,Centro,Centro,8500000.0,229,37117.903930131004,apartamento,4,0,0
2726425070,Centro,Centro,8500000.0,200,42500.0,apartamento,4,0,0
2645831797,Morretes,Morretes,8500000.0,494,17206.477732793523,apartamento,4,0,0
2613409651,Casa Branca,Casa Branca,8500000.0,440,19318.18181818182,casa,3,0,0
2765063646,Meia Praia,Meia Praia,8500000.0,323,26315.78947368421,apartamento,4,0,0
2626742517,Centro,Centro,8500000.0,200,42500.0,apartamento,4,0,0
2741072568,Centro,Centro,8500000.0,365,23287.671232876713,apartamento,4,0,0
2715146667,Centro,Centro,8499000.0,494,17204.453441295547,apartamento,4,0,0
2767584323,Centro,Centro,8491000.0,229,37078.60262008734,apartamento,4,0,0
2767581594,Centro,Centro,8465000.0,229,36965.0655021834,apartamento,4,0,0
2723254636,Meia Praia,Meia Praia,8250000.0,185,44594.59459459459,apartamento,4,0,0
2770200067,Meia Praia,Meia Praia,8250000.0,185,44594.59459459459,apartamento,4,0,0
2752462999,Meia Praia,Meia Praia,8250000.0,185,44594.59459459459,apartamento,4,0,0
2761878727,Meia Praia,Meia Praia,8250000.0,185,44594.59459459459,apartamento,4,0,0
2766855222,Centro,Centro,8249800.0,295,27965.42372881356,apartamento,4,0,0
2764630849,Meia Praia,Meia Praia,8200000.0,189,43386.24338624338,apartamento,4,0,0
2722946684,Centro,Centro,8145000.0,229,35567.68558951965,apartamento,4,0,0
2588872265,Centro,Centro,8100000.0,229,35371.17903930131,casa,4,0,0
2749233294,Centro,Centro,8095000.0,229,35349.34497816594,apartamento,4,0,0
2764631767,Meia Praia,Meia Praia,8085000.0,359,22520.891364902505,apartamento,5,0,0
2735272929,Meia Praia,Meia Praia,8085000.0,359,22520.891364902505,apartamento,5,0,0
2748823295,Meia Praia,Meia Praia,8085000.0,180,44916.666666666664,apartamento,4,0,0
2748437996,Meia Praia,Meia Praia,8085000.0,359,22520.891364902505,apartamento,5,0,0
2721387556,Meia Praia,Meia Praia,8085000.0,359,22520.891364902505,apartamento,5,0,0
2717934432,Meia Praia,Meia Praia,8085000.0,359,22520.891364902505,apartamento,5,0,0
2511794789,Meia Praia,Meia Praia,8085000.0,179,45167.59776536313,apartamento,5,0,0
2716790594,Centro,Centro,8015000.0,432,18553.24074074074,apartamento,4,0,0
2766854623,Casa Branca,Casa Branca,8000800.0,440,18183.636363636364,casa,3,0,0
2756816021,Meia Praia,Meia Praia,8000000.0,201,39800.99502487562,apartamento,4,0,0
2647356156,Meia Praia,Meia Praia,8000000.0,180,44444.444444444445,apartamento,4,0,0
2626579993,Meia Praia,Meia Praia,8000000.0,320,25000.0,apartamento,5,0,0
2736749537,Meia Praia,Meia Praia,8000000.0,344,23255.81395348837,apartamento,5,0,0
2749335218,Meia Praia,Meia Praia,8000000.0,344,23255.81395348837,apartamento,5,0,0
2748544670,Centro,Centro,7998800.0,505,15839.20792079208,apartamento,4,0,0
2753768537,Centro,Centro,7998800.0,410,19509.268292682926,apartamento,4,0,0
2748438000,Castelo Branco,Castelo Branco,7993000.0,486,16446.50205761317,apartamento,5,0,0
2747202324,Morretes,Morretes,7992000.0,190,42063.15789473684,apartamento,4,0,0
2752434202,Morretes,Morretes,7992000.0,190,42063.15789473684,apartamento,4,0,0
2763090328,Morretes,Morretes,7992000.0,190,42063.15789473684,apartamento,4,0,0
2698129670,Meia Praia,Meia Praia,7990000.0,214,37336.44859813084,apartamento,4,0,0
2740008413,Meia Praia,Meia Praia,7990000.0,337,23709.19881305638,apartamento,4,0,0
2769755634,Meia Praia,Meia Praia,7929440.0,185,42861.83783783784,apartamento,4,0,0
2764951003,Morretes,Morretes,7900000.0,236,33474.57627118644,apartamento,5,0,0
2770198954,Meia Praia,Meia Praia,7888000.0,166,47518.072289156626,apartamento,4,0,0
2722704598,Meia Praia,Meia Praia,7888000.0,166,47518.072289156626,apartamento,4,0,0
2770239827,Meia Praia,Meia Praia,7888000.0,166,47518.072289156626,apartamento,4,0,0
2770229564,Centro,Centro,7888000.0,185,42637.83783783784,apartamento,4,0,0
2737574420,Meia Praia,Meia Praia,7888000.0,166,47518.072289156626,apartamento,4,0,0
2692414962,Meia Praia,Meia Praia,7888000.0,166,47518.072289156626,apartamento,4,0,0
2767581251,Meia Praia,Meia Praia,7888000.0,166,47518.072289156626,apartamento,4,0,0
2511795690,Centro,Centro,7888000.0,185,42637.83783783784,apartamento,4,0,0
2763648028,Meia Praia,Meia Praia,7888000.0,166,47518.072289156626,apartamento,4,0,0
2764632186,Meia Praia,Meia Praia,7888000.0,166,47518.072289156626,apartamento,4,0,0
2692543153,Meia Praia,Meia Praia,7888000.0,166,47518.072289156626,apartamento,4,0,0
2754745921,Centro,Centro,7888000.0,185,42637.83783783784,apartamento,4,0,0
2734992881,Meia Praia,Meia Praia,7888000.0,166,47518.072289156626,apartamento,4,0,0
2738090852,Meia Praia,Meia Praia,7888000.0,166,47518.072289156626,apartamento,4,0,0
2770252596,Meia Praia,Meia Praia,7887500.0,166,47515.06024096385,apartamento,4,0,0
2748045500,Meia Praia,Meia Praia,7885000.0,307,25684.039087947884,apartamento,4,0,0
2770027670,Andorinha,Andorinha,7821540.0,271,28861.771217712176,apartamento,4,0,0
2760222828,Meia Praia,Meia Praia,7810000.0,196,39846.93877551021,apartamento,4,0,0
2760097330,Meia Praia,Meia Praia,7810000.0,196,39846.93877551021,apartamento,4,0,0
2761579813,Meia Praia,Meia Praia,7810000.0,196,39846.93877551021,apartamento,4,0,0
2747203147,Meia Praia,Meia Praia,7810000.0,196,39846.93877551021,apartamento,4,0,0
2760157919,Meia Praia,Meia Praia,7810000.0,196,39846.93877551021,apartamento,4,0,0
2727627433,Meia Praia,Meia Praia,7800000.0,181,43093.9226519337,apartamento,4,0,0
2708104656,Meia Praia,Meia Praia,7800000.0,187,41711.229946524065,apartamento,4,0,0
2770200243,Centro,Centro,7800000.0,200,39000.0,apartamento,4,0,0
2723211739,Meia Praia,Meia Praia,7800000.0,181,43093.9226519337,apartamento,4,0,0
2763092614,Centro,Centro,7800000.0,200,39000.0,apartamento,4,0,0
2569298361,Centro,Centro,7800000.0,200,39000.0,apartamento,4,0,0
2758217715,Centro,Centro,7800000.0,200,39000.0,apartamento,4,0,0
2730204043,Meia Praia,Meia Praia,7800000.0,181,43093.9226519337,apartamento,4,0,0
2715657104,Centro,Centro,7800000.0,200,39000.0,apartamento,4,0,0
2551110254,Meia Praia,Meia Praia,7800000.0,181,43093.9226519337,apartamento,4,0,0
2595519387,Meia Praia,Meia Praia,7800000.0,181,43093.9226519337,apartamento,4,0,0
2742890389,Meia Praia,Meia Praia,7800000.0,181,43093.9226519337,apartamento,4,0,0
2654604756,Meia Praia,Meia Praia,7800000.0,181,43093.9226519337,apartamento,4,0,0
2609061200,Meia Praia,Meia Praia,7800000.0,181,43093.9226519337,apartamento,4,0,0
2763196714,Meia Praia,Meia Praia,7800000.0,181,43093.9226519337,apartamento,4,0,0
2766853313,Centro,Centro,7799800.0,200,38999.0,apartamento,4,0,0
2560056885,Centro,Centro,7789000.0,229,34013.10043668122,apartamento,4,0,0
2560381913,Centro,Centro,7697000.0,229,33611.35371179039,apartamento,4,0,0
2710363135,Centro,Centro,7680000.0,325,23630.76923076923,apartamento,4,0,0
2656736275,Centro,Centro,7650000.0,229,33406.113537117904,apartamento,4,0,0
2754482105,Canto da Praia,Canto da Praia,7650000.0,350,21857.14285714286,apartamento,5,0,0
2761579627,Canto da Praia,Canto da Praia,7650000.0,350,21857.14285714286,casa,5,0,0
2763792208,Canto da Praia,Canto da Praia,7650000.0,350,21857.14285714286,apartamento,5,0,0
2747201025,Canto da Praia,Canto da Praia,7650000.0,350,21857.14285714286,casa,5,0,0
2770201815,Meia Praia,Meia Praia,7628000.0,261,29226.053639846745,apartamento,4,0,0
2754746736,Meia Praia,Meia Praia,7628000.0,261,29226.053639846745,apartamento,4,0,0
2716787230,Meia Praia,Meia Praia,7628000.0,261,29226.053639846745,apartamento,4,0,0
2658963606,Centro,Centro,7627000.0,229,33305.676855895195,apartamento,4,0,0
2646970314,Meia Praia,Meia Praia,7600000.0,317,23974.763406940063,apartamento,5,0,0
2737232059,Meia Praia,Meia Praia,7600000.0,300,25333.333333333332,apartamento,4,0,0
2757198550,Meia Praia,Meia Praia,7590000.0,364,20851.648351648353,apartamento,4,0,0
2685762733,Meia Praia,Meia Praia,7588000.0,261,29072.7969348659,apartamento,5,0,0
2720505572,Meia Praia,Meia Praia,7500000.0,260,28846.153846153848,apartamento,3,0,0
2752691127,Meia Praia,Meia Praia,7500000.0,260,28846.153846153848,apartamento,3,0,0
2631432096,Canto da Praia,Canto da Praia,7500000.0,350,21428.571428571428,casa,5,0,0
2511793757,Meia Praia,Meia Praia,7500000.0,260,28846.153846153848,apartamento,3,0,0
2605314308,Meia Praia,Meia Praia,7500000.0,260,28846.153846153848,apartamento,3,0,0
2609060610,Meia Praia,Meia Praia,7500000.0,260,28846.153846153848,apartamento,3,0,0
2507980755,Centro,Centro,7500000.0,185,40540.54054054054,apartamento,4,0,0
2764894920,Centro,Centro,7500000.0,237,31645.569620253165,apartamento,4,0,0
2744006006,Meia Praia,Meia Praia,7500000.0,260,28846.153846153848,apartamento,3,0,0
2721918864,Morretes,Morretes,7500000.0,260,28846.153846153848,apartamento,3,0,0
2760452524,Meia Praia,Meia Praia,7500000.0,190,39473.68421052631,apartamento,4,0,0
2609407887,Meia Praia,Meia Praia,7500000.0,252,29761.904761904763,apartamento,4,0,0
2686529521,Casa Branca,Casa Branca,7500000.0,419,17899.761336515512,casa,3,0,0
2702735875,Canto da Praia,Canto da Praia,7500000.0,350,21428.571428571428,casa,5,0,0
2656195900,Meia Praia,Meia Praia,7500000.0,584,12842.465753424658,apartamento,5,0,0
2672786614,Meia Praia,Meia Praia,7500000.0,300,25000.0,apartamento,4,0,0
2761249239,Andorinha,Andorinha,7499740.0,281,26689.466192170818,apartamento,4,0,0
2769187794,Casa Branca,Casa Branca,7499630.0,440,17044.613636363636,outros,3,0,0
2656735401,Centro,Centro,7498800.0,505,14849.10891089109,apartamento,4,0,0
2764633323,Meia Praia,Meia Praia,7495000.0,305,24573.77049180328,apartamento,4,0,0
2743411588,Meia Praia,Meia Praia,7495000.0,305,24573.77049180328,apartamento,4,0,0
2741261769,Meia Praia,Meia Praia,7495000.0,305,24573.77049180328,apartamento,4,0,0
2757309215,Meia Praia,Meia Praia,7494070.0,305,24570.72131147541,apartamento,4,0,0
2685759749,Centro,Centro,7488000.0,185,40475.67567567567,apartamento,4,0,0
2651923516,Meia Praia,Meia Praia,7300000.0,180,40555.555555555555,apartamento,4,0,0
2761579322,Meia Praia,Meia Praia,7300000.0,205,35609.756097560974,apartamento,4,0,0
2752959809,Meia Praia,Meia Praia,7300000.0,205,35609.756097560974,apartamento,4,0,0
2768491313,Centro,Centro,7250000.0,281,25800.71174377224,apartamento,4,0,0
2762686121,Centro,Centro,7250000.0,281,25800.71174377224,apartamento,4,0,0
2766854816,Casa Branca,Casa Branca,7250000.0,419,17303.10262529833,apartamento,3,0,0
2766854822,Canto da Praia,Canto da Praia,7249800.0,168,43153.57142857143,apartamento,4,0,0
2747201804,Meia Praia,Meia Praia,7210000.0,166,43433.73493975904,apartamento,4,0,0
2735002133,Meia Praia,Meia Praia,7210000.0,166,43433.73493975904,apartamento,4,0,0
2754578117,Andorinha,Andorinha,7210000.0,166,43433.73493975904,apartamento,4,0,0
2764632232,Meia Praia,Meia Praia,7210000.0,166,43433.73493975904,apartamento,4,0,0
2740245073,Meia Praia,Meia Praia,7210000.0,166,43433.73493975904,apartamento,4,0,0
2751118710,Meia Praia,Meia Praia,7210000.0,166,43433.73493975904,apartamento,4,0,0
2770390932,Meia Praia,Meia Praia,7210000.0,166,43433.73493975904,apartamento,4,0,0
2761579417,Meia Praia,Meia Praia,7210000.0,166,43433.73493975904,apartamento,4,0,0
2765064331,Meia Praia,Meia Praia,7210000.0,166,43433.73493975904,apartamento,4,0,0
2770199243,Meia Praia,Meia Praia,7210000.0,166,43433.73493975904,apartamento,4,0,0
2752427800,Meia Praia,Meia Praia,7210000.0,166,43433.73493975904,apartamento,4,0,0
2743026057,Meia Praia,Meia Praia,7210000.0,166,43433.73493975904,apartamento,4,0,0
2554094314,Meia Praia,Meia Praia,7210000.0,180,40055.555555555555,apartamento,4,0,0
2754746733,Centro,Centro,7165520.0,135,53077.92592592593,apartamento,5,0,0
2769125021,Centro,Centro,7165000.0,235,30489.36170212766,apartamento,5,0,0
2769187756,Centro,Centro,7149640.0,432,16550.09259259259,apartamento,4,0,0
2769149434,Meia Praia,Meia Praia,7123451.0,180,39574.72777777778,apartamento,4,0,0
2770027732,Meia Praia,Meia Praia,7123200.0,180,39573.333333333336,apartamento,4,0,0
2748247315,Meia Praia,Meia Praia,7100000.0,240,29583.333333333332,apartamento,5,0,0
2763240418,Meia Praia,Meia Praia,7100000.0,181,39226.51933701657,apartamento,4,0,0
2740006708,Meia Praia,Meia Praia,7100000.0,181,39226.51933701657,apartamento,4,0,0
2684709296,Meia Praia,Meia Praia,7100000.0,198,35858.58585858586,apartamento,4,0,0
2764633229,Meia Praia,Meia Praia,7100000.0,181,39226.51933701657,apartamento,4,0,0
2624755346,Centro,Centro,7100000.0,350,20285.714285714286,apartamento,4,0,0
2739740521,Meia Praia,Meia Praia,7008999.0,181,38723.75138121547,apartamento,4,0,0
2769536335,Meia Praia,Meia Praia,7000000.0,168,41666.666666666664,apartamento,4,0,0
2745679224,Meia Praia,Meia Praia,7000000.0,297,23569.023569023568,apartamento,4,0,0
2761666714,Ilhota,Ilhota,7000000.0,450,15555.555555555555,terreno,0,0,0
2624659535,Meia Praia,Meia Praia,7000000.0,181,38674.03314917127,apartamento,4,0,0
2591924239,Meia Praia,Meia Praia,7000000.0,334,20958.08383233533,apartamento,4,0,0
2753756915,Meia Praia,Meia Praia,7000000.0,380,18421.052631578947,apartamento,5,0,0
2744009367,Meia Praia,Meia Praia,7000000.0,140,50000.0,apartamento,3,0,0
2753365897,Canto da Praia,Canto da Praia,6999600.0,220,31816.363636363636,apartamento,4,0,0
2758870617,Meia Praia,Meia Praia,6999000.0,419,16704.057279236276,casa,3,0,0
2735567021,Casa Branca,Casa Branca,6999000.0,419,16704.057279236276,casa,3,0,0
2716005427,Casa Branca,Casa Branca,6999000.0,419,16704.057279236276,casa,3,0,0
2758656827,Meia Praia,Meia Praia,6999000.0,419,16704.057279236276,casa,3,0,0
2761578431,Casa Branca,Casa Branca,6999000.0,419,16704.057279236276,casa,3,0,0
2763948624,Meia Praia,Meia Praia,6990000.0,187,37379.67914438502,apartamento,4,0,0
2736168413,Centro,Centro,6985000.0,269,25966.54275092937,apartamento,5,0,0
2720563535,Centro,Centro,6985000.0,176,39687.5,apartamento,5,0,0
2764853517,Meia Praia,Meia Praia,6985000.0,190,36763.15789473684,apartamento,4,0,0
2629168768,Meia Praia,Meia Praia,6980000.0,230,30347.82608695652,apartamento,4,0,0
2754745433,Morretes,Morretes,6976000.0,161,43329.19254658385,apartamento,3,0,0
2751612898,Morretes,Morretes,6976000.0,161,43329.19254658385,apartamento,3,0,0
2736917772,Centro,Centro,6950000.0,200,34750.0,apartamento,4,0,0
2751668351,Centro,Centro,6950000.0,200,34750.0,apartamento,4,0,0
2743409620,Centro,Centro,6950000.0,238,29201.680672268907,apartamento,4,0,0
2735032832,Centro,Centro,6950000.0,200,34750.0,apartamento,4,0,0
2768646648,Centro,Centro,6950000.0,200,34750.0,apartamento,4,0,0
2749547693,Centro,Centro,6950000.0,200,34750.0,apartamento,4,0,0
2764895218,Meia Praia,Meia Praia,6930000.0,166,41746.98795180723,apartamento,4,0,0
2769476527,Meia Praia,Meia Praia,6929830.0,166,41745.96385542169,apartamento,4,0,0
2767583117,Meia Praia,Meia Praia,6900000.0,331,20845.921450151058,apartamento,4,0,0
2756210960,Meia Praia,Meia Praia,6900000.0,331,20845.921450151058,apartamento,4,0,0
2691067760,Morretes,Morretes,6900000.0,215,32093.023255813954,apartamento,4,0,0
2764632234,Meia Praia,Meia Praia,6900000.0,331,20845.921450151058,apartamento,4,0,0
2637000856,Meia Praia,Meia Praia,6900000.0,169,40828.402366863906,apartamento,3,0,0
2750096696,Meia Praia,Meia Praia,6900000.0,140,49285.71428571428,apartamento,3,0,0
2761576354,Morretes,Morretes,6900000.0,215,32093.023255813954,apartamento,4,0,0
2677257702,Morretes,Morretes,6895000.0,183,37677.5956284153,apartamento,4,0,0
2682543709,Meia Praia,Meia Praia,6888000.0,337,20439.169139465874,apartamento,4,0,0
2596145692,Centro,Centro,6888000.0,185,37232.43243243243,apartamento,4,0,0
2682553739,Morretes,Morretes,6888000.0,337,20439.169139465874,apartamento,4,0,0
2766851626,Meia Praia,Meia Praia,6869259.0,198,34693.22727272727,apartamento,4,0,0
2767581875,Centro,Centro,6845000.0,335,20432.83582089552,comercial,0,0,0
2763107750,Meia Praia,Meia Praia,6830000.0,157,43503.1847133758,apartamento,4,0,0
2664156809,Meia Praia,Meia Praia,6830000.0,157,43503.1847133758,apartamento,4,0,0
2747203398,Meia Praia,Meia Praia,6830000.0,158,43227.84810126582,apartamento,4,0,0
2752418604,Meia Praia,Meia Praia,6830000.0,157,43503.1847133758,apartamento,4,0,0
2751117515,Centro,Centro,6830000.0,157,43503.1847133758,apartamento,4,0,0
2770199969,Meia Praia,Meia Praia,6830000.0,157,43503.1847133758,apartamento,4,0,0
2669459702,Meia Praia,Meia Praia,6830000.0,158,43227.84810126582,apartamento,4,0,0
2673689507,Meia Praia - Frente Mar,Meia Praia,6830000.0,157,43503.1847133758,apartamento,4,0,0
2750981841,Meia Praia,Meia Praia,6830000.0,157,43503.1847133758,apartamento,4,0,0
2724978769,Meia Praia,Meia Praia,6830000.0,157,43503.1847133758,apartamento,4,0,0
2743163479,Meia Praia,Meia Praia,6830000.0,158,43227.84810126582,apartamento,4,0,0
2767582547,Meia Praia,Meia Praia,6830000.0,157,43503.1847133758,apartamento,4,0,0
2769186392,Meia Praia,Meia Praia,6829760.0,158,43226.329113924054,apartamento,4,0,0
2658725057,Morretes,Morretes,6799892.0,177,38417.46892655367,apartamento,4,0,0
2733737814,Morretes,Morretes,6799892.0,177,38417.46892655367,apartamento,4,0,0
2593072795,Canto da Praia,Canto da Praia,6754000.0,168,40202.380952380954,apartamento,4,0,0
2752690703,Morretes,Morretes,6750000.0,182,37087.91208791209,apartamento,4,0,0
2764724872,Meia Praia,Meia Praia,6722319.0,258,26055.5,apartamento,4,0,0
2662017163,Meia Praia,Meia Praia,6700000.0,290,23103.44827586207,apartamento,4,0,0
2754481258,Meia Praia,Meia Praia,6700000.0,408,16421.56862745098,comercial,0,0,0
2738299552,Morretes,Morretes,6700000.0,296,22635.135135135137,apartamento,4,0,0
2678626594,Morretes,Morretes,6700000.0,215,31162.79069767442,apartamento,4,0,0
2765062084,Meia Praia,Meia Praia,6700000.0,215,31162.79069767442,apartamento,3,0,0
2683093081,Centro,Centro,6699000.0,410,16339.024390243903,apartamento,4,0,0
2764859360,Meia Praia,Meia Praia,6690000.0,211,31706.16113744076,apartamento,4,0,0
2756563134,Meia Praia,Meia Praia,6690000.0,10,669000.0,apartamento,4,0,1
2743411087,Andorinha,Andorinha,6690000.0,200,33450.0,apartamento,4,0,0
2720616139,Meia Praia,Meia Praia,6680000.0,189,35343.915343915345,apartamento,4,0,0
2687893738,Meia Praia,Meia Praia,6680000.0,189,35343.915343915345,apartamento,4,0,0
2647887720,Meia Praia,Meia Praia,6680000.0,189,35343.915343915345,casa,4,0,0
2535139773,Morretes,Morretes,6672000.0,186,35870.967741935485,apartamento,4,0,0
2748820948,Morretes,Morretes,6672000.0,183,36459.016393442624,apartamento,4,0,0
2723209703,Morretes,Morretes,6672000.0,186,35870.967741935485,apartamento,4,0,0
2751586242,Morretes,Morretes,6672000.0,186,35870.967741935485,apartamento,4,0,0
2731999931,Morretes,Morretes,6672000.0,186,35870.967741935485,apartamento,4,0,0
2767582466,Centro,Centro,6672000.0,187,35679.14438502674,apartamento,4,0,0
2769838302,Morretes,Morretes,6671610.0,186,35868.87096774193,apartamento,4,0,0
2754745926,Ilhota,Ilhota,6665100.0,289,23062.629757785468,apartamento,4,0,0
2743412360,Morretes,Morretes,6652185.0,183,36350.737704918036,apartamento,4,0,0
2770025248,Andorinha,Andorinha,6651610.0,183,36347.5956284153,apartamento,4,0,0
2566054543,,,6600000.0,175,37714.28571428572,apartamento,4,0,0
2714723299,,,6600000.0,229,28820.960698689956,apartamento,4,0,0
2611792918,Morretes,Morretes,6595000.0,186,35456.98924731183,apartamento,4,0,0
2656865288,Meia Praia,Meia Praia,6595000.0,189,34894.17989417989,apartamento,4,0,0
2646135042,Meia Praia,Meia Praia,6590000.0,305,21606.55737704918,apartamento,4,0,0
2762054918,Meia Praia,Meia Praia,6584096.0,192,34292.166666666664,apartamento,4,0,0
2768971028,Centro,Centro,6584080.0,192,34292.083333333336,apartamento,4,0,0
2706054074,Meia Praia,Meia Praia,6570000.0,140,46928.57142857143,apartamento,4,0,0
2754745135,Meia Praia,Meia Praia,6544428.0,212,30869.943396226416,apartamento,3,0,0
2583985709,Meia Praia,Meia Praia,6540000.0,169,38698.224852071005,casa,4,0,0
2767583628,Meia Praia,Meia Praia,6539318.0,197,33194.507614213195,apartamento,4,0,0
2707056469,Centro,Centro,6538000.0,169,38686.39053254438,apartamento,3,0,0
2747717905,Meia Praia,Meia Praia,6538000.0,169,38686.39053254438,apartamento,3,0,0
2657046122,Meia Praia,Meia Praia,6538000.0,169,38686.39053254438,apartamento,3,0,0
2603904961,Meia Praia,Meia Praia,6538000.0,169,38686.39053254438,apartamento,3,0,0
2769847411,Meia Praia,Meia Praia,6537270.0,157,41638.66242038216,apartamento,4,0,0
2769187327,Meia Praia,Meia Praia,6537190.0,169,38681.597633136094,apartamento,3,0,0
2767581979,Morretes,Morretes,6521274.0,183,35635.37704918033,apartamento,4,0,0
2766853625,Meia Praia,Meia Praia,6514519.0,184,35404.99456521739,apartamento,4,0,0
2769187421,Andorinha,Andorinha,6510955.0,420,15502.27380952381,apartamento,5,0,0
2766192625,Meia Praia,Meia Praia,6500000.0,178,36516.85393258427,apartamento,4,0,0
2765345914,Meia Praia,Meia Praia,6500000.0,180,36111.11111111111,apartamento,4,0,0
2701997373,Sertão do Trombudo,Sertão Do Trombudo,6500000.0,300,21666.666666666668,casa,4,0,0
2626576926,Meia Praia,Meia Praia,6500000.0,290,22413.793103448275,apartamento,4,0,0
2560639095,Varzea,Varzea,6500000.0,2310,2813.852813852814,terreno,0,0,0
2761666519,Ilhota,Ilhota,6500000.0,490,13265.30612244898,terreno,0,0,0
2601837578,Canto da Praia,Canto da Praia,6500000.0,393,16539.440203562343,casa,4,0,0
2725814844,Meia Praia,Meia Praia,6500000.0,140,46428.57142857143,apartamento,3,0,0
2748326007,Centro,Centro,6500000.0,197,32994.92385786802,apartamento,4,0,0
2764979713,Meia Praia,Meia Praia,6500000.0,140,46428.57142857143,apartamento,3,0,0
2528906145,Meia Praia,Meia Praia,6500000.0,211,30805.68720379147,apartamento,4,0,0
2754745134,Meia Praia,Meia Praia,6500000.0,211,30805.68720379147,apartamento,4,0,0
2702953872,Sertão do Trombudo,Sertão Do Trombudo,6500000.0,300,21666.666666666668,casa,4,0,0
2637934081,Meia Praia,Meia Praia,6500000.0,420,15476.190476190477,apartamento,4,0,0
2694650178,Centro,Centro,6500000.0,199,32663.316582914573,apartamento,4,0,0
2763978940,Meia Praia,Meia Praia,6500000.0,202,32178.21782178218,apartamento,4,0,0
2537365177,Meia Praia,Meia Praia,6500000.0,211,30805.68720379147,apartamento,4,0,0
2763514324,Meia Praia,Meia Praia,6500000.0,180,36111.11111111111,apartamento,4,0,0
2762990384,Meia Praia,Meia Praia,6500000.0,190,34210.52631578947,apartamento,4,0,0
2715225910,Casa Branca,Casa Branca,6500000.0,312,20833.333333333332,casa,3,0,0
2731908462,Meia Praia,Meia Praia,6500000.0,198,32828.28282828283,apartamento,4,0,0
2767582729,Meia Praia,Meia Praia,6500000.0,263,24714.828897338404,apartamento,4,0,0
2673092982,Centro,Centro,6500000.0,505,12871.287128712871,apartamento,4,0,0
2768965745,Morretes,Morretes,6499830.0,268,24253.097014925374,apartamento,4,0,0
2766851228,Centro,Centro,6499800.0,290,22413.103448275862,apartamento,4,0,0
2763102547,Andorinha,Andorinha,6498800.0,352,18462.5,apartamento,4,0,0
2514182410,Meia Praia,Meia Praia,6333969.0,198,31989.742424242424,apartamento,4,0,0
2764632331,Meia Praia,Meia Praia,6300000.0,315,20000.0,apartamento,7,0,0
2754746516,Meia Praia,Meia Praia,6264860.0,198,31640.70707070707,apartamento,4,0,0
2558703179,,,6250000.0,366,17076.50273224044,apartamento,4,0,0
2537282575,Morretes,Morretes,6240637.0,182,34289.21428571428,apartamento,4,0,0
2761992580,Morretes,Morretes,6240637.0,183,34101.84153005465,apartamento,4,0,0
2760452527,Morretes,Morretes,6240637.0,183,34101.84153005465,apartamento,4,0,0
2761579515,Meia Praia,Meia Praia,6229000.0,262,23774.809160305344,apartamento,4,0,0
2728280482,Centro,Centro,6204000.0,198,31333.333333333332,apartamento,4,0,0
2742112777,Meia Praia,Meia Praia,6203853.0,197,31491.63959390863,apartamento,4,0,0
2744006714,Castelo Branco,Castelo Branco,6200000.0,262,23664.12213740458,apartamento,4,0,0
2752799517,Castelo Branco,Castelo Branco,6200000.0,262,23664.12213740458,apartamento,4,0,0
2761579520,Centro,Centro,6193950.0,180,34410.833333333336,apartamento,4,0,0
2764631335,Centro,Centro,6193950.0,180,34410.833333333336,apartamento,4,0,0
2561780234,Andorinha,Andorinha,6190000.0,210,29476.190476190477,apartamento,4,0,0
2752414797,Meia Praia,Meia Praia,6158564.0,240,25660.683333333334,apartamento,4,0,0
2743163487,Meia Praia,Meia Praia,6158564.0,240,25660.683333333334,apartamento,4,0,0
2763107133,Meia Praia,Meia Praia,6158564.0,240,25660.683333333334,apartamento,4,0,0
2767584028,Meia Praia,Meia Praia,6158564.0,240,25660.683333333334,apartamento,4,0,0
2752039325,Meia Praia,Meia Praia,6158564.0,286,21533.440559440558,apartamento,4,0,0
2747201654,Meia Praia,Meia Praia,6158564.0,240,25660.683333333334,apartamento,4,0,0
2635064577,Meia Praia,Meia Praia,6158564.0,240,25660.683333333334,apartamento,4,0,0
2642395755,Meia Praia,Meia Praia,6158564.0,240,25660.683333333334,apartamento,4,0,0
2679515230,Meia Praia,Meia Praia,6158563.0,240,25660.679166666665,apartamento,4,0,0
2761579330,Meia Praia,Meia Praia,6158563.0,240,25660.679166666665,apartamento,4,0,0
2636059524,Meia Praia,Meia Praia,6158563.0,240,25660.679166666665,apartamento,4,0,0
2699373281,Meia Praia,Meia Praia,6158563.0,240,25660.679166666665,apartamento,4,0,0
2672323576,Meia Praia,Meia Praia,6158563.0,240,25660.679166666665,apartamento,4,0,0
2770199133,Meia Praia,Meia Praia,6158563.0,240,25660.679166666665,apartamento,4,0,0
2654756074,Meia Praia,Meia Praia,6158500.0,240,25660.416666666668,apartamento,4,0,0
2769277920,Meia Praia,Meia Praia,6157180.0,240,25654.916666666668,apartamento,4,0,0
2767584141,Morretes,Morretes,6101328.0,183,33340.59016393442,apartamento,4,0,0
2728445122,Meia Praia,Meia Praia,6100000.0,196,31122.448979591838,apartamento,4,0,0
2707062953,Centro,Centro,6100000.0,196,31122.448979591838,apartamento,4,0,0
2766853823,Meia Praia,Meia Praia,6100000.0,169,36094.674556213016,apartamento,3,0,0
2751911949,Meia Praia,Meia Praia,6094915.0,202,30172.846534653465,apartamento,4,0,0
2766852429,Centro,Centro,6039800.0,229,26374.67248908297,apartamento,4,0,0
2767583783,Meia Praia,Meia Praia,6019000.0,294,20472.789115646257,apartamento,5,0,0
2721618836,Centro,Centro,6019000.0,293,20542.662116040956,apartamento,5,0,0
2754748108,Centro,Centro,6019000.0,293,20542.662116040956,apartamento,5,0,0
2764632753,Meia Praia,Meia Praia,6000000.0,196,30612.244897959183,apartamento,3,0,0
2748326008,Morretes,Morretes,6000000.0,182,32967.03296703297,apartamento,4,0,0
2768492121,Meia Praia,Meia Praia,6000000.0,300,20000.0,apartamento,5,0,0
2755523130,Meia Praia,Meia Praia,6000000.0,197,30456.852791878173,apartamento,3,0,0
2605041887,Meia Praia,Meia Praia,6000000.0,150,40000.0,apartamento,4,0,0
2764631700,Andorinha,Andorinha,6000000.0,350,17142.85714285714,apartamento,4,0,0
2765540922,Meia Praia,Meia Praia,6000000.0,225,26666.666666666668,apartamento,4,0,0
2769855061,Meia Praia,Meia Praia,5999670.0,260,23075.653846153848,apartamento,3,0,0
2769278427,Meia Praia,Meia Praia,5999420.0,310,19352.967741935485,apartamento,5,0,0
2752779905,Meia Praia,Meia Praia,5998000.0,10,599800.0,apartamento,4,0,1
2721543077,Meia Praia,Meia Praia,5998000.0,190,31568.42105263158,apartamento,4,0,0
2740008315,Meia Praia,Meia Praia,5998000.0,190,31568.42105263158,apartamento,4,0,0
2767580928,Meia Praia,Meia Praia,5998000.0,190,31568.42105263158,apartamento,4,0,0
2764631686,Meia Praia,Meia Praia,5998000.0,190,31568.42105263158,apartamento,4,0,0
2753365520,Morretes,Morretes,5997880.0,190,31567.78947368421,apartamento,4,0,0
2752619196,Meia Praia,Meia Praia,5997000.0,343,17483.96501457726,apartamento,5,0,0
2754761527,Meia Praia,Meia Praia,5997000.0,343,17483.96501457726,apartamento,5,0,0
2768112425,Meia Praia,Meia Praia,5997000.0,343,17483.96501457726,apartamento,5,0,0
2765063106,Meia Praia,Meia Praia,5997000.0,343,17483.96501457726,apartamento,5,0,0
2750946221,Meia Praia,Meia Praia,5996550.0,344,17431.831395348836,apartamento,5,0,0
2754745133,Centro,Centro,5990000.0,368,16277.173913043478,casa,4,0,0
2766868424,Meia Praia,Meia Praia,5981256.0,200,29906.28,apartamento,4,0,0
2763109316,Meia Praia,Meia Praia,5950000.0,190,31315.78947368421,apartamento,4,0,0
2747203497,Meia Praia,Meia Praia,5950000.0,175,34000.0,apartamento,4,0,0
2694794278,,,5950000.0,252,23611.11111111111,outros,0,0,0
2687527721,Meia Praia,Meia Praia,5950000.0,185,32162.162162162163,apartamento,4,0,0
2770199968,Meia Praia,Meia Praia,5950000.0,190,31315.78947368421,apartamento,4,0,0
2761576356,Meia Praia,Meia Praia,5950000.0,190,31315.78947368421,apartamento,4,0,0
2752394198,Meia Praia,Meia Praia,5950000.0,190,31315.78947368421,apartamento,4,0,0
2731237420,Meia Praia,Meia Praia,5950000.0,190,31315.78947368421,apartamento,4,0,0
2770200066,Meia Praia,Meia Praia,5950000.0,175,34000.0,apartamento,4,0,0
2726250119,Meia Praia,Meia Praia,5950000.0,235,25319.14893617021,apartamento,4,0,0
2752399351,Meia Praia,Meia Praia,5950000.0,175,34000.0,apartamento,4,0,0
2747203709,Meia Praia,Meia Praia,5950000.0,190,31315.78947368421,apartamento,4,0,0
2736815120,Castelo Branco,Castelo Branco,5927250.0,300,19757.5,apartamento,4,0,0
2751910322,Meia Praia,Meia Praia,5918939.0,202,29301.678217821784,apartamento,4,0,0
2765029626,Meia Praia,Meia Praia,5900000.0,223,26457.399103139014,apartamento,4,0,0
2742884451,Meia Praia,Meia Praia,5900000.0,270,21851.85185185185,apartamento,4,0,0
2631837806,Canto da Praia,Canto da Praia,5900000.0,261,22605.363984674328,casa,4,0,0
2704135716,Centro,Centro,5900000.0,326,18098.159509202455,apartamento,5,0,0
2751911950,Meia Praia,Meia Praia,5887040.0,197,29883.451776649745,apartamento,4,0,0
2665066879,Morretes,Morretes,5875203.0,163,36044.19018404908,apartamento,3,0,0
2691351213,Morretes,Morretes,5875000.0,163,36042.94478527607,apartamento,3,0,0
2609062481,Canto da Praia,Canto da Praia,5851023.0,305,19183.681967213113,casa,4,0,0
2720816938,Morretes,Morretes,5850000.0,230,25434.782608695652,apartamento,4,0,0
2770253610,Andorinha,Andorinha,5849350.0,230,25431.956521739132,apartamento,4,0,0
2765062145,Canto da Praia,Canto da Praia,5841023.0,377,15493.429708222811,casa,4,0,0
2590895470,Centro,Centro,5840000.0,197,29644.670050761422,apartamento,4,0,0
2766855616,Centro,Centro,5839800.0,198,29493.939393939392,apartamento,4,0,0
2752978005,Meia Praia,Meia Praia,5831000.0,262,22255.725190839694,apartamento,4,0,0
2761579416,Meia Praia,Meia Praia,5831000.0,262,22255.725190839694,apartamento,4,0,0
2764631674,Meia Praia,Meia Praia,5830000.0,190,30684.21052631579,apartamento,4,0,0
2751910784,Meia Praia,Meia Praia,5810002.0,202,28762.38613861386,apartamento,4,0,0
2702024438,Centro,Centro,5800000.0,145,40000.0,apartamento,4,0,0
2656853449,Casa Branca,Casa Branca,5800000.0,23000,252.17391304347825,outros,7,0,0
2754860720,Casa Branca,Casa Branca,5800000.0,300,19333.333333333332,casa,3,0,0
2769991948,Castelo Branco,Castelo Branco,5800000.0,183,31693.98907103825,apartamento,4,0,0
2769744986,Meia Praia,Meia Praia,5800000.0,213,27230.04694835681,apartamento,4,0,0
2764728146,Meia Praia,Meia Praia,5800000.0,213,27230.04694835681,apartamento,4,0,0
2759766030,Centro,Centro,5790000.0,211,27440.758293838862,apartamento,3,0,0
2619175940,Centro,Centro,5781596.0,198,29199.9797979798,apartamento,4,0,0
2751910785,Meia Praia,Meia Praia,5768103.0,197,29279.710659898476,apartamento,4,0,0
2545420774,Meia Praia,Meia Praia,5760000.0,197,29238.578680203045,apartamento,4,0,0
2707075662,Centro,Centro,5750000.0,301,19102.99003322259,apartamento,4,0,0
2749228413,Meia Praia,Meia Praia,5750000.0,262,21946.564885496184,apartamento,4,0,0
2725058852,Centro,Centro,5748800.0,505,11383.762376237624,comercial,5,0,0
2572917544,Centro,Centro,5736000.0,229,25048.034934497817,apartamento,4,0,0
2751911264,Meia Praia,Meia Praia,5701064.0,202,28223.08910891089,apartamento,4,0,0
2767582153,Centro,Centro,5699000.0,180,31661.11111111111,apartamento,4,0,0
2733087417,Centro,Centro,5699000.0,180,31661.11111111111,apartamento,4,0,0
2766854516,Meia Praia,Meia Praia,5694800.0,227,25087.224669603525,apartamento,4,0,0
2751911265,Meia Praia,Meia Praia,5659165.0,197,28726.725888324872,apartamento,4,0,0
2767582924,Centro,Centro,5654482.0,200,28272.41,comercial,4,0,0
2560059331,Meia Praia,Meia Praia,5650060.0,182,31044.285714285714,apartamento,4,0,0
2766834117,Meia Praia,Meia Praia,5650000.0,199,28391.959798994976,apartamento,4,0,0
2543094545,Meia Praia,Meia Praia,5600000.0,190,29473.684210526317,apartamento,4,0,0
2760057829,Ilhota,Ilhota,5505000.0,362,15207.182320441989,casa,3,0,0
2646971559,Meia Praia,Meia Praia,5500000.0,288,19097.222222222223,comercial,0,0,0
2770025830,Canto da Praia,Canto da Praia,5500000.0,142,38732.394366197186,apartamento,3,0,0
2747716306,Meia Praia,Meia Praia,5500000.0,198,27777.777777777777,apartamento,4,0,0
2720507951,Meia Praia,Meia Praia,5500000.0,301,18272.425249169435,apartamento,4,0,0
2743161391,Meia Praia,Meia Praia,5500000.0,190,28947.36842105263,apartamento,4,0,0
2744683806,Meia Praia,Meia Praia,5500000.0,175,31428.571428571428,apartamento,4,0,0
2706425794,Meia Praia,Meia Praia,5500000.0,301,18272.425249169435,apartamento,4,0,0
2763090820,Meia Praia,Meia Praia,5500000.0,301,18272.425249169435,apartamento,4,0,0
2614369251,Canto da Praia,Canto da Praia,5500000.0,300,18333.333333333332,casa,4,0,0
2562595802,Meia Praia,Meia Praia,5500000.0,217,25345.622119815667,apartamento,4,0,0
2707329138,Meia Praia,Meia Praia,5500000.0,300,18333.333333333332,apartamento,4,0,0
2765234120,Meia Praia,Meia Praia,5500000.0,217,25345.622119815667,apartamento,4,0,0
2730234429,Meia Praia,Meia Praia,5500000.0,225,24444.444444444445,apartamento,4,0,0
2743161390,Meia Praia,Meia Praia,5500000.0,175,31428.571428571428,apartamento,4,0,0
2728693968,Meia Praia,Meia Praia,5500000.0,190,28947.36842105263,apartamento,4,0,0
2560059616,Meia Praia,Meia Praia,5500000.0,262,20992.36641221374,apartamento,4,0,0
2764634414,Meia Praia,Meia Praia,5500000.0,225,24444.444444444445,apartamento,4,0,0
2764632203,Meia Praia,Meia Praia,5500000.0,225,24444.444444444445,apartamento,4,0,0
2737228810,Andorinha,Andorinha,5500000.0,280,19642.85714285714,apartamento,4,0,0
2759881528,Estreito,Estreito,5500000.0,165,33333.333333333336,apartamento,4,0,0
2759514222,Morretes,Morretes,5500000.0,165,33333.333333333336,apartamento,4,0,0
2658435458,Meia Praia,Meia Praia,5500000.0,230,23913.043478260868,apartamento,4,0,0
2675314094,Meia Praia,Meia Praia,5500000.0,225,24444.444444444445,apartamento,4,0,0
2766852440,Centro,Centro,5499800.0,210,26189.52380952381,apartamento,4,0,0
2770253861,Meia Praia,Meia Praia,5499140.0,225,24440.62222222222,apartamento,4,0,0
2763216130,Meia Praia,Meia Praia,5499000.0,217,25341.013824884794,apartamento,4,0,0
2766852427,Centro,Centro,5497800.0,186,29558.064516129034,apartamento,4,0,0
2764631693,Meia Praia,Meia Praia,5490000.0,297,18484.848484848484,apartamento,5,0,0
2724405310,meia praia,Meia Praia,5437000.0,206,26393.203883495145,apartamento,4,0,0
2754745142,Centro,Centro,5427475.0,291,18651.11683848797,apartamento,4,0,0
2676069109,Centro,Centro,5427475.0,291,18651.11683848797,apartamento,4,0,0
2716785832,Centro,Centro,5427475.0,291,18651.11683848797,apartamento,4,0,0
2695337590,Morretes,Morretes,5390000.0,155,34774.1935483871,apartamento,3,0,0
2710365498,Centro,Centro,5385000.0,237,22721.518987341773,apartamento,4,0,0
2761230715,Meia Praia,Meia Praia,5381516.0,195,27597.51794871795,apartamento,4,0,0
2760198531,Morretes,Morretes,5355175.0,199,26910.42713567839,apartamento,4,0,0
2761579325,Centro,Centro,5353950.0,165,32448.18181818182,apartamento,3,0,0
2603983278,Andorinha,Andorinha,5350000.0,190,28157.894736842107,apartamento,4,0,0
2633099566,Andorinha,Andorinha,5350000.0,190,28157.894736842107,apartamento,4,0,0
2754746739,Ilhota,Ilhota,5345100.0,227,23546.69603524229,apartamento,4,0,0
2760220033,Morretes,Morretes,5322240.0,199,26744.924623115578,apartamento,4,0,0
2760155925,Morretes,Morretes,5322240.0,199,26744.924623115578,apartamento,4,0,0
2760096336,Morretes,Morretes,5322240.0,199,26744.924623115578,apartamento,4,0,0
2611242501,Estreito,Estreito,5320000.0,165,32242.424242424244,apartamento,4,0,0
2768646048,Meia Praia,Meia Praia,5320000.0,183,29071.03825136612,apartamento,4,0,0
2753270723,Meia Praia,Meia Praia,5319306.0,183,29067.245901639344,apartamento,4,0,0
2765063782,Meia Praia,Meia Praia,5319306.0,183,29067.245901639344,apartamento,4,0,0
2744009672,Centro,Centro,5319306.0,183,29067.245901639344,apartamento,4,0,0
2743161094,Centro,Centro,5300000.0,200,26500.0,apartamento,4,0,0
2761574937,Meia Praia,Meia Praia,5300000.0,215,24651.162790697676,apartamento,4,0,0
2609062485,Centro,Centro,5300000.0,145,36551.724137931036,apartamento,3,0,0
2769967880,Meia Praia,Meia Praia,5299000.0,198,26762.62626262626,apartamento,4,0,0
2725864400,Meia Praia,Meia Praia,5280000.0,300,17600.0,apartamento,5,0,0
2764633731,Meia Praia,Meia Praia,5250000.0,200,26250.0,apartamento,4,0,0
2762331517,Sertão do Trombudo,Sertão Do Trombudo,5250000.0,16573,316.78030531587524,outros,0,0,0
2753631195,Meia Praia,Meia Praia,5250000.0,10,525000.0,apartamento,4,0,1
2663264055,Sertão do Trombudo,Sertão Do Trombudo,5250000.0,16574,316.7611922287921,terreno,0,0,0
2764632352,Meia Praia,Meia Praia,5250000.0,140,37500.0,apartamento,3,0,0
2562905402,Canto da Praia,Canto da Praia,5250000.0,202,25990.09900990099,apartamento,4,0,0
2769754992,Sertão do Trombudo,Sertão Do Trombudo,5249310.0,16673,314.838961194746,outros,0,0,0
2742111968,Meia Praia,Meia Praia,5223415.0,197,26514.79695431472,apartamento,4,0,0
2626748057,Meia Praia,Meia Praia,5200000.0,434,11981.566820276497,apartamento,4,0,0
2762426116,Morretes,Morretes,5200000.0,0,,terreno,0,0,0
2744006718,Meia Praia,Meia Praia,5200000.0,360,14444.444444444445,apartamento,4,0,0
2687484316,Meia Praia,Meia Praia,5200000.0,200,26000.0,apartamento,4,0,0
2768348571,Morretes,Morretes,5200000.0,1200,4333.333333333333,terreno,0,0,0
2717835301,Sertão do Trombudo,Sertão Do Trombudo,5200000.0,300,17333.333333333332,outros,5,0,0
2725867134,Meia Praia,Meia Praia,5200000.0,300,17333.333333333332,apartamento,5,0,0
2753631194,Meia Praia,Meia Praia,5200000.0,10,520000.0,apartamento,4,0,1
2569301710,Morretes,Morretes,5200000.0,236,22033.898305084746,apartamento,4,0,0
2766852813,Morretes,Morretes,5199800.0,236,22033.050847457627,apartamento,4,0,0
2769185886,Morretes,Morretes,5199690.0,273,19046.483516483517,apartamento,4,0,0
2572614873,Centro,Centro,5198800.0,280,18567.14285714286,casa,4,0,0
2617318582,Castelo Branco,Castelo Branco,5198238.0,340,15288.935294117648,apartamento,4,0,0
2754746761,Canto da Praia,Canto da Praia,5193041.0,271,19162.51291512915,casa,3,0,0
2764630664,Meia Praia,Meia Praia,5190000.0,187,27754.010695187168,apartamento,4,0,0
2549274652,Meia Praia,Meia Praia,5190000.0,187,27754.010695187168,apartamento,4,0,0
2765063108,Meia Praia,Meia Praia,5190000.0,187,27754.010695187168,apartamento,4,0,0
2622106960,Meia Praia,Meia Praia,5160000.0,180,28666.666666666668,apartamento,4,0,0
2764949571,Meia Praia,Meia Praia,5150000.0,198,26010.10101010101,apartamento,4,0,0
2756563920,Meia Praia,Meia Praia,5150000.0,10,515000.0,apartamento,4,0,1
2744009371,Andorinha,Andorinha,5150000.0,200,25750.0,apartamento,4,0,0
2657075810,Meia Praia,Meia Praia,5126275.0,202,25377.59900990099,apartamento,4,0,0
2735051923,Morretes,Morretes,5125000.0,163,31441.717791411043,apartamento,3,0,0
2752988108,Meia Praia,Meia Praia,5100000.0,215,23720.93023255814,apartamento,4,0,0
2767782119,Castelo Branco,Castelo Branco,5099000.0,198,25752.52525252525,apartamento,4,0,0
2743991169,Meia Praia,Meia Praia,5099000.0,198,25752.52525252525,apartamento,4,0,0
2764632023,Castelo Branco,Castelo Branco,5099000.0,198,25752.52525252525,apartamento,4,0,0
2749230115,Centro,Centro,5099000.0,165,30903.030303030304,apartamento,3,0,0
2639974174,Meia Praia,Meia Praia,5080000.0,180,28222.222222222223,apartamento,3,0,0
2650255713,Ilhota,Ilhota,5045250.0,362,13937.154696132597,apartamento,3,0,0
2526638839,Meia Praia,Meia Praia,5007000.0,282,17755.31914893617,apartamento,5,0,0
2748820944,Centro,Centro,5007000.0,144,34770.833333333336,apartamento,4,0,0
2767583185,Meia Praia,Meia Praia,5007000.0,146,34294.520547945205,apartamento,5,0,0
2732381428,Meia Praia,Meia Praia,5007000.0,282,17755.31914893617,apartamento,5,0,0
2764859343,Meia Praia,Meia Praia,5003925.0,205,24409.39024390244,apartamento,4,0,0
2644323284,Andorinha,Andorinha,5000000.0,208,24038.46153846154,apartamento,4,0,0
2661818609,Centro,Centro,5000000.0,201,24875.621890547263,apartamento,4,0,0
2761880117,Centro,Centro,5000000.0,197,25380.710659898476,apartamento,4,0,0
2743411090,Meia Praia,Meia Praia,5000000.0,205,24390.243902439026,apartamento,4,0,0
2712458899,Meia Praia,Meia Praia,5000000.0,302,16556.29139072848,apartamento,5,0,0
2750334030,Andorinha,Andorinha,5000000.0,208,24038.46153846154,apartamento,4,0,0
2762785931,Meia Praia,Meia Praia,5000000.0,223,22421.52466367713,apartamento,4,0,0
2747918627,Meia Praia,Meia Praia,5000000.0,250,20000.0,apartamento,4,0,0
2741498464,Meia Praia,Meia Praia,5000000.0,209,23923.444976076556,apartamento,4,0,0
2748551625,Meia Praia,Meia Praia,5000000.0,200,25000.0,apartamento,4,0,0
2670811202,Meia Praia,Meia Praia,5000000.0,206,24271.844660194176,apartamento,3,0,0
2739305420,Meia Praia,Meia Praia,5000000.0,225,22222.222222222223,apartamento,4,0,0
2718491135,,,5000000.0,208,24038.46153846154,apartamento,4,0,0
2707064856,Centro,Centro,5000000.0,208,24038.46153846154,apartamento,4,0,0
2572344816,,,5000000.0,226,22123.893805309734,apartamento,4,0,0
2747829502,Meia Praia,Meia Praia,5000000.0,195,25641.02564102564,apartamento,4,0,0
2722904680,Andorinha,Andorinha,5000000.0,208,24038.46153846154,apartamento,4,0,0
2747203306,Centro,Centro,5000000.0,197,25380.710659898476,apartamento,4,0,0
2764632400,Centro,Centro,5000000.0,197,25380.710659898476,apartamento,4,0,0
2747921194,Centro,Centro,5000000.0,197,25380.710659898476,apartamento,4,0,0
2685104561,Meia Praia,Meia Praia,5000000.0,232,21551.724137931036,apartamento,4,0,0
2646971002,Meia Praia,Meia Praia,5000000.0,212,23584.905660377357,apartamento,4,0,0
2764631585,Andorinha,Andorinha,5000000.0,208,24038.46153846154,apartamento,3,0,0
2769186800,Centro,Centro,4999740.0,201,24874.328358208953,apartamento,4,0,0
2768968700,Centro,Centro,4999350.0,197,25377.41116751269,apartamento,4,0,0
2767582385,Morretes,Morretes,4999000.0,198,25247.47474747475,apartamento,4,0,0
2751721591,Centro,Centro,4998800.0,245,20403.26530612245,apartamento,4,0,0
2634296470,Meia Praia,Meia Praia,4995000.0,240,20812.5,apartamento,4,0,0
2739750728,Centro,Centro,4990000.0,280,17821.428571428572,apartamento,5,0,0
2688285718,Meia Praia,Meia Praia,4990000.0,250,19960.0,apartamento,4,0,0
2752690429,Meia Praia,Meia Praia,4990000.0,210,23761.904761904763,apartamento,4,0,0
2696749982,Meia Praia,Meia Praia,4980000.0,268,18582.089552238805,apartamento,4,0,0
2767584527,Castelo Branco,Castelo Branco,4956000.0,297,16686.868686868685,apartamento,4,0,0
2684664257,Meia Praia,Meia Praia,4955266.0,202,24531.019801980197,apartamento,4,0,0
2758187517,Meia Praia,Meia Praia,4955265.0,202,24531.01485148515,apartamento,4,0,0
2767154720,Meia Praia,Meia Praia,4955265.0,202,24531.01485148515,apartamento,4,0,0
2710886977,Meia Praia,Meia Praia,4955265.0,202,24531.01485148515,apartamento,4,0,0
2761509818,Meia Praia,Meia Praia,4950000.0,225,22000.0,apartamento,4,0,0
2768234826,Centro,Centro,4950000.0,142,34859.15492957747,apartamento,3,0,0
2758861750,Meia Praia,Meia Praia,4950000.0,142,34859.15492957747,apartamento,3,0,0
2758633539,Meia Praia,Meia Praia,4950000.0,142,34859.15492957747,apartamento,3,0,0
2712960524,Centro,Centro,4950000.0,142,34859.15492957747,apartamento,3,0,0
2646971455,Meia Praia,Meia Praia,4950000.0,173,28612.71676300578,apartamento,3,0,0
2711062503,Centro,Centro,4950000.0,142,34859.15492957747,apartamento,3,0,0
2764632835,Meia Praia,Meia Praia,4950000.0,190,26052.63157894737,apartamento,4,0,0
2758656946,Meia Praia,Meia Praia,4950000.0,142,34859.15492957747,apartamento,3,0,0
2751597601,Centro,Centro,4945000.0,282,17535.4609929078,apartamento,5,0,0
2766854723,Andorinha,Andorinha,4940000.0,268,18432.83582089552,apartamento,4,0,0
2744746533,Meia Praia,Meia Praia,4940000.0,268,18432.83582089552,apartamento,4,0,0
2747202040,Andorinha,Andorinha,4940000.0,268,18432.83582089552,apartamento,4,0,0
2763105731,Meia Praia,Meia Praia,4940000.0,268,18432.83582089552,apartamento,4,0,0
2743161327,Meia Praia,Meia Praia,4940000.0,268,18432.83582089552,apartamento,4,0,0
2704733254,Andorinha,Andorinha,4940000.0,268,18432.83582089552,apartamento,4,0,0
2764858091,Meia Praia,Meia Praia,4940000.0,268,18432.83582089552,apartamento,4,0,0
2770198958,Meia Praia,Meia Praia,4940000.0,268,18432.83582089552,apartamento,4,0,0
2730741853,Andorinha,Andorinha,4940000.0,268,18432.83582089552,apartamento,4,0,0
2761579913,Andorinha,Andorinha,4940000.0,268,18432.83582089552,apartamento,4,0,0
2769471781,Andorinha,Andorinha,4939400.0,268,18430.597014925374,apartamento,4,0,0
2766854813,Meia Praia,Meia Praia,4929800.0,214,23036.448598130843,apartamento,4,0,0
2624190025,Meia Praia,Meia Praia,4924000.0,215,22902.325581395347,apartamento,4,0,0
2769150119,Meia Praia,Meia Praia,4923264.0,140,35166.171428571426,apartamento,3,0,0
2652821122,Meia Praia,Meia Praia,4900000.0,234,20940.17094017094,apartamento,4,0,0
2740126322,Meia Praia,Meia Praia,4900000.0,300,16333.333333333334,apartamento,5,0,0
2752690430,Centro,Centro,4900000.0,200,24500.0,apartamento,4,0,0
2609062174,Meia Praia,Meia Praia,4900000.0,297,16498.316498316497,apartamento,4,0,0
2740008414,Meia Praia,Meia Praia,4900000.0,173,28323.699421965317,apartamento,3,0,0
2760453317,Meia Praia,Meia Praia,4900000.0,180,27222.222222222223,apartamento,4,0,0
2723209715,Meia Praia,Meia Praia,4900000.0,190,25789.473684210527,apartamento,4,0,0
2674421612,Meia Praia,Meia Praia,4900000.0,268,18283.582089552237,apartamento,4,0,0
2692636063,Meia Praia,Meia Praia,4900000.0,225,21777.777777777777,apartamento,4,0,0
2443678881,Meia Praia,Meia Praia,4900000.0,198,24747.47474747475,apartamento,4,0,0
2739558619,Centro,Centro,4900000.0,197,24873.096446700507,apartamento,4,0,0
2764895018,Meia Praia,Meia Praia,4900000.0,180,27222.222222222223,apartamento,3,0,0
2671253018,Centro,Centro,4900000.0,138,35507.24637681159,apartamento,3,0,0
2769537919,Meia Praia,Meia Praia,4900000.0,195,25128.20512820513,apartamento,4,0,0
2764632859,Meia Praia,Meia Praia,4900000.0,182,26923.076923076922,apartamento,3,0,0
2764633088,Centro,Centro,4900000.0,180,27222.222222222223,apartamento,4,0,0
2769150116,Meia Praia,Meia Praia,4900000.0,195,25128.20512820513,apartamento,4,0,0
2751672698,Centro,Centro,4900000.0,655,7480.916030534351,apartamento,4,0,0
2643723284,Meia Praia,Meia Praia,4900000.0,206,23786.40776699029,apartamento,4,0,0
2709297558,Centro,Centro,4900000.0,138,35507.24637681159,apartamento,3,0,0
2729910251,Meia Praia,Meia Praia,4900000.0,200,24500.0,apartamento,4,0,0
2760934141,Meia Praia,Meia Praia,4900000.0,212,23113.20754716981,apartamento,4,0,0
2766855215,Meia Praia,Meia Praia,4899800.0,180,27221.11111111111,apartamento,4,0,0
2754662104,Andorinha,Andorinha,4899730.0,180,27220.722222222223,apartamento,4,0,0
2677530197,Estreito,Estreito,4895000.0,230,21282.608695652172,apartamento,4,0,0
2764630657,Centro,Centro,4890000.0,280,17464.285714285714,apartamento,4,0,0
2593389870,Meia Praia,Meia Praia,4890000.0,202,24207.920792079207,apartamento,4,0,0
2769757484,Meia Praia,Meia Praia,4889060.0,202,24203.26732673267,apartamento,4,0,0
2675687796,Meia Praia,Meia Praia,4880000.0,268,18208.955223880595,apartamento,4,0,0
2763468913,Meia Praia,Meia Praia,4850000.0,188,25797.872340425532,apartamento,4,0,0
2692634782,Centro,Centro,4850000.0,189,25661.375661375663,apartamento,4,0,0
2616545428,Meia Praia,Meia Praia,4850000.0,225,21555.555555555555,apartamento,4,0,0
2534697293,Meia Praia,Meia Praia,4850000.0,188,25797.872340425532,apartamento,4,0,0
2747720708,Centro,Centro,4849800.0,189,25660.31746031746,apartamento,4,0,0
2768971565,Centro,Centro,4849480.0,189,25658.624338624337,apartamento,4,0,0
2764857981,Centro,Centro,4843960.0,262,18488.396946564884,apartamento,4,0,0
2748231901,Centro,Centro,4843960.0,262,18488.396946564884,apartamento,4,0,0
2760195917,Morretes,Morretes,4828249.0,147,32845.231292517004,apartamento,3,0,0
2763649136,Meia Praia,Meia Praia,4800000.0,182,26373.626373626375,apartamento,3,0,0
2763090326,Meia Praia,Meia Praia,4800000.0,196,24489.79591836735,apartamento,4,0,0
2764767171,Meia Praia,Meia Praia,4800000.0,320,15000.0,apartamento,4,0,0
2763648535,Meia Praia,Meia Praia,4800000.0,180,26666.666666666668,apartamento,4,0,0
2609060700,Meia Praia,Meia Praia,4800000.0,235,20425.531914893618,apartamento,4,0,0
2764631494,Meia Praia,Meia Praia,4800000.0,180,26666.666666666668,apartamento,4,0,0
2744013114,Meia Praia,Meia Praia,4800000.0,206,23300.97087378641,apartamento,4,0,0
2596146064,Meia Praia,Meia Praia,4800000.0,274,17518.24817518248,apartamento,4,0,0
2747342574,Meia Praia,Meia Praia,4800000.0,268,17910.44776119403,apartamento,4,0,0
2764633024,Meia Praia,Meia Praia,4800000.0,270,17777.777777777777,apartamento,4,0,0
2763234315,Meia Praia,Meia Praia,4800000.0,182,26373.626373626375,apartamento,3,0,0
2592567932,Canto da Praia,Canto da Praia,4800000.0,362,13259.668508287294,casa,3,0,0
2764632223,Meia Praia,Meia Praia,4800000.0,180,26666.666666666668,apartamento,4,0,0
2757731044,Andorinha,Andorinha,4799060.0,180,26661.444444444445,apartamento,4,0,0
2747902892,Morretes,Morretes,4798558.0,147,32643.251700680274,apartamento,3,0,0
2715194804,Castelo Branco,Castelo Branco,4798000.0,180,26655.555555555555,apartamento,5,0,0
2763752830,Meia Praia,Meia Praia,4798000.0,207,23178.74396135266,apartamento,4,0,0
2761656114,Meia Praia,Meia Praia,4798000.0,207,23178.74396135266,apartamento,4,0,0
2770254344,Castelo Branco,Castelo Branco,4797120.0,181,26503.42541436464,apartamento,4,0,0
2764781426,Andorinha,Andorinha,4790000.0,190,25210.526315789473,apartamento,4,0,0
2734362020,Meia Praia,Meia Praia,4790000.0,187,25614.973262032086,apartamento,4,0,0
2657058862,Centro,Centro,4786027.0,160,29912.66875,apartamento,4,0,0
2767583739,Andorinha,Andorinha,4784758.0,259,18473.969111969112,apartamento,4,0,0
2659425249,Meia Praia,Meia Praia,4771978.0,213,22403.652582159626,apartamento,4,0,0
2736543347,Meia Praia,Meia Praia,4771978.0,213,22403.652582159626,apartamento,4,0,0
2698138393,Meia Praia,Meia Praia,4765644.0,205,23247.043902439025,apartamento,4,0,0
2609058386,Centro,Centro,4750000.0,185,25675.675675675677,apartamento,4,0,0
2765323932,Meia Praia,Meia Praia,4747783.0,287,16542.797909407665,apartamento,3,0,0
2767582464,Meia Praia,Meia Praia,4747782.0,143,33201.27272727273,apartamento,3,0,0
2616695483,Meia Praia,Meia Praia,4747764.0,213,22289.971830985916,apartamento,4,0,0
2723912326,Meia Praia,Meia Praia,4747000.0,210,22604.761904761905,apartamento,4,0,0
2701765504,Meia Praia,Meia Praia,4744804.0,205,23145.385365853657,apartamento,4,0,0
2733289825,Meia Praia,Meia Praia,4709453.0,148,31820.62837837838,apartamento,3,0,0
2705887862,Ilhota,Ilhota,4703165.0,194,24243.118556701033,apartamento,4,0,0
2752796226,Meia Praia,Meia Praia,4700000.0,250,18800.0,apartamento,4,0,0
2747203502,Castelo Branco,Castelo Branco,4700000.0,274,17153.284671532845,apartamento,4,0,0
2666979403,Castelo Branco,Castelo Branco,4700000.0,274,17153.284671532845,apartamento,4,0,0
2761579917,Castelo Branco,Castelo Branco,4700000.0,274,17153.284671532845,apartamento,4,0,0
2717860139,Centro,Centro,4700000.0,200,23500.0,apartamento,4,0,0
2756708822,Meia Praia,Meia Praia,4700000.0,197,23857.86802030457,apartamento,4,0,0
2756778668,Meia Praia,Meia Praia,4700000.0,250,18800.0,apartamento,4,0,0
2717273449,Meia Praia,Meia Praia,4700000.0,250,18800.0,casa,4,0,0
2761506947,Meia Praia,Meia Praia,4700000.0,300,15666.666666666666,apartamento,5,0,0
2510105480,Centro,Centro,4700000.0,180,26111.11111111111,apartamento,4,0,0
2576337127,Meia Praia,Meia Praia,4700000.0,274,17153.284671532845,apartamento,4,0,0
2702053885,Centro,Centro,4700000.0,236,19915.254237288136,apartamento,4,0,0
2765060476,Castelo Branco,Castelo Branco,4700000.0,274,17153.284671532845,apartamento,4,0,0
2759051626,Andorinha,Andorinha,4699140.0,300,15663.8,apartamento,5,0,0
2667023593,Meia Praia,Meia Praia,4699000.0,165,28478.78787878788,apartamento,3,0,0
2692701058,Centro,Centro,4699000.0,165,28478.78787878788,apartamento,3,0,0
2718921439,Morretes,Morretes,4698800.0,280,16781.428571428572,apartamento,4,0,0
2615046038,Meia Praia,Meia Praia,4680000.0,195,24000.0,apartamento,4,0,0
2764894828,Meia Praia,Meia Praia,4680000.0,195,24000.0,apartamento,4,0,0
2769186670,Meia Praia,Meia Praia,4679050.0,195,23995.128205128207,apartamento,4,0,0
2716785830,Centro,Centro,4670000.0,236,19788.13559322034,apartamento,4,0,0
2763236921,Meia Praia,Meia Praia,4650000.0,350,13285.714285714286,apartamento,4,0,0
2760452030,Meia Praia,Meia Praia,4650000.0,207,22463.768115942028,apartamento,4,0,0
2740008316,Meia Praia,Meia Praia,4650000.0,350,13285.714285714286,apartamento,4,0,0
2761578128,Meia Praia,Meia Praia,4650000.0,197,23604.060913705584,apartamento,4,0,0
2766852713,Meia Praia,Meia Praia,4650000.0,187,24866.31016042781,apartamento,4,0,0
2763648645,Meia Praia,Meia Praia,4650000.0,350,13285.714285714286,apartamento,4,0,0
2753366116,Meia Praia,Meia Praia,4649740.0,350,13284.971428571429,apartamento,4,0,0
2770028730,Meia Praia,Meia Praia,4616030.0,228,20245.745614035088,apartamento,4,0,0
2753354293,Andorinha,Andorinha,4600000.0,280,16428.571428571428,apartamento,4,0,0
2729768922,Meia Praia,Meia Praia,4600000.0,225,20444.444444444445,apartamento,4,0,0
2666526202,Meia Praia,Meia Praia,4600000.0,187,24598.930481283423,apartamento,4,0,0
2764633029,Meia Praia,Meia Praia,4600000.0,207,22222.222222222223,apartamento,4,0,0
2764634817,Meia Praia,Meia Praia,4600000.0,187,24598.930481283423,apartamento,4,0,0
2742883938,Meia Praia,Meia Praia,4600000.0,300,15333.333333333334,apartamento,5,0,0
2761303935,,,4600000.0,210,21904.761904761905,apartamento,3,0,0
2766830624,Castelo Branco,Castelo Branco,4600000.0,180,25555.555555555555,apartamento,4,0,0
2647769634,Meia Praia,Meia Praia,4600000.0,188,24468.08510638298,apartamento,4,0,0
2765063796,Centro,Centro,4600000.0,254,18110.23622047244,apartamento,4,0,0
2766851520,Centro,Centro,4599800.0,260,17691.53846153846,apartamento,3,0,0
2769188589,Castelo Branco,Castelo Branco,4599320.0,274,16785.839416058396,apartamento,4,0,0
2768967488,Meia Praia,Meia Praia,4599290.0,206,22326.650485436894,apartamento,4,0,0
2761878144,Meia Praia,Meia Praia,4591000.0,180,25505.555555555555,apartamento,4,0,0
2758678426,Meia Praia,Meia Praia,4591000.0,180,25505.555555555555,apartamento,4,0,0
2770199145,Meia Praia,Meia Praia,4591000.0,180,25505.555555555555,apartamento,4,0,0
2769343130,Meia Praia,Meia Praia,4591000.0,180,25505.555555555555,apartamento,4,0,0
2727331660,Meia Praia,Meia Praia,4591000.0,180,25505.555555555555,apartamento,4,0,0
2753961998,Meia Praia,Meia Praia,4590070.0,180,25500.38888888889,apartamento,4,0,0
2765060475,Castelo Branco,Castelo Branco,4581148.0,183,25033.5956284153,apartamento,4,0,0
2754746751,Centro,Centro,4550000.0,187,24331.550802139038,apartamento,4,0,0
2511795416,Meia Praia,Meia Praia,4550000.0,190,23947.36842105263,apartamento,4,0,0
2723208493,Meia Praia,Meia Praia,4535630.0,213,21294.037558685446,apartamento,4,0,0
2768816313,Meia Praia,Meia Praia,4535630.0,214,21194.532710280375,apartamento,4,0,0
2568578869,Meia Praia,Meia Praia,4535630.0,214,21194.532710280375,apartamento,4,0,0
2764632846,Meia Praia,Meia Praia,4535630.0,213,21294.037558685446,apartamento,4,0,0
2675944016,Meia Praia,Meia Praia,4518860.0,205,22043.219512195123,apartamento,4,0,0
2749327198,Morretes,Morretes,4517000.0,183,24683.060109289618,apartamento,4,0,0
2761880014,Castelo Branco,Castelo Branco,4517000.0,183,24683.060109289618,apartamento,4,0,0
2770199477,Castelo Branco,Castelo Branco,4517000.0,183,24683.060109289618,apartamento,4,0,0
2747203132,Castelo Branco,Castelo Branco,4517000.0,183,24683.060109289618,apartamento,4,0,0
2763092122,Meia Praia,Meia Praia,4517000.0,184,24548.91304347826,apartamento,4,0,0
2715659294,Meia Praia,Meia Praia,4517000.0,183,24683.060109289618,apartamento,4,0,0
2758217716,Castelo Branco,Castelo Branco,4515000.0,183,24672.131147540982,apartamento,4,0,0
2748823297,Meia Praia,Meia Praia,4512616.0,214,21086.99065420561,apartamento,4,0,0
2537463541,Meia Praia,Meia Praia,4512000.0,214,21084.11214953271,apartamento,4,0,0
2482909812,Meia Praia,Meia Praia,4504000.0,183,24612.021857923497,apartamento,4,0,0
2655713966,Meia Praia,Meia Praia,4500000.0,207,21739.130434782608,apartamento,4,0,0
2727086082,Ocean Tower,Ocean Tower,4500000.0,226,19911.504424778763,apartamento,4,0,0
2562460001,Meia Praia,Meia Praia,4500000.0,297,15151.515151515152,apartamento,4,0,0
2710301594,Meia Praia,Meia Praia,4500000.0,346,13005.78034682081,apartamento,4,0,0
2767582336,Meia Praia,Meia Praia,4500000.0,226,19911.504424778763,apartamento,4,0,0
2761878443,Meia Praia,Meia Praia,4500000.0,224,20089.285714285714,apartamento,4,0,0
2521479733,Meia Praia,Meia Praia,4500000.0,180,25000.0,apartamento,3,0,0
2752767694,Meia Praia,Meia Praia,4500000.0,212,21226.415094339623,apartamento,4,0,0
2728451825,Meia Praia,Meia Praia,4500000.0,158,28481.01265822785,apartamento,4,0,0
2740364099,Meia Praia,Meia Praia,4500000.0,280,16071.42857142857,apartamento,4,0,0
2544673312,Meia Praia,Meia Praia,4500000.0,213,21126.76056338028,apartamento,4,0,0
2750328221,Andorinha,Andorinha,4500000.0,224,20089.285714285714,apartamento,4,0,0
2632591854,Centro,Centro,4500000.0,221,20361.990950226245,apartamento,4,0,0
2633099798,Meia Praia,Meia Praia,4500000.0,225,20000.0,apartamento,4,0,0
2752780495,Meia Praia,Meia Praia,4500000.0,340,13235.29411764706,apartamento,4,0,0
2764633960,Meia Praia,Meia Praia,4500000.0,340,13235.29411764706,apartamento,4,0,0
2746885796,Meia Praia,Meia Praia,4500000.0,240,18750.0,apartamento,4,0,0
2764632157,Meia Praia,Meia Praia,4500000.0,196,22959.183673469386,apartamento,4,0,0
2541751550,Meia Praia,Meia Praia,4500000.0,150,30000.0,apartamento,4,0,0
2555622957,Meia Praia,Meia Praia,4500000.0,190,23684.21052631579,apartamento,4,0,0
2686311979,Meia Praia,Meia Praia,4500000.0,280,16071.42857142857,apartamento,4,0,0
2698812846,Meia Praia,Meia Praia,4500000.0,148,30405.405405405407,apartamento,3,0,0
2763088930,Centro,Centro,4500000.0,210,21428.571428571428,apartamento,4,0,0
2761617930,Meia Praia,Meia Praia,4500000.0,179,25139.664804469274,apartamento,4,0,0
2751504647,Meia Praia,Meia Praia,4500000.0,183,24590.16393442623,apartamento,4,0,0
2696445280,Meia Praia,Meia Praia,4500000.0,206,21844.660194174758,apartamento,4,0,0
2766852839,Meia Praia,Meia Praia,4500000.0,214,21028.03738317757,apartamento,4,0,0
2534729510,Meia Praia,Meia Praia,4500000.0,251,17928.28685258964,apartamento,4,0,0
2765060474,Centro,Centro,4500000.0,210,21428.571428571428,apartamento,4,0,0
2760625614,Centro,Centro,4500000.0,210,21428.571428571428,casa,4,0,0
2764631739,Meia Praia,Meia Praia,4500000.0,148,30405.405405405407,apartamento,3,0,0
2760226946,Meia Praia,Meia Praia,4500000.0,224,20089.285714285714,apartamento,4,0,0
2761616138,Meia Praia,Meia Praia,4500000.0,179,25139.664804469274,apartamento,4,0,0
2675654616,Meia Praia,Meia Praia,4500000.0,180,25000.0,apartamento,4,0,0
2741138297,Castelo Branco,Castelo Branco,4500000.0,250,18000.0,apartamento,4,0,0
2747828723,Meia Praia,Meia Praia,4500000.0,248,18145.16129032258,apartamento,4,0,0
2639004386,Meia Praia,Meia Praia,4500000.0,197,22842.63959390863,apartamento,4,0,0
2731627323,Meia Praia,Meia Praia,4500000.0,226,19911.504424778763,apartamento,4,0,0
2569455272,Centro,Centro,4500000.0,368,12228.260869565218,apartamento,6,0,0
2761579122,Meia Praia,Meia Praia,4499999.0,260,17307.688461538462,apartamento,4,0,0
2754662609,Andorinha,Andorinha,4499880.0,224,20088.75,apartamento,4,0,0
2766855313,Meia Praia,Meia Praia,4499800.0,288,15624.305555555555,comercial,0,0,0
2769190032,Meia Praia,Meia Praia,4499600.0,197,22840.60913705584,apartamento,4,0,0
2769852836,Castelo Branco,Castelo Branco,4499570.0,276,16302.789855072464,apartamento,4,0,0
2769840162,Canto da Praia,Canto da Praia,4499530.0,180,24997.38888888889,apartamento,4,0,0
2752081799,Andorinha,Andorinha,4499430.0,250,17997.72,apartamento,4,0,0
2760094787,Meia Praia,Meia Praia,4499000.0,225,19995.555555555555,apartamento,4,0,0
2754539634,Centro,Centro,4499000.0,300,14996.666666666666,apartamento,4,0,0
2760156261,Meia Praia,Meia Praia,4499000.0,225,19995.555555555555,apartamento,4,0,0
2760224116,Meia Praia,Meia Praia,4499000.0,225,19995.555555555555,apartamento,4,0,0
2754156530,Meia Praia,Meia Praia,4498800.0,280,16067.142857142857,apartamento,4,0,0
2560060001,Meia Praia,Meia Praia,4498042.0,213,21117.56807511737,apartamento,4,0,0
2754771401,Meia Praia,Meia Praia,4498000.0,124,36274.1935483871,apartamento,3,0,0
2740007921,Meia Praia,Meia Praia,4498000.0,123,36569.10569105691,apartamento,3,0,0
2750096695,Meia Praia,Meia Praia,4490000.0,188,23882.978723404256,apartamento,4,0,0
2723352254,Meia Praia,Meia Praia,4490000.0,300,14966.666666666666,apartamento,4,0,0
2767581577,Meia Praia,Meia Praia,4490000.0,300,14966.666666666666,apartamento,4,0,0
2672319133,Meia Praia,Meia Praia,4490000.0,300,14966.666666666666,apartamento,4,0,0
2643986955,Meia Praia,Meia Praia,4490000.0,300,14966.666666666666,apartamento,4,0,0
2744005552,Andorinha,Andorinha,4490000.0,187,24010.695187165777,apartamento,4,0,0
2635064580,Meia Praia,Meia Praia,4490000.0,300,14966.666666666666,apartamento,4,0,0
2764895319,Meia Praia,Meia Praia,4490000.0,200,22450.0,apartamento,4,0,0
2672909397,Meia Praia,Meia Praia,4490000.0,300,14966.666666666666,apartamento,4,0,0
2676973704,Meia Praia,Meia Praia,4490000.0,350,12828.57142857143,apartamento,4,0,0
2764894827,Meia Praia,Meia Praia,4490000.0,200,22450.0,apartamento,4,0,0
2766852116,Meia Praia,Meia Praia,4490000.0,300,14966.666666666666,apartamento,4,0,0
2764894829,Meia Praia,Meia Praia,4490000.0,200,22450.0,apartamento,4,0,0
2761579817,Meia Praia,Meia Praia,4490000.0,300,14966.666666666666,apartamento,4,0,0
2654829912,Meia Praia,Meia Praia,4490000.0,300,14966.666666666666,apartamento,4,0,0
2747201937,Meia Praia,Meia Praia,4490000.0,300,14966.666666666666,apartamento,4,0,0
2769278714,Andorinha,Andorinha,4489850.0,300,14966.166666666666,apartamento,4,0,0
2582526749,Meia Praia,Meia Praia,4462945.0,214,20854.883177570093,apartamento,4,0,0
2763099747,Meia Praia,Meia Praia,4462945.0,213,20952.793427230048,apartamento,4,0,0
2721916568,Castelo Branco,Castelo Branco,4455000.0,333,13378.378378378378,apartamento,3,0,0
2764634215,Centro,Centro,4452371.0,150,29682.47333333333,apartamento,4,0,0
2764630956,Centro,Centro,4450000.0,165,26969.696969696968,apartamento,3,0,0
2764632155,Meia Praia,Meia Praia,4446792.0,178,24981.977528089887,apartamento,4,0,0
2530978301,Centro,Centro,4435886.0,213,20825.755868544602,apartamento,4,0,0
2761880120,Centro,Centro,4420000.0,234,18888.88888888889,apartamento,3,0,0
2767583932,Andorinha,Andorinha,4405794.0,259,17010.787644787644,apartamento,4,0,0
2737231395,Meia Praia,Meia Praia,4400000.0,300,14666.666666666666,apartamento,5,0,0
2759137916,Centro,Centro,4400000.0,208,21153.846153846152,apartamento,4,0,0
2757245242,Centro,Centro,4400000.0,208,21153.846153846152,apartamento,4,0,0
2540681285,meia praia,Meia Praia,4400000.0,213,20657.276995305165,apartamento,4,0,0
2751617615,Andorinha,Andorinha,4399390.0,208,21150.91346153846,apartamento,4,0,0
2698066685,Centro,Centro,4390000.0,280,15678.57142857143,apartamento,4,0,0
2761578127,Meia Praia,Meia Praia,4380000.0,315,13904.761904761905,apartamento,4,0,0
2718092252,Meia Praia,Meia Praia,4380000.0,315,13904.761904761905,apartamento,4,0,0
2761655822,Meia Praia,Meia Praia,4380000.0,315,13904.761904761905,apartamento,4,0,0
2690690873,Meia Praia,Meia Praia,4380000.0,315,13904.761904761905,apartamento,4,0,0
2726820245,Meia Praia,Meia Praia,4380000.0,315,13904.761904761905,apartamento,4,0,0
2758371857,Centro,Centro,4380000.0,315,13904.761904761905,apartamento,4,0,0
2758295123,Centro,Centro,4380000.0,315,13904.761904761905,apartamento,4,0,0
2758313016,Centro,Centro,4380000.0,315,13904.761904761905,apartamento,4,0,0
2742884448,Meia Praia,Meia Praia,4380000.0,315,13904.761904761905,apartamento,4,0,0
2720508935,Meia Praia,Meia Praia,4380000.0,315,13904.761904761905,apartamento,4,0,0
2761878728,Meia Praia,Meia Praia,4380000.0,315,13904.761904761905,apartamento,4,0,0
2749229847,Meia Praia,Meia Praia,4377472.0,213,20551.5117370892,apartamento,4,0,0
2656735642,Meia Praia,Meia Praia,4366000.0,282,15482.2695035461,apartamento,5,0,0
2677404795,Meia Praia,Meia Praia,4365000.0,282,15478.72340425532,apartamento,5,0,0
2761579328,Meia Praia,Meia Praia,4355000.0,222,19617.117117117115,apartamento,4,0,0
2752079916,Meia Praia,Meia Praia,4355000.0,222,19617.117117117115,apartamento,4,0,0
2648769282,Meia Praia,Meia Praia,4355000.0,170,25617.647058823528,apartamento,4,0,0
2720508840,Meia Praia,Meia Praia,4355000.0,222,19617.117117117115,apartamento,4,0,0
2660375257,Meia Praia,Meia Praia,4355000.0,222,19617.117117117115,apartamento,4,0,0
2647412375,Meia Praia,Meia Praia,4355000.0,222,19617.117117117115,apartamento,4,0,0
2707053562,Centro,Centro,4355000.0,222,19617.117117117115,apartamento,4,0,0
2767582651,Meia Praia,Meia Praia,4355000.0,222,19617.117117117115,apartamento,4,0,0
2770200148,Meia Praia,Meia Praia,4355000.0,222,19617.117117117115,apartamento,4,0,0
2743161328,Meia Praia,Meia Praia,4355000.0,222,19617.117117117115,apartamento,4,0,0
2699371295,Meia Praia,Meia Praia,4355000.0,222,19617.117117117115,apartamento,4,0,0
2759671235,Centro,Centro,4350000.0,188,23138.297872340427,apartamento,4,0,0
2720507954,Meia Praia,Meia Praia,4350000.0,188,23138.297872340427,apartamento,4,0,0
2747884936,Meia Praia,Meia Praia,4350000.0,150,29000.0,apartamento,4,0,0
2735197418,Meia Praia,Meia Praia,4350000.0,150,29000.0,apartamento,4,0,0
2759672023,Centro,Centro,4350000.0,150,29000.0,apartamento,4,0,0
2747203399,Meia Praia,Meia Praia,4350000.0,150,29000.0,apartamento,4,0,0
2759608020,Centro,Centro,4350000.0,188,23138.297872340427,apartamento,4,0,0
2759539549,Centro,Centro,4350000.0,150,29000.0,apartamento,4,0,0
2759541417,Centro,Centro,4350000.0,188,23138.297872340427,apartamento,4,0,0
2761876928,Meia Praia,Meia Praia,4350000.0,188,23138.297872340427,apartamento,4,0,0
2763412517,Meia Praia,Meia Praia,4350000.0,150,29000.0,apartamento,4,0,0
2747201803,Meia Praia,Meia Praia,4350000.0,188,23138.297872340427,apartamento,4,0,0
2759604639,Centro,Centro,4350000.0,150,29000.0,apartamento,4,0,0
2769181325,Meia Praia,Meia Praia,4349440.0,188,23135.31914893617,apartamento,4,0,0
2769187492,Meia praia,Meia Praia,4329790.0,222,19503.558558558558,apartamento,4,0,0
2658212339,Castelo Branco,Castelo Branco,4309000.0,166,25957.831325301206,apartamento,3,0,0
2511795099,Meia Praia,Meia Praia,4309000.0,166,25957.831325301206,apartamento,3,0,0
2758130051,Centro,Centro,4300000.0,188,22872.340425531915,apartamento,4,0,0
2630488253,Meia Praia,Meia Praia,4300000.0,210,20476.190476190477,apartamento,4,0,0
2766854118,Meia Praia,Meia Praia,4299800.0,188,22871.27659574468,apartamento,4,0,0
2675654221,Meia Praia,Meia Praia,4299000.0,197,21822.33502538071,apartamento,4,0,0
2756559139,Meia Praia,Meia Praia,4290000.0,10,429000.0,apartamento,4,0,1
2753756914,Meia Praia,Meia Praia,4290000.0,183,23442.622950819674,apartamento,4,0,0
2703381082,Meia Praia,Meia Praia,4290000.0,357,12016.806722689076,apartamento,4,0,0
2626576244,Meia Praia,Meia Praia,4290000.0,197,21776.649746192892,apartamento,4,0,0
2765063790,Centro,Centro,4280000.0,197,21725.888324873096,apartamento,4,0,0
2766854819,Centro,Centro,4279184.0,180,23773.244444444445,apartamento,4,0,0
2734025313,Meia Praia,Meia Praia,4266946.0,195,21881.77435897436,apartamento,4,0,0
2743991170,Meia Praia,Meia Praia,4259000.0,166,25656.626506024095,apartamento,3,0,0
2680691196,Meia Praia,Meia Praia,4257434.0,178,23918.16853932584,apartamento,4,0,0
2701760811,Meia Praia,Meia Praia,4257433.0,178,23918.162921348314,apartamento,4,0,0
2747781616,Meia Praia,Meia Praia,4257433.0,178,23918.162921348314,apartamento,4,0,0
2744014588,Meia Praia,Meia Praia,4250000.0,175,24285.714285714286,apartamento,4,0,0
2759539837,Centro,Centro,4250000.0,180,23611.11111111111,apartamento,4,0,0
2682127094,Andorinha,Andorinha,4250000.0,210,20238.095238095237,apartamento,4,0,0
2759671135,Centro,Centro,4250000.0,180,23611.11111111111,apartamento,4,0,0
2759605149,Centro,Centro,4250000.0,180,23611.11111111111,apartamento,4,0,0
2769841451,Andorinha,Andorinha,4249180.0,187,22722.88770053476,apartamento,4,0,0
2755293826,Ilhota,Ilhota,4247440.0,190,22354.947368421053,apartamento,4,0,0
2734002432,Meia Praia,Meia Praia,4244899.0,183,23196.169398907103,apartamento,4,0,0
2753270112,Meia Praia,Meia Praia,4244899.0,183,23196.169398907103,apartamento,4,0,0
2683019096,Andorinha,Andorinha,4239452.0,259,16368.54054054054,apartamento,4,0,0
2754744969,Andorinha,Andorinha,4211046.0,259,16258.864864864865,apartamento,4,0,0
2655347261,Meia Praia,Meia Praia,4207790.0,154,27323.31168831169,apartamento,3,0,0
2767729119,Centro,Centro,4200000.0,193,21761.65803108808,apartamento,4,0,0
2766852238,Meia Praia,Meia Praia,4200000.0,268,15671.641791044776,apartamento,4,0,0
2611241841,Meia Praia,Meia Praia,4200000.0,288,14583.333333333334,apartamento,4,0,0
2765549934,Meia Praia,Meia Praia,4200000.0,202,20792.079207920793,apartamento,4,0,0
2694858183,Meia Praia,Meia Praia,4200000.0,159,26415.094339622643,apartamento,4,0,0
2760156841,Centro,Centro,4200000.0,127,33070.86614173228,apartamento,3,0,0
2764632159,Meia Praia,Meia Praia,4200000.0,197,21319.79695431472,apartamento,4,0,0
2744015184,Meia Praia,Meia Praia,4200000.0,157,26751.5923566879,apartamento,3,0,0
2766962416,,,4200000.0,193,21761.65803108808,apartamento,4,0,0
2730185433,Meia Praia,Meia Praia,4200000.0,182,23076.923076923078,apartamento,4,0,0
2752780099,Meia Praia,Meia Praia,4200000.0,190,22105.263157894737,apartamento,4,0,0
2623215813,Morretes,Morretes,4200000.0,1430,2937.062937062937,terreno,0,0,0
2760221733,Centro,Centro,4200000.0,127,33070.86614173228,apartamento,3,0,0
2770248513,Meia Praia,Meia Praia,4200000.0,157,26751.5923566879,apartamento,3,0,0
2665070402,Meia Praia,Meia Praia,4200000.0,177,23728.813559322032,apartamento,3,0,0
2763649241,Meia Praia,Meia Praia,4200000.0,197,21319.79695431472,apartamento,4,0,0
2672634492,Meia Praia,Meia Praia,4200000.0,300,14000.0,apartamento,5,0,0
2562460479,Meia Praia,Meia Praia,4200000.0,217,19354.83870967742,apartamento,4,0,0
2730204932,,,4200000.0,250,16800.0,apartamento,4,0,0
2692766588,Meia Praia,Meia Praia,4200000.0,233,18025.751072961375,apartamento,4,0,0
2764633927,Meia Praia,Meia Praia,4200000.0,197,21319.79695431472,apartamento,4,0,0
2740008418,Meia Praia,Meia Praia,4200000.0,202,20792.079207920793,apartamento,4,0,0
2760094790,Centro,Centro,4200000.0,127,33070.86614173228,apartamento,3,0,0
2744009364,Centro,Centro,4200000.0,127,33070.86614173228,apartamento,3,0,0
2763583877,Andorinha,Andorinha,4199900.0,196,21428.061224489797,apartamento,4,0,0
2766854215,Meia Praia,Meia Praia,4199800.0,300,13999.333333333334,apartamento,5,0,0
2766855324,Centro,Centro,4199800.0,172,24417.441860465115,apartamento,4,0,0
2766852318,Casa Branca,Casa Branca,4199800.0,400,10499.5,casa,4,0,0
2769853322,Andorinha,Andorinha,4199710.0,300,13999.033333333333,apartamento,5,0,0
2769853628,Andorinha,Andorinha,4199660.0,300,13998.866666666667,apartamento,5,0,0
2760743956,Meia Praia,Meia Praia,4199140.0,190,22100.736842105263,apartamento,4,0,0
2762248621,Centro,Centro,4199110.0,138,30428.333333333332,apartamento,3,0,0
2767583186,Centro,Centro,4195000.0,177,23700.564971751413,apartamento,4,0,0
2705884482,Centro,Centro,4195000.0,176,23835.227272727272,apartamento,4,0,0
2750788012,Centro,Centro,4195000.0,176,23835.227272727272,apartamento,4,0,0
2507129938,Centro,Centro,4195000.0,168,24970.238095238095,apartamento,4,0,0
2670855914,Centro,Centro,4195000.0,176,23835.227272727272,apartamento,4,0,0
2557642172,Andorinha,Andorinha,4190000.0,210,19952.380952380954,apartamento,4,0,0
2738004620,Centro,Centro,4190000.0,162,25864.197530864196,apartamento,3,0,0
2516158375,Centro,Centro,4187923.0,150,27919.486666666668,apartamento,4,0,0
2718093341,Meia Praia,Meia Praia,4187922.0,150,27919.48,apartamento,4,0,0
2747782497,Centro,Centro,4187922.0,150,27919.48,apartamento,4,0,0
2764632850,Centro,Centro,4187922.0,150,27919.48,apartamento,4,0,0
2597175073,Castelo Branco,Castelo Branco,4160000.0,198,21010.10101010101,apartamento,4,0,0
2765549939,Meia Praia,Meia Praia,4150000.0,187,22192.513368983957,apartamento,4,0,0
2769759457,Meia Praia,Meia Praia,4150000.0,183,22677.5956284153,apartamento,4,0,0
2676679928,Centro,Centro,4132000.0,236,17508.474576271186,apartamento,4,0,0
2676669883,Centro,Centro,4132000.0,236,17508.474576271186,apartamento,4,0,0
2737169424,Centro,Centro,4115000.0,188,21888.297872340427,apartamento,3,0,0
2700337401,Meia Praia,Meia Praia,4100900.0,263,15592.77566539924,apartamento,4,0,0
2615046903,Meia Praia,Meia Praia,4100000.0,197,20812.18274111675,apartamento,4,0,0
2594625961,Centro,Centro,4100000.0,127,32283.464566929135,apartamento,3,0,0
2769752254,Meia Praia,Meia Praia,4099770.0,160,25623.5625,apartamento,4,0,0
2765283440,Andorinha,Andorinha,4085461.0,226,18077.2610619469,apartamento,5,0,0
2748437709,Tabuleiro dos Oliveiras,Tabuleiro dos Oliveiras,4085460.0,226,18077.256637168142,apartamento,6,0,0
2758126721,Centro,Centro,4066400.0,234,17377.777777777777,apartamento,3,0,0
2727224067,Meia Praia,Meia Praia,4054698.0,178,22779.20224719101,apartamento,4,0,0
2635323156,Meia Praia,Meia Praia,4054000.0,178,22775.280898876405,apartamento,4,0,0
2595765481,Meia Praia,Meia Praia,4052000.0,213,19023.474178403754,apartamento,4,0,0
2644848998,Meia Praia,Meia Praia,4050000.0,205,19756.09756097561,apartamento,4,0,0
2604560375,Centro,Centro,4050000.0,208,19471.153846153848,apartamento,4,0,0
2766307213,Meia Praia,Meia Praia,4050000.0,205,19756.09756097561,apartamento,4,0,0
2689407379,Centro,Centro,4050000.0,187,21657.754010695186,apartamento,4,0,0
2767583723,Meia Praia,Meia Praia,4050000.0,205,19756.09756097561,apartamento,4,0,0
2615432034,Meia Praia,Meia Praia,4040000.0,190,21263.157894736843,apartamento,4,0,0
2561227393,Centro,Centro,4039000.0,213,18962.44131455399,apartamento,4,0,0
2589335045,Centro,Centro,4038999.0,213,18962.436619718308,apartamento,4,0,0
2766853023,Meia Praia,Meia Praia,4036800.0,229,17627.947598253275,apartamento,4,0,0
2571204646,Meia Praia,Meia Praia,4019000.0,213,18868.544600938967,apartamento,4,0,0
2769851854,Meia Praia,Meia Praia,4011590.0,290,13833.068965517241,apartamento,4,0,0
2747201032,Meia Praia,Meia Praia,4000000.0,190,21052.63157894737,apartamento,4,0,0
2761506472,Meia Praia,Meia Praia,4000000.0,195,20512.82051282051,apartamento,4,0,0
2761876932,Meia Praia,Meia Praia,4000000.0,128,31250.0,apartamento,3,0,0
2654431069,Andorinha,Andorinha,4000000.0,270,14814.814814814816,apartamento,5,0,0
2683865633,Centro,Centro,4000000.0,300,13333.333333333334,apartamento,4,0,0
2671627198,Meia Praia,Meia Praia,4000000.0,270,14814.814814814816,apartamento,5,0,0
2672322884,Meia Praia,Meia Praia,4000000.0,254,15748.031496062993,apartamento,4,0,0
2724045141,Centro,Centro,4000000.0,10,400000.0,apartamento,4,0,1
2770199140,Meia Praia,Meia Praia,4000000.0,190,21052.63157894737,apartamento,4,0,0
2765019231,Meia Praia,Meia Praia,4000000.0,323,12383.90092879257,apartamento,4,0,0
2732565421,Meia Praia,Meia Praia,4000000.0,197,20304.568527918782,apartamento,4,0,0
2767564470,Meia Praia,Meia Praia,4000000.0,128,31250.0,apartamento,3,0,0
2720507960,Meia Praia,Meia Praia,4000000.0,190,21052.63157894737,apartamento,4,0,0
2511795084,Meia Praia,Meia Praia,4000000.0,190,21052.63157894737,apartamento,4,0,0
2747201939,Meia Praia,Meia Praia,4000000.0,129,31007.751937984496,apartamento,3,0,0
2697681575,Centro,Centro,4000000.0,127,31496.062992125986,apartamento,3,0,0
2661820168,Meia Praia,Meia Praia,4000000.0,190,21052.63157894737,apartamento,4,0,0
2761579915,Meia Praia,Meia Praia,4000000.0,254,15748.031496062993,apartamento,4,0,0
2764630872,Meia Praia,Meia Praia,4000000.0,180,22222.222222222223,apartamento,4,0,0
2764631766,Andorinha,Andorinha,4000000.0,200,20000.0,apartamento,5,0,0
2692110571,Meia Praia,Meia Praia,4000000.0,255,15686.274509803921,apartamento,4,0,0
2562265102,Meia Praia,Meia Praia,4000000.0,200,20000.0,apartamento,4,0,0
2672832274,Jardim Praia Mar,Jardim Praiamar,4000000.0,190,21052.63157894737,apartamento,4,0,0
2764859349,Meia Praia,Meia Praia,4000000.0,183,21857.92349726776,apartamento,4,0,0
2616354818,Meia Praia,Meia Praia,3999539.0,155,25803.47741935484,apartamento,3,0,0
2770025506,Centro,Centro,3999350.0,135,29624.814814814814,apartamento,3,0,0
2769752943,Meia Praia,Meia Praia,3999340.0,177,22595.141242937854,apartamento,3,0,0
2769847990,Meia praia,Meia Praia,3999260.0,128,31244.21875,apartamento,3,0,0
2770030881,Meia Praia,Meia Praia,3999080.0,254,15744.409448818898,apartamento,4,0,0
2692636059,Meia Praia,Meia Praia,3999000.0,176,22721.590909090908,apartamento,4,0,0
2764633347,Meia Praia,Meia Praia,3998800.0,180,22215.555555555555,apartamento,4,0,0
2768632327,Meia Praia,Meia Praia,3998800.0,180,22215.555555555555,apartamento,4,0,0
2754167791,Meia Praia,Meia Praia,3998800.0,180,22215.555555555555,apartamento,4,0,0
2768634320,Centro,Centro,3998800.0,206,19411.650485436894,apartamento,4,0,0
2770364519,Centro,Centro,3998000.0,206,19407.766990291264,apartamento,4,0,0
2757575113,Meia Praia,Meia Praia,3998000.0,240,16658.333333333332,apartamento,5,0,0
2761681519,Meia Praia,Meia Praia,3995000.0,179,22318.435754189944,apartamento,4,0,0
2758555853,Meia Praia,Meia Praia,3995000.0,180,22194.444444444445,apartamento,4,0,0
2761879617,Meia Praia,Meia Praia,3995000.0,1795,2225.626740947075,apartamento,4,0,0
2645358484,Centro,Centro,3993000.0,203,19669.950738916257,apartamento,4,0,0
2686054833,Meia Praia,Meia Praia,3990628.0,202,19755.58415841584,apartamento,4,0,0
2769991473,Meia Praia,Meia Praia,3990000.0,182,21923.076923076922,apartamento,4,0,0
2770248338,Meia Praia,Meia Praia,3990000.0,260,15346.153846153846,apartamento,3,0,0
2768352125,Meia Praia,Meia Praia,3990000.0,260,15346.153846153846,apartamento,3,0,0
2747097709,Meia Praia,Meia Praia,3990000.0,182,21923.076923076922,apartamento,4,0,0
2450381095,Castelo Branco,Castelo Branco,3990000.0,174,22931.03448275862,apartamento,4,0,0
2770029006,Meia Praia,Meia Praia,3989620.0,180,22164.555555555555,apartamento,4,0,0
2544886980,Meia Praia,Meia Praia,3988800.0,183,21796.72131147541,apartamento,4,0,0
2661818192,Meia Praia,Meia Praia,3988800.0,183,21796.72131147541,apartamento,4,0,0
2682103917,Morretes,Morretes,3985000.0,186,21424.7311827957,apartamento,4,0,0
2737417621,Castelo Branco,Castelo Branco,3980000.0,315,12634.920634920634,apartamento,4,0,0
2742641170,Meia Praia,Meia Praia,3980000.0,216,18425.925925925927,apartamento,4,0,0
2714721442,Morretes,Morretes,3980000.0,197,20203.045685279187,apartamento,4,0,0
2747203700,Meia Praia,Meia Praia,3980000.0,216,18425.925925925927,apartamento,4,0,0
2754737539,Meia Praia,Meia Praia,3980000.0,217,18341.013824884794,apartamento,4,0,0
2764975672,Meia Praia,Meia Praia,3980000.0,216,18425.925925925927,apartamento,4,0,0
2750094816,Meia Praia,Meia Praia,3980000.0,216,18425.925925925927,apartamento,4,0,0
2768969557,Meia Praia,Meia Praia,3979700.0,216,18424.537037037036,apartamento,4,0,0
2766314815,Centro,Centro,3977000.0,165,24103.030303030304,apartamento,4,0,0
2720815770,Andorinha,Andorinha,3975000.0,129,30813.95348837209,apartamento,3,0,0
2769755640,Andorinha,Andorinha,3974880.0,260,15288.0,apartamento,4,0,0
2720817236,Andorinha,Andorinha,3974500.0,129,30810.077519379844,apartamento,3,0,0
2734630529,Andorinha,Andorinha,3974000.0,129,30806.201550387595,apartamento,3,0,0
2729377437,Meia Praia,Meia Praia,3973451.0,129,30801.945736434107,apartamento,3,0,0
2671176306,Meia Praia,Meia Praia,3973450.0,129,30801.937984496122,apartamento,3,0,0
2748436614,Andorinha,Andorinha,3973450.0,129,30801.937984496122,apartamento,3,0,0
2731105136,Meia Praia,Meia Praia,3973000.0,129,30798.4496124031,apartamento,3,0,0
2769842086,Meia Praia,Meia Praia,3970847.0,129,30781.75968992248,apartamento,3,0,0
2765062997,Meia Praia,Meia Praia,3960000.0,315,12571.42857142857,apartamento,3,0,0
2482909220,Meia Praia,Meia Praia,3960000.0,166,23855.421686746988,apartamento,3,0,0
2758129420,Meia Praia,Meia Praia,3960000.0,315,12571.42857142857,apartamento,4,0,0
2767785322,Castelo Branco,Castelo Branco,3959000.0,166,23849.397590361445,apartamento,3,0,0
2721918875,Centro,Centro,3959000.0,206,19218.44660194175,apartamento,4,0,0
2749226937,Castelo Branco,Castelo Branco,3959000.0,166,23849.397590361445,apartamento,3,0,0
2747200741,Meia Praia,Meia Praia,3950000.0,185,21351.35135135135,apartamento,3,0,0
2763412515,Meia Praia,Meia Praia,3950000.0,185,21351.35135135135,apartamento,3,0,0
2769161029,Meia Praia,Meia Praia,3950000.0,185,21351.35135135135,apartamento,3,0,0
2720508739,Meia Praia,Meia Praia,3950000.0,185,21351.35135135135,apartamento,3,0,0
2609061977,Meia Praia,Meia Praia,3950000.0,229,17248.90829694323,apartamento,4,0,0
2755013219,Meia Praia,Meia Praia,3950000.0,185,21351.35135135135,apartamento,3,0,0
2708137667,Centro,Centro,3950000.0,153,25816.993464052288,apartamento,3,0,0
2650006177,Meia Praia,Meia Praia,3950000.0,222,17792.792792792792,apartamento,4,0,0
2758174413,Centro,Centro,3949800.0,180,21943.333333333332,apartamento,4,0,0
2511795473,Castelo Branco,Castelo Branco,3943000.0,148,26641.891891891893,apartamento,4,0,0
2728577125,Castelo Branco,Castelo Branco,3943000.0,233,16922.74678111588,apartamento,4,0,0
2748823198,Meia Praia,Meia Praia,3943000.0,117,33700.8547008547,apartamento,3,0,0
2670862295,Meia Praia,Meia Praia,3943000.0,233,16922.74678111588,apartamento,4,0,0
2726427250,Meia Praia,Meia Praia,3940000.0,213,18497.652582159626,apartamento,4,0,0
2769149523,Meia Praia,Meia Praia,3920206.0,140,28001.47142857143,apartamento,3,0,0
2743410770,Meia Praia,Meia Praia,3900000.0,196,19897.95918367347,apartamento,4,0,0
2697675414,Centro,Centro,3900000.0,160,24375.0,apartamento,4,0,0
2730795582,Andorinha,Andorinha,3900000.0,303,12871.287128712871,apartamento,4,0,0
2769150629,Castelo Branco,Castelo Branco,3900000.0,203,19211.82266009852,apartamento,4,0,0
2736216057,Meia Praia,Meia Praia,3900000.0,140,27857.14285714286,apartamento,4,0,0
2746143506,Meia Praia,Meia Praia,3900000.0,160,24375.0,apartamento,4,0,0
2764632171,Meia Praia,Meia Praia,3900000.0,183,21311.475409836065,apartamento,4,0,0
2741554765,Castelo Branco,Castelo Branco,3900000.0,270,14444.444444444445,apartamento,4,0,0
2765064635,Canto da Praia,Canto da Praia,3900000.0,190,20526.315789473683,apartamento,4,0,0
2606897520,Centro,Centro,3900000.0,200,19500.0,apartamento,4,0,0
2744014580,Meia Praia,Meia Praia,3900000.0,120,32500.0,apartamento,3,0,0
2699240778,Meia Praia,Meia Praia,3900000.0,198,19696.969696969696,apartamento,4,0,0
2764632864,Centro,Centro,3900000.0,180,21666.666666666668,apartamento,4,0,0
2746744110,Meia Praia,Meia Praia,3900000.0,152,25657.894736842107,apartamento,4,0,0
2733712228,Meia Praia,Meia Praia,3900000.0,217,17972.350230414748,apartamento,4,0,0
2617641178,Centro,Centro,3900000.0,150,26000.0,apartamento,4,0,0
2764976896,Meia Praia,Meia Praia,3900000.0,197,19796.954314720813,apartamento,4,0,0
2645218394,Morretes,Morretes,3899000.0,163,23920.245398773008,apartamento,3,0,0
2676714594,Estreito,Estreito,3895000.0,242,16095.04132231405,apartamento,4,0,0
2769571035,Meia Praia,Meia Praia,3892660.0,140,27804.714285714286,apartamento,3,0,0
2674819911,Andorinha,Andorinha,3890000.0,198,19646.464646464647,apartamento,4,0,0
2759671134,Meia Praia,Meia Praia,3890000.0,155,25096.774193548386,apartamento,3,0,0
2752466395,Centro,Centro,3889900.0,130,29922.30769230769,apartamento,3,0,0
2769757343,Morretes,Morretes,3889440.0,273,14247.032967032967,apartamento,4,0,0
2751880231,Centro,Centro,3889000.0,130,29915.384615384617,apartamento,3,0,0
2758598360,Canto da Praia,Canto da Praia,3880000.0,243,15967.078189300411,apartamento,4,0,0
2765404536,Meia Praia,Meia Praia,3880000.0,157,24713.375796178345,apartamento,3,0,0
2765063650,Meia Praia,Meia Praia,3868000.0,190,20357.894736842107,comercial,0,0,0
2769757270,Andorinha,Andorinha,3867770.0,190,20356.684210526317,comercial,0,0,0
2593229605,Centro,Centro,3867304.0,156,24790.410256410258,apartamento,4,0,0
2760714542,Centro,Centro,3860000.0,150,25733.333333333332,apartamento,4,0,0
2752615520,Meia Praia,Meia Praia,3857000.0,259,14891.891891891892,apartamento,4,0,0
2560060462,Meia Praia,Meia Praia,3850000.0,187,20588.235294117647,apartamento,4,0,0
2765019537,Centro,Centro,3807202.0,150,25381.346666666668,apartamento,4,0,0
2646970769,Centro,Centro,3807202.0,156,24405.141025641027,apartamento,4,0,0
2717034450,Meia Praia,Meia Praia,3807000.0,150,25380.0,apartamento,4,0,0
2690955939,Centro,Centro,3800928.0,128,29694.75,apartamento,3,0,0
2690959202,Centro,Centro,3800928.0,131,29014.717557251908,apartamento,3,0,0
2764857799,Centro,Centro,3800928.0,131,29014.717557251908,apartamento,3,0,0
2672624090,Meia Praia,Meia Praia,3800000.0,120,31666.666666666668,comercial,0,0,0
2754747735,Centro,Centro,3800000.0,131,29007.63358778626,apartamento,3,0,0
2740233144,Meia Praia,Meia Praia,3800000.0,140,27142.85714285714,apartamento,3,0,0
2764977039,Meia Praia,Meia Praia,3800000.0,180,21111.11111111111,apartamento,4,0,0
2674299296,Canto da Praia,Canto da Praia,3800000.0,348,10919.540229885057,casa,3,0,0
2744006712,Meia Praia,Meia Praia,3800000.0,196,19387.755102040817,apartamento,4,0,0
2746885196,Centro,Centro,3800000.0,310,12258.064516129032,apartamento,4,0,0
2764220222,Meia Praia,Meia Praia,3800000.0,200,19000.0,apartamento,4,0,0
2758214806,Meia Praia,Meia Praia,3800000.0,157,24203.821656050954,apartamento,4,0,0
2671673050,Meia Praia,Meia Praia,3800000.0,120,31666.666666666668,apartamento,3,0,0
2676258732,Meia Praia,Meia Praia,3800000.0,137,27737.22627737226,apartamento,3,0,0
2754703311,Meia Praia,Meia Praia,3800000.0,175,21714.285714285714,apartamento,3,0,0
2626576935,Centro,Centro,3800000.0,131,29007.63358778626,apartamento,3,0,0
2674301801,Canto da Praia,Canto da Praia,3800000.0,352,10795.454545454546,casa,3,0,0
2607921601,Centro,Centro,3800000.0,129,29457.36434108527,apartamento,3,0,0
2744014582,Meia Praia,Meia Praia,3800000.0,392,9693.877551020409,apartamento,4,0,0
2764632862,Meia Praia,Meia Praia,3800000.0,120,31666.666666666668,comercial,0,0,0
2582494713,Meia Praia,Meia Praia,3800000.0,209,18181.81818181818,apartamento,4,0,0
2761876931,Meia Praia,Meia Praia,3800000.0,157,24203.821656050954,apartamento,4,0,0
2622333822,Centro,Centro,3800000.0,206,18446.601941747573,apartamento,4,0,0
2740136543,Centro,Centro,3800000.0,421,9026.128266033254,apartamento,5,0,0
2764631503,Morretes,Morretes,3800000.0,151,25165.562913907284,apartamento,3,0,0
2662629961,Meia Praia,Meia Praia,3800000.0,300,12666.666666666666,apartamento,5,0,0
2740234247,Castelo Branco,Castelo Branco,3800000.0,118,32203.389830508473,comercial,0,0,0
2587510554,Meia Praia,Meia Praia,3800000.0,180,21111.11111111111,apartamento,4,0,0
2763649732,Meia Praia,Meia Praia,3800000.0,196,19387.755102040817,apartamento,4,0,0
2747718301,Meia Praia,Meia Praia,3800000.0,120,31666.666666666668,apartamento,3,0,0
2742890883,Meia Praia,Meia Praia,3800000.0,180,21111.11111111111,apartamento,4,0,0
2766291831,Meia Praia,Meia Praia,3800000.0,140,27142.85714285714,apartamento,3,0,0
2700889302,Meia Praia,Meia Praia,3800000.0,158,24050.632911392404,apartamento,4,0,0
2679166925,Centro,Centro,3800000.0,128,29687.5,apartamento,3,0,0
2629748643,Meia Praia,Meia Praia,3800000.0,200,19000.0,apartamento,4,0,0
2764631734,Meia Praia,Meia Praia,3800000.0,180,21111.11111111111,apartamento,4,0,0
2764004443,Meia Praia,Meia Praia,3800000.0,179,21229.050279329607,apartamento,4,0,0
2766852213,Andorinha,Andorinha,3799800.0,209,18180.86124401914,apartamento,4,0,0
2766852616,Centro,Centro,3799800.0,190,19998.947368421053,apartamento,4,0,0
2602920069,Castelo Branco,Castelo Branco,3799000.0,266,14281.954887218046,apartamento,4,0,0
2751025487,Centro,Centro,3795000.0,191,19869.109947643978,apartamento,4,0,0
2704342970,Andorinha,Andorinha,3791758.0,259,14639.992277992278,apartamento,4,0,0
2731107525,Andorinha,Andorinha,3791000.0,259,14637.065637065638,apartamento,4,0,0
2763087531,Meia Praia,Meia Praia,3790900.0,180,21060.555555555555,apartamento,4,0,0
2770222913,Casa Branca,Casa Branca,3790000.0,272,13933.823529411764,casa,4,0,0
2764632437,Meia Praia,Meia Praia,3790000.0,179,21173.1843575419,apartamento,4,0,0
2670893401,Meia Praia,Meia Praia,3790000.0,179,21173.1843575419,apartamento,4,0,0
2510619010,Meia Praia,Meia Praia,3790000.0,213,17793.42723004695,apartamento,4,0,0
2593072796,Meia Praia,Meia Praia,3790000.0,213,17793.42723004695,apartamento,4,0,0
2726521991,Casa Branca,Casa Branca,3790000.0,272,13933.823529411764,casa,4,0,0
2560058915,Meia Praia,Meia Praia,3790000.0,213,17793.42723004695,apartamento,4,0,0
2763245814,Meia Praia,Meia Praia,3790000.0,180,21055.555555555555,apartamento,4,0,0
2769852834,Meia Praia,Meia Praia,3789490.0,213,17791.032863849767,apartamento,4,0,0
2596028441,Meia Praia,Meia Praia,3780000.0,187,20213.903743315506,apartamento,4,0,0
2764895213,Centro,Centro,3780000.0,225,16800.0,apartamento,4,0,0
2749881270,Centro,Centro,3780000.0,155,24387.09677419355,apartamento,3,0,0
2769847728,Morretes,Morretes,3779490.0,187,20211.176470588234,apartamento,4,0,0
2769752096,Centro,Centro,3779230.0,146,25885.13698630137,apartamento,3,0,0
2744013569,Meia Praia,Meia Praia,3760000.0,179,21005.58659217877,apartamento,4,0,0
2609962088,Centro,Centro,3755161.0,225,16689.604444444445,apartamento,4,0,0
2754747724,Meia Praia,Meia Praia,3755000.0,274,13704.379562043796,casa,4,0,0
2767581558,Morretes,Morretes,3750000.0,1390,2697.8417266187053,terreno,0,0,0
2728884379,Morretes,Morretes,3750000.0,1389,2699.7840172786177,terreno,0,0,0
2768681491,Meia Praia,Meia Praia,3750000.0,142,26408.450704225354,apartamento,3,0,0
2769149722,Meia Praia,Meia Praia,3750000.0,142,26408.450704225354,apartamento,3,0,0
2765546555,Meia Praia,Meia Praia,3750000.0,150,25000.0,apartamento,3,0,0
2511794803,Meia Praia,Meia Praia,3750000.0,205,18292.682926829268,apartamento,4,0,0
2728071806,Morretes,Morretes,3750000.0,1389,2699.7840172786177,terreno,0,0,0
2718962560,Morretes,Morretes,3750000.0,1389,2699.7840172786177,terreno,0,0,0
2678338206,Andorinha,Andorinha,3743283.0,130,28794.484615384616,apartamento,4,0,0
2763570066,Meia Praia,Meia Praia,3742500.0,197,18997.46192893401,apartamento,4,0,0
2764895215,Centro,Centro,3730000.0,220,16954.545454545456,apartamento,4,0,0
2733465665,Centro,Centro,3730000.0,219,17031.963470319635,apartamento,4,0,0
2733698252,Meia Praia,Meia Praia,3728000.0,160,23300.0,apartamento,4,0,0
2769470840,Meia Praia,Meia Praia,3714530.0,160,23215.8125,apartamento,4,0,0
2614047697,Meia Praia,Meia Praia,3714000.0,195,19046.153846153848,apartamento,4,0,0
2711086103,Meia Praia,Meia Praia,3700000.0,207,17874.3961352657,apartamento,4,0,0
2754578135,Centro,Centro,3700000.0,271,13653.136531365313,apartamento,4,0,0
2744598407,Meia Praia,Meia Praia,3700000.0,156,23717.94871794872,apartamento,3,0,0
2703397184,Meia Praia,Meia Praia,3700000.0,158,23417.721518987342,apartamento,4,0,0
2763649140,Meia Praia,Meia Praia,3700000.0,182,20329.67032967033,apartamento,4,0,0
2630641630,Meia Praia,Meia Praia,3700000.0,200,18500.0,apartamento,4,0,0
2754615444,Centro,Centro,3700000.0,271,13653.136531365313,apartamento,4,0,0
2763649138,Meia Praia,Meia Praia,3700000.0,160,23125.0,apartamento,4,0,0
2658748181,Centro,Centro,3700000.0,130,28461.53846153846,apartamento,3,0,0
2764634129,Meia Praia,Meia Praia,3700000.0,160,23125.0,apartamento,4,0,0
2743409622,Meia Praia,Meia Praia,3700000.0,210,17619.04761904762,apartamento,4,0,0
2704135219,Centro,Centro,3700000.0,193,19170.98445595855,apartamento,4,0,0
2712300906,Meia Praia,Meia Praia,3700000.0,158,23417.721518987342,apartamento,4,0,0
2766855019,Meia Praia,Meia Praia,3699800.0,199,18591.959798994976,apartamento,4,0,0
2769189762,Centro,Centro,3699720.0,150,24664.8,apartamento,4,0,0
2770028692,Meia Praia,Meia Praia,3699200.0,183,20214.207650273223,apartamento,4,0,0
2769472062,Meia Praia,Meia Praia,3699180.0,200,18495.9,apartamento,4,0,0
2748438396,Meia Praia,Meia Praia,3697000.0,186,19876.344086021505,apartamento,4,0,0
2644395065,Meia Praia,Meia Praia,3690000.0,190,19421.052631578947,apartamento,4,0,0
2762709218,Meia Praia,Meia Praia,3690000.0,190,19421.052631578947,apartamento,4,0,0
2765063000,Meia Praia,Meia Praia,3690000.0,190,19421.052631578947,apartamento,4,0,0
2677528506,Centro,Centro,3690000.0,170,21705.882352941175,apartamento,4,0,0
2719898563,Centro,Centro,3690000.0,157,23503.184713375795,apartamento,4,0,0
2705078337,Centro,Centro,3690000.0,156,23653.846153846152,apartamento,4,0,0
2714721213,Meia Praia,Meia Praia,3690000.0,200,18450.0,apartamento,4,0,0
2766853815,Meia Praia,Meia Praia,3689800.0,202,18266.336633663366,apartamento,4,0,0
2757731342,Meia Praia,Meia Praia,3689060.0,260,14188.692307692309,apartamento,3,0,0
2754747716,Centro,Centro,3680900.0,202,18222.27722772277,apartamento,4,0,0
2725003764,Meia Praia,Meia Praia,3680000.0,182,20219.78021978022,apartamento,4,0,0
2769187285,Centro,Centro,3679350.0,131,28086.641221374044,apartamento,3,0,0
2765062650,Meia Praia,Meia Praia,3679000.0,218,16876.146788990827,apartamento,4,0,0
2767829438,Meia Praia,Meia Praia,3679000.0,218,16876.146788990827,apartamento,4,0,0
2741796563,Sertão do Trombudo,Sertão Do Trombudo,3675000.0,213,17253.521126760563,apartamento,4,0,0
2767581796,Meia Praia,Meia Praia,3671338.0,320,11472.93125,apartamento,5,0,0
2744184761,Centro,Centro,3660000.0,219,16712.328767123287,apartamento,4,0,0
2692110569,Meia Praia,Meia Praia,3650000.0,128,28515.625,apartamento,3,0,0
2763649242,Meia Praia,Meia Praia,3650000.0,189,19312.169312169313,apartamento,4,0,0
2764895415,Centro,Centro,3650000.0,203,17980.295566502464,apartamento,4,0,0
2764634535,Meia Praia,Meia Praia,3650000.0,189,19312.169312169313,apartamento,4,0,0
2764895315,Centro,Centro,3650000.0,203,17980.295566502464,apartamento,4,0,0
2744792047,Meia Praia,Meia Praia,3650000.0,189,19312.169312169313,apartamento,4,0,0
2742333353,Meia Praia,Meia Praia,3650000.0,189,19312.169312169313,apartamento,4,0,0
2744007186,Meia Praia,Meia Praia,3638463.0,175,20791.217142857142,apartamento,4,0,0
2712192100,Meia Praia,Meia Praia,3629000.0,260,13957.692307692309,apartamento,4,0,0
2766852317,Meia Praia,Meia Praia,3619800.0,174,20803.44827586207,apartamento,4,0,0
2763106024,Meia Praia,Meia Praia,3610000.0,182,19835.164835164836,apartamento,4,0,0
2767580196,Meia Praia,Meia Praia,3610000.0,179,20167.597765363127,apartamento,4,0,0
2682308639,Meia Praia,Meia Praia,3610000.0,179,20167.597765363127,apartamento,4,0,0
2622112654,Meia Praia,Meia Praia,3610000.0,140,25785.714285714286,apartamento,3,0,0
2749415198,Meia Praia,Meia Praia,3609770.0,182,19833.9010989011,apartamento,4,0,0
2729739217,Centro,Centro,3600000.0,270,13333.333333333334,apartamento,4,0,0
2673148299,Meia Praia,Meia Praia,3600000.0,179,20111.73184357542,apartamento,4,0,0
2764153424,Meia Praia,Meia Praia,3600000.0,225,16000.0,apartamento,4,0,0
2752074040,Meia Praia,Meia Praia,3600000.0,131,27480.91603053435,apartamento,3,0,0
2671870401,Meia Praia,Meia Praia,3600000.0,196,18367.34693877551,apartamento,4,0,0
2735382423,Meia Praia,Meia Praia,3600000.0,153,23529.41176470588,apartamento,4,0,0
2507863236,Meia Praia,Meia Praia,3600000.0,197,18274.111675126904,apartamento,4,0,0
2743161392,Meia Praia,Meia Praia,3600000.0,131,27480.91603053435,apartamento,3,0,0
2715503022,Meia Praia,Meia Praia,3600000.0,179,20111.73184357542,apartamento,4,0,0
2747202349,Meia Praia,Meia Praia,3600000.0,132,27272.727272727272,apartamento,3,0,0
2763109315,Meia Praia,Meia Praia,3600000.0,131,27480.91603053435,apartamento,3,0,0
2699373279,Meia Praia,Meia Praia,3600000.0,131,27480.91603053435,apartamento,3,0,0
2706238822,Centro,Centro,3600000.0,127,28346.456692913387,apartamento,3,0,0
2721918858,Meia Praia,Meia Praia,3600000.0,132,27272.727272727272,apartamento,3,0,0
2727576299,Centro,Centro,3600000.0,206,17475.728155339806,apartamento,4,0,0
2740172047,Andorinha,Andorinha,3600000.0,270,13333.333333333334,apartamento,4,0,0
2761579621,Meia Praia,Meia Praia,3600000.0,131,27480.91603053435,apartamento,3,0,0
2731046642,Meia Praia,Meia Praia,3600000.0,132,27272.727272727272,apartamento,3,0,0
2745244713,Meia Praia,Meia Praia,3600000.0,157,22929.936305732484,apartamento,3,0,0
2745759310,Meia Praia,Meia Praia,3600000.0,270,13333.333333333334,apartamento,4,0,0
2770199137,Meia Praia,Meia Praia,3600000.0,131,27480.91603053435,apartamento,3,0,0
2744009363,Meia Praia,Meia Praia,3600000.0,180,20000.0,apartamento,4,0,0
2658583561,Meia Praia,Meia Praia,3600000.0,131,27480.91603053435,apartamento,3,0,0
2764635215,Centro,Centro,3600000.0,206,17475.728155339806,apartamento,4,0,0
2675655299,Meia Praia,Meia Praia,3600000.0,260,13846.153846153846,apartamento,3,0,0
2767582396,,,3600000.0,205,17560.975609756097,apartamento,4,0,0
2692636162,Centro,Centro,3600000.0,208,17307.69230769231,apartamento,4,0,0
2770030922,Meia Praia,Meia Praia,3599840.0,180,19999.11111111111,apartamento,4,0,0
2761250717,Morretes,Morretes,3599610.0,131,27477.93893129771,apartamento,3,0,0
2753534006,Centro,Centro,3598800.0,206,17469.90291262136,apartamento,4,0,0
2770025540,Andorinha,Andorinha,3598350.0,179,20102.51396648045,apartamento,4,0,0
2754640801,Centro,Centro,3598000.0,208,17298.076923076922,apartamento,4,0,0
2764631671,Centro,Centro,3598000.0,208,17298.076923076922,apartamento,4,0,0
2769851590,Meia Praia,Meia Praia,3597070.0,182,19764.120879120877,apartamento,4,0,0
2534426334,Centro,Centro,3592000.0,156,23025.641025641027,apartamento,4,0,0
2721015571,Centro,Centro,3590000.0,203,17684.72906403941,apartamento,4,0,0
2763090331,Centro,Centro,3590000.0,203,17684.72906403941,apartamento,4,0,0
2606897521,Meia Praia,Meia Praia,3590000.0,200,17950.0,apartamento,4,0,0
2547187847,Meia Praia,Meia Praia,3590000.0,182,19725.274725274725,apartamento,4,0,0
2613245827,Meia Praia,Meia Praia,3590000.0,182,19725.274725274725,apartamento,4,0,0
2744006008,Meia Praia,Meia Praia,3590000.0,179,20055.86592178771,apartamento,4,0,0
2716790595,Centro,Centro,3582000.0,216,16583.333333333332,apartamento,4,0,0
2636861831,Centro,Centro,3570000.0,238,15000.0,apartamento,4,0,0
2682555962,Centro,Centro,3570000.0,238,15000.0,apartamento,4,0,0
2726985149,Centro,Centro,3570000.0,238,15000.0,apartamento,4,0,0
2682560450,Centro,Centro,3570000.0,238,15000.0,apartamento,4,0,0
2738068680,Centro,Centro,3570000.0,238,15000.0,apartamento,4,0,0
2758849655,Centro,Centro,3570000.0,238,15000.0,apartamento,4,0,0
2765064329,Centro,Centro,3570000.0,238,15000.0,apartamento,4,0,0
2704376065,Centro,Centro,3570000.0,238,15000.0,apartamento,4,0,0
2748438402,Centro,Centro,3570000.0,238,15000.0,apartamento,4,0,0
2767583623,Meia Praia,Meia Praia,3560000.0,179,19888.26815642458,apartamento,4,0,0
2701413073,Meia Praia,Meia Praia,3560000.0,179,19888.26815642458,apartamento,4,0,0
2511795096,Meia Praia,Meia Praia,3560000.0,179,19888.26815642458,apartamento,4,0,0
2749760432,Ilhota,Ilhota,3558938.0,192,18536.135416666668,apartamento,4,0,0
2766853715,Meia Praia,Meia Praia,3553280.0,206,17248.93203883495,apartamento,4,0,0
2560060261,Centro,Centro,3553000.0,206,17247.572815533982,apartamento,4,0,0
2541691304,Meia Praia,Meia Praia,3550000.0,228,15570.17543859649,apartamento,3,0,0
2763033817,Meia Praia,Meia Praia,3550000.0,188,18882.978723404256,apartamento,4,0,0
2746743040,Meia Praia,Meia Praia,3550000.0,125,28400.0,apartamento,3,0,0
2707070556,Morretes,Morretes,3550000.0,190,18684.21052631579,apartamento,4,0,0
2750943723,Meia Praia,Meia Praia,3549790.0,195,18204.05128205128,apartamento,4,0,0
2716787231,Meia Praia,Meia Praia,3536226.0,250,14144.904,apartamento,4,0,0
2711614071,Centro,Centro,3510000.0,210,16714.285714285714,apartamento,4,0,0
2769849096,Andorinha,Andorinha,3509460.0,280,12533.785714285714,apartamento,4,0,0
2734059898,Meia Praia,Meia Praia,3500000.0,290,12068.965517241379,apartamento,4,0,0
2752767497,Meia Praia,Meia Praia,3500000.0,139,25179.856115107912,apartamento,2,0,0
2761804720,Meia Praia,Meia Praia,3500000.0,198,17676.76767676768,apartamento,4,0,0
2749593666,Meia Praia,Meia Praia,3500000.0,280,12500.0,apartamento,4,0,0
2766847919,Meia Praia,Meia Praia,3500000.0,190,18421.052631578947,apartamento,4,0,0
2692110570,Meia Praia,Meia Praia,3500000.0,228,15350.877192982456,apartamento,3,0,0
2686417510,Meia Praia,Meia Praia,3500000.0,287,12195.121951219513,apartamento,4,0,0
2694269575,Meia Praia,Meia Praia,3500000.0,164,21341.463414634145,apartamento,4,0,0
2757784423,Meia Praia,Meia Praia,3500000.0,178,19662.921348314605,apartamento,4,0,0
2764895217,Centro,Centro,3500000.0,190,18421.052631578947,apartamento,3,0,0
2732563514,Meia Praia,Meia Praia,3500000.0,188,18617.021276595744,apartamento,4,0,0
2764895413,Centro,Centro,3500000.0,190,18421.052631578947,apartamento,4,0,0
2769150114,Meia Praia,Meia Praia,3500000.0,190,18421.052631578947,apartamento,4,0,0
2634329661,Meia Praia,Meia Praia,3500000.0,280,12500.0,apartamento,4,0,0
2770277909,Meia Praia,Meia Praia,3500000.0,274,12773.722627737227,apartamento,4,0,0
2756713918,Meia Praia,Meia Praia,3500000.0,183,19125.683060109288,apartamento,4,0,0
2609060685,Meia Praia,Meia Praia,3500000.0,1531,2286.0875244937947,apartamento,4,0,0
2766851917,Meia Praia,Meia Praia,3500000.0,162,21604.938271604937,apartamento,4,0,0
2748326894,Meia Praia,Meia Praia,3500000.0,189,18518.51851851852,apartamento,4,0,0
2757859151,Meia Praia,Meia Praia,3500000.0,193,18134.715025906735,apartamento,4,0,0
2738893349,Meia Praia,Meia Praia,3500000.0,188,18617.021276595744,apartamento,4,0,0
2704130214,Meia Praia,Meia Praia,3500000.0,170,20588.235294117647,apartamento,4,0,0
2748437995,Meia Praia,Meia Praia,3500000.0,128,27343.75,apartamento,3,0,0
2757664325,Canto da Praia,Canto da Praia,3500000.0,180,19444.444444444445,casa,3,0,0
2609062411,Canto da Praia,Canto da Praia,3500000.0,201,17412.935323383084,casa,3,0,0
2752618425,Meia Praia,Meia Praia,3500000.0,170,20588.235294117647,apartamento,4,0,0
2763101628,Meia Praia,Meia Praia,3500000.0,190,18421.052631578947,apartamento,4,0,0
2562263247,Meia Praia,Meia Praia,3500000.0,200,17500.0,apartamento,4,0,0
2763752318,Meia Praia,Meia Praia,3500000.0,186,18817.204301075268,apartamento,4,0,0
2766854517,Centro,Centro,3500000.0,183,19125.683060109288,apartamento,4,0,0
2560060074,Meia Praia,Meia Praia,3500000.0,228,15350.877192982456,apartamento,3,0,0
2738796724,Meia Praia,Meia Praia,3500000.0,188,18617.021276595744,apartamento,4,0,0
2726255062,Meia Praia,Meia Praia,3500000.0,153,22875.816993464054,apartamento,4,0,0
2748004512,Andorinha,Andorinha,3500000.0,218,16055.045871559632,apartamento,4,0,0
2712552303,Meia Praia,Meia Praia,3500000.0,184,19021.739130434784,apartamento,3,0,0
2752290900,Meia Praia,Meia Praia,3500000.0,188,18617.021276595744,apartamento,4,0,0
2764634413,Meia Praia,Meia Praia,3500000.0,400,8750.0,apartamento,3,0,0
2753857516,Meia Praia,Meia Praia,3500000.0,188,18617.021276595744,apartamento,4,0,0
2743411590,Meia Praia,Meia Praia,3500000.0,210,16666.666666666668,apartamento,4,0,0
2600013564,Centro,Centro,3500000.0,186,18817.204301075268,apartamento,4,0,0
2609059598,Centro,Centro,3500000.0,223,15695.06726457399,apartamento,4,0,0
2764632185,Meia Praia,Meia Praia,3500000.0,186,18817.204301075268,apartamento,4,0,0
2721918863,Meia Praia,Meia Praia,3500000.0,142,24647.88732394366,apartamento,3,0,0
2760236615,Meia Praia,Meia Praia,3500000.0,142,24647.88732394366,apartamento,3,0,0
2761509913,Meia Praia,Meia Praia,3500000.0,195,17948.71794871795,apartamento,4,0,0
2740287919,Meia Praia,Meia Praia,3500000.0,188,18617.021276595744,apartamento,4,0,0
2761880119,Meia Praia,Meia Praia,3500000.0,280,12500.0,apartamento,4,0,0
2764633143,Meia Praia,Meia Praia,3500000.0,2504,1397.7635782747604,apartamento,4,0,0
2747718601,Meia Praia,Meia Praia,3500000.0,182,19230.76923076923,apartamento,4,0,0
2545967099,Meia Praia,Meia Praia,3500000.0,280,12500.0,apartamento,4,0,0
2677693193,Meia Praia,Meia Praia,3500000.0,159,22012.578616352203,apartamento,4,0,0
2736234861,Meia Praia,Meia Praia,3500000.0,155,22580.645161290322,apartamento,4,0,0
2731772613,Andorinha,Andorinha,3500000.0,186,18817.204301075268,apartamento,4,0,0
2745703607,Meia Praia,Meia Praia,3500000.0,164,21341.463414634145,apartamento,3,0,0
2646970977,Andorinha,Andorinha,3500000.0,160,21875.0,apartamento,4,0,0
2764633833,Meia Praia,Meia Praia,3500000.0,210,16666.666666666668,apartamento,4,0,0
2738890450,Castelo Branco,Castelo Branco,3500000.0,219,15981.735159817352,casa,4,0,0
2728902151,Meia Praia,Meia Praia,3500000.0,178,19662.921348314605,apartamento,4,0,0
2744006007,Meia Praia,Meia Praia,3500000.0,280,12500.0,apartamento,4,0,0
2540848298,Meia Praia,Meia Praia,3500000.0,205,17073.170731707316,apartamento,4,0,0
2508716377,Meia Praia,Meia Praia,3500000.0,190,18421.052631578947,apartamento,4,0,0
2731249631,Meia Praia,Meia Praia,3500000.0,188,18617.021276595744,apartamento,4,0,0
2740007348,Meia Praia,Meia Praia,3500000.0,129,27131.782945736435,apartamento,3,0,0
2754844946,Meia Praia,Meia Praia,3500000.0,188,18617.021276595744,apartamento,4,0,0
2763514318,Meia Praia,Meia Praia,3500000.0,150,23333.333333333332,apartamento,3,0,0
2658471009,Meia Praia,Meia Praia,3500000.0,142,24647.88732394366,apartamento,3,0,0
2764634718,Centro,Centro,3500000.0,165,21212.121212121212,apartamento,3,0,0
2754981801,Meia Praia,Meia Praia,3500000.0,188,18617.021276595744,apartamento,4,0,0
2752784594,Castelo Branco,Castelo Branco,3500000.0,188,18617.021276595744,apartamento,4,0,0
2694649677,Centro,Centro,3500000.0,206,16990.29126213592,apartamento,4,0,0
2650750168,Centro,Centro,3500000.0,257,13618.677042801557,apartamento,4,0,0
2688140922,Meia Praia,Meia Praia,3500000.0,130,26923.076923076922,apartamento,3,0,0
2761521329,Centro,Centro,3500000.0,280,12500.0,apartamento,5,0,0
2747200829,Meia Praia,Meia Praia,3500000.0,280,12500.0,apartamento,4,0,0
2753062842,Meia Praia,Meia Praia,3500000.0,188,18617.021276595744,apartamento,4,0,0
2739740515,Meia Praia,Meia Praia,3500000.0,200,17500.0,apartamento,4,0,0
2621046878,Meia Praia,Meia Praia,3500000.0,198,17676.76767676768,apartamento,4,0,0
2714950655,Meia Praia,Meia Praia,3500000.0,155,22580.645161290322,apartamento,4,0,0
2729684839,Meia Praia,Meia Praia,3500000.0,188,18617.021276595744,apartamento,4,0,0
2720508936,Meia Praia,Meia Praia,3500000.0,280,12500.0,apartamento,4,0,0
2727454047,,,3500000.0,270,12962.962962962964,casa,3,0,0
2720509234,Meia Praia,Meia Praia,3500000.0,186,18817.204301075268,apartamento,4,0,0
2740008120,Meia Praia,Meia Praia,3500000.0,210,16666.666666666668,apartamento,4,0,0
2761790131,Meia Praia,Meia Praia,3500000.0,155,22580.645161290322,apartamento,4,0,0
2761705516,Meia Praia,Meia Praia,3500000.0,155,22580.645161290322,apartamento,4,0,0
2609063278,Meia Praia,Meia Praia,3500000.0,280,12500.0,apartamento,4,0,0
2547917065,Meia Praia,Meia Praia,3500000.0,287,12195.121951219513,apartamento,4,0,0
2751942093,Meia Praia,Meia Praia,3500000.0,207,16908.212560386473,apartamento,4,0,0
2764633075,Meia Praia,Meia Praia,3500000.0,207,16908.212560386473,apartamento,4,0,0
2761506948,Meia Praia,Meia Praia,3500000.0,182,19230.76923076923,apartamento,4,0,0
2562594783,Meia Praia,Meia Praia,3500000.0,206,16990.29126213592,apartamento,4,0,0
2716833337,Centro,Centro,3499900.0,183,19125.13661202186,apartamento,4,0,0
2661819870,Meia Praia,Meia Praia,3499900.0,280,12499.642857142857,apartamento,4,0,0
2766852915,Centro,Centro,3499800.0,268,13058.955223880597,apartamento,4,0,0
2766851623,Meia Praia,Meia Praia,3499800.0,280,12499.285714285714,apartamento,4,0,0
2769752227,Andorinha,Andorinha,3499750.0,193,18133.41968911917,apartamento,4,0,0
2769757472,Andorinha,Andorinha,3499580.0,142,24644.929577464787,apartamento,3,0,0
2764631685,Andorinha,Andorinha,3498800.0,213,16426.291079812207,apartamento,4,0,0
2766854519,Meia Praia,Meia Praia,3497800.0,183,19113.66120218579,apartamento,4,0,0
2752670094,Castelo Branco,Castelo Branco,3496000.0,203,17221.67487684729,apartamento,4,0,0
2770199740,Meia Praia,Meia Praia,3496000.0,203,17221.67487684729,apartamento,3,0,0
2761592262,Centro,Centro,3495000.0,179,19525.13966480447,apartamento,4,0,0
2748823098,Centro,Centro,3495000.0,169,20680.473372781064,apartamento,4,0,0
2751410625,Meia Praia,Meia Praia,3490800.0,206,16945.631067961163,apartamento,4,0,0
2744007685,Meia Praia,Meia Praia,3490000.0,190,18368.42105263158,apartamento,4,0,0
2692635658,Meia Praia,Meia Praia,3490000.0,186,18763.440860215054,apartamento,4,0,0
2626747375,Meia Praia,Meia Praia,3490000.0,190,18368.42105263158,apartamento,4,0,0
2764631247,Centro,Centro,3490000.0,206,16941.747572815533,apartamento,4,0,0
2728457813,Casa Branca,Casa Branca,3490000.0,272,12830.882352941177,casa,4,0,0
2613244221,Meia Praia,Meia Praia,3490000.0,190,18368.42105263158,apartamento,4,0,0
2761121472,Centro,Centro,3490000.0,77,45324.67532467532,comercial,1,0,0
2764631725,Meia Praia,Meia Praia,3490000.0,1995,1749.37343358396,apartamento,4,0,0
2675439609,Casa Branca,Casa Branca,3490000.0,251,13904.382470119523,casa,4,0,0
2737234416,Andorinha,Andorinha,3490000.0,213,16384.976525821596,apartamento,4,0,0
2760743955,Andorinha,Andorinha,3489890.0,200,17449.45,apartamento,4,0,0
2768968867,Casa Branca,Casa Branca,3489650.0,272,12829.595588235294,casa,4,0,0
2767282526,Centro,Centro,3489470.0,170,20526.29411764706,apartamento,4,0,0
2765682629,,,3484000.0,139,25064.748201438848,apartamento,3,0,0
2763090817,Meia Praia,Meia Praia,3484000.0,139,25064.748201438848,apartamento,3,0,0
2724326277,Meia Praia,Meia Praia,3484000.0,139,25064.748201438848,apartamento,3,0,0
2750894622,Meia Praia,Meia Praia,3484000.0,139,25064.748201438848,apartamento,3,0,0
2727222138,Meia Praia,Meia Praia,3482000.0,131,26580.152671755724,apartamento,3,0,0
2758850431,Meia Praia,Meia Praia,3480800.0,213,16341.784037558686,apartamento,4,0,0
2634836198,Meia Praia,Meia Praia,3480000.0,140,24857.14285714286,apartamento,3,0,0
2764633334,Andorinha,Andorinha,3480000.0,213,16338.028169014084,apartamento,4,0,0
2725528334,Centro,Centro,3480000.0,300,11600.0,apartamento,4,0,0
2739740615,Meia Praia,Meia Praia,3479115.0,140,24850.821428571428,apartamento,3,0,0
2653828355,Meia Praia,Meia Praia,3475000.0,179,19413.40782122905,apartamento,4,0,0
2761574941,Meia Praia,Meia Praia,3475000.0,179,19413.40782122905,apartamento,4,0,0
2747203312,Meia Praia,Meia Praia,3475000.0,179,19413.40782122905,apartamento,4,0,0
2743411083,Meia Praia,Meia Praia,3470000.0,170,20411.764705882353,apartamento,3,0,0
2754149097,Centro,Centro,3468800.0,348,9967.816091954022,apartamento,4,0,0
2737898420,Meia Praia,Meia Praia,3465000.0,157,22070.063694267516,apartamento,3,0,0
2740920296,Meia Praia,Meia Praia,3464511.0,188,18428.25,apartamento,4,0,0
2676776420,Meia Praia,Meia Praia,3464510.0,188,18428.244680851065,apartamento,4,0,0
2596941511,Centro,Centro,3460000.0,225,15377.777777777777,apartamento,4,0,0
2683019097,Meia Praia,Meia Praia,3458272.0,190,18201.43157894737,apartamento,4,0,0
2769185844,Andorinha,Andorinha,3457390.0,188,18390.372340425532,apartamento,4,0,0
2530313714,Meia Praia,Meia Praia,3450000.0,195,17692.30769230769,apartamento,4,0,0
2671064715,Centro,Centro,3450000.0,185,18648.64864864865,apartamento,4,0,0
2560058804,Meia Praia,Meia Praia,3450000.0,205,16829.268292682926,apartamento,4,0,0
2746742271,Meia Praia,Meia Praia,3450000.0,125,27600.0,apartamento,3,0,0
2646971260,Meia Praia,Meia Praia,3450000.0,195,17692.30769230769,apartamento,4,0,0
2763033617,Meia Praia,Meia Praia,3450000.0,188,18351.063829787236,apartamento,4,0,0
2671776106,Centro,Centro,3450000.0,174,19827.58620689655,apartamento,3,0,0
2731007332,Meia Praia,Meia Praia,3449985.0,140,24642.75,apartamento,3,0,0
2766853128,Meia Praia,Meia Praia,3439800.0,198,17372.727272727272,apartamento,4,0,0
2761017043,Centro,Centro,3437000.0,146,23541.095890410958,apartamento,4,0,0
2754746322,Meia Praia,Meia Praia,3435100.0,190,18079.473684210527,apartamento,4,0,0
2597170008,Castelo Branco,Castelo Branco,3420000.0,166,20602.409638554218,apartamento,3,0,0
2764521320,Meia Praia,Meia Praia,3420000.0,179,19106.145251396647,apartamento,4,0,0
2560056886,Meia Praia,Meia Praia,3419000.0,166,20596.385542168675,apartamento,3,0,0
2769855329,Meia Praia,Meia Praia,3406160.0,197,17290.15228426396,apartamento,4,0,0
2747718600,Meia Praia,Meia Praia,3400000.0,170,20000.0,apartamento,4,0,0
2764631849,Andorinha,Andorinha,3398800.0,213,15956.80751173709,apartamento,4,0,0
2769343422,Meia Praia,Meia Praia,3398000.0,205,16575.60975609756,apartamento,4,0,0
2769473335,Meia praia,Meia Praia,3397890.0,179,18982.625698324024,apartamento,3,0,0
2760878444,Andorinha,Andorinha,3390000.0,104,32596.153846153848,comercial,1,0,0
2694648802,Centro,Centro,3390000.0,206,16456.31067961165,apartamento,4,0,0
2727107938,Meia Praia,Meia Praia,3390000.0,182,18626.373626373625,apartamento,4,0,0
2764633851,Meia Praia,Meia Praia,3390000.0,182,18626.373626373625,apartamento,4,0,0
2747203722,Meia Praia,Meia Praia,3390000.0,182,18626.373626373625,apartamento,4,0,0
2767582534,Andorinha,Andorinha,3390000.0,104,32596.153846153848,comercial,0,0,0
2761579420,Meia Praia,Meia Praia,3390000.0,182,18626.373626373625,apartamento,4,0,0
2726301799,Canto da Praia,Canto da Praia,3388424.0,141,24031.375886524824,apartamento,3,0,0
2754165479,Canto da Praia,Canto da Praia,3388424.0,142,23862.140845070422,apartamento,3,0,0
2768437237,Meia Praia,Meia Praia,3375537.0,205,16466.034146341462,apartamento,4,0,0
2761881713,Centro,Centro,3370000.0,135,24962.962962962964,apartamento,3,0,0
2719895971,Meia Praia,Meia Praia,3369000.0,209,16119.617224880383,apartamento,4,0,0
2695517997,Meia Praia,Meia Praia,3369000.0,208,16197.115384615385,apartamento,4,0,0
2444179573,Meia Praia,Meia Praia,3360000.0,179,18770.949720670393,apartamento,4,0,0
2743707464,Meia Praia,Meia Praia,3360000.0,179,18770.949720670393,apartamento,4,0,0
2723551446,Meia Praia,Meia Praia,3360000.0,179,18770.949720670393,apartamento,4,0,0
2599481421,Castelo Branco,Castelo Branco,3359000.0,183,18355.1912568306,apartamento,4,0,0
2770199476,Centro,Centro,3350000.0,176,19034.090909090908,apartamento,4,0,0
2541689814,Meia Praia,Meia Praia,3350000.0,197,17005.07614213198,apartamento,4,0,0
2645631157,Centro,Centro,3336000.0,191,17465.968586387433,apartamento,4,0,0
2569300961,Centro,Centro,3331169.0,127,26229.67716535433,apartamento,3,0,0
2656735398,Meia Praia,Meia Praia,3331000.0,156,21352.5641025641,apartamento,4,0,0
2699374073,Meia Praia,Meia Praia,3307500.0,212,15601.415094339623,apartamento,4,0,0
2764861514,Canto da Praia,Canto da Praia,3303437.0,141,23428.63120567376,apartamento,3,0,0
2744015476,Meia Praia,Meia Praia,3300000.0,206,16019.417475728156,apartamento,4,0,0
2648895304,Meia Praia,Meia Praia,3300000.0,240,13750.0,apartamento,4,0,0
2764633189,Meia Praia,Meia Praia,3300000.0,157,21019.108280254775,apartamento,3,0,0
2764952593,Meia Praia,Meia Praia,3300000.0,182,18131.86813186813,apartamento,4,0,0
2744016157,Meia Praia,Meia Praia,3300000.0,190,17368.42105263158,apartamento,4,0,0
2728884682,Varzea,Varzea,3300000.0,2100,1571.4285714285713,terreno,0,0,0
2762425817,Varzea,Varzea,3300000.0,0,,terreno,0,0,0
2742888286,Meia Praia,Meia Praia,3300000.0,125,26400.0,apartamento,3,0,0
2566492290,Meia Praia,Meia Praia,3300000.0,203,16256.15763546798,apartamento,4,0,0
2756560941,Meia Praia,Meia Praia,3300000.0,10,330000.0,apartamento,3,0,1
2768350326,Varzea,Varzea,3300000.0,2100,1571.4285714285713,terreno,0,0,0
2756183632,Meia Praia,Meia Praia,3300000.0,135,24444.444444444445,apartamento,3,0,0
2747203495,Meia Praia,Meia Praia,3300000.0,140,23571.428571428572,apartamento,3,0,0
2671308648,Varzea,Varzea,3300000.0,2145,1538.4615384615386,terreno,0,0,0
2764631296,Meia Praia,Meia Praia,3300000.0,1601,2061.211742660837,apartamento,3,0,0
2732514429,Meia Praia,Meia Praia,3300000.0,185,17837.837837837837,apartamento,4,0,0
2751916544,Meia Praia,Meia Praia,3300000.0,156,21153.846153846152,apartamento,4,0,0
2605157193,Meia Praia,Meia Praia,3300000.0,190,17368.42105263158,apartamento,4,0,0
2740006697,Meia Praia,Meia Praia,3300000.0,182,18131.86813186813,apartamento,4,0,0
2770364420,Meia Praia,Meia Praia,3300000.0,182,18131.86813186813,apartamento,4,0,0
2763479315,Centro,Centro,3300000.0,172,19186.04651162791,apartamento,3,0,0
2747202342,Varzea,Varzea,3300000.0,2100,1571.4285714285713,terreno,0,0,0
2766851924,Meia Praia,Meia Praia,3299800.0,160,20623.75,apartamento,3,0,0
2766854731,Meia Praia,Meia Praia,3299800.0,225,14665.777777777777,apartamento,4,0,0
2769847142,Centro,Centro,3299110.0,128,25774.296875,apartamento,3,0,0
2767255618,Andorinha,Andorinha,3298880.0,185,17831.783783783783,apartamento,4,0,0
2721619662,Centro,Centro,3295000.0,190,17342.105263157893,apartamento,4,0,0
2767581351,Morretes,Morretes,3295000.0,191,17251.30890052356,apartamento,4,0,0
2747201943,Meia Praia,Meia Praia,3290000.0,156,21089.74358974359,apartamento,4,0,0
2724753059,Andorinha,Andorinha,3290000.0,180,18277.777777777777,apartamento,4,0,0
2770199138,Meia Praia,Meia Praia,3290000.0,156,21089.74358974359,apartamento,4,0,0
2672323191,Meia Praia,Meia Praia,3290000.0,156,21089.74358974359,apartamento,4,0,0
2605291302,Meia Praia,Meia Praia,3290000.0,198,16616.161616161615,apartamento,4,0,0
2764633852,Meia Praia,Meia Praia,3285000.0,157,20923.56687898089,apartamento,4,0,0
2764858094,Canto da Praia,Canto da Praia,3278957.0,144,22770.534722222223,apartamento,3,0,0
2599483256,Meia Praia,Meia Praia,3270000.0,159,20566.037735849055,apartamento,4,0,0
2560059375,Meia Praia,Meia Praia,3269015.0,197,16593.984771573603,apartamento,4,0,0
2681919697,Meia Praia,Meia Praia,3250822.0,190,17109.58947368421,apartamento,4,0,0
2482909219,Meia Praia,Meia Praia,3250000.0,193,16839.378238341968,apartamento,3,0,0
2703318583,Meia Praia,Meia Praia,3250000.0,157,20700.63694267516,apartamento,3,0,0
2713005754,Meia Praia,Meia Praia,3250000.0,128,25390.625,apartamento,3,0,0
2769853141,Canto da Praia,Canto da Praia,3249630.0,200,16248.15,casa,3,0,0
2736201393,Meia Praia,Meia Praia,3249000.0,180,18050.0,apartamento,4,0,0
2687723583,Meia Praia,Meia Praia,3249000.0,188,17281.91489361702,apartamento,4,0,0
2756089950,Meia Praia,Meia Praia,3240000.0,176,18409.090909090908,apartamento,3,0,0
2708347735,Meia Praia,Meia Praia,3239000.0,188,17228.72340425532,apartamento,4,0,0
2754746748,Centro,Centro,3230468.0,194,16651.896907216495,apartamento,3,0,0
2764955521,Canto da Praia,Canto da Praia,3230017.0,144,22430.67361111111,apartamento,3,0,0
2692636160,Meia Praia,Meia Praia,3230000.0,172,18779.06976744186,apartamento,4,0,0
2753475796,Meia Praia,Meia Praia,3229000.0,180,17938.88888888889,apartamento,4,0,0
2767582398,Meia Praia,Meia Praia,3207354.0,281,11414.071174377224,apartamento,3,0,0
2762332017,Meia Praia,Meia Praia,3205000.0,152,21085.526315789473,apartamento,3,0,0
2756188819,Meia Praia,Meia Praia,3200000.0,121,26446.280991735537,apartamento,3,0,0
2560057015,Meia Praia,Meia Praia,3200000.0,128,25000.0,apartamento,3,0,0
2764631949,Meia Praia,Meia Praia,3200000.0,239,13389.121338912133,apartamento,4,0,0
2764632226,Meia Praia,Meia Praia,3200000.0,122,26229.508196721312,apartamento,3,0,0
2758548421,Meia Praia,Meia Praia,3200000.0,193,16580.310880829016,apartamento,4,0,0
2748085794,Meia Praia,Meia Praia,3200000.0,182,17582.417582417584,apartamento,4,0,0
2760420320,Meia Praia,Meia Praia,3200000.0,194,16494.845360824744,apartamento,4,0,0
2767581540,Meia Praia,Meia Praia,3200000.0,193,16580.310880829016,apartamento,4,0,0
2744475703,Meia Praia,Meia Praia,3200000.0,158,20253.164556962027,apartamento,4,0,0
2756173726,Meia Praia,Meia Praia,3200000.0,121,26446.280991735537,apartamento,3,0,0
2737168229,Meia Praia,Meia Praia,3200000.0,239,13389.121338912133,apartamento,4,0,0
2626577116,Meia Praia,Meia Praia,3200000.0,230,13913.04347826087,apartamento,3,0,0
2717319649,Meia Praia,Meia Praia,3200000.0,380,8421.052631578947,apartamento,4,0,0
2760268427,Meia Praia,Meia Praia,3200000.0,190,16842.105263157893,apartamento,4,0,0
2747718202,Meia Praia,Meia Praia,3200000.0,167,19161.676646706586,apartamento,4,0,0
2743411584,Meia Praia,Meia Praia,3200000.0,193,16580.310880829016,apartamento,4,0,0
2740002169,Meia Praia,Meia Praia,3200000.0,155,20645.16129032258,apartamento,3,0,0
2747713250,Meia Praia,Meia Praia,3200000.0,131,24427.480916030534,apartamento,3,0,0
2612876189,Centro,Centro,3200000.0,127,25196.850393700788,apartamento,3,0,0
2738792851,Meia Praia,Meia Praia,3200000.0,190,16842.105263157893,apartamento,4,0,0
2744006710,Meia Praia,Meia Praia,3200000.0,222,14414.414414414414,apartamento,4,0,0
2756565123,Meia Praia,Meia Praia,3200000.0,218,14678.899082568807,apartamento,3,0,0
2760453613,Meia Praia,Meia Praia,3200000.0,182,17582.417582417584,apartamento,4,0,0
2769165257,Meia Praia,Meia Praia,3200000.0,222,14414.414414414414,apartamento,4,0,0
2661818610,Meia Praia,Meia Praia,3200000.0,179,17877.09497206704,apartamento,4,0,0
2597119789,Meia Praia,Meia Praia,3200000.0,190,16842.105263157893,apartamento,4,0,0
2764630927,Meia Praia,Meia Praia,3200000.0,182,17582.417582417584,apartamento,4,0,0
2667815701,Meia Praia,Meia Praia,3200000.0,158,20253.164556962027,apartamento,4,0,0
2744006721,Meia Praia,Meia Praia,3200000.0,193,16580.310880829016,apartamento,4,0,0
2765232346,Meia Praia,Meia Praia,3200000.0,124,25806.451612903227,apartamento,3,0,0
2744009369,Meia Praia,Meia Praia,3200000.0,179,17877.09497206704,apartamento,4,0,0
2740140866,Meia Praia,Meia Praia,3200000.0,346,9248.554913294798,apartamento,5,0,0
2692635659,Meia Praia,Meia Praia,3200000.0,222,14414.414414414414,apartamento,4,0,0
2748326602,Meia Praia,Meia Praia,3200000.0,189,16931.21693121693,apartamento,4,0,0
2765092415,Centro,Centro,3200000.0,127,25196.850393700788,apartamento,3,0,0
2717269942,Morretes,Morretes,3200000.0,180,17777.777777777777,apartamento,3,0,0
2744015477,Meia Praia,Meia Praia,3200000.0,165,19393.939393939392,apartamento,4,0,0
2511795776,Centro,Centro,3200000.0,206,15533.980582524271,apartamento,4,0,0
2769149922,Meia Praia,Meia Praia,3200000.0,222,14414.414414414414,apartamento,4,0,0
2748110625,Castelo Branco,Castelo Branco,3200000.0,222,14414.414414414414,apartamento,4,0,0
2743411682,Meia Praia,Meia Praia,3200000.0,152,21052.63157894737,apartamento,4,0,0
2752392995,Meia Praia,Meia Praia,3200000.0,157,20382.165605095543,apartamento,4,0,0
2761506851,Meia Praia,Meia Praia,3200000.0,160,20000.0,apartamento,3,0,0
2747203120,Meia Praia,Meia Praia,3200000.0,222,14414.414414414414,apartamento,4,0,0
2715659295,Centro,Centro,3200000.0,176,18181.81818181818,apartamento,4,0,0
2765369735,Meia Praia,Meia Praia,3200000.0,193,16580.310880829016,apartamento,4,0,0
2766833624,Meia Praia,Meia Praia,3200000.0,129,24806.201550387595,apartamento,3,0,0
2751942001,Meia Praia,Meia Praia,3200000.0,10,320000.0,apartamento,3,0,1
2669091218,Meia Praia,Meia Praia,3200000.0,190,16842.105263157893,apartamento,4,0,0
2752779906,Meia Praia,Meia Praia,3200000.0,193,16580.310880829016,apartamento,4,0,0
2766853423,Andorinha,Andorinha,3200000.0,203,15763.546798029556,apartamento,4,0,0
2769754303,Meia Praia,Meia Praia,3199900.0,216,14814.351851851852,apartamento,4,0,0
2766852216,Meia Praia,Meia Praia,3199800.0,190,16841.052631578947,apartamento,4,0,0
2766851618,Meia Praia,Meia Praia,3199800.0,173,18495.953757225434,apartamento,4,0,0
2769185694,Meia Praia,Meia Praia,3199730.0,215,14882.46511627907,apartamento,3,0,0
2769845784,Meia Praia,Meia Praia,3199490.0,216,14812.453703703704,apartamento,4,0,0
2743930153,Castelo Branco,Castelo Branco,3199369.0,240,13330.704166666666,apartamento,4,0,0
2759051625,Andorinha,Andorinha,3199280.0,207,15455.458937198067,apartamento,4,0,0
2770251039,Andorinha,Andorinha,3199030.0,183,17481.03825136612,apartamento,4,0,0
2663605258,Castelo Branco,Castelo Branco,3199000.0,269,11892.193308550186,apartamento,4,0,0
2764630855,Meia Praia,Meia Praia,3199000.0,265,12071.698113207547,apartamento,6,0,0
2764632868,Centro,Centro,3198800.0,208,15378.846153846154,apartamento,4,0,0
2736976740,Centro,Centro,3197000.0,207,15444.444444444445,apartamento,4,0,0
2667462986,Centro,Centro,3197000.0,206,15519.417475728156,apartamento,4,0,0
2766085036,Castelo Branco,Castelo Branco,3197000.0,183,17469.945355191256,apartamento,4,0,0
2764634222,Meia Praia,Meia Praia,3196138.0,151,21166.476821192053,apartamento,3,0,0
2733968552,Castelo Branco,Castelo Branco,3190000.0,188,16968.08510638298,apartamento,4,0,0
2661818966,Meia Praia,Meia Praia,3190000.0,156,20448.71794871795,apartamento,4,0,0
2721917686,Meia Praia,Meia Praia,3190000.0,156,20448.71794871795,apartamento,4,0,0
2742885829,Meia Praia,Meia Praia,3190000.0,156,20448.71794871795,apartamento,4,0,0
2701837100,Centro,Centro,3190000.0,138,23115.942028985508,apartamento,3,0,0
2722638436,Meia Praia,Meia Praia,3190000.0,156,20448.71794871795,apartamento,4,0,0
2754807595,Meia Praia,Meia Praia,3190000.0,136,23455.882352941175,apartamento,3,0,0
2677258393,Meia Praia,Meia Praia,3190000.0,180,17722.222222222223,apartamento,4,0,0
2719902562,Meia Praia,Meia Praia,3190000.0,157,20318.471337579616,apartamento,4,0,0
2569298357,Centro,Centro,3190000.0,150,21266.666666666668,apartamento,4,0,0
2747065395,Meia Praia,Meia Praia,3190000.0,157,20318.471337579616,apartamento,4,0,0
2723346594,Meia Praia,Meia Praia,3190000.0,200,15950.0,apartamento,4,0,0
2734789061,Meia Praia,Meia Praia,3190000.0,136,23455.882352941175,apartamento,3,0,0
2658177537,Centro,Centro,3189670.0,160,19935.4375,apartamento,4,0,0
2762224931,Meia Praia,Meia Praia,3189000.0,167,19095.808383233532,apartamento,4,0,0
2734021073,Meia Praia,Meia Praia,3178043.0,155,20503.503225806453,apartamento,3,0,0
2764952599,Andorinha,Andorinha,3175496.0,160,19846.85,apartamento,3,0,0
2754746764,Andorinha,Andorinha,3164757.0,175,18084.325714285715,apartamento,4,0,0
2770254475,Meia Praia,Meia Praia,3157730.0,128,24669.765625,apartamento,3,0,0
2752029695,Centro,Centro,3150000.0,172,18313.95348837209,apartamento,4,0,0
2751675555,Centro,Centro,3150000.0,172,18313.95348837209,apartamento,4,0,0
2757202715,Meia Praia,Meia Praia,3150000.0,197,15989.847715736041,apartamento,4,0,0
2707075876,Morretes,Morretes,3150000.0,213,14788.732394366198,apartamento,4,0,0
2660286818,Meia Praia,Meia Praia,3150000.0,182,17307.69230769231,apartamento,4,0,0
2725053849,Meia Praia,Meia Praia,3150000.0,196,16071.42857142857,apartamento,4,0,0
2751782684,Centro,Centro,3150000.0,172,18313.95348837209,apartamento,4,0,0
2757784226,Meia Praia,Meia Praia,3150000.0,190,16578.947368421053,apartamento,4,0,0
2723210396,Meia Praia,Meia Praia,3150000.0,204,15441.176470588236,apartamento,4,0,0
2747422303,Andorinha,Andorinha,3150000.0,218,14449.54128440367,apartamento,4,0,0
2730810537,Meia Praia,Meia Praia,3150000.0,169,18639.05325443787,apartamento,4,0,0
2761248745,Andorinha,Andorinha,3149280.0,190,16575.157894736843,apartamento,4,0,0
2754746555,Meia Praia,Meia Praia,3148000.0,205,15356.09756097561,apartamento,4,0,0
2594623374,Centro,Centro,3135000.0,110,28500.0,apartamento,3,0,0
2769184405,Centro,Centro,3119490.0,216,14442.083333333334,apartamento,4,0,0
2766852925,Centro,Centro,3118500.0,150,20790.0,apartamento,4,0,0
2663261593,Centro,Centro,3107280.0,160,19420.5,apartamento,4,0,0
2767586921,Centro,Centro,3100000.0,139,22302.158273381294,apartamento,3,0,0
2732103051,meia praia,Meia Praia,3100000.0,135,22962.962962962964,apartamento,3,0,0
2719264547,Meia Praia,Meia Praia,3100000.0,182,17032.967032967033,apartamento,4,0,0
2623904721,Meia Praia,Meia Praia,3100000.0,268,11567.164179104477,apartamento,4,0,0
2628917898,Meia Praia,Meia Praia,3100000.0,157,19745.222929936306,apartamento,3,0,0
2511793017,Meia Praia,Meia Praia,3100000.0,128,24218.75,apartamento,3,0,0
2764635240,Meia Praia,Meia Praia,3100000.0,270,11481.481481481482,apartamento,4,0,0
2738890443,Meia Praia,Meia Praia,3100000.0,175,17714.285714285714,apartamento,4,0,0
2626576933,Meia Praia,Meia Praia,3100000.0,128,24218.75,apartamento,3,0,0
2768679428,Meia Praia,Meia Praia,3100000.0,160,19375.0,apartamento,3,0,0
2754168815,Morretes,Morretes,3100000.0,157,19745.222929936306,apartamento,4,0,0
2562956559,Meia Praia,Meia Praia,3100000.0,156,19871.79487179487,apartamento,4,0,0
2764632406,Centro,Centro,3100000.0,206,15048.543689320388,apartamento,4,0,0
2744014585,Meia Praia,Meia Praia,3100000.0,161,19254.658385093167,apartamento,4,0,0
2748820945,Castelo Branco,Castelo Branco,3100000.0,129,24031.007751937985,apartamento,3,0,0
2766578720,,,3100000.0,128,24218.75,apartamento,3,0,0
2752691208,Morretes,Morretes,3100000.0,156,19871.79487179487,apartamento,4,0,0
2764631498,Meia Praia,Meia Praia,3100000.0,160,19375.0,apartamento,3,0,0
2767554716,Meia Praia,Meia Praia,3100000.0,128,24218.75,apartamento,3,0,0
2743402563,Morretes,Morretes,3100000.0,164,18902.439024390245,apartamento,4,0,0
2767583798,Meia Praia,Meia Praia,3100000.0,156,19871.79487179487,apartamento,4,0,0
2579262174,Meia Praia,Meia Praia,3100000.0,166,18674.698795180724,apartamento,4,0,0
2743161093,Meia Praia,Meia Praia,3100000.0,156,19871.79487179487,apartamento,4,0,0
2765064368,Meia Praia,Meia Praia,3100000.0,129,24031.007751937985,apartamento,3,0,0
2723209704,Meia Praia,Meia Praia,3100000.0,130,23846.153846153848,apartamento,3,0,0
2628542358,Meia Praia,Meia Praia,3100000.0,177,17514.12429378531,apartamento,4,0,0
2754746747,Meia Praia,Meia Praia,3099014.0,258,12011.682170542636,apartamento,4,0,0
2621797042,Castelo Branco,Castelo Branco,3098000.0,183,16928.96174863388,apartamento,4,0,0
2747202323,Meia Praia,Meia Praia,3090000.0,200,15450.0,apartamento,4,0,0
2655340785,Centro,Centro,3090000.0,172,17965.116279069767,apartamento,4,0,0
2758636416,Meia Praia,Meia Praia,3090000.0,172,17965.116279069767,apartamento,4,0,0
2661818969,Meia Praia,Meia Praia,3090000.0,200,15450.0,apartamento,4,0,0
2650736981,Meia Praia,Meia Praia,3090000.0,126,24523.809523809523,apartamento,3,0,0
2720508358,Meia Praia,Meia Praia,3090000.0,200,15450.0,apartamento,4,0,0
2605966804,Andorinha,Andorinha,3090000.0,198,15606.060606060606,apartamento,4,0,0
2758870721,Meia Praia,Meia Praia,3090000.0,172,17965.116279069767,apartamento,4,0,0
2679526622,Meia Praia,Meia Praia,3090000.0,126,24523.809523809523,apartamento,3,0,0
2677716703,Centro,Centro,3090000.0,172,17965.116279069767,apartamento,4,0,0
2747200824,Meia Praia,Meia Praia,3090000.0,126,24523.809523809523,apartamento,3,0,0
2712996904,Centro,Centro,3090000.0,172,17965.116279069767,apartamento,4,0,0
2699373478,Meia Praia,Meia Praia,3090000.0,126,24523.809523809523,apartamento,3,0,0
2763109216,Meia Praia,Meia Praia,3090000.0,126,24523.809523809523,apartamento,3,0,0
2770198946,Meia Praia,Meia Praia,3090000.0,126,24523.809523809523,apartamento,3,0,0
2752062812,Meia Praia,Meia Praia,3090000.0,126,24523.809523809523,apartamento,3,0,0
2648768279,Meia Praia,Meia Praia,3090000.0,126,24523.809523809523,apartamento,3,0,0
2666979898,Meia Praia,Meia Praia,3090000.0,126,24523.809523809523,apartamento,3,0,0
2761879920,Meia Praia,Meia Praia,3090000.0,126,24523.809523809523,apartamento,3,0,0
2765319923,Meia Praia,Meia Praia,3090000.0,200,15450.0,apartamento,4,0,0
2635065768,Centro,Centro,3090000.0,172,17965.116279069767,apartamento,4,0,0
2758658021,Meia Praia,Meia Praia,3090000.0,172,17965.116279069767,apartamento,4,0,0
2761879921,Meia Praia,Meia Praia,3090000.0,200,15450.0,apartamento,4,0,0
2706582605,Centro,Centro,3090000.0,172,17965.116279069767,apartamento,4,0,0
2695703613,Meia Praia,Meia Praia,3088097.0,190,16253.142105263158,apartamento,4,0,0
2770198025,Andorinha,Andorinha,3081399.0,177,17409.033898305086,apartamento,4,0,0
2695922717,Meia Praia,Meia Praia,3070000.0,202,15198.019801980197,apartamento,3,0,0
2721918753,Meia Praia,Meia Praia,3070000.0,202,15198.019801980197,apartamento,3,0,0
2767582546,Meia Praia,Meia Praia,3070000.0,247,12429.14979757085,apartamento,3,0,0
2764633060,Meia Praia,Meia Praia,3050000.0,1285,2373.5408560311284,apartamento,3,0,0
2741551892,Andorinha,Andorinha,3050000.0,193,15803.108808290155,apartamento,4,0,0
2764631825,Centro,Centro,3045000.0,184,16548.91304347826,apartamento,4,0,0
2754571400,Meia Praia,Meia Praia,3045000.0,10,304500.0,apartamento,4,0,1
2759051820,Meia Praia,Meia Praia,3044150.0,193,15772.79792746114,apartamento,4,0,0
2655799061,Centro,Centro,3042990.0,185,16448.594594594593,apartamento,3,0,0
2675977199,Meia Praia,Meia Praia,3033999.0,182,16670.324175824175,apartamento,4,0,0
2699373874,Meia Praia,Meia Praia,3033998.0,182,16670.31868131868,apartamento,4,0,0
2766852126,Meia Praia,Meia Praia,3032800.0,129,23510.077519379844,apartamento,3,0,0
2766854022,Meia Praia,Meia Praia,3026800.0,163,18569.325153374233,apartamento,4,0,0
2609063173,Meia Praia,Meia Praia,3013670.0,182,16558.626373626375,apartamento,4,0,0
2762839513,Meia Praia,Meia Praia,3013669.0,182,16558.620879120877,apartamento,4,0,0
2575528284,Centro,Centro,3010000.0,225,13377.777777777777,apartamento,4,0,0
2769845152,Meia Praia,Meia Praia,3008240.0,182,16528.79120879121,apartamento,4,0,0
2754747723,Meia Praia,Meia Praia,3005000.0,161,18664.596273291925,casa,4,0,0
2723211734,Meia Praia,Meia Praia,3000000.0,208,14423.076923076924,apartamento,4,0,0
2763648649,Meia Praia,Meia Praia,3000000.0,195,15384.615384615385,apartamento,4,0,0
2646970286,Meia Praia,Meia Praia,3000000.0,195,15384.615384615385,apartamento,3,0,0
2743710496,Centro,Centro,3000000.0,200,15000.0,apartamento,4,0,0
2764631047,Meia Praia,Meia Praia,3000000.0,195,15384.615384615385,apartamento,4,0,0
2756560248,Centro,Centro,3000000.0,10,300000.0,apartamento,3,0,1
2595523264,Centro,Centro,3000000.0,202,14851.485148514852,apartamento,4,0,0
2753631193,Meia Praia,Meia Praia,3000000.0,10,300000.0,apartamento,4,0,1
2432459382,Meia Praia,Meia Praia,3000000.0,153,19607.843137254902,apartamento,4,0,0
2547500211,Meia Praia,Meia Praia,3000000.0,175,17142.85714285714,apartamento,4,0,0
2765064372,Meia Praia,Meia Praia,3000000.0,188,15957.446808510638,apartamento,4,0,0
2748176736,Meia Praia,Meia Praia,3000000.0,153,19607.843137254902,apartamento,4,0,0
2749496926,Meia Praia,Meia Praia,3000000.0,235,12765.95744680851,apartamento,2,0,0
2646971198,Meia Praia,Meia Praia,3000000.0,315,9523.809523809523,apartamento,4,0,0
2640261082,Centro,Centro,3000000.0,206,14563.106796116504,apartamento,4,0,0
2754703999,Centro,Centro,3000000.0,140,21428.571428571428,apartamento,3,0,0
2764634117,Centro,Centro,3000000.0,245,12244.897959183674,apartamento,3,0,0
2735381918,Meia Praia,Meia Praia,3000000.0,164,18292.682926829268,apartamento,4,0,0
2752682799,Andorinha,Andorinha,3000000.0,253,11857.707509881422,apartamento,4,0,0
2740244129,Meia Praia,Meia Praia,3000000.0,185,16216.216216216217,apartamento,4,0,0
2737767452,Centro,Centro,3000000.0,129,23255.81395348837,apartamento,3,0,0
2646970290,Meia Praia,Meia Praia,3000000.0,190,15789.473684210527,apartamento,4,0,0
2724452246,Meia Praia,Meia Praia,3000000.0,185,16216.216216216217,apartamento,3,0,0
2529057187,Meia Praia,Meia Praia,3000000.0,172,17441.86046511628,apartamento,4,0,0
2766852617,Andorinha,Andorinha,3000000.0,272,11029.411764705883,apartamento,3,0,0
2712552798,Sertão do Trombudo,Sertão Do Trombudo,3000000.0,129,23255.81395348837,apartamento,3,0,0
2769148274,Meia Praia,Meia Praia,3000000.0,187,16042.7807486631,apartamento,4,0,0
2693780991,Castelo Branco,Castelo Branco,3000000.0,197,15228.426395939086,apartamento,3,0,0
2613515520,Meia Praia,Meia Praia,2999900.0,128,23436.71875,apartamento,3,0,0
2659556096,Meia Praia,Meia Praia,2999900.0,150,19999.333333333332,apartamento,3,0,0
2769850242,Meia praia,Meia Praia,2999490.0,285,10524.526315789473,apartamento,4,0,0
2769474579,Meia Praia,Meia Praia,2999210.0,138,21733.405797101448,apartamento,3,0,0
2766855514,Meia Praia,Meia Praia,2999099.0,200,14995.495,apartamento,4,0,0
2755299102,Andorinha,Andorinha,2999030.0,185,16210.972972972973,apartamento,4,0,0
2600613758,Meia Praia,Meia Praia,2999000.0,152,19730.263157894737,apartamento,4,0,0
2567865290,Centro,Centro,2998800.0,164,18285.365853658535,apartamento,4,0,0
2649237079,Centro,Centro,2998800.0,180,16660.0,apartamento,4,0,0
2753767800,Centro,Centro,2998800.0,180,16660.0,apartamento,4,0,0
2713940916,Centro,Centro,2998800.0,150,19992.0,apartamento,3,0,0
2675653513,Centro,Centro,2998800.0,208,14417.307692307691,apartamento,4,0,0
2764633046,Centro,Centro,2998800.0,201,14919.402985074626,apartamento,4,0,0
2747920440,Centro,Centro,2998800.0,206,14557.281553398057,apartamento,4,0,0
2752140429,Meia Praia,Meia Praia,2998700.0,175,17135.428571428572,apartamento,4,0,0
2729496793,Meia Praia,Meia Praia,2998700.0,180,16659.444444444445,apartamento,4,0,0
2760453518,Centro,Centro,2998000.0,132,22712.121212121212,apartamento,3,0,0
2769898130,Centro,Centro,2998000.0,172,17430.232558139534,apartamento,4,0,0
2761880215,Meia Praia,Meia Praia,2998000.0,128,23421.875,apartamento,3,0,0
2761011021,Centro,Centro,2998000.0,132,22712.121212121212,apartamento,3,0,0
2720508735,Meia Praia,Meia Praia,2998000.0,128,23421.875,apartamento,3,0,0
2761574939,Centro,Centro,2998000.0,132,22712.121212121212,apartamento,3,0,0
2761685913,Centro,Centro,2998000.0,132,22712.121212121212,apartamento,3,0,0
2764633141,Centro,Centro,2998000.0,131,22885.496183206105,apartamento,3,0,0
2768634228,Centro,Centro,2998000.0,132,22712.121212121212,apartamento,3,0,0
2754459833,Centro,Centro,2998000.0,132,22712.121212121212,apartamento,3,0,0
2754541815,Centro,Centro,2997300.0,132,22706.81818181818,apartamento,3,0,0
2760420215,Centro,Centro,2995000.0,133,22518.796992481202,apartamento,3,0,0
2759181687,Centro,Centro,2995000.0,132,22689.39393939394,apartamento,3,0,0
2764633844,Meia Praia,Meia Praia,2995000.0,142,21091.549295774646,apartamento,3,0,0
2560057604,Meia Praia,Meia Praia,2992000.0,135,22162.962962962964,apartamento,3,0,0
2658144191,Meia Praia,Meia Praia,2990800.0,173,17287.861271676302,apartamento,4,0,0
2752780199,Meia Praia,Meia Praia,2990000.0,10,299000.0,apartamento,4,0,1
2759151106,Meia Praia,Meia Praia,2990000.0,193,15492.227979274612,apartamento,4,0,0
2735637222,Centro,Centro,2990000.0,191,15654.450261780104,apartamento,4,0,0
2753631293,Meia Praia,Meia Praia,2990000.0,10,299000.0,apartamento,4,0,1
2747343796,Meia Praia,Meia Praia,2990000.0,165,18121.21212121212,apartamento,4,0,0
2637240383,Meia Praia,Meia Praia,2990000.0,136,21985.29411764706,apartamento,3,0,0
2767583720,Castelo Branco,Castelo Branco,2990000.0,174,17183.908045977012,apartamento,4,0,0
2759463052,Meia Praia,Meia Praia,2990000.0,179,16703.91061452514,apartamento,4,0,0
2726820246,Meia Praia,Meia Praia,2990000.0,193,15492.227979274612,apartamento,4,0,0
2731708015,Meia Praia,Meia Praia,2990000.0,193,15492.227979274612,apartamento,4,0,0
2619793554,Centro,Centro,2990000.0,130,23000.0,apartamento,3,0,0
2615045362,Meia Praia,Meia Praia,2990000.0,156,19166.666666666668,apartamento,4,0,0
2626745119,Centro,Centro,2990000.0,138,21666.666666666668,apartamento,3,0,0
2764633958,Canto da Praia,Canto da Praia,2990000.0,200,14950.0,apartamento,3,0,0
2764632147,Meia Praia,Meia Praia,2990000.0,185,16162.162162162162,apartamento,4,0,0
2770094018,Meia Praia,Meia Praia,2990000.0,190,15736.842105263158,apartamento,4,0,0
2710303156,Centro,Centro,2990000.0,197,15177.664974619289,apartamento,3,0,0
2744012700,Castelo Branco,Castelo Branco,2990000.0,172,17383.720930232557,apartamento,4,0,0
2718498060,Casa Branca,Casa Branca,2990000.0,251,11912.350597609562,casa,4,0,0
2701837099,Centro,Centro,2990000.0,136,21985.29411764706,apartamento,3,0,0
2638630148,Meia Praia,Meia Praia,2990000.0,174,17183.908045977012,apartamento,4,0,0
2759778934,Meia Praia,Meia Praia,2990000.0,155,19290.322580645163,apartamento,3,0,0
2747392815,Meia Praia,Meia Praia,2990000.0,128,23359.375,apartamento,3,0,0
2692110090,Meia Praia,Meia Praia,2990000.0,128,23359.375,apartamento,3,0,0
2766854641,Meia Praia,Meia Praia,2990000.0,156,19166.666666666668,apartamento,4,0,0
2764632139,Meia Praia,Meia Praia,2990000.0,164,18231.70731707317,apartamento,4,0,0
2725772155,Meia Praia,Meia Praia,2990000.0,193,15492.227979274612,apartamento,4,0,0
2541553440,Meia Praia,Meia Praia,2990000.0,173,17283.236994219653,apartamento,4,0,0
2761878729,Meia Praia,Meia Praia,2990000.0,193,15492.227979274612,apartamento,4,0,0
2757660228,Meia Praia,Meia Praia,2990000.0,178,16797.752808988764,apartamento,4,0,0
2738009921,Meia Praia,Meia Praia,2990000.0,128,23359.375,apartamento,3,0,0
2759160040,Meia Praia,Meia Praia,2990000.0,164,18231.70731707317,apartamento,4,0,0
2740314733,Meia Praia,Meia Praia,2990000.0,166,18012.048192771083,apartamento,4,0,0
2759586362,Meia Praia,Meia Praia,2990000.0,179,16703.91061452514,apartamento,4,0,0
2755390863,Meia Praia,Meia Praia,2990000.0,175,17085.714285714286,apartamento,4,0,0
2756559141,Centro,Centro,2990000.0,10,299000.0,apartamento,3,0,1
2770032015,Varzea,Varzea,2989630.0,2100,1423.6333333333334,terreno,0,0,0
2765608318,Castelo Branco,Castelo Branco,2989570.0,132,22648.257575757576,apartamento,3,0,0
2769189873,Casa Branca,Casa Branca,2989490.0,300,9964.966666666667,casa,4,0,0
2770254038,Meia Praia,Meia Praia,2989460.0,193,15489.430051813471,apartamento,4,0,0
2767581858,Centro,Centro,2989355.0,132,22646.628787878788,apartamento,3,0,0
2769472313,Meia Praia,Meia Praia,2989010.0,142,21049.3661971831,apartamento,3,0,0
2764859345,Meia Praia,Meia Praia,2988990.0,206,14509.660194174758,apartamento,4,0,0
2759988571,Meia Praia,Meia Praia,2987400.0,161,18555.27950310559,apartamento,4,0,0
2764631578,Centro,Centro,2984993.0,153,19509.75816993464,apartamento,3,0,0
2765558329,Castelo Branco,Castelo Branco,2980000.0,140,21285.714285714286,apartamento,3,0,0
2769839162,Andorinha,Andorinha,2977740.0,175,17015.657142857144,apartamento,4,0,0
2712552501,Canto da Praia,Canto da Praia,2970000.0,200,14850.0,casa,3,0,0
2766280214,Meia Praia,Meia Praia,2970000.0,182,16318.681318681318,apartamento,4,0,0
2622648438,Meia Praia,Meia Praia,2970000.0,179,16592.178770949722,apartamento,4,0,0
2681982796,Canto da Praia,Canto da Praia,2970000.0,200,14850.0,casa,3,0,0
2722463350,Centro,Centro,2970000.0,173,17167.630057803468,apartamento,4,0,0
2560059690,Meia Praia,Meia Praia,2969869.0,206,14416.839805825242,apartamento,4,0,0
2748438298,Meia Praia,Meia Praia,2968963.0,206,14412.441747572815,apartamento,4,0,0
2764220122,Canto da Praia,Canto da Praia,2968000.0,200,14840.0,casa,3,0,0
2577677764,Meia Praia,Meia Praia,2965355.0,153,19381.40522875817,apartamento,4,0,0
2528540579,Centro,Centro,2964993.0,153,19379.039215686276,apartamento,3,0,0
2706695095,Meia Praia,Meia Praia,2960000.0,110,26909.090909090908,apartamento,3,0,0
2645728036,Ilhota,Ilhota,2955500.0,194,15234.536082474227,apartamento,4,0,0
2504826509,Meia Praia,Meia Praia,2954101.0,182,16231.324175824177,apartamento,4,0,0
2761579326,Centro,Centro,2953058.0,125,23624.464,apartamento,3,0,0
2670606201,Canto da Praia,Canto da Praia,2950000.0,220,13409.09090909091,casa,3,0,0
2729257671,Meia Praia,Meia Praia,2950000.0,193,15284.974093264249,apartamento,4,0,0
2511793751,Meia Praia,Meia Praia,2950000.0,193,15284.974093264249,apartamento,4,0,0
2537482617,Meia Praia,Meia Praia,2950000.0,182,16208.791208791208,apartamento,4,0,0
2646971458,Meia Praia,Meia Praia,2950000.0,190,15526.315789473685,apartamento,4,0,0
2518092778,Canto da Praia,Canto da Praia,2950000.0,200,14750.0,casa,3,0,0
2765064144,Meia Praia,Meia Praia,2950000.0,231,12770.56277056277,apartamento,3,0,0
2728874723,Castelo Branco,Castelo Branco,2950000.0,128,23046.875,apartamento,3,0,0
2634280715,Meia Praia,Meia Praia,2950000.0,187,15775.401069518717,apartamento,4,0,0
2767580976,Castelo Branco,Castelo Branco,2950000.0,129,22868.217054263565,apartamento,3,0,0
2723210026,Meia Praia,Meia Praia,2950000.0,206,14320.388349514564,apartamento,4,0,0
2762425914,Casa Branca,Casa Branca,2950000.0,0,,terreno,0,0,0
94919065,Canto da Praia,Canto da Praia,2950000.0,218,13532.11009174312,casa,3,0,0
2560060454,Meia Praia,Meia Praia,2950000.0,173,17052.023121387283,apartamento,4,0,0
2649180453,Meia Praia,Meia Praia,2950000.0,127,23228.346456692914,apartamento,3,0,0
2746804093,Meia Praia,Meia Praia,2950000.0,128,23046.875,apartamento,3,0,0
2656735400,Meia Praia,Meia Praia,2950000.0,123,23983.739837398374,apartamento,3,0,0
2765112712,Andorinha,Andorinha,2949840.0,180,16388.0,apartamento,3,0,0
2766855420,Meia Praia,Meia Praia,2949800.0,180,16387.777777777777,apartamento,4,0,0
2769848032,Canto da Praia,Canto da Praia,2949750.0,200,14748.75,casa,3,0,0
2741019811,Meia Praia,Meia Praia,2939514.0,206,14269.485436893205,apartamento,4,0,0
2558703801,,,2931500.0,190,15428.947368421053,apartamento,4,0,0
2754745453,Centro,Centro,2930345.0,125,23442.76,apartamento,3,0,0
2767581652,Meia Praia,Meia Praia,2930000.0,173,16936.416184971098,apartamento,4,0,0
2645785477,Meia Praia,Meia Praia,2920000.0,135,21629.62962962963,apartamento,3,0,0
2766608629,Centro,Centro,2917000.0,120,24308.333333333332,apartamento,3,0,0
2716790593,Centro,Centro,2915390.0,171,17049.06432748538,apartamento,3,0,0
2676069108,Centro,Centro,2915390.0,171,17049.06432748538,apartamento,3,0,0
2751672210,Andorinha,Andorinha,2910000.0,145,20068.96551724138,apartamento,4,0,0
2723485241,Centro,Centro,2910000.0,197,14771.573604060914,apartamento,4,0,0
2764631203,Meia Praia,Meia Praia,2910000.0,153,19019.607843137255,apartamento,4,0,0
2558704161,,,2909158.0,218,13344.761467889908,apartamento,3,0,0
2770253946,Castelo Branco,Castelo Branco,2909050.0,176,16528.69318181818,apartamento,4,0,0
2646971354,Meia Praia,Meia Praia,2900000.0,190,15263.157894736842,apartamento,4,0,0
2764220613,Andorinha,Andorinha,2900000.0,97,29896.907216494845,comercial,0,0,0
2547504141,Meia Praia,Meia Praia,2900000.0,198,14646.464646464647,apartamento,4,0,0
2744148795,Meia Praia,Meia Praia,2900000.0,150,19333.333333333332,apartamento,4,0,0
2769537325,Andorinha,Andorinha,2900000.0,172,16860.46511627907,apartamento,4,0,0
2747716304,Meia Praia,Meia Praia,2900000.0,127,22834.645669291338,apartamento,3,0,0
2743653376,Centro,Centro,2900000.0,173,16763.005780346823,apartamento,4,0,0
2723211046,Centro,Centro,2900000.0,165,17575.757575757576,apartamento,3,0,0
2764860536,Meia Praia,Meia Praia,2900000.0,124,23387.09677419355,apartamento,3,0,0
2679099095,Meia Praia,Meia Praia,2900000.0,195,14871.794871794871,apartamento,3,0,0
2744792334,Meia Praia,Meia Praia,2900000.0,185,15675.675675675675,apartamento,4,0,0
2758840154,Centro,Centro,2900000.0,167,17365.269461077845,apartamento,3,0,0
2626746491,Meia Praia,Meia Praia,2900000.0,120,24166.666666666668,apartamento,3,0,0
2758556130,Meia Praia,Meia Praia,2900000.0,157,18471.337579617833,apartamento,4,0,0
2770045036,Centro,Centro,2900000.0,154,18831.16883116883,apartamento,3,0,0
2609063073,Meia Praia,Meia Praia,2900000.0,170,17058.823529411766,apartamento,3,0,0
2750122360,Centro,Centro,2900000.0,170,17058.823529411766,apartamento,4,0,0
2764860424,Centro,Centro,2900000.0,173,16763.005780346823,apartamento,4,0,0
2769844336,Meia Praia,Meia Praia,2899790.0,120,24164.916666666668,apartamento,3,0,0
2769186543,Meia Praia,Meia Praia,2899770.0,130,22305.923076923078,apartamento,3,0,0
2762331922,Meia Praia,Meia Praia,2899000.0,173,16757.22543352601,apartamento,4,0,0
2704936609,Meia Praia,Meia Praia,2899000.0,185,15670.27027027027,apartamento,4,0,0
2749233293,Meia Praia,Meia Praia,2898000.0,135,21466.666666666668,apartamento,3,0,0
2529775381,Meia Praia,Meia Praia,2898000.0,135,21466.666666666668,apartamento,3,0,0
2761406619,Centro,Centro,2895000.0,194,14922.680412371134,apartamento,4,0,0
2723210028,Castelo Branco,Castelo Branco,2890276.0,150,19268.506666666668,apartamento,3,0,0
2721918481,Castelo Branco,Castelo Branco,2890000.0,162,17839.506172839505,apartamento,4,0,0
2752672326,Centro,Centro,2890000.0,142,20352.11267605634,apartamento,3,0,0
2533539488,Centro,Centro,2890000.0,104,27788.46153846154,apartamento,3,0,0
2743411589,Meia Praia,Meia Praia,2890000.0,200,14450.0,apartamento,4,0,0
2703865119,Centro,Centro,2890000.0,135,21407.40740740741,apartamento,3,0,0
2751911434,Meia Praia,Meia Praia,2890000.0,175,16514.285714285714,apartamento,4,0,0
2599020454,Meia Praia,Meia Praia,2890000.0,161,17950.31055900621,apartamento,4,0,0
2754745091,Centro,Centro,2890000.0,104,27788.46153846154,apartamento,3,0,0
2768966956,Meia Praia,Meia Praia,2889690.0,159,18174.150943396227,apartamento,4,0,0
2752765230,Andorinha,Andorinha,2880000.0,160,18000.0,apartamento,4,0,0
2630420758,Meia Praia,Meia Praia,2870000.0,179,16033.519553072625,apartamento,4,0,0
2767582652,Meia Praia,Meia Praia,2870000.0,126,22777.777777777777,apartamento,3,0,0
2733745454,Meia Praia,Meia Praia,2870000.0,192,14947.916666666666,apartamento,4,0,0
2754166329,Meia Praia,Meia Praia,2870000.0,193,14870.466321243523,apartamento,4,0,0
2607123428,Meia Praia,Meia Praia,2870000.0,160,17937.5,apartamento,4,0,0
2743163480,Meia Praia,Meia Praia,2870000.0,126,22777.777777777777,apartamento,3,0,0
2760220853,Meia Praia,Meia Praia,2870000.0,192,14947.916666666666,apartamento,4,0,0
2760094101,Meia Praia,Meia Praia,2870000.0,192,14947.916666666666,apartamento,4,0,0
2732468952,Meia Praia,Meia Praia,2870000.0,193,14870.466321243523,apartamento,4,0,0
2765048115,Meia Praia,Meia Praia,2870000.0,192,14947.916666666666,apartamento,4,0,0
2721917687,Meia Praia,Meia Praia,2870000.0,192,14947.916666666666,apartamento,4,0,0
2721915695,Meia Praia,Meia Praia,2870000.0,126,22777.777777777777,apartamento,3,0,0
2769184069,Meia Praia,Meia Praia,2869680.0,202,14206.336633663366,apartamento,3,0,0
2757732224,Meia Praia,Meia Praia,2869600.0,192,14945.833333333334,apartamento,4,0,0
2730619857,Andorinha,Andorinha,2868800.0,186,15423.655913978495,apartamento,4,0,0
2754190911,Andorinha,Andorinha,2868800.0,186,15423.655913978495,apartamento,4,0,0
2630291010,Meia Praia,Meia Praia,2860000.0,179,15977.653631284917,apartamento,4,0,0
2744794002,Meia Praia,Meia Praia,2860000.0,185,15459.45945945946,apartamento,3,0,0
2769758415,Meia Praia,Meia Praia,2853850.0,129,22122.868217054263,apartamento,3,0,0
2509190908,Andorinha,Andorinha,2850000.0,127,22440.944881889765,apartamento,3,0,0
2511795373,Andorinha,Andorinha,2850000.0,138,20652.17391304348,apartamento,3,0,0
2639704594,Andorinha,Andorinha,2850000.0,180,15833.333333333334,apartamento,4,0,0
2519165374,Centro,Centro,2850000.0,130,21923.076923076922,apartamento,3,0,0
2767152246,Meia Praia,Meia Praia,2850000.0,137,20802.919708029196,apartamento,3,0,0
2743411680,Meia Praia,Meia Praia,2850000.0,155,18387.09677419355,apartamento,3,0,0
2562273407,Meia Praia,Meia Praia,2850000.0,155,18387.09677419355,apartamento,3,0,0
2752779904,Meia Praia,Meia Praia,2850000.0,10,285000.0,apartamento,3,0,1
2748437896,Andorinha,Andorinha,2850000.0,242,11776.859504132231,apartamento,3,0,0
2738791476,Meia Praia,Meia Praia,2850000.0,118,24152.542372881355,apartamento,3,0,0
2765064363,Meia Praia,Meia Praia,2850000.0,137,20802.919708029196,apartamento,3,0,0
2594626254,Canto da Praia,Canto da Praia,2850000.0,141,20212.76595744681,apartamento,3,0,0
2756446102,Meia Praia,Meia Praia,2850000.0,190,15000.0,apartamento,4,0,0
2736815313,Meia Praia,Meia Praia,2850000.0,127,22440.944881889765,apartamento,3,0,0
2737784417,Centro,Centro,2850000.0,140,20357.14285714286,apartamento,3,0,0
2752780497,Meia Praia,Meia Praia,2850000.0,163,17484.662576687115,apartamento,4,0,0
2739740715,Centro,Centro,2850000.0,140,20357.14285714286,apartamento,3,0,0
2555340024,Meia Praia,Meia Praia,2850000.0,155,18387.09677419355,apartamento,3,0,0
2766853818,Andorinha,Andorinha,2848800.0,206,13829.126213592233,apartamento,4,0,0
2769312870,Ilhota,Ilhota,2845125.0,155,18355.645161290322,apartamento,4,0,0
2566387538,Ilhota,Ilhota,2845125.0,154,18474.83766233766,apartamento,4,0,0
2749743142,Ilhota,Ilhota,2845125.0,154,18474.83766233766,apartamento,4,0,0
2724142342,Ilhota,Ilhota,2845125.0,154,18474.83766233766,apartamento,4,0,0
2544606460,Andorinha,Andorinha,2841967.0,177,16056.310734463277,apartamento,4,0,0
2764633624,Centro,Centro,2839167.0,1214,2338.6878088962108,apartamento,3,0,0
2769188945,Andorinha,Andorinha,2835500.0,187,15163.101604278076,apartamento,4,0,0
2763410128,Meia Praia,Meia Praia,2830000.0,160,17687.5,apartamento,4,0,0
2558704096,,,2830000.0,300,9433.333333333334,apartamento,4,0,0
2744006709,Meia Praia,Meia Praia,2829526.0,182,15546.846153846154,apartamento,4,0,0
2699373974,Morretes,Morretes,2825000.0,157,17993.630573248407,apartamento,4,0,0
2764895316,Centro,Centro,2823000.0,125,22584.0,apartamento,3,0,0
2764858964,Andorinha,Andorinha,2822663.0,160,17641.64375,apartamento,3,0,0
2766854521,Andorinha,Andorinha,2820800.0,281,10038.434163701068,apartamento,3,0,0
2614047695,Centro,Centro,2805000.0,125,22440.0,apartamento,3,0,0
2736812983,Centro,Centro,2804255.0,50,56085.1,apartamento,3,0,1
2655470871,Centro,Centro,2800000.0,207,13526.570048309179,apartamento,4,0,0
2747201648,Meia Praia,Meia Praia,2800000.0,182,15384.615384615385,apartamento,4,0,0
2761615723,Meia Praia,Meia Praia,2800000.0,176,15909.09090909091,apartamento,4,0,0
2770200161,Casa Branca,Casa Branca,2800000.0,2278,1229.1483757682176,outros,0,0,0
2764630762,Meia Praia,Meia Praia,2800000.0,160,17500.0,apartamento,3,0,0
2764635237,Meia Praia,Meia Praia,2800000.0,180,15555.555555555555,apartamento,4,0,0
2765118000,Centro,Centro,2800000.0,243,11522.633744855968,apartamento,4,0,0
2743921127,Meia Praia,Meia Praia,2800000.0,140,20000.0,apartamento,3,0,0
2754964569,Meia Praia,Meia Praia,2800000.0,160,17500.0,apartamento,3,0,0
2615432037,Andorinha,Andorinha,2800000.0,140,20000.0,apartamento,3,0,0
2749519332,Meia Praia,Meia Praia,2800000.0,180,15555.555555555555,apartamento,4,0,0
2744014216,Canto da Praia,Canto da Praia,2800000.0,200,14000.0,casa,4,0,0
2740139955,Castelo Branco,Castelo Branco,2800000.0,142,19718.309859154928,apartamento,3,0,0
2731099145,Meia Praia,Meia Praia,2800000.0,142,19718.309859154928,apartamento,3,0,0
2715169501,Meia Praia,Meia Praia,2800000.0,190,14736.842105263158,apartamento,4,0,0
2744941691,Centro,Centro,2800000.0,140,20000.0,apartamento,3,0,0
2746630701,Meia Praia,Meia Praia,2800000.0,142,19718.309859154928,apartamento,3,0,0
2764633163,Meia Praia,Meia Praia,2800000.0,182,15384.615384615385,apartamento,4,0,0
2756629870,Centro,Centro,2800000.0,165,16969.696969696968,apartamento,3,0,0
2762426215,Casa Branca,Casa Branca,2800000.0,0,,terreno,0,0,0
2760080648,Meia Praia,Meia Praia,2800000.0,175,16000.0,apartamento,4,0,0
2766001218,Meia Praia,Meia Praia,2800000.0,177,15819.209039548023,apartamento,4,0,0
2434762115,Centro,Centro,2800000.0,157,17834.394904458597,apartamento,3,0,0
2698957982,Meia Praia,Meia Praia,2800000.0,136,20588.235294117647,apartamento,3,0,0
2728884794,Casa Branca,Casa Branca,2800000.0,2278,1229.1483757682176,terreno,0,0,0
2764634150,Andorinha,Andorinha,2800000.0,213,13145.539906103286,apartamento,4,0,0
2735197417,Centro,Centro,2800000.0,127,22047.24409448819,apartamento,3,0,0
2638326400,Meia Praia,Meia Praia,2800000.0,187,14973.262032085562,apartamento,4,0,0
2761880016,Meia Praia,Meia Praia,2800000.0,181,15469.613259668507,apartamento,4,0,0
2727832118,Canto da Praia,Canto da Praia,2800000.0,243,11522.633744855968,apartamento,4,0,0
2768676316,Meia Praia,Meia Praia,2800000.0,181,15469.613259668507,apartamento,4,0,0
2764634114,Meia Praia,Meia Praia,2800000.0,142,19718.309859154928,apartamento,3,0,0
2636114377,Andorinha,Andorinha,2800000.0,300,9333.333333333334,apartamento,3,0,0
2674641079,Centro,Centro,2800000.0,136,20588.235294117647,apartamento,3,0,0
2761365742,Meia Praia,Meia Praia,2800000.0,142,19718.309859154928,apartamento,3,0,0
2746191409,Meia Praia,Meia Praia,2800000.0,202,13861.386138613861,apartamento,4,0,0
2763648648,Meia Praia,Meia Praia,2800000.0,150,18666.666666666668,apartamento,3,0,0
2722258734,Andorinha,Andorinha,2800000.0,144,19444.444444444445,apartamento,4,0,0
2723211044,Centro,Centro,2800000.0,137,20437.956204379563,apartamento,3,0,0
2722651267,Centro,Centro,2800000.0,179,15642.458100558659,apartamento,3,0,0
2606343197,Andorinha,Andorinha,2800000.0,202,13861.386138613861,apartamento,4,0,0
2661820553,Meia Praia,Meia Praia,2800000.0,180,15555.555555555555,apartamento,3,0,0
2739740420,Castelo Branco,Castelo Branco,2800000.0,180,15555.555555555555,apartamento,4,0,0
2569301251,Meia Praia,Meia Praia,2800000.0,150,18666.666666666668,apartamento,4,0,0
2692634788,Morretes,Morretes,2800000.0,129,21705.42635658915,apartamento,3,0,0
2766831352,Castelo Branco,Castelo Branco,2799900.0,128,21874.21875,apartamento,3,0,0
2769848202,Meia Praia,Meia Praia,2799890.0,190,14736.263157894737,apartamento,4,0,0
2770032451,Meia praia,Meia Praia,2799850.0,126,22221.031746031746,apartamento,3,0,0
2766855123,Meia Praia,Meia Praia,2799800.0,140,19998.571428571428,apartamento,3,0,0
2769186364,Andorinha,Andorinha,2799780.0,180,15554.333333333334,apartamento,4,0,0
2770030861,Meia Praia,Meia Praia,2799770.0,160,17498.5625,apartamento,4,0,0
2768968728,Canto da Praia,Canto da Praia,2799660.0,120,23330.5,casa,3,0,0
2754662205,Meia Praia,Meia Praia,2799640.0,174,16089.885057471265,apartamento,4,0,0
2769754422,Castelo Branco,Castelo Branco,2799620.0,142,19715.6338028169,apartamento,3,0,0
2759051919,Meia Praia,Meia Praia,2799620.0,180,15553.444444444445,apartamento,4,0,0
2769183420,Meia Praia,Meia Praia,2799610.0,129,21702.403100775195,apartamento,3,0,0
2769839543,Meia praia,Meia Praia,2799430.0,140,19995.928571428572,apartamento,3,0,0
2769843463,Meia Praia,Meia Praia,2799240.0,131,21368.24427480916,apartamento,3,0,0
2769755632,Centro,Centro,2799230.0,179,15638.156424581006,apartamento,3,0,0
2769182565,Meia Praia,Meia Praia,2799020.0,163,17171.9018404908,apartamento,3,0,0
2760418937,Centro,Centro,2799000.0,239,11711.297071129708,apartamento,3,0,0
2758864930,Meia Praia,Meia Praia,2799000.0,238,11760.504201680673,apartamento,3,0,0
2758636218,Meia Praia,Meia Praia,2799000.0,238,11760.504201680673,apartamento,3,0,0
2766783728,Centro,Centro,2799000.0,238,11760.504201680673,apartamento,3,0,0
2757611414,Centro,Centro,2799000.0,238,11760.504201680673,apartamento,3,0,0
2756708888,Centro,Centro,2799000.0,238,11760.504201680673,apartamento,3,0,0
2758656231,Meia Praia,Meia Praia,2799000.0,238,11760.504201680673,apartamento,3,0,0
2748822725,Andorinha,Andorinha,2798800.0,185,15128.648648648648,apartamento,4,0,0
2654224020,Centro,Centro,2798800.0,201,13924.378109452737,apartamento,4,0,0
2764634136,Centro,Centro,2798800.0,164,17065.853658536584,apartamento,4,0,0
2769471966,Meia Praia,Meia Praia,2798050.0,333,8402.552552552552,apartamento,4,0,0
2754700229,Centro,Centro,2798000.0,180,15544.444444444445,apartamento,3,0,0
2766853928,Meia Praia,Meia Praia,2798000.0,131,21358.778625954197,apartamento,3,0,0
2661820653,Andorinha,Andorinha,2798000.0,185,15124.324324324325,apartamento,4,0,0
2593109158,Andorinha,Andorinha,2798000.0,185,15124.324324324325,apartamento,4,0,0
2769602645,,,2798000.0,161,17378.88198757764,apartamento,4,0,0
2689529603,Meia Praia,Meia Praia,2797900.0,131,21358.01526717557,apartamento,3,0,0
2721918760,Castelo Branco,Castelo Branco,2790000.0,142,19647.88732394366,apartamento,3,0,0
2747392476,Meia Praia,Meia Praia,2790000.0,142,19647.88732394366,apartamento,3,0,0
2754734845,Meia Praia,Meia Praia,2790000.0,143,19510.48951048951,apartamento,3,0,0
2742890388,Meia Praia,Meia Praia,2790000.0,142,19647.88732394366,apartamento,3,0,0
2770198949,Meia Praia,Meia Praia,2790000.0,142,19647.88732394366,apartamento,3,0,0
2621523649,Meia Praia,Meia Praia,2790000.0,143,19510.48951048951,apartamento,3,0,0
2752780395,Meia Praia,Meia Praia,2790000.0,10,279000.0,apartamento,3,0,1
2626577112,Meia Praia,Meia Praia,2790000.0,143,19510.48951048951,apartamento,3,0,0
2661819995,Castelo Branco,Castelo Branco,2790000.0,142,19647.88732394366,apartamento,3,0,0
2761579616,Meia Praia,Meia Praia,2790000.0,142,19647.88732394366,apartamento,3,0,0
2747203138,Meia Praia,Meia Praia,2790000.0,142,19647.88732394366,apartamento,3,0,0
2764633032,Meia Praia,Meia Praia,2790000.0,153,18235.29411764706,apartamento,3,0,0
2763649141,Meia Praia,Meia Praia,2790000.0,153,18235.29411764706,apartamento,3,0,0
2666979700,Meia Praia,Meia Praia,2790000.0,142,19647.88732394366,apartamento,3,0,0
2686050807,Centro,Centro,2790000.0,137,20364.963503649637,apartamento,3,0,0
2708352406,Andorinha,Andorinha,2790000.0,247,11295.546558704453,apartamento,4,0,0
2769845685,Andorinha,Andorinha,2789880.0,206,13543.106796116504,apartamento,4,0,0
2769186745,Castelo Branco,Castelo Branco,2789600.0,161,17326.708074534163,apartamento,4,0,0
2751855819,Centro,Centro,2789200.0,136,20508.823529411766,apartamento,3,0,0
2744015661,Meia Praia,Meia Praia,2781463.0,160,17384.14375,apartamento,4,0,0
2765785845,Andorinha,Andorinha,2780000.0,160,17375.0,apartamento,3,0,0
2767583626,Meia Praia,Meia Praia,2775714.0,169,16424.343195266272,apartamento,4,0,0
2594943067,Centro,Centro,2772000.0,143,19384.615384615383,apartamento,3,0,0
2763303116,Meia Praia,Meia Praia,2769000.0,173,16005.78034682081,apartamento,4,0,0
2727831547,,,2768000.0,180,15377.777777777777,apartamento,4,0,0
2725527841,Andorinha,Andorinha,2768000.0,180,15377.777777777777,apartamento,4,0,0
2754531758,Meia Praia,Meia Praia,2767015.0,175,15811.514285714286,apartamento,4,0,0
2761579421,Meia Praia,Meia Praia,2767015.0,175,15811.514285714286,apartamento,4,0,0
2754757134,Meia Praia,Meia Praia,2767000.0,175,15811.42857142857,apartamento,4,0,0
2721914372,Castelo Branco,Castelo Branco,2765000.0,240,11520.833333333334,apartamento,4,0,0
2743691113,Meia Praia,Meia Praia,2760000.0,335,8238.805970149253,apartamento,3,0,0
2723482233,Andorinha,Andorinha,2758700.0,180,15326.111111111111,apartamento,4,0,0
2764630850,Centro,Centro,2758050.0,111,24847.297297297297,apartamento,3,0,0
2690562979,Andorinha,Andorinha,2750000.0,180,15277.777777777777,apartamento,4,0,0
2764893832,,,2750000.0,109,25229.357798165136,apartamento,3,0,0
2753015023,Meia Praia,Meia Praia,2750000.0,170,16176.470588235294,apartamento,4,0,0
2654678855,Meia Praia,Meia Praia,2750000.0,163,16871.16564417178,apartamento,5,0,0
2758648513,Meia Praia,Meia Praia,2750000.0,180,15277.777777777777,apartamento,4,0,0
2590082514,Meia Praia,Meia Praia,2750000.0,287,9581.881533101045,apartamento,8,0,0
2585039386,Centro,Centro,2750000.0,216,12731.481481481482,apartamento,4,0,0
2720532458,Centro,Centro,2750000.0,150,18333.333333333332,apartamento,4,0,0
2742885828,Castelo Branco,Castelo Branco,2750000.0,174,15804.597701149425,apartamento,4,0,0
2692420139,Meia Praia,Meia Praia,2750000.0,180,15277.777777777777,apartamento,4,0,0
2661818612,Meia Praia,Meia Praia,2750000.0,163,16871.16564417178,apartamento,4,0,0
2760094786,Meia Praia,Meia Praia,2750000.0,274,10036.496350364963,apartamento,4,0,0
2747717307,Andorinha,Andorinha,2750000.0,177,15536.723163841807,apartamento,4,0,0
2766851631,Centro,Centro,2750000.0,132,20833.333333333332,apartamento,3,0,0
2714720313,Andorinha,Andorinha,2750000.0,162,16975.30864197531,apartamento,4,0,0
2761577634,Meia Praia,Meia Praia,2750000.0,163,16871.16564417178,apartamento,4,0,0
2750148947,Estreito,Estreito,2750000.0,280,9821.42857142857,apartamento,3,0,0
2725634785,Centro,Centro,2750000.0,288,9548.611111111111,apartamento,4,0,0
2734812938,Meia Praia,Meia Praia,2750000.0,180,15277.777777777777,apartamento,4,0,0
2760157817,Meia Praia,Meia Praia,2750000.0,274,10036.496350364963,apartamento,4,0,0
2760224115,Meia Praia,Meia Praia,2750000.0,274,10036.496350364963,apartamento,4,0,0
2730369696,Centro,Centro,2750000.0,167,16467.065868263475,apartamento,3,0,0
2676318620,Andorinha,Andorinha,2750000.0,180,15277.777777777777,apartamento,4,0,0
2769180491,Castelo Branco,Castelo Branco,2749410.0,185,14861.675675675675,apartamento,4,0,0
2766854130,Meia Praia,Meia Praia,2749000.0,240,11454.166666666666,apartamento,4,0,0
2728738277,Centro,Centro,2748800.0,184,14939.130434782608,apartamento,4,0,0
2758644937,Meia Praia,Meia Praia,2748000.0,163,16858.895705521474,apartamento,4,0,0
2754764096,Meia Praia,Meia Praia,2748000.0,163,16858.895705521474,apartamento,4,0,0
2733742595,Meia Praia,Meia Praia,2748000.0,163,16858.895705521474,apartamento,4,0,0
2769754973,Meia Praia,Meia Praia,2747230.0,163,16854.171779141103,apartamento,4,0,0
2754747821,Centro,Centro,2742057.0,120,22850.475,apartamento,3,0,0
2746675796,Centro,Centro,2742000.0,120,22850.0,apartamento,3,0,0
2754747737,Ilhota,Ilhota,2740331.0,136,20149.492647058825,apartamento,4,0,0
2712552697,Centro,Centro,2739000.0,140,19564.285714285714,apartamento,3,0,0
2624390413,Centro,Centro,2739000.0,140,19564.285714285714,apartamento,3,0,0
2767581345,Morretes,Morretes,2738347.0,132,20745.053030303032,apartamento,3,0,0
2729166724,Meia Praia,Meia Praia,2738000.0,140,19557.14285714286,apartamento,3,0,0
2687441030,Meia Praia,Meia Praia,2726550.0,177,15404.237288135593,apartamento,4,0,0
2730784243,Centro,Centro,2724677.0,86,31682.29069767442,apartamento,2,0,0
2767584413,Castelo Branco,Castelo Branco,2721222.0,256,10629.7734375,apartamento,4,0,0
2657049058,Centro,Centro,2717491.0,111,24481.900900900902,apartamento,4,0,0
2511792442,Meia Praia,Meia Praia,2716000.0,160,16975.0,apartamento,4,0,0
2595284456,Meia Praia,Meia Praia,2710000.0,156,17371.79487179487,apartamento,4,0,0
2769757164,Andorinha,Andorinha,2709200.0,156,17366.666666666668,apartamento,4,0,0
2721914371,Castelo Branco,Castelo Branco,2708500.0,240,11285.416666666666,apartamento,4,0,0
2757198544,Meia Praia,Meia Praia,2707028.0,151,17927.33774834437,apartamento,3,0,0
2754745528,Ilhota,Ilhota,2706500.0,136,19900.735294117647,apartamento,4,0,0
2744015855,Meia Praia,Meia Praia,2700000.0,120,22500.0,apartamento,3,0,0
2758658313,Meia Praia,Meia Praia,2700000.0,140,19285.714285714286,apartamento,3,0,0
2770199132,Castelo Branco,Castelo Branco,2700000.0,142,19014.084507042255,apartamento,3,0,0
2698690590,Meia Praia,Meia Praia,2700000.0,100,27000.0,apartamento,3,0,0
2625850858,Meia Praia,Meia Praia,2700000.0,59,45762.71186440678,comercial,0,0,0
2609061131,Meia Praia,Meia Praia,2700000.0,165,16363.636363636364,apartamento,3,0,0
2766329522,Meia Praia,Meia Praia,2700000.0,127,21259.84251968504,apartamento,3,0,0
2743163485,Meia Praia,Meia Praia,2700000.0,179,15083.798882681564,apartamento,4,0,0
2657652816,Meia Praia,Meia Praia,2700000.0,1749,1543.739279588336,apartamento,4,0,0
2561784418,Centro,Centro,2700000.0,250,10800.0,apartamento,3,0,0
2739740617,Meia Praia,Meia Praia,2700000.0,173,15606.936416184972,apartamento,3,0,0
2764631730,Meia Praia,Meia Praia,2700000.0,141,19148.936170212764,apartamento,3,0,0
2742888186,Centro,Centro,2700000.0,173,15606.936416184972,apartamento,3,0,0
2764633949,Centro,Centro,2700000.0,172,15697.67441860465,apartamento,4,0,0
2758953520,Meia Praia,Meia Praia,2700000.0,142,19014.084507042255,apartamento,3,0,0
2764634014,Meia Praia,Meia Praia,2700000.0,117,23076.923076923078,apartamento,3,0,0
2754457670,Centro,Centro,2700000.0,172,15697.67441860465,apartamento,4,0,0
2706620132,Meia Praia,Meia Praia,2700000.0,230,11739.130434782608,apartamento,4,0,0
2599989830,Castelo Branco,Castelo Branco,2700000.0,240,11250.0,apartamento,4,0,0
2530312572,Meia Praia,Meia Praia,2700000.0,128,21093.75,apartamento,3,0,0
2758635640,Meia Praia,Meia Praia,2700000.0,140,19285.714285714286,apartamento,3,0,0
2728885265,Casa Branca,Casa Branca,2700000.0,1200,2250.0,terreno,0,0,0
2758863208,Meia Praia,Meia Praia,2700000.0,140,19285.714285714286,apartamento,3,0,0
2618437836,Meia Praia,Meia Praia,2700000.0,218,12385.321100917432,apartamento,4,0,0
2759066119,Meia Praia,Meia Praia,2700000.0,142,19014.084507042255,apartamento,3,0,0
2763648536,Meia Praia,Meia Praia,2700000.0,117,23076.923076923078,apartamento,3,0,0
2758879128,Meia Praia,Meia Praia,2700000.0,142,19014.084507042255,apartamento,3,0,0
2757635718,Andorinha,Andorinha,2700000.0,140,19285.714285714286,apartamento,3,0,0
2569451167,Meia Praia,Meia Praia,2700000.0,226,11946.902654867257,apartamento,4,0,0
2769854142,Meia Praia,Meia Praia,2699870.0,137,19707.080291970804,apartamento,3,0,0
2766852025,Meia Praia,Meia Praia,2699800.0,179,15082.68156424581,apartamento,4,0,0
2768967857,Castelo Branco,Castelo Branco,2699190.0,142,19008.38028169014,apartamento,3,0,0
2683197881,Centro,Centro,2699000.0,163,16558.282208588957,apartamento,4,0,0
2526933208,Meia Praia,Meia Praia,2699000.0,177,15248.587570621468,apartamento,4,0,0
2766854625,Centro,Centro,2699000.0,190,14205.263157894737,apartamento,4,0,0
2750140690,Meia Praia,Meia Praia,2699000.0,123,21943.08943089431,apartamento,3,0,0
2617331379,Centro,Centro,2698800.0,274,9849.635036496351,apartamento,4,0,0
2754996110,Centro,Centro,2698800.0,206,13100.970873786408,apartamento,4,0,0
2748821449,Centro,Centro,2698800.0,163,16557.055214723925,apartamento,4,0,0
2586037748,Centro,Centro,2698800.0,163,16557.055214723925,apartamento,4,0,0
2748822116,Centro,Centro,2698800.0,164,16456.09756097561,apartamento,4,0,0
2636102610,Centro,Centro,2698800.0,163,16557.055214723925,apartamento,4,0,0
2754150496,Centro,Centro,2698800.0,184,14667.391304347826,apartamento,4,0,0
2748550795,Centro,Centro,2698000.0,206,13097.087378640777,apartamento,4,0,0
2766855020,Meia Praia,Meia Praia,2696800.0,206,13091.26213592233,apartamento,4,0,0
2712503353,Centro,Centro,2695000.0,138,19528.985507246376,apartamento,4,0,0
2533117738,Andorinha,Andorinha,2691000.0,169,15923.076923076924,apartamento,4,0,0
2766854128,Andorinha,Andorinha,2690939.0,170,15829.052941176471,apartamento,4,0,0
2626748184,Meia Praia,Meia Praia,2690000.0,130,20692.30769230769,apartamento,3,0,0
2553305082,Meia Praia,Meia Praia,2690000.0,213,12629.107981220657,apartamento,3,0,0
2755529219,Meia Praia,Meia Praia,2690000.0,161,16708.07453416149,apartamento,4,0,0
2736410129,Castelo Branco,Castelo Branco,2690000.0,132,20378.78787878788,apartamento,3,0,0
2723210032,Meia Praia,Meia Praia,2690000.0,119,22605.04201680672,apartamento,3,0,0
2755583840,Meia Praia,Meia Praia,2690000.0,130,20692.30769230769,apartamento,3,0,0
2761576931,Castelo Branco,Castelo Branco,2690000.0,132,20378.78787878788,apartamento,3,0,0
2619793068,Centro,Centro,2690000.0,130,20692.30769230769,apartamento,3,0,0
2729363968,Centro,Centro,2690000.0,203,13251.231527093596,apartamento,4,0,0
2569457708,Meia Praia,Meia Praia,2690000.0,132,20378.78787878788,apartamento,3,0,0
2743412362,Meia Praia,Meia Praia,2690000.0,130,20692.30769230769,apartamento,3,0,0
2689268821,Meia Praia,Meia Praia,2690000.0,130,20692.30769230769,apartamento,3,0,0
2759826588,Meia Praia,Meia Praia,2690000.0,167,16107.784431137725,apartamento,4,0,0
2769190345,Meia Praia,Meia Praia,2689640.0,130,20689.53846153846,apartamento,3,0,0
2769854163,Meia Praia,Meia Praia,2689350.0,132,20373.863636363636,apartamento,3,0,0
2769474756,Meia Praia,Meia Praia,2689250.0,164,16397.865853658535,apartamento,4,0,0
2708169308,Meia Praia,Meia Praia,2689040.0,130,20684.923076923078,apartamento,3,0,0
2766853624,Meia Praia,Meia Praia,2684800.0,180,14915.555555555555,apartamento,4,0,0
2731325117,Centro,Centro,2682000.0,86,31186.04651162791,apartamento,3,0,0
2682999909,Meia Praia,Meia Praia,2680000.0,178,15056.1797752809,apartamento,3,0,0
2658958779,Sertão do Trombudo,Sertão Do Trombudo,2680000.0,270,9925.925925925925,casa,3,0,0
2738894037,Meia Praia,Meia Praia,2680000.0,178,15056.1797752809,apartamento,3,0,0
2738623253,Meia Praia,Meia Praia,2680000.0,178,15056.1797752809,apartamento,3,0,0
2748740905,Meia Praia,Meia Praia,2680000.0,178,15056.1797752809,apartamento,3,0,0
2551110253,Meia Praia,Meia Praia,2680000.0,172,15581.39534883721,apartamento,4,0,0
2609062473,Centro,Centro,2680000.0,178,15056.1797752809,apartamento,3,0,0
2747712949,Meia Praia,Meia Praia,2680000.0,178,15056.1797752809,apartamento,3,0,0
2769751993,Meia Praia,Meia Praia,2679140.0,160,16744.625,apartamento,3,0,0
2757731049,Andorinha,Andorinha,2679120.0,178,15051.23595505618,apartamento,3,0,0
2764727209,Andorinha,Andorinha,2672909.0,169,15816.029585798817,apartamento,4,0,0
2767584327,Meia Praia,Meia Praia,2671759.0,160,16698.49375,apartamento,4,0,0
2767583749,Centro,Centro,2671450.0,138,19358.333333333332,apartamento,4,0,0
2741196943,Centro,Centro,2671450.0,138,19358.333333333332,apartamento,4,0,0
2754745141,Meia Praia,Meia Praia,2670000.0,154,17337.66233766234,comercial,0,0,0
2649205258,Castelo Branco,Castelo Branco,2665118.0,202,13193.653465346535,apartamento,4,0,0
2566389719,Ilhota,Ilhota,2663385.0,146,18242.36301369863,apartamento,4,0,0
2749737905,Ilhota,Ilhota,2663385.0,146,18242.36301369863,apartamento,4,0,0
2558704109,,,2660020.0,190,14000.105263157895,apartamento,4,0,0
2769409521,Centro,Centro,2650000.0,140,18928.571428571428,apartamento,3,0,0
2726427055,Centro,Centro,2650000.0,127,20866.141732283464,apartamento,3,0,0
2750758637,Meia Praia,Meia Praia,2650000.0,128,20703.125,apartamento,3,0,0
2560059108,Meia Praia,Meia Praia,2650000.0,128,20703.125,apartamento,3,0,0
2748550206,Centro,Centro,2650000.0,128,20703.125,apartamento,3,0,0
2769993323,Centro,Centro,2650000.0,139,19064.748201438848,apartamento,3,0,0
2765332326,Meia Praia,Meia Praia,2650000.0,500,5300.0,terreno,0,0,0
2737157538,Meia Praia,Meia Praia,2650000.0,500,5300.0,terreno,0,0,0
2766852724,Meia Praia,Meia Praia,2650000.0,260,10192.307692307691,apartamento,5,0,0
2753537049,Centro,Centro,2648800.0,164,16151.219512195123,apartamento,4,0,0
2586332335,Centro,Centro,2648800.0,164,16151.219512195123,apartamento,4,0,0
2743410764,Centro,Centro,2648800.0,164,16151.219512195123,apartamento,4,0,0
2747949979,Centro,Centro,2646523.0,625,4234.4368,apartamento,1,0,0
2767582173,Meia Praia,Meia Praia,2646119.0,185,14303.345945945946,apartamento,4,0,0
2730744220,Casa Branca,Casa Branca,2640000.0,260,10153.846153846154,casa,3,0,0
2761880019,Meia Praia,Meia Praia,2638125.0,160,16488.28125,apartamento,3,0,0
2766855021,Meia Praia,Meia Praia,2630000.0,190,13842.105263157895,apartamento,4,0,0
2765017664,Ilhota,Ilhota,2630000.0,146,18013.698630136987,apartamento,4,0,0
2765232233,Centro,Centro,2630000.0,138,19057.971014492752,apartamento,3,0,0
2539437003,Meia Praia,Meia Praia,2630000.0,160,16437.5,apartamento,4,0,0
2654678856,Meia Praia,Meia Praia,2625546.0,161,16307.739130434782,apartamento,4,0,0
2764631682,Meia Praia,Meia Praia,2625000.0,163,16104.294478527607,apartamento,4,0,0
2746689710,Andorinha,Andorinha,2623950.0,140,18742.5,apartamento,4,0,0
2759067129,Meia Praia,Meia Praia,2620000.0,175,14971.42857142857,apartamento,4,0,0
2759130227,Meia Praia,Meia Praia,2620000.0,175,14971.42857142857,apartamento,4,0,0
2755531412,Meia Praia,Meia Praia,2616120.0,160,16350.75,apartamento,3,0,0
2762877374,Meia Praia,Meia Praia,2615000.0,161,16242.23602484472,apartamento,3,0,0
2761113065,Meia Praia,Meia Praia,2615000.0,160,16343.75,apartamento,3,0,0
2754724303,Meia Praia,Meia Praia,2610200.0,109,23946.788990825688,apartamento,3,0,0
2766855422,Meia Praia,Meia Praia,2609800.0,179,14579.888268156425,apartamento,4,0,0
2769851541,Meia Praia,Meia Praia,2609340.0,135,19328.444444444445,apartamento,3,0,0
2637965774,Meia Praia,Meia Praia,2602000.0,145,17944.827586206895,apartamento,3,0,0
2730227126,Meia Praia,Meia Praia,2600000.0,160,16250.0,apartamento,4,0,0
2743408994,Meia Praia,Meia Praia,2600000.0,137,18978.10218978102,apartamento,3,0,0
2609062207,Centro,Centro,2600000.0,167,15568.862275449103,apartamento,4,0,0
2769883040,Centro,Centro,2600000.0,185,14054.054054054053,apartamento,4,0,0
2764634155,Centro,Centro,2600000.0,165,15757.575757575758,apartamento,4,0,0
2759672235,Meia Praia,Meia Praia,2600000.0,190,13684.21052631579,apartamento,3,0,0
2707038157,Casa Branca,Casa Branca,2600000.0,188,13829.787234042553,terreno,0,0,0
2717033171,Meia Praia,Meia Praia,2600000.0,130,20000.0,apartamento,3,0,0
2672323579,Meia Praia,Meia Praia,2600000.0,156,16666.666666666668,apartamento,4,0,0
2644108897,Centro,Centro,2600000.0,185,14054.054054054053,apartamento,4,0,0
2761879817,Meia Praia,Meia Praia,2600000.0,130,20000.0,apartamento,3,0,0
2726820434,Casa Branca,Casa Branca,2600000.0,1585,1640.378548895899,terreno,0,0,0
2613519093,Meia Praia,Meia Praia,2600000.0,151,17218.543046357616,apartamento,3,0,0
2761879720,Meia Praia,Meia Praia,2600000.0,130,20000.0,apartamento,3,0,0
2759604641,Meia Praia,Meia Praia,2600000.0,190,13684.21052631579,apartamento,3,0,0
2668702218,Meia Praia,Meia Praia,2600000.0,150,17333.333333333332,apartamento,3,0,0
2764633179,Meia Praia,Meia Praia,2600000.0,160,16250.0,apartamento,3,0,0
2764220813,Andorinha,Andorinha,2600000.0,135,19259.25925925926,apartamento,3,0,0
2755991016,Meia Praia,Meia Praia,2600000.0,130,20000.0,apartamento,3,0,0
2723568355,Alto São Bento,Alto São Bento,2600000.0,1585,1640.378548895899,terreno,0,0,0
2757660226,Meia Praia,Meia Praia,2600000.0,145,17931.03448275862,apartamento,3,0,0
2752069938,Meia Praia,Meia Praia,2600000.0,156,16666.666666666668,apartamento,4,0,0
2759881525,Meia Praia,Meia Praia,2600000.0,176,14772.727272727272,apartamento,4,0,0
2661091716,Meia Praia,Meia Praia,2600000.0,200,13000.0,apartamento,4,0,0
2596603767,Meia Praia,Meia Praia,2600000.0,161,16149.068322981366,apartamento,4,0,0
2738796821,Meia Praia,Meia Praia,2600000.0,146,17808.219178082192,apartamento,3,0,0
2759539553,Meia Praia,Meia Praia,2600000.0,190,13684.21052631579,apartamento,3,0,0
2511795395,Meia Praia,Meia Praia,2600000.0,166,15662.650602409638,apartamento,4,0,0
2758636417,Meia Praia,Meia Praia,2600000.0,146,17808.219178082192,apartamento,4,0,0
2764894831,Centro,Centro,2600000.0,125,20800.0,apartamento,3,0,0
2626748171,Meia Praia,Meia Praia,2600000.0,156,16666.666666666668,apartamento,4,0,0
2749229844,Centro,Centro,2600000.0,185,14054.054054054053,apartamento,4,0,0
2558704118,,,2600000.0,414,6280.193236714976,apartamento,5,0,0
2756708915,Meia Praia,Meia Praia,2600000.0,145,17931.03448275862,apartamento,4,0,0
2725006088,Meia Praia,Meia Praia,2600000.0,156,16666.666666666668,apartamento,4,0,0
2728457515,Meia Praia,Meia Praia,2600000.0,152,17105.263157894737,casa,3,0,0
2767583180,Centro,Centro,2600000.0,185,14054.054054054053,apartamento,4,0,0
2720508351,Meia Praia,Meia Praia,2600000.0,130,20000.0,apartamento,3,0,0
2574132252,Centro,Centro,2600000.0,185,14054.054054054053,apartamento,4,0,0
2761579815,Meia Praia,Meia Praia,2600000.0,156,16666.666666666668,apartamento,4,0,0
2744509998,Centro,Centro,2600000.0,190,13684.21052631579,apartamento,3,0,0
2739644632,Centro,Centro,2600000.0,185,14054.054054054053,apartamento,4,0,0
2699373575,Meia Praia,Meia Praia,2600000.0,156,16666.666666666668,apartamento,4,0,0
2756560942,Meia Praia,Meia Praia,2600000.0,10,260000.0,apartamento,3,0,1
2687497740,Meia Praia,Meia Praia,2600000.0,186,13978.494623655914,apartamento,4,0,0
2740007346,Meia Praia,Meia Praia,2600000.0,129,20155.038759689924,apartamento,3,0,0
2681451804,Centro,Centro,2600000.0,185,14054.054054054053,apartamento,4,0,0
2730193418,Centro,Centro,2600000.0,137,18978.10218978102,apartamento,3,0,0
2770198425,Meia Praia,Meia Praia,2600000.0,156,16666.666666666668,apartamento,4,0,0
2761175828,Meia Praia,Meia Praia,2600000.0,145,17931.03448275862,apartamento,4,0,0
2763769823,Meia Praia,Meia Praia,2600000.0,120,21666.666666666668,comercial,1,0,0
2747201660,Meia Praia,Meia Praia,2600000.0,156,16666.666666666668,apartamento,4,0,0
2767582181,Centro,Centro,2599999.0,87,29885.045977011494,apartamento,3,0,0
2600891781,Centro,Centro,2599999.0,185,14054.048648648648,apartamento,4,0,0
2574305361,Centro,Centro,2599999.0,185,14054.048648648648,apartamento,4,0,0
2769758434,Andorinha,Andorinha,2599860.0,156,16665.76923076923,apartamento,4,0,0
2766851913,Meia Praia,Meia Praia,2599800.0,183,14206.557377049181,apartamento,4,0,0
2766851522,Meia Praia,Meia Praia,2599800.0,156,16665.384615384617,apartamento,4,0,0
2769186821,Casa Branca,Casa Branca,2599790.0,1875,1386.5546666666667,terreno,0,0,0
2769844607,Centro,Centro,2599680.0,185,14052.324324324325,apartamento,4,0,0
2768969343,Castelo Branco,Castelo Branco,2599220.0,146,17802.87671232877,apartamento,4,0,0
2751857113,Andorinha,Andorinha,2599140.0,160,16244.625,apartamento,4,0,0
2608859675,Meia Praia,Meia Praia,2599000.0,190,13678.947368421053,apartamento,3,0,0
2766851830,Meia Praia,Meia Praia,2599000.0,145,17924.137931034482,apartamento,3,0,0
2618439315,Andorinha,Andorinha,2599000.0,130,19992.30769230769,apartamento,3,0,0
2764632030,Centro,Centro,2598800.0,172,15109.302325581395,apartamento,4,0,0
2652723019,Meia Praia,Meia Praia,2598800.0,185,14047.567567567568,apartamento,4,0,0
2765018998,Centro,Centro,2598800.0,164,15846.341463414634,apartamento,4,0,0
2726122636,Andorinha,Andorinha,2598800.0,185,14047.567567567568,apartamento,4,0,0
2670817642,Centro,Centro,2598800.0,185,14047.567567567568,apartamento,4,0,0
2669457900,Centro,Centro,2598800.0,208,12494.23076923077,apartamento,4,0,0
2637453307,Centro,Centro,2598800.0,163,15943.558282208589,apartamento,4,0,0
2749230116,Centro,Centro,2598800.0,164,15846.341463414634,apartamento,4,0,0
2560059820,Meia Praia,Meia Praia,2598800.0,185,14047.567567567568,apartamento,4,0,0
2727831549,Centro,Centro,2598800.0,180,14437.777777777777,apartamento,4,0,0
2570258254,Centro,Centro,2598800.0,163,15943.558282208589,apartamento,4,0,0
2731014330,Meia Praia,Meia Praia,2591000.0,130,19930.76923076923,apartamento,3,0,0
2765549653,Meia Praia,Meia Praia,2591000.0,131,19778.625954198473,apartamento,3,0,0
2753018608,Meia Praia,Meia Praia,2590000.0,140,18500.0,apartamento,3,0,0
2633100358,Meia Praia,Meia Praia,2590000.0,130,19923.076923076922,apartamento,3,0,0
2766855921,Meia Praia,Meia Praia,2590000.0,227,11409.691629955947,apartamento,4,0,0
2763648650,Meia Praia,Meia Praia,2590000.0,130,19923.076923076922,apartamento,3,0,0
2737226348,Meia Praia,Meia Praia,2590000.0,158,16392.40506329114,apartamento,3,0,0
2761579121,Meia Praia,Meia Praia,2590000.0,140,18500.0,apartamento,3,0,0
2765549832,Meia Praia,Meia Praia,2590000.0,133,19473.684210526317,apartamento,3,0,0
2723351345,Meia Praia,Meia Praia,2590000.0,133,19473.684210526317,apartamento,3,0,0
2766852340,Andorinha,Andorinha,2589800.0,163,15888.34355828221,apartamento,4,0,0
2769845822,Meia Praia,Meia Praia,2589570.0,163,15886.932515337423,apartamento,4,0,0
2655495385,Meia Praia,Meia Praia,2587567.0,160,16172.29375,apartamento,3,0,0
2764955618,Andorinha,Andorinha,2581704.0,159,16237.132075471698,apartamento,3,0,0
2751351217,Castelo Branco,Castelo Branco,2580000.0,136,18970.58823529412,apartamento,3,0,0
2743992463,Itapema,Itapema,2580000.0,125,20640.0,apartamento,3,0,0
2643986958,Meia Praia,Meia Praia,2579900.0,183,14097.814207650274,apartamento,4,0,0
2701379883,Andorinha,Andorinha,2579560.0,202,12770.09900990099,apartamento,4,0,0
2762248518,Casa Branca,Casa Branca,2579400.0,210,12282.857142857143,casa,4,0,0
2726398463,Meia Praia,Meia Praia,2579000.0,125,20632.0,apartamento,3,0,0
2768441016,Meia Praia,Meia Praia,2577412.0,167,15433.604790419162,apartamento,3,0,0
2743253113,Meia Praia,Meia Praia,2577000.0,233,11060.085836909871,apartamento,4,0,0
2663836545,Meia Praia,Meia Praia,2577000.0,233,11060.085836909871,apartamento,4,0,0
2744007187,Meia Praia,Meia Praia,2565000.0,193,13290.155440414508,apartamento,4,0,0
2769851371,Meia Praia,Meia Praia,2564890.0,193,13289.58549222798,apartamento,4,0,0
2766853424,Meia Praia,Meia Praia,2564800.0,173,14825.43352601156,apartamento,4,0,0
2611303401,Meia Praia,Meia Praia,2560000.0,128,20000.0,apartamento,3,0,0
2766853117,Meia Praia,Meia Praia,2559800.0,173,14796.531791907515,apartamento,4,0,0
2767583331,Centro,Centro,2557183.0,153,16713.614379084967,apartamento,3,0,0
2765550417,Meia Praia,Meia Praia,2555000.0,131,19503.81679389313,apartamento,3,0,0
2769184667,Meia Praia,Meia Praia,2554660.0,130,19651.23076923077,apartamento,3,0,0
2765405634,Castelo Branco,Castelo Branco,2550000.0,175,14571.42857142857,apartamento,4,0,0
2760224117,Meia Praia,Meia Praia,2550000.0,118,21610.169491525423,apartamento,3,0,0
2695683800,Meia Praia,Meia Praia,2550000.0,130,19615.384615384617,apartamento,3,0,0
2715697620,Andorinha,Andorinha,2550000.0,169,15088.757396449704,apartamento,3,0,0
2596036081,Meia Praia,Meia Praia,2550000.0,137,18613.138686131388,apartamento,3,0,0
2752440215,Centro,Centro,2550000.0,130,19615.384615384617,apartamento,3,0,0
2721918733,Castelo Branco,Castelo Branco,2550000.0,240,10625.0,apartamento,4,0,0
2761879520,Andorinha,Andorinha,2550000.0,118,21610.169491525423,apartamento,3,0,0
2760157922,Meia Praia,Meia Praia,2550000.0,118,21610.169491525423,apartamento,3,0,0
2769848728,Meia Praia,Meia Praia,2549330.0,128,19916.640625,apartamento,3,0,0
2769751998,Centro,Centro,2549150.0,130,19608.846153846152,apartamento,3,0,0
2761482572,Andorinha,Andorinha,2549020.0,118,21601.86440677966,apartamento,3,0,0
2766852522,Andorinha,Andorinha,2548800.0,185,13777.297297297297,apartamento,4,0,0
2769199115,Meia Praia,Meia Praia,2548395.0,185,13775.108108108108,apartamento,4,0,0
2520070575,Meia Praia,Meia Praia,2547938.0,150,16986.253333333334,apartamento,3,0,0
2740008322,Meia Praia,Meia Praia,2546117.0,162,15716.771604938273,apartamento,4,0,0
2731290733,Meia Praia,Meia Praia,2540000.0,138,18405.797101449276,apartamento,4,0,0
2742952277,Meia Praia,Meia Praia,2540000.0,139,18273.38129496403,apartamento,4,0,0
2733344044,Meia Praia,Meia Praia,2538800.0,137,18531.38686131387,apartamento,3,0,0
2764632937,Meia Praia,Meia Praia,2538800.0,127,19990.55118110236,apartamento,3,0,0
2560056884,Centro,Centro,2538486.0,153,16591.41176470588,apartamento,3,0,0
2531161777,Meia Praia,Meia Praia,2535631.0,213,11904.37089201878,apartamento,4,0,0
2766852444,Meia Praia,Meia Praia,2532800.0,200,12664.0,apartamento,4,0,0
2767583027,Meia Praia,Meia Praia,2531320.0,185,13682.81081081081,apartamento,4,0,0
2766855517,Meia Praia,Meia Praia,2530800.0,128,19771.875,apartamento,3,0,0
2686027725,Meia Praia,Meia Praia,2528168.0,150,16854.453333333335,apartamento,3,0,0
2650004072,Andorinha,Andorinha,2521109.0,162,15562.401234567902,apartamento,4,0,0
2768463456,Meia Praia,Meia Praia,2521109.0,162,15562.401234567902,apartamento,4,0,0
2769150019,Centro,Centro,2520000.0,136,18529.41176470588,apartamento,3,0,0
2724975767,Andorinha,Andorinha,2520000.0,110,22909.090909090908,apartamento,3,0,0
2571329845,Meia Praia,Meia Praia,2520000.0,173,14566.473988439306,apartamento,4,0,0
2766011240,Centro,Centro,2519390.0,136,18524.926470588234,apartamento,3,0,0
2763290725,Meia Praia,Meia Praia,2515000.0,152,16546.052631578947,apartamento,3,0,0
2575450238,Andorinha,Andorinha,2512000.0,169,14863.905325443788,apartamento,4,0,0
2727599670,Meia Praia,Meia Praia,2510000.0,130,19307.69230769231,apartamento,3,0,0
2723211934,Centro,Centro,2510000.0,130,19307.69230769231,apartamento,3,0,0
2769849651,Meia Praia,Meia Praia,2509160.0,199,12608.844221105528,apartamento,4,0,0
2613247399,Meia Praia,Meia Praia,2508000.0,150,16720.0,apartamento,3,0,0
2661820370,Meia Praia,Meia Praia,2501000.0,216,11578.703703703704,apartamento,7,0,0
2582998801,Meia Praia,Meia Praia,2500000.0,160,15625.0,apartamento,4,0,0
2760270116,Centro,Centro,2500000.0,127,19685.03937007874,apartamento,3,0,0
2626745521,Meia Praia,Meia Praia,2500000.0,131,19083.969465648854,apartamento,3,0,0
2694161747,Centro,Centro,2500000.0,127,19685.03937007874,apartamento,3,0,0
2563813559,Centro,Centro,2500000.0,149,16778.523489932886,apartamento,3,0,0
2564319607,Meia Praia,Meia Praia,2500000.0,193,12953.36787564767,apartamento,4,0,0
2729769313,Morretes,Morretes,2500000.0,300,8333.333333333334,apartamento,4,0,0
2609062482,Meia Praia,Meia Praia,2500000.0,128,19531.25,apartamento,3,0,0
2746939996,Morretes,Morretes,2500000.0,600,4166.666666666667,terreno,0,0,0
2751941222,Meia Praia,Meia Praia,2500000.0,10,250000.0,apartamento,4,0,1
2764861416,Meia Praia,Meia Praia,2500000.0,124,20161.290322580644,apartamento,3,0,0
2769897045,Centro,Centro,2500000.0,160,15625.0,apartamento,4,0,0
2764632877,Andorinha,Andorinha,2500000.0,127,19685.03937007874,apartamento,3,0,0
2743412260,Centro,Centro,2500000.0,161,15527.950310559007,apartamento,3,0,0
2738890446,Centro,Centro,2500000.0,123,20325.20325203252,apartamento,4,0,0
2745398648,Meia Praia,Meia Praia,2500000.0,131,19083.969465648854,apartamento,3,0,0
2752141700,Meia Praia,Meia Praia,2500000.0,10,250000.0,apartamento,4,0,1
2736934376,Meia Praia,Meia Praia,2500000.0,155,16129.032258064517,apartamento,3,0,0
2750297694,Meia Praia,Meia Praia,2500000.0,160,15625.0,apartamento,4,0,0
2752780197,Meia Praia,Meia Praia,2500000.0,10,250000.0,apartamento,3,0,1
2646971196,Meia Praia,Meia Praia,2500000.0,131,19083.969465648854,apartamento,3,0,0
2706362011,Meia Praia,Meia Praia,2500000.0,193,12953.36787564767,apartamento,4,0,0
2761577050,Meia Praia,Meia Praia,2500000.0,162,15432.098765432098,apartamento,4,0,0
2769537127,Andorinha,Andorinha,2500000.0,130,19230.76923076923,apartamento,3,0,0
2577005008,Meia Praia,Meia Praia,2500000.0,170,14705.882352941177,apartamento,4,0,0
2702955876,Morretes,Morretes,2500000.0,250,10000.0,casa,2,0,0
2747203498,Meia Praia,Meia Praia,2500000.0,152,16447.36842105263,apartamento,3,0,0
2769195152,Meia Praia,Meia Praia,2500000.0,123,20325.20325203252,apartamento,3,0,0
2747717309,Meia Praia,Meia Praia,2500000.0,128,19531.25,apartamento,3,0,0
2743411085,Meia Praia,Meia Praia,2500000.0,134,18656.716417910447,apartamento,3,0,0
2768626330,Meia Praia,Meia Praia,2500000.0,124,20161.290322580644,apartamento,3,0,0
2764632633,Andorinha,Andorinha,2500000.0,185,13513.513513513513,apartamento,4,0,0
2701981916,Morretes,Morretes,2500000.0,250,10000.0,casa,2,0,0
2739037617,Meia Praia,Meia Praia,2500000.0,161,15527.950310559007,apartamento,4,0,0
2685493538,Centro,Centro,2500000.0,128,19531.25,apartamento,3,0,0
2765062994,Meia Praia,Meia Praia,2500000.0,178,14044.943820224718,apartamento,3,0,0
2692636061,Centro,Centro,2500000.0,220,11363.636363636364,apartamento,4,0,0
2744015182,Castelo Branco,Castelo Branco,2500000.0,203,12315.27093596059,apartamento,4,0,0
2740173914,MEIA PRAIA,Meia Praia,2500000.0,132,18939.39393939394,apartamento,3,0,0
2646970995,Centro,Centro,2500000.0,135,18518.51851851852,apartamento,3,0,0
2586865310,Meia Praia,Meia Praia,2500000.0,132,18939.39393939394,apartamento,3,0,0
2764631860,Centro,Centro,2500000.0,135,18518.51851851852,apartamento,3,0,0
2513960576,Meia Praia,Meia Praia,2500000.0,120,20833.333333333332,apartamento,3,0,0
2697672998,Canto da Praia,Canto da Praia,2500000.0,161,15527.950310559007,apartamento,4,0,0
2744005548,Centro,Centro,2500000.0,135,18518.51851851852,apartamento,3,0,0
2761878252,Centro,Centro,2500000.0,140,17857.14285714286,apartamento,4,0,0
2650750356,Meia Praia,Meia Praia,2500000.0,264,9469.69696969697,apartamento,3,0,0
2722881744,Meia Praia,Meia Praia,2500000.0,137,18248.17518248175,apartamento,3,0,0
2738894942,Meia Praia,Meia Praia,2500000.0,140,17857.14285714286,apartamento,3,0,0
2646971761,Castelo Branco,Castelo Branco,2500000.0,173,14450.86705202312,apartamento,3,0,0
2716329297,Meia Praia,Meia Praia,2500000.0,163,15337.423312883435,apartamento,3,0,0
2733789523,Meia Praia,Meia Praia,2500000.0,150,16666.666666666668,apartamento,3,0,0
2740243020,Centro,Centro,2500000.0,127,19685.03937007874,apartamento,3,0,0
2656871976,Meia Praia,Meia Praia,2500000.0,162,15432.098765432098,apartamento,4,0,0
2661364356,Meia Praia,Meia Praia,2500000.0,217,11520.737327188941,apartamento,4,0,0
2714719142,Meia Praia,Meia Praia,2500000.0,145,17241.379310344826,apartamento,4,0,0
2754860597,Centro,Centro,2500000.0,160,15625.0,apartamento,4,0,0
2559233855,Meia Praia,Meia Praia,2500000.0,198,12626.262626262625,apartamento,4,0,0
2662731362,Meia Praia,Meia Praia,2500000.0,130,19230.76923076923,apartamento,3,0,0
2752629310,Andorinha,Andorinha,2500000.0,131,19083.969465648854,apartamento,3,0,0
2738890449,Meia Praia,Meia Praia,2500000.0,193,12953.36787564767,apartamento,4,0,0
2669233403,Meia Praia,Meia Praia,2500000.0,162,15432.098765432098,apartamento,4,0,0
2646971553,Meia Praia,Meia Praia,2500000.0,193,12953.36787564767,apartamento,4,0,0
2764952049,Centro,Centro,2500000.0,127,19685.03937007874,apartamento,3,0,0
2609063279,Meia Praia,Meia Praia,2500000.0,165,15151.515151515152,apartamento,3,0,0
2729769213,Meia Praia,Meia Praia,2500000.0,175,14285.714285714286,apartamento,4,0,0
2764220616,Centro,Centro,2500000.0,140,17857.14285714286,apartamento,3,0,0
2744015856,Meia Praia,Meia Praia,2500000.0,150,16666.666666666668,apartamento,3,0,0
2745913629,Meia Praia,Meia Praia,2500000.0,178,14044.943820224718,apartamento,4,0,0
2755178197,Andorinha,Andorinha,2500000.0,140,17857.14285714286,apartamento,3,0,0
2744790834,Meia Praia,Meia Praia,2500000.0,185,13513.513513513513,apartamento,4,0,0
2739737151,Andorinha,Andorinha,2500000.0,176,14204.545454545454,apartamento,4,0,0
2764182530,Andorinha,Andorinha,2500000.0,132,18939.39393939394,apartamento,3,0,0
2609059307,Meia Praia,Meia Praia,2500000.0,192,13020.833333333334,apartamento,4,0,0
2766855920,Meia Praia,Meia Praia,2500000.0,165,15151.515151515152,apartamento,4,0,0
2562460782,Meia Praia,Meia Praia,2500000.0,163,15337.423312883435,apartamento,4,0,0
2765062083,Meia Praia,Meia Praia,2500000.0,130,19230.76923076923,apartamento,3,0,0
2764635229,Meia Praia,Meia Praia,2500000.0,176,14204.545454545454,apartamento,4,0,0
2656223756,Meia Praia,Meia Praia,2500000.0,131,19083.969465648854,apartamento,3,0,0
2758556132,Meia Praia,Meia Praia,2500000.0,132,18939.39393939394,apartamento,3,0,0
2744015662,Meia Praia,Meia Praia,2500000.0,190,13157.894736842105,apartamento,4,0,0
2558704103,,,2500000.0,404,6188.118811881188,apartamento,4,0,0
2722637235,Andorinha,Andorinha,2500000.0,100,25000.0,casa,1,0,0
2769538113,Meia Praia,Meia Praia,2500000.0,188,13297.872340425532,apartamento,4,0,0
2758129947,Meia Praia,Meia Praia,2500000.0,130,19230.76923076923,apartamento,3,0,0
2760934613,Castelo Branco,Castelo Branco,2500000.0,171,14619.883040935672,apartamento,3,0,0
2753500206,Andorinha,Andorinha,2499880.0,200,12499.4,apartamento,4,0,0
2769187027,Meia Praia,Meia Praia,2499860.0,229,10916.419213973799,apartamento,3,0,0
2766852614,Meia Praia,Meia Praia,2499800.0,314,7961.146496815287,apartamento,4,0,0
2766855115,Meia Praia,Meia Praia,2499800.0,250,9999.2,apartamento,4,0,0
2756954251,Andorinha,Andorinha,2499290.0,188,13294.095744680852,apartamento,4,0,0
2769757578,Meia Praia,Meia Praia,2499270.0,130,19225.153846153848,apartamento,3,0,0
2769852884,Castelo Branco,Castelo Branco,2499210.0,122,20485.32786885246,apartamento,3,0,0
2626357659,Meia Praia,Meia Praia,2499000.0,100,24990.0,apartamento,3,0,0
2764999126,Meia Praia,Meia Praia,2499000.0,153,16333.333333333334,apartamento,4,0,0
2744014587,Meia Praia,Meia Praia,2499000.0,123,20317.073170731706,apartamento,3,0,0
2769849240,Andorinha,Andorinha,2498890.0,200,12494.45,apartamento,4,0,0
2565381256,Centro,Centro,2498800.0,163,15330.061349693251,casa,4,0,0
2753610010,Centro,Centro,2498800.0,163,15330.061349693251,apartamento,4,0,0
2670818242,Centro,Centro,2498800.0,164,15236.585365853658,apartamento,4,0,0
2763098854,Centro,Centro,2498800.0,180,13882.222222222223,apartamento,4,0,0
2754458929,Centro,Centro,2498800.0,172,14527.906976744185,apartamento,4,0,0
2770029996,Andorinha,Andorinha,2498770.0,162,15424.506172839507,apartamento,4,0,0
2769181168,Andorinha,Andorinha,2498170.0,176,14194.147727272728,apartamento,4,0,0
2766855316,Castelo Branco,Castelo Branco,2497800.0,174,14355.172413793103,apartamento,4,0,0
2764860137,Andorinha,Andorinha,2495647.0,160,15597.79375,apartamento,3,0,0
2761654925,Meia Praia,Meia Praia,2495000.0,226,11039.823008849558,apartamento,3,0,0
2767581602,Meia Praia,Meia Praia,2495000.0,146,17089.04109589041,apartamento,4,0,0
2764632140,Meia Praia,Meia Praia,2495000.0,164,15213.414634146342,apartamento,4,0,0
2695707482,Castelo Branco,Castelo Branco,2492795.0,163,15293.220858895706,apartamento,5,0,0
2731324113,Meia Praia,Meia Praia,2492000.0,156,15974.358974358975,apartamento,4,0,0
2658046830,Meia Praia,Meia Praia,2491446.0,160,15571.5375,apartamento,3,0,0
2684669301,Castelo Branco,Castelo Branco,2491000.0,150,16606.666666666668,apartamento,3,0,0
2720007274,Meia Praia,Meia Praia,2490000.0,151,16490.066225165563,apartamento,3,0,0
2766850722,Meia Praia,Meia Praia,2490000.0,137,18175.182481751825,apartamento,3,0,0
2551108924,Meia Praia,Meia Praia,2490000.0,140,17785.714285714286,apartamento,3,0,0
2753631294,Meia Praia,Meia Praia,2490000.0,10,249000.0,apartamento,3,0,1
2754745092,Andorinha,Andorinha,2490000.0,186,13387.09677419355,apartamento,4,0,0
2764633719,Meia Praia,Meia Praia,2490000.0,239,10418.410041841003,apartamento,3,0,0
2764630939,Meia Praia,Meia Praia,2490000.0,188,13244.68085106383,apartamento,4,0,0
2763256257,Meia Praia,Meia Praia,2490000.0,137,18175.182481751825,apartamento,3,0,0
2739055930,Centro,Centro,2490000.0,162,15370.37037037037,apartamento,3,0,0
2636328485,Meia Praia,Meia Praia,2490000.0,137,18175.182481751825,apartamento,3,0,0
2743411675,Meia Praia,Meia Praia,2490000.0,140,17785.714285714286,apartamento,3,0,0
2766852333,Meia Praia,Meia Praia,2489800.0,127,19604.72440944882,apartamento,3,0,0
2726961948,Meia Praia,Meia Praia,2480000.0,190,13052.631578947368,apartamento,4,0,0
2646971265,Meia Praia,Meia Praia,2480000.0,153,16209.150326797386,apartamento,3,0,0
2767874387,Centro,Centro,2480000.0,153,16209.150326797386,apartamento,3,0,0
2721917785,Castelo Branco,Castelo Branco,2479500.0,162,15305.555555555555,apartamento,3,0,0
2764724639,Meia Praia,Meia Praia,2479175.0,129,19218.41085271318,apartamento,3,0,0
2764380142,Meia Praia,Meia Praia,2479175.0,129,19218.41085271318,apartamento,3,0,0
2764632189,Meia Praia,Meia Praia,2478000.0,236,10500.0,apartamento,4,0,0
2765062365,Meia Praia,Meia Praia,2478000.0,236,10500.0,apartamento,4,0,0
2681256206,Meia Praia,Meia Praia,2473770.0,151,16382.582781456953,apartamento,3,0,0
2754744967,Castelo Branco,Castelo Branco,2473770.0,150,16491.8,apartamento,3,0,0
2511795393,Centro,Centro,2470000.0,133,18571.428571428572,apartamento,4,0,0
2764631577,Centro,Centro,2469420.0,1338,1845.6053811659192,apartamento,4,0,0
2759766031,Centro,Centro,2465000.0,173,14248.554913294798,apartamento,4,0,0
2723208912,Meia Praia,Meia Praia,2464079.0,140,17600.564285714285,apartamento,3,0,0
2585244612,Meia Praia,Meia Praia,2463404.0,164,15020.756097560976,apartamento,4,0,0
2743411592,Andorinha,Andorinha,2457139.0,169,14539.284023668639,apartamento,4,0,0
2769853064,Meia Praia,Meia Praia,2451230.0,199,12317.738693467336,apartamento,4,0,0
2737232039,Castelo Branco,Castelo Branco,2450000.0,161,15217.391304347826,apartamento,4,0,0
2741719846,Centro,Centro,2450000.0,140,17500.0,apartamento,3,0,0
2751941900,Meia Praia,Meia Praia,2450000.0,10,245000.0,apartamento,4,0,1
2679018222,Meia Praia,Meia Praia,2450000.0,153,16013.071895424837,apartamento,4,0,0
2764631270,Meia Praia,Meia Praia,2450000.0,137,17883.21167883212,apartamento,3,0,0
2763090818,Meia Praia,Meia Praia,2450000.0,94,26063.82978723404,apartamento,3,0,0
2655800856,Meia Praia,Meia Praia,2450000.0,127,19291.338582677166,apartamento,3,0,0
2729591151,Meia Praia,Meia Praia,2450000.0,137,17883.21167883212,apartamento,3,0,0
2539970490,Meia Praia,Meia Praia,2450000.0,290,8448.275862068966,apartamento,4,0,0
2712551720,Meia Praia,Meia Praia,2450000.0,153,16013.071895424837,apartamento,4,0,0
2765548423,Andorinha,Andorinha,2450000.0,400,6125.0,apartamento,4,0,0
2754166563,Meia Praia,Meia Praia,2450000.0,138,17753.623188405796,apartamento,3,0,0
2764631235,Centro,Centro,2450000.0,138,17753.623188405796,apartamento,3,0,0
2738848822,Meia Praia,Meia Praia,2450000.0,153,16013.071895424837,apartamento,4,0,0
2764632841,Meia Praia,Meia Praia,2450000.0,176,13920.454545454546,apartamento,4,0,0
2761879715,Andorinha,Andorinha,2450000.0,137,17883.21167883212,apartamento,3,0,0
2730744015,Meia Praia,Meia Praia,2450000.0,137,17883.21167883212,apartamento,3,0,0
2699373582,Meia Praia,Meia Praia,2450000.0,153,16013.071895424837,apartamento,4,0,0
2717860141,Meia Praia,Meia Praia,2450000.0,191,12827.225130890052,apartamento,4,0,0
2769848201,Meia Praia,Meia Praia,2449800.0,127,19289.76377952756,apartamento,3,0,0
2758775817,Andorinha,Andorinha,2449620.0,124,19755.0,apartamento,3,0,0
2770253862,Meia Praia,Meia Praia,2449110.0,137,17876.715328467155,apartamento,3,0,0
2617335315,Centro,Centro,2448800.0,164,14931.707317073171,apartamento,4,0,0
2754181606,Meia Praia,Meia Praia,2448800.0,174,14073.563218390804,apartamento,4,0,0
2770192990,Centro,Centro,2446000.0,133,18390.977443609023,apartamento,4,0,0
2767581372,Morretes,Morretes,2445415.0,132,18525.871212121212,apartamento,3,0,0
2538667390,Meia Praia,Meia Praia,2441308.0,206,11851.009708737864,apartamento,4,0,0
2766854618,Meia Praia,Meia Praia,2439800.0,157,15540.127388535031,apartamento,3,0,0
2767581644,Meia Praia,Meia Praia,2438000.0,158,15430.379746835442,apartamento,3,0,0
2630707099,Meia Praia,Meia Praia,2434000.0,119,20453.78151260504,apartamento,3,0,0
2669387177,Canto da Praia,Canto da Praia,2434000.0,119,20453.78151260504,apartamento,3,0,0
2751833642,Centro,Centro,2425000.0,146,16609.58904109589,apartamento,4,0,0
2767581901,Andorinha,Andorinha,2420000.0,163,14846.625766871166,apartamento,4,0,0
2752049394,Andorinha,Andorinha,2420000.0,163,14846.625766871166,apartamento,4,0,0
2640258410,Andorinha,Andorinha,2420000.0,163,14846.625766871166,apartamento,4,0,0
2764632145,Castelo Branco,Castelo Branco,2420000.0,123,19674.79674796748,apartamento,3,0,0
2770200226,Andorinha,Andorinha,2420000.0,162,14938.271604938273,apartamento,4,0,0
2560056547,Meia Praia,Meia Praia,2420000.0,193,12538.860103626943,apartamento,4,0,0
2699373577,Andorinha,Andorinha,2420000.0,163,14846.625766871166,apartamento,4,0,0
2740008517,Andorinha,Andorinha,2420000.0,163,14846.625766871166,apartamento,4,0,0
2672319140,Andorinha,Andorinha,2420000.0,163,14846.625766871166,apartamento,4,0,0
2763105244,Meia Praia,Meia Praia,2420000.0,163,14846.625766871166,apartamento,4,0,0
2642817384,Meia Praia,Meia Praia,2420000.0,163,14846.625766871166,apartamento,4,0,0
2754170595,Meia Praia,Meia Praia,2420000.0,164,14756.09756097561,apartamento,4,0,0
2721911025,Meia Praia,Meia Praia,2420000.0,163,14846.625766871166,apartamento,4,0,0
2769754419,Meia Praia,Meia Praia,2419200.0,208,11630.76923076923,apartamento,4,0,0
2761579324,Andorinha,Andorinha,2413950.0,140,17242.5,apartamento,4,0,0
2716732135,Meia Praia,Meia Praia,2413950.0,140,17242.5,apartamento,4,0,0
2767583793,Andorinha,Andorinha,2411646.0,169,14270.094674556212,apartamento,4,0,0
2769851070,Meia Praia,Meia Praia,2409710.0,199,12109.095477386934,apartamento,4,0,0
2769177074,Andorinha,Andorinha,2409440.0,112,21512.85714285714,apartamento,3,0,0
2534691466,Andorinha,Andorinha,2407390.0,169,14244.91124260355,apartamento,4,0,0
2596352554,Meia Praia,Meia Praia,2400000.0,156,15384.615384615385,apartamento,4,0,0
2762231735,Meia Praia,Meia Praia,2400000.0,135,17777.777777777777,apartamento,3,0,0
2761879717,Castelo Branco,Castelo Branco,2400000.0,180,13333.333333333334,apartamento,4,0,0
2769538114,Meia Praia,Meia Praia,2400000.0,137,17518.24817518248,apartamento,3,0,0
2661673531,Meia Praia,Meia Praia,2400000.0,180,13333.333333333334,apartamento,4,0,0
2734021784,Meia Praia,Meia Praia,2400000.0,114,21052.63157894737,apartamento,3,0,0
2539733287,Meia Praia,Meia Praia,2400000.0,135,17777.777777777777,apartamento,3,0,0
2762841850,Andorinha,Andorinha,2400000.0,140,17142.85714285714,apartamento,3,0,0
2741829662,Castelo Branco,Castelo Branco,2400000.0,128,18750.0,apartamento,3,0,0
2727188040,Meia Praia,Meia Praia,2400000.0,116,20689.655172413793,apartamento,3,0,0
2762859815,Meia Praia,Meia Praia,2400000.0,127,18897.63779527559,apartamento,3,0,0
2746689705,Centro,Centro,2400000.0,118,20338.98305084746,apartamento,3,0,0
2683040995,Castelo Branco,Castelo Branco,2400000.0,137,17518.24817518248,apartamento,4,0,0
2695400175,Casa Branca,Casa Branca,2400000.0,188000,12.76595744680851,terreno,0,0,0
2712160887,Meia Praia,Meia Praia,2400000.0,127,18897.63779527559,apartamento,3,0,0
2723210393,Meia Praia,Meia Praia,2400000.0,135,17777.777777777777,apartamento,3,0,0
2764631081,Meia Praia,Meia Praia,2400000.0,1756,1366.742596810934,apartamento,4,0,0
2770126540,Centro,Centro,2400000.0,149,16107.382550335571,apartamento,3,0,0
2751827822,Castelo Branco,Castelo Branco,2400000.0,171,14035.087719298246,apartamento,3,0,0
2533104337,Meia Praia,Meia Praia,2400000.0,163,14723.926380368099,apartamento,3,0,0
2735382016,Meia Praia,Meia Praia,2400000.0,128,18750.0,apartamento,3,0,0
2728696337,Andorinha,Andorinha,2400000.0,118,20338.98305084746,apartamento,3,0,0
2738892530,Meia Praia,Meia Praia,2400000.0,167,14371.25748502994,apartamento,3,0,0
2700889296,Meia Praia,Meia Praia,2400000.0,172,13953.488372093023,apartamento,4,0,0
2744695371,Meia Praia,Meia Praia,2400000.0,140,17142.85714285714,apartamento,4,0,0
2569458194,Meia Praia,Meia Praia,2400000.0,130,18461.53846153846,apartamento,4,0,0
2716785834,Andorinha,Andorinha,2400000.0,140,17142.85714285714,apartamento,3,0,0
2769538115,Meia Praia,Meia Praia,2400000.0,260,9230.76923076923,apartamento,3,0,0
2749466195,Meia Praia,Meia Praia,2400000.0,140,17142.85714285714,apartamento,3,0,0
2676665114,Casa Branca,Casa Branca,2400000.0,1875,1280.0,terreno,0,0,0
2743655068,Castelo Branco,Castelo Branco,2400000.0,284,8450.704225352112,apartamento,4,0,0
2595523363,Meia Praia,Meia Praia,2400000.0,136,17647.058823529413,apartamento,3,0,0
2769835499,Meia Praia,Meia Praia,2399830.0,128,18748.671875,apartamento,3,0,0
2769469975,Andorinha,Andorinha,2399780.0,162,14813.456790123457,apartamento,4,0,0
2702437375,Andorinha,Andorinha,2399320.0,115,20863.652173913044,apartamento,3,0,0
2755296632,Centro,Centro,2399300.0,206,11647.087378640777,apartamento,4,0,0
2769757263,Meia Praia,Meia Praia,2399240.0,127,18891.653543307086,apartamento,3,0,0
2717554442,Andorinha,Andorinha,2399000.0,160,14993.75,apartamento,3,0,0
2760096338,Meia Praia,Meia Praia,2399000.0,129,18596.899224806202,apartamento,3,0,0
2747202039,Meia Praia,Meia Praia,2399000.0,146,16431.50684931507,apartamento,3,0,0
2770200232,Meia Praia,Meia Praia,2399000.0,128,18742.1875,apartamento,3,0,0
2760220034,Meia Praia,Meia Praia,2399000.0,129,18596.899224806202,apartamento,3,0,0
2761879919,Meia Praia,Meia Praia,2399000.0,146,16431.50684931507,apartamento,3,0,0
2743646784,Meia Praia,Meia Praia,2399000.0,212,11316.037735849057,apartamento,4,0,0
2688577254,Meia Praia,Meia Praia,2399000.0,130,18453.846153846152,apartamento,3,0,0
2760158220,Meia Praia,Meia Praia,2399000.0,129,18596.899224806202,apartamento,3,0,0
2765020527,Centro,Centro,2398800.0,180,13326.666666666666,apartamento,4,0,0
2763098853,Centro,Centro,2398800.0,180,13326.666666666666,apartamento,4,0,0
2754746521,Castelo Branco,Castelo Branco,2398764.0,160,14992.275,apartamento,4,0,0
2725685040,Meia Praia,Meia Praia,2398000.0,135,17762.962962962964,apartamento,4,0,0
2735053815,Meia Praia,Meia Praia,2398000.0,135,17762.962962962964,apartamento,4,0,0
2746697419,Meia Praia,Meia Praia,2398000.0,135,17762.962962962964,apartamento,4,0,0
2766854318,Meia Praia,Meia Praia,2398000.0,138,17376.8115942029,apartamento,3,0,0
2766850720,Meia Praia,Meia Praia,2398000.0,135,17762.962962962964,apartamento,3,0,0
2766852531,Meia Praia,Meia Praia,2397800.0,220,10899.09090909091,apartamento,4,0,0
2760819321,Centro,Centro,2397080.0,85,28200.941176470587,comercial,1,0,0
2764632556,Andorinha,Andorinha,2396000.0,1517,1579.4330916282136,apartamento,3,0,0
2763102724,Meia Praia,Meia Praia,2396000.0,151,15867.549668874171,apartamento,3,0,0
2728040745,Andorinha,Andorinha,2396000.0,152,15763.157894736842,apartamento,3,0,0
2560059612,Centro,Centro,2395800.0,121,19800.0,apartamento,3,0,0
2754746753,Meia Praia,Meia Praia,2395000.0,113,21194.690265486726,apartamento,3,0,0
2767583562,Meia Praia,Meia Praia,2395000.0,185,12945.945945945947,apartamento,4,0,0
2748822113,Centro,Centro,2395000.0,141,16985.81560283688,apartamento,3,0,0
2717290543,Centro,Centro,2395000.0,141,16985.81560283688,apartamento,3,0,0
2751570243,Centro,Centro,2395000.0,141,16985.81560283688,apartamento,3,0,0
2767583332,Andorinha,Andorinha,2394745.0,120,19956.208333333332,apartamento,3,0,0
2766852516,Andorinha,Andorinha,2390000.0,100,23900.0,apartamento,3,0,0
2750473071,Meia Praia,Meia Praia,2390000.0,113,21150.442477876106,apartamento,3,0,0
2749505165,Meia Praia,Meia Praia,2390000.0,113,21150.442477876106,apartamento,3,0,0
2723211653,Meia Praia,Meia Praia,2390000.0,170,14058.823529411764,apartamento,3,0,0
2613024541,Meia Praia,Meia Praia,2390000.0,174,13735.632183908046,apartamento,3,0,0
2754458927,Centro,Centro,2390000.0,172,13895.348837209302,apartamento,4,0,0
2560060266,Meia Praia,Meia Praia,2390000.0,137,17445.255474452555,apartamento,3,0,0
2769477121,Andorinha,Andorinha,2389710.0,110,21724.636363636364,apartamento,3,0,0
2770031072,Centro,Centro,2389280.0,130,18379.076923076922,apartamento,3,0,0
2563843054,Centro,Centro,2387000.0,132,18083.333333333332,casa,3,0,0
2453448640,Meia Praia,Meia Praia,2387000.0,160,14918.75,apartamento,4,0,0
2687442048,Meia Praia,Meia Praia,2386744.0,160,14917.15,apartamento,4,0,0
2730384368,Meia Praia,Meia Praia,2383750.0,129,18478.682170542637,apartamento,3,0,0
2690960821,Centro,Centro,2381600.0,104,22900.0,apartamento,3,0,0
2638550163,Meia Praia,Meia Praia,2380000.0,133,17894.736842105263,apartamento,3,0,0
2769758208,Andorinha,Andorinha,2379660.0,133,17892.18045112782,apartamento,3,0,0
2682574991,Castelo Branco,Castelo Branco,2378550.0,202,11775.0,apartamento,4,0,0
2560060257,Centro,Centro,2373317.0,132,17979.674242424244,apartamento,3,0,0
2521640909,Meia Praia,Meia Praia,2368607.0,142,16680.330985915494,apartamento,3,0,0
2769845948,Meia Praia,Meia Praia,2364660.0,193,12252.124352331606,apartamento,4,0,0
2766852122,Centro,Centro,2359800.0,110,21452.727272727272,apartamento,3,0,0
2723210411,Meia Praia,Meia Praia,2355000.0,100,23550.0,apartamento,3,0,0
2669611926,Andorinha,Andorinha,2353646.0,151,15587.059602649008,apartamento,3,0,0
2754745454,Morretes,Morretes,2352735.0,143,16452.69230769231,apartamento,3,0,0
2672319142,Meia Praia,Meia Praia,2350000.0,135,17407.40740740741,apartamento,4,0,0
2764631823,Andorinha,Andorinha,2350000.0,114,20614.035087719298,apartamento,3,0,0
2734034685,Centro,Centro,2350000.0,149,15771.812080536913,apartamento,3,0,0
2744183463,Castelo Branco,Castelo Branco,2350000.0,132,17803.030303030304,apartamento,3,0,0
2749228280,Meia Praia,Meia Praia,2350000.0,132,17803.030303030304,apartamento,3,0,0
2763413013,Meia Praia,Meia Praia,2350000.0,120,19583.333333333332,comercial,0,0,0
2769556251,Meia Praia,Meia Praia,2350000.0,135,17407.40740740741,apartamento,4,0,0
2748550207,Centro,Centro,2350000.0,128,18359.375,apartamento,3,0,0
2764633033,Meia Praia,Meia Praia,2350000.0,110,21363.636363636364,apartamento,3,0,0
2747203311,Meia Praia,Meia Praia,2350000.0,135,17407.40740740741,apartamento,4,0,0
2761579220,Castelo Branco,Castelo Branco,2350000.0,132,17803.030303030304,apartamento,3,0,0
2630290451,Meia Praia,Meia Praia,2350000.0,132,17803.030303030304,apartamento,1,0,0
2735765330,Andorinha,Andorinha,2350000.0,182,12912.087912087913,apartamento,4,0,0
2699373479,Meia Praia,Meia Praia,2350000.0,135,17407.40740740741,apartamento,4,0,0
2753167330,Castelo Branco,Castelo Branco,2350000.0,132,17803.030303030304,apartamento,3,0,0
2635159503,Andorinha,Andorinha,2350000.0,163,14417.177914110429,apartamento,4,0,0
2568077727,Meia Praia,Meia Praia,2350000.0,124,18951.612903225807,apartamento,3,0,0
2642395140,Meia Praia,Meia Praia,2350000.0,135,17407.40740740741,apartamento,4,0,0
2761578423,Meia Praia,Meia Praia,2350000.0,135,17407.40740740741,apartamento,4,0,0
2769213754,Canto da Praia,Canto da Praia,2350000.0,120,19583.333333333332,apartamento,3,0,0
2721911026,Meia Praia,Meia Praia,2350000.0,135,17407.40740740741,apartamento,4,0,0
2766851833,Andorinha,Andorinha,2350000.0,162,14506.172839506173,apartamento,4,0,0
2752042205,Meia Praia,Meia Praia,2350000.0,135,17407.40740740741,apartamento,4,0,0
2743262901,Meia Praia,Meia Praia,2350000.0,181,12983.425414364641,apartamento,4,0,0
2754170499,Meia Praia,Meia Praia,2350000.0,136,17279.41176470588,apartamento,4,0,0
2618436015,meia praia,Meia Praia,2350000.0,128,18359.375,apartamento,3,0,0
2720076525,Meia Praia,Meia Praia,2350000.0,135,17407.40740740741,apartamento,4,0,0
2767582649,Meia Praia,Meia Praia,2350000.0,135,17407.40740740741,apartamento,4,0,0
2733425978,Meia Praia,Meia Praia,2350000.0,179,13128.491620111732,apartamento,3,0,0
2764632562,Meia Praia,Meia Praia,2350000.0,135,17407.40740740741,apartamento,4,0,0
2712026197,Meia Praia,Meia Praia,2350000.0,382,6151.832460732984,apartamento,4,0,0
2732498136,Meia Praia,Meia Praia,2350000.0,151,15562.913907284768,apartamento,3,0,0
2767350916,Andorinha,Andorinha,2350000.0,160,14687.5,apartamento,3,0,0
2617955017,Centro,Centro,2350000.0,123,19105.691056910568,apartamento,3,0,0
2762724516,Centro,Centro,2350000.0,135,17407.40740740741,apartamento,3,0,0
2766131039,Canto da Praia,Canto da Praia,2349900.0,233,10085.40772532189,apartamento,3,0,0
2764861513,Canto da Praia,Canto da Praia,2349900.0,233,10085.40772532189,apartamento,3,0,0
2768634515,Canto da Praia,Canto da Praia,2349900.0,233,10085.40772532189,apartamento,3,0,0
2725865569,Canto da Praia,Canto da Praia,2349900.0,233,10085.40772532189,apartamento,3,0,0
2720507956,Canto da Praia,Canto da Praia,2349900.0,233,10085.40772532189,apartamento,3,0,0
2719782453,Canto da Praia,Canto da Praia,2349900.0,233,10085.40772532189,apartamento,3,0,0
2747201935,Canto da Praia,Canto da Praia,2349900.0,233,10085.40772532189,apartamento,3,0,0
2761579713,Canto da Praia,Canto da Praia,2349900.0,233,10085.40772532189,apartamento,3,0,0
2769850111,Andorinha,Andorinha,2349560.0,134,17534.02985074627,apartamento,4,0,0
2769471953,Meia Praia,Meia Praia,2349510.0,135,17403.777777777777,apartamento,4,0,0
2769474226,Canto da Praia,Canto da Praia,2349450.0,233,10083.476394849786,apartamento,3,0,0
2770030025,Andorinha,Andorinha,2349440.0,123,19101.138211382113,apartamento,3,0,0
2769759729,Andorinha,Andorinha,2349310.0,163,14412.944785276073,apartamento,4,0,0
2626576217,Meia Praia,Meia Praia,2349000.0,142,16542.25352112676,apartamento,3,0,0
2761579222,Meia Praia,Meia Praia,2349000.0,128,18351.5625,apartamento,3,0,0
2766852219,Meia Praia,Meia Praia,2348800.0,164,14321.951219512195,apartamento,4,0,0
2769188728,Casa Branca,Casa Branca,2348670.0,450,5219.266666666666,casa,6,0,0
2665240508,Andorinha,Andorinha,2346595.0,132,17777.234848484848,apartamento,3,0,0
2764631741,Andorinha,Andorinha,2346595.0,172,13642.994186046511,apartamento,4,0,0
2757198546,Meia Praia,Meia Praia,2342168.0,150,15614.453333333333,apartamento,3,0,0
2543277815,Meia Praia,Meia Praia,2340000.0,143,16363.636363636364,apartamento,3,0,0
2770027375,Andorinha,Andorinha,2334620.0,120,19455.166666666668,apartamento,3,0,0
2767582389,Meia Praia,Meia Praia,2334331.0,144,16210.631944444445,apartamento,3,0,0
2692125163,Andorinha,Andorinha,2331290.0,118,19756.694915254237,apartamento,3,0,0
2761579522,Andorinha,Andorinha,2331290.0,118,19756.694915254237,apartamento,3,0,0
2666979699,Andorinha,Andorinha,2331290.0,118,19756.694915254237,apartamento,3,0,0
2683613319,Meia Praia,Meia Praia,2330872.0,172,13551.581395348838,apartamento,4,0,0
2764633847,Meia Praia,Meia Praia,2330000.0,120,19416.666666666668,apartamento,3,0,0
2754739204,Andorinha,Andorinha,2330000.0,121,19256.198347107438,apartamento,3,0,0
2753061091,Meia Praia,Meia Praia,2330000.0,120,19416.666666666668,apartamento,3,0,0
2752688541,Andorinha,Andorinha,2330000.0,120,19416.666666666668,apartamento,3,0,0
2711800998,Castelo Branco,Castelo Branco,2330000.0,129,18062.01550387597,apartamento,3,0,0
2769473434,Andorinha,Andorinha,2329110.0,145,16062.827586206897,apartamento,4,0,0
2511795591,Meia Praia,Meia Praia,2326581.0,150,15510.54,apartamento,3,0,0
2721668977,Meia Praia,Meia Praia,2324350.0,160,14527.1875,apartamento,4,0,0
2592158701,Centro,Centro,2318000.0,175,13245.714285714286,apartamento,4,0,0
2764941337,Centro,Centro,2317950.0,138,16796.739130434784,apartamento,4,0,0
2747993507,Centro,Centro,2317950.0,138,16796.739130434784,apartamento,4,0,0
2542340686,Centro,Centro,2317950.0,138,16796.739130434784,apartamento,4,0,0
2764953001,Centro,Centro,2317950.0,138,16796.739130434784,apartamento,4,0,0
2767581346,Andorinha,Andorinha,2317793.0,120,19314.941666666666,apartamento,3,0,0
2723210030,Centro,Centro,2315000.0,150,15433.333333333334,apartamento,3,0,0
2514155936,Centro,Centro,2314000.0,121,19123.96694214876,apartamento,3,0,0
2767583740,Meia Praia,Meia Praia,2311893.0,249,9284.710843373494,apartamento,3,0,0
2767581638,Meia Praia,Meia Praia,2311893.0,248,9322.149193548386,apartamento,3,0,0
2611524815,Andorinha,Andorinha,2311845.0,118,19591.906779661018,apartamento,3,0,0
2723233257,Andorinha,Andorinha,2311845.0,118,19591.906779661018,apartamento,3,0,0
2755928615,Andorinha,Andorinha,2311845.0,118,19591.906779661018,apartamento,3,0,0
2609062486,Andorinha,Andorinha,2311845.0,118,19591.906779661018,apartamento,3,0,0
2616732704,Centro,Centro,2310000.0,123,18780.48780487805,apartamento,3,0,0
2562694069,Meia Praia,Meia Praia,2310000.0,120,19250.0,apartamento,3,0,0
2650230057,Meia Praia,Meia Praia,2310000.0,120,19250.0,apartamento,3,0,0
2766851717,Meia Praia,Meia Praia,2303800.0,183,12589.071038251366,apartamento,4,0,0
2458728911,Andorinha,Andorinha,2300000.0,178,12921.348314606741,apartamento,4,0,0
2744007683,Castelo Branco,Castelo Branco,2300000.0,154,14935.064935064935,apartamento,3,0,0
2764633138,Meia Praia,Meia Praia,2300000.0,150,15333.333333333334,apartamento,3,0,0
2747959105,Meia Praia,Meia Praia,2300000.0,130,17692.30769230769,apartamento,3,0,0
2755013343,Meia Praia,Meia Praia,2300000.0,142,16197.18309859155,apartamento,3,0,0
2733826525,Sertão do Trombudo,Sertão Do Trombudo,2300000.0,229,10043.668122270743,terreno,0,0,0
2609061132,Meia Praia,Meia Praia,2300000.0,164,14024.390243902439,apartamento,4,0,0
2704377061,Centro,Centro,2300000.0,136,16911.764705882353,apartamento,3,0,0
2538359435,Meia Praia,Meia Praia,2300000.0,135,17037.037037037036,apartamento,3,0,0
2635640073,Meia Praia,Meia Praia,2300000.0,132,17424.242424242424,apartamento,3,0,0
2764858086,Meia Praia,Meia Praia,2300000.0,146,15753.424657534246,apartamento,3,0,0
2694367481,Morretes,Morretes,2300000.0,250,9200.0,casa,3,0,0
2718895564,Meia Praia,Meia Praia,2300000.0,382,6020.942408376964,apartamento,4,0,0
2531257484,Meia Praia,Meia Praia,2300000.0,157,14649.68152866242,apartamento,4,0,0
2764951004,Centro,Centro,2300000.0,137,16788.321167883212,apartamento,3,0,0
2719900193,Meia Praia,Meia Praia,2300000.0,169,13609.467455621301,apartamento,4,0,0
2761666520,Casa Branca,Casa Branca,2300000.0,1137,2022.8671943711522,terreno,0,0,0
2691360766,Morretes,Morretes,2300000.0,250,9200.0,casa,3,0,0
2569299029,Meia Praia,Meia Praia,2300000.0,157,14649.68152866242,apartamento,4,0,0
2741555367,Meia Praia,Meia Praia,2300000.0,179,12849.162011173185,apartamento,4,0,0
2706476129,Meia Praia,Meia Praia,2300000.0,147,15646.258503401361,apartamento,3,0,0
2747718696,Meia Praia,Meia Praia,2300000.0,131,17557.251908396946,apartamento,3,0,0
2764631567,Meia Praia,Meia Praia,2300000.0,123,18699.18699186992,apartamento,3,0,0
2764633916,Meia Praia,Meia Praia,2300000.0,130,17692.30769230769,apartamento,3,0,0
2725593168,Meia Praia,Meia Praia,2300000.0,137,16788.321167883212,apartamento,3,0,0
2613688239,Andorinha,Andorinha,2300000.0,170,13529.411764705883,apartamento,4,0,0
2719412585,Andorinha,Andorinha,2300000.0,165,13939.39393939394,apartamento,3,0,0
2759607230,Centro,Centro,2300000.0,137,16788.321167883212,apartamento,3,0,0
2763649240,Meia Praia,Meia Praia,2300000.0,124,18548.387096774193,apartamento,3,0,0
2743647361,Andorinha,Andorinha,2300000.0,164,14024.390243902439,apartamento,4,0,0
2760453522,Meia Praia,Meia Praia,2300000.0,124,18548.387096774193,apartamento,3,0,0
2738894937,Meia Praia,Meia Praia,2300000.0,184,12500.0,apartamento,4,0,0
2687050915,Meia Praia,Meia Praia,2300000.0,168,13690.47619047619,apartamento,4,0,0
2750094548,Andorinha,Andorinha,2300000.0,120,19166.666666666668,apartamento,3,0,0
2764952595,Meia Praia,Meia Praia,2300000.0,260,8846.153846153846,apartamento,3,0,0
2650008653,Andorinha,Andorinha,2300000.0,182,12637.362637362638,apartamento,4,0,0
2769150414,Centro,Centro,2300000.0,165,13939.39393939394,apartamento,4,0,0
2764980015,Meia Praia,Meia Praia,2300000.0,137,16788.321167883212,apartamento,3,0,0
2720511652,Meia Praia,Meia Praia,2300000.0,150,15333.333333333334,apartamento,3,0,0
2747950982,Meia Praia,Meia Praia,2300000.0,132,17424.242424242424,apartamento,3,0,0
2533971570,Meia Praia,Meia Praia,2300000.0,132,17424.242424242424,apartamento,3,0,0
2766855028,Meia Praia,Meia Praia,2300000.0,132,17424.242424242424,apartamento,3,0,0
2768676622,Meia Praia,Meia Praia,2300000.0,142,16197.18309859155,apartamento,3,0,0
2695571478,Meia Praia,Meia Praia,2300000.0,123,18699.18699186992,apartamento,3,0,0
2722632584,Meia Praia,Meia Praia,2300000.0,118,19491.525423728814,apartamento,3,0,0
2759673329,Centro,Centro,2300000.0,137,16788.321167883212,apartamento,3,0,0
2766853615,Meia Praia,Meia Praia,2300000.0,185,12432.432432432432,apartamento,4,0,0
2691354088,Castelo Branco,Castelo Branco,2300000.0,125,18400.0,apartamento,3,0,0
2618437835,Meia Praia,Meia Praia,2300000.0,190,12105.263157894737,apartamento,4,0,0
2668001715,Castelo Branco,Castelo Branco,2300000.0,219,10502.28310502283,apartamento,4,0,0
2753041508,Meia Praia,Meia Praia,2300000.0,10,230000.0,apartamento,3,0,1
2747201659,Meia Praia,Meia Praia,2300000.0,142,16197.18309859155,apartamento,3,0,0
2591072357,Andorinha,Andorinha,2300000.0,383,6005.221932114882,apartamento,4,0,0
2700512819,Morretes,Morretes,2300000.0,250,9200.0,casa,3,0,0
2717036495,Meia Praia,Meia Praia,2300000.0,151,15231.788079470198,apartamento,3,0,0
2764632376,Meia Praia,Meia Praia,2300000.0,174,13218.3908045977,apartamento,4,0,0
2751127895,Meia Praia,Meia Praia,2300000.0,163,14110.42944785276,apartamento,3,0,0
2646971012,Castelo Branco,Castelo Branco,2300000.0,170,13529.411764705883,apartamento,3,0,0
2764632641,Meia Praia,Meia Praia,2300000.0,1424,1615.1685393258426,apartamento,3,0,0
2763091015,Meia Praia,Meia Praia,2300000.0,142,16197.18309859155,apartamento,3,0,0
2646970784,Meia Praia,Meia Praia,2300000.0,200,11500.0,apartamento,5,0,0
2547503951,Meia Praia,Meia Praia,2300000.0,175,13142.857142857143,apartamento,4,0,0
2672322885,Andorinha,Andorinha,2300000.0,164,14024.390243902439,apartamento,4,0,0
2759540529,Centro,Centro,2300000.0,137,16788.321167883212,apartamento,3,0,0
2609060689,Meia Praia,Meia Praia,2300000.0,131,17557.251908396946,apartamento,3,0,0
2533830701,Meia Praia,Meia Praia,2300000.0,148,15540.54054054054,apartamento,3,0,0
2749124902,Meia Praia,Meia Praia,2300000.0,137,16788.321167883212,apartamento,3,0,0
2761579614,Meia Praia,Meia Praia,2300000.0,137,16788.321167883212,apartamento,3,0,0
2769854816,Meia Praia,Meia Praia,2299880.0,175,13142.171428571428,apartamento,4,0,0
2769180490,Andorinha,Andorinha,2299820.0,129,17828.062015503878,apartamento,3,0,0
2769470559,Meia Praia,Meia Praia,2299710.0,146,15751.438356164384,apartamento,3,0,0
2770028687,Castelo Branco,Castelo Branco,2299550.0,124,18544.75806451613,apartamento,3,0,0
2752080502,Meia Praia,Meia Praia,2299510.0,130,17688.53846153846,apartamento,3,0,0
2769854139,Centro,Centro,2299240.0,185,12428.324324324325,apartamento,4,0,0
2768966958,Centro,Centro,2299220.0,136,16906.029411764706,apartamento,3,0,0
2770024111,Castelo Branco,Castelo Branco,2299200.0,137,16782.481751824816,apartamento,3,0,0
2769853251,Meia Praia,Meia Praia,2299120.0,118,19484.06779661017,apartamento,3,0,0
2769475271,Meia Praia,Meia Praia,2299020.0,128,17961.09375,apartamento,3,0,0
2661819232,Castelo Branco,Castelo Branco,2299000.0,128,17960.9375,apartamento,3,0,0
2752692094,Castelo Branco,Castelo Branco,2299000.0,128,17960.9375,apartamento,3,0,0
2741555366,Meia Praia,Meia Praia,2299000.0,128,17960.9375,apartamento,3,0,0
2664165624,Meia Praia,Meia Praia,2299000.0,128,17960.9375,apartamento,3,0,0
2770030390,Andorinha,Andorinha,2298480.0,162,14188.148148148148,apartamento,4,0,0
2769186435,Andorinha,Andorinha,2298120.0,145,15849.103448275862,apartamento,4,0,0
2764633913,Meia Praia,Meia Praia,2298000.0,1296,1773.148148148148,apartamento,3,0,0
2747343793,Meia Praia,Meia Praia,2298000.0,129,17813.95348837209,apartamento,3,0,0
2760220857,Meia Praia,Meia Praia,2297600.0,118,19471.186440677968,apartamento,3,0,0
2760155927,Meia Praia,Meia Praia,2297600.0,118,19471.186440677968,apartamento,3,0,0
2760097417,Meia Praia,Meia Praia,2297600.0,118,19471.186440677968,apartamento,3,0,0
2754662109,Castelo Branco,Castelo Branco,2297570.0,130,17673.615384615383,apartamento,3,0,0
2746689799,Meia Praia,Meia Praia,2295089.0,150,15300.593333333334,apartamento,3,0,0
2654177476,Meia Praia,Meia Praia,2295000.0,145,15827.586206896553,apartamento,4,0,0
2767582272,Centro,Centro,2295000.0,138,16630.434782608696,apartamento,4,0,0
2754748001,Andorinha,Andorinha,2294848.0,159,14433.006289308176,apartamento,3,0,0
2670891949,Meia Praia,Meia Praia,2294848.0,160,14342.8,apartamento,3,0,0
2569301256,Centro,Centro,2290000.0,150,15266.666666666666,apartamento,4,0,0
2560059201,Centro,Centro,2290000.0,175,13085.714285714286,apartamento,3,0,0
2740489161,Alto São Bento,Alto São Bento,2290000.0,900,2544.4444444444443,terreno,0,0,0
2641539367,Centro,Centro,2290000.0,140,16357.142857142857,apartamento,3,0,0
2687157521,Centro,Centro,2290000.0,138,16594.202898550724,apartamento,4,0,0
2604271982,Centro,Centro,2290000.0,138,16594.202898550724,apartamento,4,0,0
2746632897,Meia Praia,Meia Praia,2290000.0,178,12865.168539325843,apartamento,3,0,0
2640260768,Meia Praia,Meia Praia,2290000.0,178,12865.168539325843,apartamento,3,0,0
2715509201,Centro,Centro,2290000.0,150,15266.666666666666,apartamento,3,0,0
2766852530,Andorinha,Andorinha,2289800.0,177,12936.723163841807,apartamento,4,0,0
2769754988,Centro,Centro,2289260.0,149,15364.161073825504,apartamento,3,0,0
2769472780,Centro,Centro,2289200.0,130,17609.23076923077,apartamento,3,0,0
2700735376,Meia Praia,Meia Praia,2289111.0,125,18312.888,apartamento,3,0,0
2770027494,Centro,Centro,2289080.0,141,16234.609929078015,apartamento,3,0,0
2754745443,Centro,Centro,2280804.0,159,14344.67924528302,apartamento,4,0,0
2764633959,Centro,Centro,2280000.0,150,15200.0,apartamento,3,0,0
2755583979,Meia Praia,Meia Praia,2280000.0,178,12808.988764044943,apartamento,3,0,0
2614629741,Meia Praia,Meia Praia,2280000.0,178,12808.988764044943,apartamento,3,0,0
2764634813,Andorinha,Andorinha,2280000.0,240,9500.0,apartamento,4,0,0
2749767107,Ilhota,Ilhota,2278125.0,148,15392.736486486487,apartamento,4,0,0
2754746319,Ilhota,Ilhota,2278125.0,148,15392.736486486487,apartamento,4,0,0
2769147102,Andorinha,Andorinha,2275382.0,127,17916.3937007874,apartamento,3,0,0
2767581995,Castelo Branco,Castelo Branco,2263707.0,151,14991.437086092716,apartamento,3,0,0
2728277450,Meia Praia,Meia Praia,2263000.0,169,13390.532544378699,apartamento,4,0,0
2747202724,Andorinha,Andorinha,2260239.0,127,17797.15748031496,apartamento,3,0,0
2747200635,Meia Praia,Meia Praia,2260000.0,134,16865.671641791047,apartamento,3,0,0
2699371293,Meia Praia,Meia Praia,2260000.0,134,16865.671641791047,apartamento,3,0,0
2752032320,Meia Praia,Meia Praia,2260000.0,134,16865.671641791047,apartamento,3,0,0
2740008615,Meia Praia,Meia Praia,2260000.0,134,16865.671641791047,apartamento,3,0,0
2720508359,Meia Praia,Meia Praia,2260000.0,134,16865.671641791047,apartamento,3,0,0
2767583824,Meia Praia,Meia Praia,2260000.0,134,16865.671641791047,apartamento,3,0,0
2770198426,Meia Praia,Meia Praia,2260000.0,134,16865.671641791047,apartamento,3,0,0
2564209350,Meia Praia,Meia Praia,2260000.0,142,15915.492957746479,apartamento,3,0,0
2764632427,Meia Praia,Meia Praia,2259781.0,150,15065.206666666667,apartamento,3,0,0
2757201317,Meia Praia,Meia Praia,2259780.0,150,15065.2,apartamento,3,0,0
2764673736,Meia Praia,Meia Praia,2259000.0,134,16858.20895522388,apartamento,3,0,0
2560060479,Meia Praia,Meia Praia,2257150.0,169,13355.917159763314,apartamento,4,0,0
2594643303,Meia Praia,Meia Praia,2251575.0,118,19081.14406779661,apartamento,3,0,0
2746715702,Meia Praia,Meia Praia,2250000.0,130,17307.69230769231,apartamento,3,0,0
2600541170,Meia Praia,Meia Praia,2250000.0,128,17578.125,apartamento,3,0,0
2769149820,Canto da Praia,Canto da Praia,2250000.0,109,20642.201834862386,apartamento,3,0,0
2622257072,Centro,Centro,2250000.0,109,20642.201834862386,apartamento,3,0,0
2754739394,Meia Praia,Meia Praia,2250000.0,131,17175.57251908397,apartamento,3,0,0
2760889830,Meia Praia,Meia Praia,2250000.0,145,15517.241379310344,apartamento,3,0,0
2609062415,Meia Praia,Meia Praia,2250000.0,189,11904.761904761905,apartamento,4,0,0
2766855328,Canto da Praia,Canto da Praia,2250000.0,109,20642.201834862386,apartamento,3,0,0
2760566917,,,2250000.0,166,13554.216867469879,apartamento,4,0,0
2569301248,Centro,Centro,2250000.0,185,12162.162162162162,apartamento,4,0,0
2753756912,Castelo Branco,Castelo Branco,2250000.0,127,17716.535433070865,apartamento,3,0,0
2766782831,Canto da Praia,Canto da Praia,2250000.0,109,20642.201834862386,apartamento,3,0,0
2694918027,Centro,Centro,2250000.0,321,7009.345794392523,apartamento,4,0,0
2739354840,Andorinha,Andorinha,2250000.0,169,13313.60946745562,apartamento,3,0,0
2609061383,Centro,Centro,2250000.0,114,19736.842105263157,apartamento,3,0,0
2646968121,Castelo Branco,Castelo Branco,2250000.0,162,13888.888888888889,apartamento,4,0,0
2754745079,Meia Praia,Meia Praia,2244740.0,150,14964.933333333332,apartamento,3,0,0
2767584831,Castelo Branco,Castelo Branco,2241135.0,151,14841.953642384105,apartamento,3,0,0
2677401530,Castelo Branco,Castelo Branco,2240000.0,149,15033.557046979866,apartamento,4,0,0
2739558231,Castelo Branco,Castelo Branco,2240000.0,180,12444.444444444445,apartamento,4,0,0
2746689704,Centro,Centro,2240000.0,118,18983.050847457627,apartamento,3,0,0
2751172861,Castelo Branco,Castelo Branco,2240000.0,181,12375.690607734807,apartamento,4,0,0
2628277859,Castelo Branco,Castelo Branco,2237504.0,151,14817.907284768213,apartamento,3,0,0
2761446951,Meia Praia,Meia Praia,2230000.0,129,17286.821705426355,apartamento,3,0,0
2622333429,Centro,Centro,2230000.0,127,17559.055118110235,apartamento,3,0,0
2670820597,Meia Praia,Meia Praia,2228800.0,144,15477.777777777777,apartamento,4,0,0
2745049766,Canto da Praia,Canto da Praia,2226000.0,118,18864.406779661018,apartamento,3,0,0
2766854122,Centro,Centro,2224800.0,125,17798.4,apartamento,3,0,0
2766853629,Meia Praia,Meia Praia,2219000.0,181,12259.668508287294,apartamento,4,0,0
2723484285,Centro,Centro,2215000.0,147,15068.027210884355,apartamento,3,0,0
2731112059,Meia Praia,Meia Praia,2211000.0,172,12854.651162790698,apartamento,4,0,0
2613024043,Andorinha,Andorinha,2210000.0,169,13076.923076923076,apartamento,4,0,0
2511792943,Centro,Centro,2210000.0,114,19385.964912280702,apartamento,3,0,0
2560060055,Meia Praia,Meia Praia,2208355.0,151,14624.867549668874,apartamento,3,0,0
2760014944,Meia Praia,Meia Praia,2205072.0,142,15528.676056338029,apartamento,3,0,0
2769766962,Meia Praia,Meia Praia,2201409.0,172,12798.889534883721,apartamento,4,0,0
2679480707,Meia Praia,Meia Praia,2201409.0,172,12798.889534883721,apartamento,4,0,0
2750496502,Meia Praia,Meia Praia,2200000.0,146,15068.493150684932,apartamento,4,0,0
2764631340,Meia Praia,Meia Praia,2200000.0,129,17054.263565891473,apartamento,3,0,0
2756775630,Meia Praia,Meia Praia,2200000.0,182,12087.912087912087,apartamento,3,0,0
2747829308,Meia Praia,Meia Praia,2200000.0,156,14102.564102564103,apartamento,3,0,0
2744836333,Meia Praia,Meia Praia,2200000.0,145,15172.413793103447,apartamento,2,0,0
2736466220,Meia Praia,Meia Praia,2200000.0,135,16296.296296296296,apartamento,3,0,0
2722213370,Andorinha,Andorinha,2200000.0,115,19130.434782608696,apartamento,3,0,0
2755275229,Meia Praia,Meia Praia,2200000.0,130,16923.076923076922,apartamento,3,0,0
2736430943,Meia Praia,Meia Praia,2200000.0,120,18333.333333333332,apartamento,3,0,0
2761577046,Meia Praia,Meia Praia,2200000.0,130,16923.076923076922,apartamento,3,0,0
2626747869,Meia Praia,Meia Praia,2200000.0,127,17322.834645669293,apartamento,3,0,0
2753631101,Meia Praia,Meia Praia,2200000.0,170,12941.176470588236,apartamento,3,0,0
2723211833,Meia Praia,Meia Praia,2200000.0,127,17322.834645669293,apartamento,3,0,0
2723209712,Meia Praia,Meia Praia,2200000.0,155,14193.548387096775,apartamento,4,0,0
2770155826,Meia Praia,Meia Praia,2200000.0,138,15942.028985507246,apartamento,3,0,0
2661361200,Meia Praia,Meia Praia,2200000.0,132,16666.666666666668,apartamento,3,0,0
2647976377,Castelo Branco,Castelo Branco,2200000.0,145,15172.413793103447,apartamento,3,0,0
2678327295,Meia Praia,Meia Praia,2200000.0,127,17322.834645669293,apartamento,3,0,0
2765087752,Castelo Branco,Castelo Branco,2200000.0,132,16666.666666666668,apartamento,3,0,0
2769148272,Meia Praia,Meia Praia,2200000.0,129,17054.263565891473,apartamento,3,0,0
2722265539,Andorinha,Andorinha,2200000.0,131,16793.893129770993,apartamento,3,0,0
2764630930,Andorinha,Andorinha,2200000.0,215,10232.558139534884,apartamento,3,0,0
2763412131,Meia Praia,Meia Praia,2200000.0,150,14666.666666666666,apartamento,3,0,0
2593071359,Meia Praia,Meia Praia,2200000.0,135,16296.296296296296,apartamento,3,0,0
2764633232,Meia Praia,Meia Praia,2200000.0,140,15714.285714285714,apartamento,3,0,0
2747342576,Meia Praia,Meia Praia,2200000.0,128,17187.5,apartamento,3,0,0
2761579422,Andorinha,Andorinha,2200000.0,140,15714.285714285714,apartamento,4,0,0
2648807881,Meia Praia,Meia Praia,2200000.0,127,17322.834645669293,apartamento,3,0,0
2753631102,Meia Praia,Meia Praia,2200000.0,10,220000.0,apartamento,3,0,1
2747717308,Meia Praia,Meia Praia,2200000.0,129,17054.263565891473,apartamento,3,0,0
2765123117,,,2200000.0,129,17054.263565891473,apartamento,3,0,0
2661820374,Meia Praia,Meia Praia,2200000.0,135,16296.296296296296,apartamento,3,0,0
2761579719,Meia Praia,Meia Praia,2200000.0,115,19130.434782608696,apartamento,3,0,0
2754165949,Meia Praia,Meia Praia,2200000.0,130,16923.076923076922,apartamento,3,0,0
2764989068,Meia Praia,Meia Praia,2200000.0,180,12222.222222222223,apartamento,4,0,0
2728836941,Centro,Centro,2200000.0,115,19130.434782608696,apartamento,3,0,0
2720507958,Andorinha,Andorinha,2200000.0,140,15714.285714285714,apartamento,4,0,0
2759374825,Andorinha,Andorinha,2200000.0,134,16417.910447761195,apartamento,3,0,0
2743408993,Meia Praia,Meia Praia,2200000.0,141,15602.836879432623,apartamento,3,0,0
2692636068,Meia Praia,Meia Praia,2200000.0,135,16296.296296296296,apartamento,3,0,0
2765046657,Andorinha,Andorinha,2200000.0,211,10426.54028436019,apartamento,3,0,0
2764630871,Andorinha,Andorinha,2200000.0,120,18333.333333333332,apartamento,3,0,0
2764882838,Centro,Centro,2200000.0,165,13333.333333333334,apartamento,4,0,0
2639477605,Meia Praia,Meia Praia,2200000.0,110,20000.0,apartamento,3,0,0
2738007852,Meia Praia,Meia Praia,2200000.0,129,17054.263565891473,apartamento,3,0,0
2765550313,Meia Praia,Meia Praia,2200000.0,140,15714.285714285714,apartamento,3,0,0
2675655298,Meia Praia,Meia Praia,2200000.0,150,14666.666666666666,apartamento,3,0,0
2744012701,Meia Praia,Meia Praia,2200000.0,133,16541.353383458645,apartamento,3,0,0
2726460191,Meia Praia,Meia Praia,2200000.0,250,8800.0,apartamento,3,0,0
2691236653,Centro,Centro,2200000.0,124,17741.935483870966,apartamento,3,0,0
2732165221,Meia Praia,Meia Praia,2200000.0,135,16296.296296296296,apartamento,3,0,0
2765020624,Centro,Centro,2200000.0,178,12359.550561797752,apartamento,3,0,0
2609058822,Centro,Centro,2200000.0,114,19298.245614035088,apartamento,3,0,0
2766436118,Meia Praia,Meia Praia,2200000.0,130,16923.076923076922,apartamento,3,0,0
2640260770,Meia Praia,Meia Praia,2200000.0,145,15172.413793103447,apartamento,3,0,0
2754764805,Meia Praia,Meia Praia,2200000.0,130,16923.076923076922,apartamento,3,0,0
2740229764,Castelo Branco,Castelo Branco,2200000.0,129,17054.263565891473,apartamento,3,0,0
2751105137,Meia Praia,Meia Praia,2200000.0,10,220000.0,apartamento,3,0,1
2740008122,Meia Praia,Meia Praia,2200000.0,127,17322.834645669293,apartamento,3,0,0
2744790836,Meia Praia,Meia Praia,2200000.0,127,17322.834645669293,apartamento,3,0,0
2765162517,Meia Praia,Meia Praia,2200000.0,125,17600.0,apartamento,3,0,0
2751571811,Centro,Centro,2200000.0,127,17322.834645669293,apartamento,3,0,0
2736227914,Meia Praia,Meia Praia,2200000.0,129,17054.263565891473,apartamento,3,0,0
2647976165,Castelo Branco,Castelo Branco,2200000.0,145,15172.413793103447,apartamento,3,0,0
2738114515,Meia Praia,Meia Praia,2200000.0,130,16923.076923076922,apartamento,3,0,0
2765064642,Centro,Centro,2200000.0,140,15714.285714285714,apartamento,3,0,0
2743254174,Centro,Centro,2200000.0,119,18487.394957983193,apartamento,3,0,0
2747718698,Meia Praia,Meia Praia,2200000.0,134,16417.910447761195,apartamento,3,0,0
2725151555,Meia Praia,Meia Praia,2200000.0,130,16923.076923076922,apartamento,3,0,0
2744016162,Meia Praia,Meia Praia,2200000.0,143,15384.615384615385,apartamento,3,0,0
2754541712,Meia Praia,Meia Praia,2199900.0,182,12087.362637362638,apartamento,3,0,0
2769755629,Meia Praia,Meia Praia,2199870.0,132,16665.68181818182,apartamento,3,0,0
2751856625,Meia Praia,Meia Praia,2199820.0,140,15713.0,apartamento,3,0,0
2766852222,Meia Praia,Meia Praia,2199800.0,181,12153.591160220994,apartamento,4,0,0
2769183800,Meia Praia,Meia Praia,2199570.0,124,17738.467741935485,apartamento,3,0,0
2769854614,Meia Praia,Meia Praia,2199540.0,161,13661.739130434782,apartamento,4,0,0
2769181007,Meia Praia,Meia Praia,2199460.0,126,17456.031746031746,apartamento,3,0,0
2765831321,Meia Praia,Meia Praia,2199310.0,128,17182.109375,apartamento,3,0,0
2769472721,Andorinha,Andorinha,2199240.0,120,18327.0,apartamento,3,0,0
2769183105,Meia Praia,Meia Praia,2199150.0,116,18958.189655172413,apartamento,3,0,0
2770031058,Meia Praia,Meia Praia,2199140.0,122,18025.737704918032,apartamento,3,0,0
2726610252,Andorinha,Andorinha,2199000.0,160,13743.75,apartamento,3,0,0
2713259432,Castelo Branco,Castelo Branco,2199000.0,151,14562.913907284768,apartamento,3,0,0
2626576215,Meia Praia,Meia Praia,2199000.0,143,15377.622377622378,apartamento,3,0,0
2660496804,Castelo Branco,Castelo Branco,2199000.0,145,15165.51724137931,apartamento,4,0,0
2605291190,Meia Praia,Meia Praia,2199000.0,143,15377.622377622378,apartamento,3,0,0
2560059825,Meia Praia,Meia Praia,2199000.0,129,17046.511627906977,apartamento,3,0,0
2726614444,Andorinha,Andorinha,2199000.0,160,13743.75,apartamento,3,0,0
2731047327,Andorinha,Andorinha,2199000.0,160,13743.75,apartamento,3,0,0
2770198430,Meia Praia,Meia Praia,2199000.0,142,15485.915492957747,apartamento,3,0,0
2747203119,Andorinha,Andorinha,2199000.0,160,13743.75,apartamento,3,0,0
2743411673,Meia Praia,Meia Praia,2199000.0,142,15485.915492957747,apartamento,3,0,0
2690560265,Andorinha,Andorinha,2199000.0,129,17046.511627906977,apartamento,3,0,0
2661818968,Castelo Branco,Castelo Branco,2199000.0,128,17179.6875,apartamento,3,0,0
2755582277,Meia Praia,Meia Praia,2199000.0,127,17314.96062992126,apartamento,3,0,0
2749228412,Meia Praia,Meia Praia,2199000.0,140,15707.142857142857,apartamento,4,0,0
2692698900,Meia Praia,Meia Praia,2199000.0,140,15707.142857142857,apartamento,4,0,0
2754197813,Andorinha,Andorinha,2198800.0,135,16287.407407407407,apartamento,3,0,0
2768634319,Meia Praia,Meia Praia,2198800.0,135,16287.407407407407,apartamento,3,0,0
2766854614,Centro,Centro,2198800.0,163,13489.57055214724,apartamento,4,0,0
2769839598,Andorinha,Andorinha,2198570.0,160,13741.0625,apartamento,3,0,0
2746485227,Andorinha,Andorinha,2197000.0,300,7323.333333333333,terreno,0,0,0
2595523356,Canto da Praia,Canto da Praia,2195000.0,100,21950.0,apartamento,3,0,0
2679349795,Meia Praia,Meia Praia,2195000.0,180,12194.444444444445,apartamento,4,0,0
2760816175,Centro,Centro,2195000.0,119,18445.378151260506,apartamento,4,0,0
2682097614,Meia Praia,Meia Praia,2195000.0,180,12194.444444444445,apartamento,4,0,0
2747229372,Andorinha,Andorinha,2190000.0,127,17244.094488188977,apartamento,3,0,0
2764632953,Meia Praia,Meia Praia,2190000.0,1296,1689.8148148148148,apartamento,3,0,0
2747343602,Andorinha,Andorinha,2190000.0,121,18099.173553719007,apartamento,3,0,0
2741551891,Meia Praia,Meia Praia,2190000.0,192,11406.25,apartamento,4,0,0
2609060805,Andorinha,Andorinha,2190000.0,140,15642.857142857143,apartamento,3,0,0
2744009668,Castelo Branco,Castelo Branco,2190000.0,129,16976.74418604651,apartamento,3,0,0
2764632637,Meia Praia,Meia Praia,2190000.0,123,17804.878048780487,apartamento,3,0,0
2740008516,Meia Praia,Meia Praia,2189661.0,127,17241.425196850392,apartamento,3,0,0
2653061645,Meia Praia,Meia Praia,2188000.0,134,16328.358208955224,apartamento,4,0,0
2768634232,Meia Praia,Meia Praia,2186531.0,115,19013.31304347826,apartamento,3,0,0
2724259508,Centro,Centro,2183000.0,119,18344.537815126052,apartamento,3,0,0
2767581975,Centro,Centro,2183000.0,119,18344.537815126052,apartamento,3,0,0
2754745452,Morretes,Morretes,2180000.0,92,23695.652173913044,comercial,0,0,0
2732807726,Castelo Branco,Castelo Branco,2178000.0,192,11343.75,apartamento,4,0,0
2664303916,Centro,Centro,2177456.0,140,15553.257142857143,apartamento,3,0,0
2510105479,Centro,Centro,2175000.0,125,17400.0,apartamento,3,0,0
2764632542,Meia Praia,Meia Praia,2173451.0,1452,1496.8670798898072,apartamento,3,0,0
2744006717,Meia Praia,Meia Praia,2171400.0,137,15849.635036496351,apartamento,3,0,0
2744006716,Meia Praia,Meia Praia,2171400.0,137,15849.635036496351,apartamento,3,0,0
2764632344,Meia Praia,Meia Praia,2171400.0,127,17097.63779527559,apartamento,3,0,0
2744007184,Meia Praia,Meia Praia,2171400.0,137,15849.635036496351,apartamento,3,0,0
2744007185,Meia Praia,Meia Praia,2171400.0,137,15849.635036496351,apartamento,3,0,0
2764632739,Meia Praia,Meia Praia,2171400.0,137,15849.635036496351,apartamento,3,0,0
2737767357,Meia Praia,Meia Praia,2170000.0,129,16821.705426356588,apartamento,3,0,0
2766002013,Meia Praia,Meia Praia,2170000.0,130,16692.30769230769,apartamento,3,0,0
2637934291,Meia Praia,Meia Praia,2170000.0,134,16194.029850746268,apartamento,3,0,0
2650008654,Meia Praia,Meia Praia,2168154.0,127,17072.07874015748,apartamento,3,0,0
2768465769,Meia Praia,Meia Praia,2168154.0,127,17072.07874015748,apartamento,3,0,0
2650088972,Meia Praia,Meia Praia,2168154.0,127,17072.07874015748,apartamento,3,0,0
2754747729,Meia Praia,Meia Praia,2167000.0,185,11713.513513513513,apartamento,4,0,0
2723712433,Andorinha,Andorinha,2167000.0,127,17062.992125984252,apartamento,3,0,0
2716787232,Meia Praia,Meia Praia,2167000.0,185,11713.513513513513,apartamento,4,0,0
2750452293,Meia Praia,Meia Praia,2166000.0,190,11400.0,apartamento,4,0,0
2511793804,Meia Praia,Meia Praia,2162000.0,116,18637.931034482757,apartamento,3,0,0
2769844095,Centro,Centro,2160739.0,127,17013.69291338583,apartamento,3,0,0
2560056876,Centro,Centro,2160593.0,227,9518.030837004406,apartamento,3,0,0
2569914800,Meia Praia,Meia Praia,2160000.0,209,10334.928229665073,apartamento,4,0,0
2752982402,Centro,Centro,2160000.0,125,17280.0,apartamento,3,0,0
2566102454,Centro,Centro,2159000.0,120,17991.666666666668,apartamento,3,0,0
2764730915,Andorinha,Andorinha,2158889.0,145,14888.889655172414,apartamento,3,0,0
2754745076,Andorinha,Andorinha,2158888.0,145,14888.88275862069,apartamento,3,0,0
2767585015,Andorinha,Andorinha,2158888.0,145,14888.88275862069,apartamento,3,0,0
2579266413,Andorinha,Andorinha,2158888.0,169,12774.485207100592,apartamento,4,0,0
2611522545,Andorinha,Andorinha,2155851.0,114,18910.973684210527,apartamento,3,0,0
2660215249,Andorinha,Andorinha,2155851.0,114,18910.973684210527,apartamento,3,0,0
2717034934,Meia Praia,Meia Praia,2151000.0,142,15147.887323943662,apartamento,3,0,0
2742111088,Castelo Branco,Castelo Branco,2150818.0,185,11626.043243243243,apartamento,3,0,0
2511129777,Meia Praia,Meia Praia,2150000.0,129,16666.666666666668,apartamento,3,0,0
2754737345,Castelo Branco,Castelo Branco,2150000.0,193,11139.896373056994,apartamento,4,0,0
2764634415,Centro,Centro,2150000.0,1188,1809.7643097643097,apartamento,3,0,0
2523442690,Andorinha,Andorinha,2150000.0,164,13109.756097560976,apartamento,4,0,0
2747202723,Meia Praia,Meia Praia,2150000.0,127,16929.133858267716,apartamento,3,0,0
2726933949,Andorinha,Andorinha,2150000.0,116,18534.48275862069,apartamento,3,0,0
2561784419,Meia Praia,Meia Praia,2150000.0,129,16666.666666666668,apartamento,3,0,0
2563635081,Meia Praia,Meia Praia,2150000.0,149,14429.530201342282,apartamento,4,0,0
2764727178,Meia Praia,Meia Praia,2150000.0,130,16538.46153846154,apartamento,3,0,0
2720508837,Meia Praia,Meia Praia,2150000.0,127,16929.133858267716,apartamento,3,0,0
2764632949,Meia Praia,Meia Praia,2150000.0,1298,1656.3944530046224,apartamento,3,0,0
2749832650,Meia Praia,Meia Praia,2150000.0,10,215000.0,apartamento,3,0,1
2770199244,Meia Praia,Meia Praia,2150000.0,484,4442.148760330579,apartamento,3,0,0
2655340787,Centro,Centro,2150000.0,148,14527.027027027027,apartamento,3,0,0
2691331590,Andorinha,Andorinha,2150000.0,130,16538.46153846154,apartamento,3,0,0
2541691303,Centro,Centro,2150000.0,86,25000.0,apartamento,3,0,0
2769150215,Meia Praia,Meia Praia,2150000.0,284,7570.422535211268,apartamento,3,0,0
2754955505,Meia Praia,Meia Praia,2150000.0,175,12285.714285714286,apartamento,4,0,0
2761914816,Andorinha,Andorinha,2150000.0,165,13030.30303030303,apartamento,4,0,0
2764859736,Meia Praia,Meia Praia,2150000.0,129,16666.666666666668,apartamento,3,0,0
2713570740,Meia Praia,Meia Praia,2150000.0,164,13109.756097560976,apartamento,4,0,0
2745859108,Morretes,Morretes,2150000.0,103,20873.78640776699,apartamento,3,0,0
2742329469,Castelo Branco,Castelo Branco,2150000.0,192,11197.916666666666,apartamento,4,0,0
2757866113,Meia Praia,Meia Praia,2149170.0,144,14924.791666666666,apartamento,3,0,0
2725058158,Centro,Centro,2148800.0,164,13102.439024390244,apartamento,4,0,0
2766852435,Meia Praia,Meia Praia,2148000.0,135,15911.111111111111,apartamento,4,0,0
2760020133,Meia Praia,Meia Praia,2147797.0,169,12708.85798816568,apartamento,4,0,0
2765283021,Andorinha,Andorinha,2146917.0,116,18507.905172413793,apartamento,3,0,0
2760897423,Centro,Centro,2145000.0,53,40471.698113207545,comercial,1,0,0
2767582353,Centro,Centro,2145000.0,54,39722.22222222222,comercial,0,0,0
2740138502,Canto da Praia,Canto da Praia,2143000.0,119,18008.40336134454,apartamento,3,0,0
2687443218,Meia Praia,Meia Praia,2140620.0,127,16855.27559055118,apartamento,3,0,0
2747509301,Castelo Branco,Castelo Branco,2134590.0,185,11538.324324324325,apartamento,4,0,0
2663325368,Centro,Centro,2133000.0,129,16534.883720930233,apartamento,3,0,0
2626577328,Meia Praia,Meia Praia,2130000.0,400,5325.0,apartamento,3,0,0
2661819273,Meia Praia,Meia Praia,2130000.0,370,5756.756756756757,apartamento,3,0,0
2646970982,Meia Praia,Meia Praia,2130000.0,382,5575.9162303664925,apartamento,3,0,0
2740142316,Meia Praia,Meia Praia,2127659.0,114,18663.675438596492,apartamento,3,0,0
2766852113,Meia Praia,Meia Praia,2121000.0,124,17104.83870967742,apartamento,3,0,0
2764631186,Meia Praia,Meia Praia,2120000.0,158,13417.721518987342,apartamento,4,0,0
2736815519,Centro,Centro,2115000.0,117,18076.923076923078,apartamento,3,0,0
2724179566,Centro,Centro,2115000.0,147,14387.755102040815,apartamento,3,0,0
2766855613,Meia Praia,Meia Praia,2104800.0,127,16573.228346456694,apartamento,3,0,0
2766855124,Meia Praia,Meia Praia,2103380.0,135,15580.592592592593,apartamento,3,0,0
2766854730,Castelo Branco,Castelo Branco,2103351.0,168,12519.94642857143,apartamento,4,0,0
2630707955,Meia Praia,Meia Praia,2103000.0,119,17672.268907563026,apartamento,3,0,0
2518155073,Centro,Centro,2103000.0,118,17822.033898305086,apartamento,3,0,0
2633250748,Centro,Centro,2100000.0,133,15789.473684210527,apartamento,3,0,0
2747956431,Meia Praia,Meia Praia,2100000.0,280,7500.0,apartamento,4,0,0
2743411591,Castelo Branco,Castelo Branco,2100000.0,128,16406.25,apartamento,3,0,0
2743410769,Centro,Centro,2100000.0,140,15000.0,apartamento,3,0,0
2740008514,Andorinha,Andorinha,2100000.0,128,16406.25,apartamento,3,0,0
2725402836,Castelo Branco,Castelo Branco,2100000.0,129,16279.06976744186,apartamento,3,0,0
2681758860,Andorinha,Andorinha,2100000.0,190,11052.631578947368,apartamento,4,0,0
2750094549,Meia Praia,Meia Praia,2100000.0,280,7500.0,apartamento,4,0,0
2725681140,Meia Praia,Meia Praia,2100000.0,210,10000.0,apartamento,4,0,0
2561227568,Centro,Centro,2100000.0,135,15555.555555555555,apartamento,3,0,0
2753631100,Meia Praia,Meia Praia,2100000.0,128,16406.25,apartamento,3,0,0
2563596201,Centro,Centro,2100000.0,135,15555.555555555555,apartamento,3,0,0
2687898418,Castelo Branco,Castelo Branco,2100000.0,150,14000.0,casa,3,0,0
2669810151,Centro,Centro,2100000.0,133,15789.473684210527,apartamento,3,0,0
2752780102,Meia Praia,Meia Praia,2100000.0,10,210000.0,apartamento,3,0,1
2742890665,Meia Praia,Meia Praia,2100000.0,126,16666.666666666668,apartamento,3,0,0
2728249701,meia praia,Meia Praia,2100000.0,150,14000.0,apartamento,3,0,0
2753493601,Meia Praia,Meia Praia,2100000.0,150,14000.0,apartamento,3,0,0
2769221840,Centro,Centro,2100000.0,135,15555.555555555555,apartamento,3,0,0
2766852225,Andorinha,Andorinha,2100000.0,126,16666.666666666668,apartamento,3,0,0
2769536336,Centro,Centro,2100000.0,130,16153.846153846154,apartamento,3,0,0
2765097545,Centro,Centro,2100000.0,133,15789.473684210527,apartamento,3,0,0
2764633338,Meia Praia,Meia Praia,2100000.0,120,17500.0,apartamento,3,0,0
2510658785,,,2100000.0,73,28767.12328767123,apartamento,3,0,0
2720007273,Centro,Centro,2100000.0,133,15789.473684210527,apartamento,3,0,0
2533607007,Castelo Branco,Castelo Branco,2100000.0,304,6907.894736842105,casa,1,0,0
2767610714,Meia Praia,Meia Praia,2100000.0,142,14788.732394366198,apartamento,3,0,0
2764220617,Andorinha,Andorinha,2100000.0,126,16666.666666666668,apartamento,3,0,0
2748354233,Meia Praia,Meia Praia,2100000.0,130,16153.846153846154,apartamento,3,0,0
2740140860,Centro,Centro,2100000.0,133,15789.473684210527,apartamento,3,0,0
2747202036,Meia Praia,Meia Praia,2100000.0,110,19090.909090909092,apartamento,3,0,0
2751834908,Meia Praia,Meia Praia,2100000.0,280,7500.0,apartamento,4,0,0
2732469431,Meia Praia,Meia Praia,2100000.0,127,16535.43307086614,apartamento,3,0,0
2757747950,Meia Praia,Meia Praia,2100000.0,124,16935.483870967742,apartamento,3,0,0
2763088538,Andorinha,Andorinha,2100000.0,132,15909.09090909091,apartamento,3,0,0
2712353505,Andorinha,Andorinha,2100000.0,135,15555.555555555555,apartamento,3,0,0
2765064431,Meia Praia,Meia Praia,2100000.0,170,12352.941176470587,apartamento,4,0,0
2614866375,Meia Praia,Meia Praia,2100000.0,145,14482.758620689656,apartamento,4,0,0
2761577044,Andorinha,Andorinha,2100000.0,126,16666.666666666668,apartamento,3,0,0
2747203800,Meia Praia,Meia Praia,2100000.0,150,14000.0,apartamento,3,0,0
2738273040,Andorinha,Andorinha,2100000.0,164,12804.878048780487,apartamento,4,0,0
2549400177,Centro,Centro,2100000.0,133,15789.473684210527,apartamento,3,0,0
2765063799,Meia Praia,Meia Praia,2100000.0,132,15909.09090909091,apartamento,3,0,0
2761880115,Meia Praia,Meia Praia,2100000.0,280,7500.0,apartamento,4,0,0
2730412942,Centro,Centro,2100000.0,157,13375.79617834395,apartamento,3,0,0
2744290769,Castelo Branco,Castelo Branco,2100000.0,147,14285.714285714286,apartamento,3,0,0
2539510590,Meia Praia,Meia Praia,2100000.0,151,13907.28476821192,apartamento,3,0,0
2692110091,Andorinha,Andorinha,2100000.0,126,16666.666666666668,apartamento,3,0,0
2733667896,Canto da Praia,Canto da Praia,2100000.0,199,10552.763819095477,casa,3,0,0
2747203795,Andorinha,Andorinha,2100000.0,126,16666.666666666668,apartamento,3,0,0
2769149726,Meia Praia,Meia Praia,2100000.0,110,19090.909090909092,apartamento,3,0,0
2726615602,Castelo Branco,Castelo Branco,2100000.0,305,6885.245901639344,terreno,0,0,0
2744015176,Andorinha,Andorinha,2100000.0,132,15909.09090909091,apartamento,3,0,0
2711046934,Meia Praia,Meia Praia,2100000.0,172,12209.302325581395,apartamento,3,0,0
2742884447,Meia Praia,Meia Praia,2100000.0,190,11052.631578947368,apartamento,3,0,0
2753352435,Meia Praia,Meia Praia,2100000.0,130,16153.846153846154,apartamento,3,0,0
2529051467,Andorinha,Andorinha,2100000.0,131,16030.534351145037,apartamento,3,0,0
2590083198,Centro,Centro,2099999.0,135,15555.548148148147,apartamento,3,0,0
2769187130,Andorinha,Andorinha,2099860.0,162,12962.098765432098,apartamento,4,0,0
2760743946,Castelo Branco,Castelo Branco,2099830.0,280,7499.392857142857,apartamento,4,0,0
2766851321,Castelo Branco,Castelo Branco,2099800.0,174,12067.816091954022,apartamento,4,0,0
2766851720,Meia Praia,Meia Praia,2099800.0,156,13460.25641025641,apartamento,4,0,0
2766852420,Meia Praia,Meia Praia,2099800.0,148,14187.837837837838,apartamento,3,0,0
2768968820,Andorinha,Andorinha,2099500.0,280,7498.214285714285,apartamento,4,0,0
2768968519,Andorinha,Andorinha,2099450.0,280,7498.035714285715,apartamento,4,0,0
2757306635,Meia Praia,Meia Praia,2099310.0,120,17494.25,apartamento,3,0,0
2769754448,Meia Praia,Meia Praia,2099260.0,130,16148.153846153846,apartamento,3,0,0
2569457707,Andorinha,Andorinha,2099200.0,250,8396.8,apartamento,4,0,0
2558703841,,,2099200.0,300,6997.333333333333,apartamento,4,0,0
2761579718,Andorinha,Andorinha,2099000.0,112,18741.071428571428,apartamento,3,0,0
2759608019,Meia Praia,Meia Praia,2099000.0,112,18741.071428571428,apartamento,3,0,0
2759539551,Meia Praia,Meia Praia,2099000.0,112,18741.071428571428,apartamento,3,0,0
2759672758,Meia Praia,Meia Praia,2099000.0,112,18741.071428571428,apartamento,3,0,0
2657045756,Meia Praia,Meia Praia,2099000.0,142,14781.69014084507,apartamento,3,0,0
2751170297,Meia Praia,Meia Praia,2099000.0,140,14992.857142857143,apartamento,3,0,0
2718882375,Meia Praia,Meia Praia,2099000.0,145,14475.862068965518,apartamento,3,0,0
2769474541,Andorinha,Andorinha,2098680.0,112,18738.214285714286,apartamento,3,0,0
2718888637,Castelo Branco,Castelo Branco,2098000.0,145,14468.965517241379,apartamento,3,0,0
2766852027,Castelo Branco,Castelo Branco,2097800.0,203,10333.990147783252,apartamento,4,0,0
2734434513,Castelo Branco,Castelo Branco,2095900.0,137,15298.540145985402,casa,3,0,0
2751043014,Castelo Branco,Castelo Branco,2095000.0,143,14650.34965034965,apartamento,4,0,0
2735272928,Meia Praia,Meia Praia,2095000.0,143,14650.34965034965,apartamento,4,0,0
2644395661,Castelo Branco,Castelo Branco,2095000.0,143,14650.34965034965,apartamento,4,0,0
2742111969,Castelo Branco,Castelo Branco,2094953.0,185,11324.070270270271,apartamento,4,0,0
2560059693,Meia Praia,Meia Praia,2091732.0,160,13073.325,apartamento,3,0,0
2770278026,Meia Praia,Meia Praia,2090000.0,134,15597.014925373134,apartamento,3,0,0
2760188818,Meia Praia,Meia Praia,2090000.0,133,15714.285714285714,apartamento,3,0,0
2731627817,Meia Praia,Meia Praia,2090000.0,128,16328.125,apartamento,3,0,0
2720733142,Meia Praia,Meia Praia,2090000.0,120,17416.666666666668,apartamento,3,0,0
2642395141,Meia Praia,Meia Praia,2090000.0,134,15597.014925373134,apartamento,3,0,0
2655341685,Meia Praia,Meia Praia,2080000.0,120,17333.333333333332,apartamento,3,0,0
2722256748,Meia Praia,Meia Praia,2080000.0,120,17333.333333333332,apartamento,3,0,0
2630295203,Centro,Centro,2080000.0,132,15757.575757575758,apartamento,3,0,0
2769758610,Castelo Branco,Castelo Branco,2079270.0,134,15516.940298507463,apartamento,3,0,0
2767582251,Centro,Centro,2069852.0,119,17393.714285714286,apartamento,3,0,0
2736927937,Centro,Centro,2065000.0,100,20650.0,apartamento,3,0,0
2618883541,Centro,Centro,2064529.0,165,12512.29696969697,apartamento,4,0,0
2560056343,Centro,Centro,2060000.0,118,17457.627118644068,apartamento,3,0,0
2541690372,Castelo Branco,Castelo Branco,2050000.0,122,16803.27868852459,apartamento,3,0,0
2659185585,Centro,Centro,2050000.0,139,14748.20143884892,apartamento,3,0,0
2749233093,Meia Praia,Meia Praia,2050000.0,150,13666.666666666666,apartamento,3,0,0
2482909215,Meia Praia,Meia Praia,2050000.0,114,17982.456140350878,apartamento,3,0,0
2744005551,Castelo Branco,Castelo Branco,2050000.0,150,13666.666666666666,apartamento,3,0,0
2638472759,Centro,Centro,2049561.0,118,17369.161016949154,apartamento,3,0,0
2662673857,Meia Praia,Meia Praia,2046450.0,130,15741.923076923076,apartamento,3,0,0
2761576932,Meia Praia,Meia Praia,2046450.0,130,15741.923076923076,apartamento,3,0,0
2746689712,Meia Praia,Meia Praia,2046450.0,130,15741.923076923076,apartamento,3,0,0
2746689793,Meia Praia,Meia Praia,2046450.0,130,15741.923076923076,apartamento,3,0,0
2571427939,Centro,Centro,2046000.0,120,17050.0,apartamento,3,0,0
2698138394,Canto da Praia,Canto da Praia,2040000.0,120,17000.0,apartamento,3,0,0
2760121924,Andorinha,Andorinha,2036000.0,118,17254.237288135595,apartamento,3,0,0
2615432033,Castelo Branco,Castelo Branco,2034000.0,166,12253.012048192772,apartamento,4,0,0
2567418401,Castelo Branco,Castelo Branco,2027000.0,142,14274.647887323943,apartamento,3,0,0
2754747726,Ilhota,Ilhota,2025000.0,129,15697.67441860465,apartamento,3,0,0
2758290364,Ilhota,Ilhota,2025000.0,129,15697.67441860465,apartamento,3,0,0
2749758578,Ilhota,Ilhota,2025000.0,129,15697.67441860465,apartamento,3,0,0
2766852240,Meia Praia,Meia Praia,2019800.0,160,12623.75,apartamento,4,0,0
2767584329,Meia Praia,Meia Praia,2004112.0,116,17276.827586206895,apartamento,3,0,0
2595154883,Ilhota,Ilhota,2003320.0,146,13721.369863013699,apartamento,4,0,0
2705609320,Meia Praia,Meia Praia,2002000.0,122,16409.83606557377,apartamento,3,0,0
2721664593,Meia Praia,Meia Praia,2001669.0,125,16013.352,apartamento,3,0,0
2764632166,Meia Praia,Meia Praia,2000000.0,123,16260.162601626016,apartamento,3,0,0
2719904771,Centro,Centro,2000000.0,154,12987.012987012988,apartamento,3,0,0
2715416019,,,2000000.0,128,15625.0,apartamento,3,0,0
2764633192,Meia Praia,Meia Praia,2000000.0,150,13333.333333333334,apartamento,3,0,0
2764860724,Meia Praia,Meia Praia,2000000.0,148,13513.513513513513,apartamento,3,0,0
2764632188,Meia Praia,Meia Praia,2000000.0,115,17391.304347826088,apartamento,3,0,0
2723211738,Andorinha,Andorinha,2000000.0,142,14084.507042253521,apartamento,3,0,0
2658963604,Meia Praia,Meia Praia,2000000.0,159,12578.616352201258,apartamento,3,0,0
2707071361,Morretes,Morretes,2000000.0,116,17241.379310344826,apartamento,3,0,0
2753631295,Meia Praia,Meia Praia,2000000.0,261,7662.835249042146,apartamento,3,0,0
2721491888,Centro,Centro,2000000.0,200,10000.0,apartamento,2,0,0
2754168867,Centro,Centro,2000000.0,101,19801.980198019803,apartamento,3,0,0
2661820011,Meia Praia,Meia Praia,2000000.0,115,17391.304347826088,apartamento,3,0,0
2745680594,Andorinha,Andorinha,2000000.0,167,11976.047904191617,apartamento,4,0,0
2744013514,Meia Praia,Meia Praia,2000000.0,172,11627.906976744185,apartamento,3,0,0
2753261120,Meia Praia,Meia Praia,2000000.0,228,8771.929824561403,apartamento,4,0,0
2672204316,Meia Praia,Meia Praia,2000000.0,117,17094.017094017094,apartamento,3,0,0
2672324776,Meia Praia,Meia Praia,2000000.0,172,11627.906976744185,apartamento,3,0,0
2690155611,Andorinha,Andorinha,2000000.0,135,14814.814814814816,apartamento,3,0,0
2721242939,Meia Praia,Meia Praia,2000000.0,133,15037.593984962406,apartamento,3,0,0
2742890291,Meia Praia,Meia Praia,2000000.0,270,7407.407407407408,apartamento,3,0,0
2756184626,Meia Praia,Meia Praia,2000000.0,114,17543.859649122805,apartamento,3,0,0
2740006962,Andorinha,Andorinha,2000000.0,261,7662.835249042146,apartamento,3,0,0
2745301106,Meia Praia,Meia Praia,2000000.0,118,16949.15254237288,apartamento,3,0,0
2739557048,Centro,Centro,2000000.0,153,13071.8954248366,apartamento,3,0,0
2625209362,Meia Praia,Meia Praia,2000000.0,135,14814.814814814816,apartamento,3,0,0
2683042275,,,2000000.0,65,30769.23076923077,apartamento,1,0,0
2764952277,Meia Praia,Meia Praia,2000000.0,176,11363.636363636364,apartamento,4,0,0
2753631296,Andorinha,Andorinha,2000000.0,126,15873.015873015873,apartamento,3,0,0
2768649927,Meia Praia,Meia Praia,2000000.0,169,11834.31952662722,comercial,0,0,0
2733742814,Andorinha,Andorinha,2000000.0,145,13793.103448275862,apartamento,3,0,0
2594833678,,,2000000.0,242,8264.462809917355,apartamento,4,0,0
2646968176,Meia Praia,Meia Praia,2000000.0,180,11111.111111111111,apartamento,3,0,0
2738790634,Andorinha,Andorinha,2000000.0,202,9900.990099009901,apartamento,4,0,0
2761809656,Meia Praia,Meia Praia,2000000.0,150,13333.333333333334,apartamento,3,0,0
2765546456,Meia Praia,Meia Praia,2000000.0,148,13513.513513513513,apartamento,4,0,0
2626748160,Meia Praia,Meia Praia,2000000.0,117,17094.017094017094,apartamento,3,0,0
2744012693,Meia Praia,Meia Praia,2000000.0,145,13793.103448275862,apartamento,4,0,0
2714721441,Centro,Centro,2000000.0,141,14184.397163120568,apartamento,3,0,0
2730380529,Ilhota,Ilhota,2000000.0,350,5714.285714285715,casa,3,0,0
2682160806,Andorinha,Andorinha,2000000.0,164,12195.121951219513,apartamento,4,0,0
2743410766,Meia Praia,Meia Praia,2000000.0,146,13698.630136986301,apartamento,4,0,0
2755977813,Meia Praia,Meia Praia,2000000.0,158,12658.227848101265,apartamento,4,0,0
2725553235,Centro,Centro,2000000.0,100,20000.0,apartamento,3,0,0
2644975012,Morretes,Morretes,2000000.0,365,5479.45205479452,comercial,11,0,0
2764955520,Centro,Centro,1999999.0,125,15999.992,apartamento,3,0,0
2764955517,Meia Praia,Meia Praia,1999900.0,191,10470.680628272252,apartamento,3,0,0
2770199478,Casa Branca,Casa Branca,1999900.0,190,10525.78947368421,apartamento,3,0,0
2765546560,Meia Praia,Meia Praia,1999800.0,157,12737.579617834395,apartamento,4,0,0
2769752537,Meia Praia,Meia Praia,1999710.0,168,11903.035714285714,apartamento,4,0,0
2769186740,Andorinha,Andorinha,1999690.0,127,15745.590551181102,apartamento,3,0,0
2760744332,Meia Praia,Meia Praia,1999650.0,123,16257.317073170732,apartamento,3,0,0
2769183285,Meia Praia,Meia Praia,1999630.0,145,13790.551724137931,apartamento,4,0,0
2753365816,Andorinha,Andorinha,1999280.0,135,14809.481481481482,apartamento,3,0,0
2770030162,Meia Praia,Meia Praia,1999260.0,116,17235.0,apartamento,3,0,0
2769187145,Meia Praia,Meia Praia,1999200.0,100,19992.0,apartamento,3,0,0
2769187251,Meia Praia,Meia Praia,1999170.0,180,11106.5,apartamento,4,0,0
2744007773,Centro,Centro,1999000.0,149,13416.107382550335,apartamento,3,0,0
2722258857,Meia Praia,Meia Praia,1999000.0,130,15376.923076923076,apartamento,3,0,0
2661363564,Meia Praia,Meia Praia,1999000.0,127,15740.157480314962,apartamento,3,0,0
2749254603,Castelo Branco,Castelo Branco,1999000.0,164,12189.024390243903,apartamento,3,0,0
2736451509,Meia Praia,Meia Praia,1999000.0,123,16252.032520325203,apartamento,3,0,0
2766854114,Meia Praia,Meia Praia,1998800.0,160,12492.5,apartamento,3,0,0
2769854418,Meia Praia,Meia Praia,1998780.0,252,7931.666666666667,apartamento,4,0,0
2649205259,Castelo Branco,Castelo Branco,1998509.0,150,13323.393333333333,apartamento,3,0,0
2624573916,Meia Praia,Meia Praia,1998000.0,173,11549.13294797688,apartamento,4,0,0
2699782109,Meia Praia,Meia Praia,1997000.0,129,15480.62015503876,apartamento,3,0,0
2747203793,Meia Praia,Meia Praia,1996000.0,123,16227.642276422765,apartamento,3,0,0
2695706309,Castelo Branco,Castelo Branco,1995654.0,150,13304.36,apartamento,3,0,0
2613516518,Meia Praia,Meia Praia,1995000.0,131,15229.007633587786,apartamento,3,0,0
2547503323,Meia Praia,Meia Praia,1995000.0,133,15000.0,apartamento,3,0,0
2760453517,Meia Praia,Meia Praia,1990000.0,132,15075.757575757576,apartamento,3,0,0
2702305083,Meia Praia,Meia Praia,1990000.0,135,14740.74074074074,apartamento,3,0,0
2560057017,Meia Praia,Meia Praia,1990000.0,164,12134.146341463415,apartamento,4,0,0
2755524994,Meia Praia,Meia Praia,1990000.0,145,13724.137931034482,apartamento,4,0,0
2764399125,Andorinha,Andorinha,1990000.0,129,15426.356589147286,apartamento,3,0,0
2764861326,Castelo Branco,Castelo Branco,1990000.0,121,16446.280991735537,apartamento,3,0,0
2708775966,Meia Praia,Meia Praia,1990000.0,158,12594.93670886076,apartamento,3,0,0
2759540531,Meia Praia,Meia Praia,1990000.0,129,15426.356589147286,apartamento,3,0,0
2744006711,Andorinha,Andorinha,1990000.0,121,16446.280991735537,apartamento,3,0,0
2759671857,Meia Praia,Meia Praia,1990000.0,130,15307.692307692309,apartamento,3,0,0
2734803308,Centro,Centro,1990000.0,130,15307.692307692309,apartamento,3,0,0
2755274799,Meia Praia,Meia Praia,1990000.0,121,16446.280991735537,apartamento,3,0,0
2626748179,Centro,Centro,1990000.0,127,15669.291338582678,apartamento,3,0,0
2686029045,Andorinha,Andorinha,1990000.0,164,12134.146341463415,apartamento,4,0,0
2759881814,Castelo Branco,Castelo Branco,1990000.0,116,17155.172413793105,apartamento,3,0,0
2769148278,Centro,Centro,1990000.0,130,15307.692307692309,apartamento,3,0,0
2767582397,Andorinha,Andorinha,1990000.0,164,12134.146341463415,apartamento,4,0,0
2726600575,Meia Praia,Meia Praia,1990000.0,121,16446.280991735537,apartamento,3,0,0
2759605148,Meia Praia,Meia Praia,1990000.0,129,15426.356589147286,apartamento,3,0,0
2682448374,Meia Praia,Meia Praia,1990000.0,135,14740.74074074074,apartamento,3,0,0
2763409931,Meia Praia,Meia Praia,1990000.0,135,14740.74074074074,apartamento,3,0,0
2733863216,Meia Praia,Meia Praia,1990000.0,121,16446.280991735537,apartamento,3,0,0
2720069006,Meia Praia,Meia Praia,1990000.0,121,16446.280991735537,apartamento,3,0,0
2763107752,Andorinha,Andorinha,1990000.0,138,14420.289855072464,apartamento,3,0,0
2764949568,Meia Praia,Meia Praia,1990000.0,133,14962.406015037594,apartamento,3,0,0
2765063643,Meia Praia,Meia Praia,1990000.0,138,14420.289855072464,apartamento,3,0,0
2767581350,Andorinha,Andorinha,1990000.0,121,16446.280991735537,apartamento,3,0,0
2650069873,Meia Praia,Meia Praia,1990000.0,128,15546.875,apartamento,3,0,0
2510619008,Andorinha,Andorinha,1990000.0,164,12134.146341463415,apartamento,4,0,0
2751941221,Castelo Branco,Castelo Branco,1990000.0,10,199000.0,apartamento,3,0,1
2747203131,Meia Praia,Meia Praia,1990000.0,121,16446.280991735537,apartamento,3,0,0
2759189980,Castelo Branco,Castelo Branco,1990000.0,117,17008.547008547008,apartamento,3,0,0
2747201024,Meia Praia,Meia Praia,1990000.0,138,14420.289855072464,apartamento,3,0,0
2761879816,Meia Praia,Meia Praia,1990000.0,138,14420.289855072464,apartamento,3,0,0
2675182818,Centro,Centro,1990000.0,150,13266.666666666666,apartamento,3,0,0
2766854314,Andorinha,Andorinha,1990000.0,137,14525.547445255474,apartamento,3,0,0
2751872599,Andorinha,Andorinha,1990000.0,138,14420.289855072464,apartamento,3,0,0
2764860330,Meia Praia,Meia Praia,1990000.0,116,17155.172413793105,apartamento,3,0,0
2740224908,Meia Praia,Meia Praia,1990000.0,140,14214.285714285714,apartamento,3,0,0
2740240604,Castelo Branco,Castelo Branco,1990000.0,116,17155.172413793105,apartamento,3,0,0
2760453615,Centro,Centro,1990000.0,131,15190.839694656488,apartamento,3,0,0
2766855330,Meia Praia,Meia Praia,1990000.0,128,15546.875,apartamento,2,0,0
2747203152,Centro,Centro,1990000.0,130,15307.692307692309,apartamento,3,0,0
2769759344,Meia Praia,Meia Praia,1990000.0,129,15426.356589147286,apartamento,3,0,0
2593072134,Andorinha,Andorinha,1990000.0,164,12134.146341463415,apartamento,4,0,0
2759132729,Centro,Centro,1990000.0,140,14214.285714285714,apartamento,3,0,0
2726299710,Meia Praia,Meia Praia,1990000.0,140,14214.285714285714,apartamento,3,0,0
2656735521,Meia Praia,Meia Praia,1990000.0,165,12060.60606060606,apartamento,3,0,0
2712205359,Castelo Branco,Castelo Branco,1990000.0,129,15426.356589147286,apartamento,3,0,0
2731047344,Meia Praia,Meia Praia,1990000.0,121,16446.280991735537,apartamento,3,0,0
2715509295,Meia Praia,Meia Praia,1990000.0,153,13006.535947712418,apartamento,4,0,0
2759605153,Meia Praia,Meia Praia,1990000.0,130,15307.692307692309,apartamento,3,0,0
2765060478,Castelo Branco,Castelo Branco,1990000.0,123,16178.861788617885,apartamento,3,0,0
2766852313,Meia Praia,Meia Praia,1989800.0,150,13265.333333333334,apartamento,3,0,0
2766852524,Canto da Praia,Canto da Praia,1989800.0,137,14524.087591240876,apartamento,3,0,0
2769475728,Andorinha,Andorinha,1989730.0,275,7235.381818181818,apartamento,4,0,0
2769188682,Meia Praia,Meia Praia,1989690.0,136,14630.073529411764,apartamento,3,0,0
2769182071,Meia Praia,Meia Praia,1989510.0,123,16174.878048780487,apartamento,3,0,0
2769838288,Andorinha,Andorinha,1989460.0,120,16578.833333333332,apartamento,3,0,0
2770028007,Castelo Branco,Castelo Branco,1989460.0,129,15422.170542635658,apartamento,3,0,0
2769753602,Centro,Centro,1989450.0,130,15303.461538461539,apartamento,3,0,0
2769843569,Meia Praia,Meia Praia,1989230.0,137,14519.92700729927,apartamento,3,0,0
2769181939,Meia Praia,Meia Praia,1989150.0,327,6083.027522935779,apartamento,3,0,0
2730783271,Meia Praia,Meia Praia,1982018.0,158,12544.417721518987,apartamento,4,0,0
2673148295,Meia Praia,Meia Praia,1980000.0,125,15840.0,apartamento,3,0,0
2752688540,Castelo Branco,Castelo Branco,1980000.0,192,10312.5,apartamento,4,0,0
2745481496,Meia Praia,Meia Praia,1980000.0,149,13288.590604026846,apartamento,3,0,0
2765016364,Centro,Centro,1980000.0,125,15840.0,apartamento,3,0,0
2756560244,Meia Praia,Meia Praia,1980000.0,10,198000.0,apartamento,4,0,1
2723361454,Centro,Centro,1980000.0,115,17217.391304347828,apartamento,3,0,0
2661819280,Meia Praia,Meia Praia,1980000.0,123,16097.560975609756,apartamento,3,0,0
2738890444,Meia Praia,Meia Praia,1980000.0,150,13200.0,apartamento,4,0,0
2594623375,Meia Praia,Meia Praia,1980000.0,145,13655.172413793103,apartamento,4,0,0
2749228282,Meia Praia,Meia Praia,1980000.0,145,13655.172413793103,apartamento,4,0,0
2663762913,Centro,Centro,1980000.0,115,17217.391304347828,apartamento,3,0,0
2744805298,Centro,Centro,1980000.0,149,13288.590604026846,apartamento,3,0,0
2580205517,Meia Praia,Meia Praia,1980000.0,223,8878.923766816144,apartamento,4,0,0
2756014644,Centro,Centro,1980000.0,100,19800.0,apartamento,3,0,0
2609061691,Meia Praia,Meia Praia,1980000.0,170,11647.058823529413,apartamento,3,0,0
2766853429,Meia Praia,Meia Praia,1979800.0,129,15347.286821705426,apartamento,3,0,0
2766853916,Meia Praia,Meia Praia,1979800.0,135,14665.185185185184,apartamento,4,0,0
2769839004,Andorinha,Andorinha,1979270.0,124,15961.854838709678,apartamento,3,0,0
2769852306,Meia praia,Meia Praia,1979060.0,153,12935.032679738562,apartamento,4,0,0
2766852716,Canto da Praia,Canto da Praia,1979000.0,119,16630.252100840335,apartamento,3,0,0
2687442045,Meia Praia,Meia Praia,1978957.0,142,13936.31690140845,apartamento,3,0,0
2655792295,Centro,Centro,1974885.0,141,14006.27659574468,apartamento,4,0,0
2760452028,Castelo Branco,Castelo Branco,1970000.0,272,7242.64705882353,apartamento,3,0,0
2765546852,Andorinha,Andorinha,1970000.0,138,14275.36231884058,apartamento,3,0,0
2757804584,Castelo Branco,Castelo Branco,1970000.0,129,15271.317829457364,apartamento,3,0,0
2769184708,Andorinha,Andorinha,1969420.0,118,16690.0,apartamento,3,0,0
2729683075,Meia Praia,Meia Praia,1968800.0,121,16271.07438016529,apartamento,3,0,0
2766853517,Andorinha,Andorinha,1967800.0,175,11244.57142857143,apartamento,4,0,0
2713951052,Centro,Centro,1964423.0,92,21352.42391304348,apartamento,2,0,0
2744015180,Meia Praia,Meia Praia,1960000.0,120,16333.333333333334,apartamento,3,0,0
2764631053,Meia Praia,Meia Praia,1960000.0,122,16065.573770491803,apartamento,3,0,0
2769341146,Meia Praia,Meia Praia,1960000.0,122,16065.573770491803,apartamento,3,0,0
2764750464,Meia Praia,Meia Praia,1960000.0,120,16333.333333333334,apartamento,3,0,0
2736133040,Meia Praia,Meia Praia,1960000.0,122,16065.573770491803,apartamento,3,0,0
2729769120,Meia Praia,Meia Praia,1960000.0,122,16065.573770491803,apartamento,3,0,0
2651460258,Meia Praia,Meia Praia,1960000.0,120,16333.333333333334,casa,3,0,0
2713539407,Meia Praia,Meia Praia,1960000.0,122,16065.573770491803,apartamento,3,0,0
2634089187,Centro,Centro,1959000.0,151,12973.509933774834,apartamento,4,0,0
2644030574,Meia Praia,Meia Praia,1959000.0,99,19787.878787878788,apartamento,3,0,0
2761331992,Centro,Centro,1959000.0,150,13060.0,apartamento,4,0,0
2767582727,Centro,Centro,1959000.0,150,13060.0,apartamento,4,0,0
2718029270,Centro,Centro,1958000.0,146,13410.95890410959,apartamento,3,0,0
2718029841,Centro,Centro,1955000.0,144,13576.388888888889,apartamento,3,0,0
2721614139,Centro,Centro,1950500.0,141,13833.333333333334,apartamento,4,0,0
2740006704,Andorinha,Andorinha,1950000.0,118,16525.42372881356,apartamento,3,0,0
2750455756,Andorinha,Andorinha,1950000.0,130,15000.0,apartamento,4,0,0
2753628241,Castelo Branco,Castelo Branco,1950000.0,117,16666.666666666668,apartamento,3,0,0
2761506950,Meia Praia,Meia Praia,1950000.0,122,15983.606557377048,apartamento,3,0,0
2599019699,Centro,Centro,1950000.0,139,14028.776978417267,apartamento,3,0,0
2719505997,Morretes,Morretes,1950000.0,125,15600.0,apartamento,4,0,0
2617955015,Meia Praia,Meia Praia,1950000.0,149,13087.24832214765,apartamento,4,0,0
2723210885,Meia Praia,Meia Praia,1950000.0,105,18571.428571428572,apartamento,3,0,0
2767584133,Morretes,Morretes,1950000.0,134,14552.23880597015,apartamento,4,0,0
2764633151,Meia Praia,Meia Praia,1950000.0,118,16525.42372881356,apartamento,3,0,0
2759607813,Meia Praia,Meia Praia,1950000.0,128,15234.375,apartamento,3,0,0
2754704198,Meia Praia,Meia Praia,1950000.0,122,15983.606557377048,apartamento,3,0,0
2759670923,Meia Praia,Meia Praia,1950000.0,128,15234.375,apartamento,3,0,0
2720923542,Meia Praia,Meia Praia,1950000.0,170,11470.588235294117,apartamento,3,0,0
2730784247,Meia Praia,Meia Praia,1950000.0,129,15116.279069767443,apartamento,3,0,0
2718028954,Centro,Centro,1950000.0,145,13448.275862068966,apartamento,3,0,0
2761577051,Meia Praia,Meia Praia,1950000.0,128,15234.375,apartamento,3,0,0
2575643649,Meia Praia,Meia Praia,1950000.0,380,5131.578947368421,apartamento,3,0,0
2608012949,Centro,Centro,1950000.0,114,17105.263157894737,apartamento,3,0,0
2769700920,Andorinha,Andorinha,1950000.0,130,15000.0,apartamento,4,0,0
2754968105,Meia Praia,Meia Praia,1950000.0,132,14772.727272727272,apartamento,3,0,0
2764631048,Meia Praia,Meia Praia,1950000.0,1443,1351.3513513513512,apartamento,3,0,0
2653089758,Meia Praia,Meia Praia,1950000.0,130,15000.0,apartamento,3,0,0
2721665462,Andorinha,Andorinha,1950000.0,131,14885.496183206107,apartamento,3,0,0
2754785414,Meia Praia,Meia Praia,1950000.0,144,13541.666666666666,apartamento,3,0,0
2759672542,Centro,Centro,1950000.0,115,16956.521739130436,apartamento,3,0,0
2558703391,,,1950000.0,230,8478.260869565218,apartamento,4,0,0
2574080906,Meia Praia,Meia Praia,1950000.0,127,15354.330708661417,apartamento,3,0,0
2539933949,Meia Praia,Meia Praia,1950000.0,127,15354.330708661417,apartamento,3,0,0
2750186803,Andorinha,Andorinha,1950000.0,131,14885.496183206107,apartamento,3,0,0
2744007088,Andorinha,Andorinha,1950000.0,121,16115.702479338843,apartamento,3,0,0
2743507120,Meia Praia,Meia Praia,1950000.0,128,15234.375,apartamento,3,0,0
2569300658,Meia Praia,Meia Praia,1950000.0,171,11403.508771929824,apartamento,4,0,0
2751889209,Meia Praia,Meia Praia,1950000.0,144,13541.666666666666,apartamento,3,0,0
2759605535,Centro,Centro,1950000.0,115,16956.521739130436,apartamento,3,0,0
2759538945,Meia Praia,Meia Praia,1950000.0,128,15234.375,apartamento,3,0,0
2704243322,Meia Praia,Meia Praia,1950000.0,185,10540.54054054054,apartamento,4,0,0
2758297082,Meia Praia,Meia Praia,1950000.0,123,15853.658536585366,apartamento,3,0,0
2764632231,Meia Praia,Meia Praia,1950000.0,123,15853.658536585366,apartamento,3,0,0
2755294588,Meia Praia,Meia Praia,1949900.0,140,13927.857142857143,casa,3,0,0
2769848787,Meia Praia,Meia Praia,1949770.0,126,15474.36507936508,apartamento,3,0,0
2770252725,Meia Praia,Meia Praia,1949770.0,128,15232.578125,apartamento,3,0,0
2769847783,Castelo Branco,Castelo Branco,1949420.0,145,13444.275862068966,apartamento,4,0,0
2755299194,Andorinha,Andorinha,1949310.0,118,16519.57627118644,apartamento,3,0,0
2759711316,Centro,Centro,1949030.0,105,18562.190476190477,apartamento,2,0,0
2752619293,Morretes,Morretes,1949000.0,130,14992.307692307691,apartamento,3,0,0
2754122711,Castelo Branco,Castelo Branco,1948800.0,17,114635.29411764706,apartamento,3,0,1
2767582266,Castelo Branco,Castelo Branco,1946256.0,152,12804.315789473685,apartamento,3,0,0
2760827827,Andorinha,Andorinha,1945000.0,175,11114.285714285714,apartamento,3,0,0
2748823196,Meia Praia,Meia Praia,1945000.0,116,16767.241379310344,apartamento,3,0,0
2766852518,Andorinha,Andorinha,1944800.0,120,16206.666666666666,apartamento,3,0,0
2766853620,Meia Praia,Meia Praia,1940800.0,150,12938.666666666666,apartamento,3,0,0
2754746315,Andorinha,Andorinha,1940000.0,143,13566.433566433567,apartamento,3,0,0
2766851823,Meia Praia,Meia Praia,1939948.0,130,14922.676923076922,apartamento,3,0,0
2769854230,Meia Praia,Meia Praia,1939850.0,119,16301.26050420168,apartamento,3,0,0
2754748206,Andorinha,Andorinha,1938348.0,135,14358.133333333333,apartamento,3,0,0
2731120819,Meia Praia,Meia Praia,1937000.0,145,13358.620689655172,apartamento,3,0,0
2719555541,Centro,Centro,1935000.0,150,12900.0,apartamento,5,0,0
2570146407,Castelo Branco,Castelo Branco,1930000.0,123,15691.056910569107,apartamento,3,0,0
2754746750,Castelo Branco,Castelo Branco,1930000.0,125,15440.0,apartamento,3,0,0
2758662032,Centro,Centro,1930000.0,133,14511.278195488721,apartamento,3,0,0
2764895318,Castelo Branco,Castelo Branco,1930000.0,123,15691.056910569107,apartamento,3,0,0
2552096594,Castelo Branco,Castelo Branco,1930000.0,123,15691.056910569107,apartamento,3,0,0
2683359413,Andorinha,Andorinha,1928111.0,132,14606.901515151516,apartamento,3,0,0
2770277868,Meia Praia,Meia Praia,1920000.0,149,12885.906040268457,apartamento,4,0,0
2630293620,Andorinha,Andorinha,1920000.0,140,13714.285714285714,apartamento,4,0,0
2677256603,Meia Praia,Meia Praia,1920000.0,140,13714.285714285714,apartamento,4,0,0
2769342623,Meia Praia,Meia Praia,1920000.0,149,12885.906040268457,apartamento,4,0,0
2630291012,Andorinha,Andorinha,1920000.0,137,14014.598540145986,apartamento,3,0,0
2761658231,Meia Praia,Meia Praia,1920000.0,149,12885.906040268457,apartamento,4,0,0
2757308522,Meia Praia,Meia Praia,1919040.0,149,12879.463087248321,apartamento,4,0,0
2754965407,Castelo Branco,Castelo Branco,1918000.0,150,12786.666666666666,apartamento,4,0,0
2754747603,Centro,Centro,1918000.0,130,14753.846153846154,apartamento,4,0,0
2743253592,Centro,Centro,1918000.0,133,14421.052631578947,apartamento,4,0,0
2511793569,Meia Praia,Meia Praia,1915000.0,132,14507.575757575758,apartamento,3,0,0
2750762175,Meia Praia,Meia Praia,1914000.0,122,15688.524590163934,apartamento,4,0,0
2764631488,Meia Praia,Meia Praia,1914000.0,122,15688.524590163934,apartamento,4,0,0
2723209921,Meia Praia,Meia Praia,1913000.0,122,15680.327868852459,apartamento,2,0,0
2764954573,Meia Praia,Meia Praia,1913000.0,81,23617.283950617282,apartamento,2,0,0
2721372964,Meia Praia,Meia Praia,1913000.0,81,23617.283950617282,apartamento,2,0,0
2757198543,Castelo Branco,Castelo Branco,1911158.0,135,14156.725925925926,apartamento,3,0,0
2766855615,Meia Praia,Meia Praia,1908800.0,133,14351.87969924812,apartamento,3,0,0
2692282536,Meia Praia,Meia Praia,1908000.0,147,12979.591836734693,apartamento,3,0,0
2552506557,Centro,Centro,1908000.0,125,15264.0,apartamento,4,0,0
2764402634,Meia Praia,Meia Praia,1905630.0,105,18148.85714285714,apartamento,3,0,0
2592754777,Castelo Branco,Castelo Branco,1900000.0,174,10919.540229885057,apartamento,4,0,0
2740006706,Meia Praia,Meia Praia,1900000.0,128,14843.75,apartamento,3,0,0
2699373774,Meia Praia,Meia Praia,1900000.0,124,15322.58064516129,apartamento,3,0,0
2661820192,,,1900000.0,127,14960.629921259842,apartamento,3,0,0
2764895116,Meia Praia,Meia Praia,1900000.0,134,14179.10447761194,apartamento,3,0,0
2763088542,Andorinha,Andorinha,1900000.0,112,16964.285714285714,apartamento,3,0,0
2764634148,Meia Praia,Meia Praia,1900000.0,124,15322.58064516129,apartamento,3,0,0
2748478796,Andorinha,Andorinha,1900000.0,120,15833.333333333334,apartamento,3,0,0
2609062501,Centro,Centro,1900000.0,135,14074.074074074075,apartamento,3,0,0
2664417201,Meia Praia,Meia Praia,1900000.0,100,19000.0,apartamento,3,0,0
2744006722,Andorinha,Andorinha,1900000.0,131,14503.81679389313,apartamento,3,0,0
2511795593,Centro,Centro,1900000.0,140,13571.42857142857,apartamento,3,0,0
2744013572,Meia Praia,Meia Praia,1900000.0,165,11515.151515151516,apartamento,3,0,0
2694771595,Meia Praia,Meia Praia,1900000.0,118,16101.694915254237,apartamento,3,0,0
2764632757,Meia Praia,Meia Praia,1900000.0,1285,1478.5992217898834,apartamento,3,0,0
2769149921,Meia Praia,Meia Praia,1900000.0,115,16521.739130434784,apartamento,3,0,0
2747202347,Meia Praia,Meia Praia,1900000.0,100,19000.0,apartamento,3,0,0
2768632230,Andorinha,Andorinha,1900000.0,120,15833.333333333334,apartamento,3,0,0
2646971275,Meia Praia,Meia Praia,1900000.0,150,12666.666666666666,apartamento,3,0,0
2594646767,Meia Praia,Meia Praia,1900000.0,139,13669.06474820144,apartamento,3,0,0
2763649137,Meia Praia,Meia Praia,1900000.0,124,15322.58064516129,apartamento,3,0,0
2725596839,Meia Praia,Meia Praia,1900000.0,260,7307.692307692308,apartamento,3,0,0
2764634328,Meia Praia,Meia Praia,1900000.0,115,16521.739130434784,apartamento,3,0,0
2754701936,Meia Praia,Meia Praia,1900000.0,124,15322.58064516129,apartamento,3,0,0
2594382160,Meia Praia,Meia Praia,1900000.0,132,14393.939393939394,apartamento,3,0,0
2765546458,Centro,Centro,1900000.0,122,15573.77049180328,apartamento,3,0,0
2747201944,Meia Praia,Meia Praia,1900000.0,100,19000.0,apartamento,3,0,0
2698139575,Centro,Centro,1900000.0,133,14285.714285714286,apartamento,3,0,0
2761579332,Meia Praia,Meia Praia,1900000.0,100,19000.0,apartamento,3,0,0
2765499040,Centro,Centro,1900000.0,152,12500.0,apartamento,3,0,0
2665874032,Centro,Centro,1900000.0,130,14615.384615384615,apartamento,3,0,0
2673016481,Centro,Centro,1900000.0,133,14285.714285714286,apartamento,3,0,0
2666979701,Meia Praia,Meia Praia,1900000.0,100,19000.0,apartamento,3,0,0
2740498738,Meia Praia,Meia Praia,1900000.0,124,15322.58064516129,apartamento,3,0,0
2742329570,Centro,Centro,1900000.0,126,15079.36507936508,apartamento,3,0,0
2656883568,Meia Praia,Meia Praia,1900000.0,100,19000.0,apartamento,3,0,0
2733171560,Centro,Centro,1900000.0,153,12418.300653594772,apartamento,3,0,0
2734654622,,,1900000.0,128,14843.75,apartamento,3,0,0
2644771565,Andorinha,Andorinha,1900000.0,135,14074.074074074075,apartamento,3,0,0
2760138827,Meia Praia,Meia Praia,1900000.0,128,14843.75,apartamento,2,0,0
2723208919,Meia Praia,Meia Praia,1900000.0,143,13286.713286713286,apartamento,3,0,0
2596607335,Meia Praia,Meia Praia,1900000.0,163,11656.441717791411,apartamento,3,0,0
2753628242,Meia Praia,Meia Praia,1900000.0,124,15322.58064516129,apartamento,3,0,0
2720509034,Meia Praia,Meia Praia,1900000.0,100,19000.0,apartamento,3,0,0
2760452027,Meia Praia,Meia Praia,1900000.0,124,15322.58064516129,apartamento,3,0,0
2754541796,Andorinha,Andorinha,1900000.0,120,15833.333333333334,apartamento,3,0,0
2764634728,Meia Praia,Meia Praia,1900000.0,128,14843.75,apartamento,3,0,0
2761579916,Andorinha,Andorinha,1900000.0,120,15833.333333333334,apartamento,3,0,0
2749129709,Andorinha,Andorinha,1900000.0,120,15833.333333333334,apartamento,3,0,0
2675653514,Meia Praia,Meia Praia,1900000.0,100,19000.0,apartamento,3,0,0
2767584136,Andorinha,Andorinha,1900000.0,126,15079.36507936508,apartamento,3,0,0
2641528660,Meia Praia,Meia Praia,1900000.0,122,15573.77049180328,apartamento,3,0,0
2735197515,Meia Praia,Meia Praia,1900000.0,140,13571.42857142857,comercial,0,0,0
2767583571,Meia Praia,Meia Praia,1900000.0,114,16666.666666666668,apartamento,3,0,0
2767581885,Andorinha,Andorinha,1900000.0,126,15079.36507936508,apartamento,3,0,0
2764634761,Meia Praia,Meia Praia,1900000.0,131,14503.81679389313,apartamento,3,0,0
2757611315,Andorinha,Andorinha,1900000.0,120,15833.333333333334,apartamento,3,0,0
2766852841,Castelo Branco,Castelo Branco,1900000.0,137,13868.61313868613,apartamento,3,0,0
2694649675,Meia Praia,Meia Praia,1900000.0,318,5974.842767295598,apartamento,3,0,0
2699371296,Meia Praia,Meia Praia,1900000.0,100,19000.0,apartamento,3,0,0
2739740517,Meia Praia,Meia Praia,1900000.0,193,9844.559585492229,apartamento,4,0,0
2747202726,Andorinha,Andorinha,1900000.0,112,16964.285714285714,apartamento,3,0,0
2661096291,Meia Praia,Meia Praia,1899987.0,163,11656.361963190184,apartamento,3,0,0
2766852316,Castelo Branco,Castelo Branco,1899800.0,174,10918.3908045977,apartamento,4,0,0
2766851923,Meia Praia,Meia Praia,1899800.0,140,13570.0,apartamento,3,0,0
2766853619,Meia Praia,Meia Praia,1899800.0,150,12665.333333333334,apartamento,4,0,0
2769847635,Andorinha,Andorinha,1899770.0,132,14392.19696969697,apartamento,3,0,0
2769180656,Castelo Branco,Castelo Branco,1899710.0,123,15444.796747967479,apartamento,3,0,0
2768968420,Andorinha,Andorinha,1899640.0,120,15830.333333333334,apartamento,3,0,0
2754540368,Andorinha,Andorinha,1899310.0,154,12333.181818181818,apartamento,3,0,0
2769187348,Andorinha,Andorinha,1899310.0,115,16515.739130434784,apartamento,3,0,0
2726970040,Meia Praia,Meia Praia,1899000.0,113,16805.309734513274,apartamento,3,0,0
2678336814,Meia Praia,Meia Praia,1899000.0,113,16805.309734513274,apartamento,3,0,0
2736716635,Centro,Centro,1899000.0,160,11868.75,apartamento,3,0,0
2661819992,Meia Praia,Meia Praia,1899000.0,100,18990.0,apartamento,3,0,0
2622333821,Andorinha,Andorinha,1899000.0,130,14607.692307692309,apartamento,3,0,0
2717778604,Castelo Branco,Castelo Branco,1899000.0,164,11579.268292682927,apartamento,3,0,0
2723210029,Meia Praia,Meia Praia,1899000.0,115,16513.043478260868,apartamento,3,0,0
2670312418,Meia Praia,Meia Praia,1899000.0,178,10668.539325842698,apartamento,4,0,0
2769475726,Meia Praia,Meia Praia,1898900.0,113,16804.424778761062,apartamento,3,0,0
2746545126,Andorinha,Andorinha,1898000.0,125,15184.0,apartamento,3,0,0
2569300661,Centro,Centro,1895000.0,123,15406.50406504065,apartamento,3,0,0
2766853118,Centro,Centro,1895000.0,123,15406.50406504065,apartamento,3,0,0
2765549826,Meia Praia,Meia Praia,1891000.0,100,18910.0,apartamento,4,0,0
2764633068,Meia Praia,Meia Praia,1890832.0,105,18007.92380952381,apartamento,3,0,0
2655425666,Meia Praia,Meia Praia,1890832.0,106,17838.037735849055,apartamento,3,0,0
2539341181,Meia Praia,Meia Praia,1890832.0,105,18007.92380952381,apartamento,3,0,0
2766855032,Meia Praia,Meia Praia,1890800.0,100,18908.0,apartamento,3,0,0
2754192293,Castelo Branco,Castelo Branco,1890000.0,135,14000.0,apartamento,3,0,0
2626580004,Centro,Centro,1890000.0,149,12684.563758389262,apartamento,3,0,0
2645702395,Centro,Centro,1890000.0,149,12684.563758389262,apartamento,3,0,0
2764633030,Meia Praia,Meia Praia,1890000.0,132,14318.181818181818,apartamento,3,0,0
2735382017,Andorinha,Andorinha,1890000.0,135,14000.0,apartamento,3,0,0
2671069030,Meia Praia,Meia Praia,1890000.0,138,13695.652173913044,apartamento,3,0,0
2762947230,Meia Praia,Meia Praia,1890000.0,145,13034.48275862069,apartamento,4,0,0
2727423492,Andorinha,Andorinha,1890000.0,118,16016.949152542373,apartamento,3,0,0
2756564013,Meia Praia,Meia Praia,1890000.0,10,189000.0,apartamento,3,0,1
2747712947,Meia Praia,Meia Praia,1890000.0,135,14000.0,apartamento,3,0,0
2661820170,Centro,Centro,1890000.0,148,12770.27027027027,apartamento,3,0,0
2761878145,Centro,Centro,1890000.0,149,12684.563758389262,apartamento,3,0,0
2764978837,Andorinha,Andorinha,1890000.0,126,15000.0,apartamento,3,0,0
2737231693,Andorinha,Andorinha,1890000.0,158,11962.025316455696,apartamento,3,0,0
2738796820,Meia Praia,Meia Praia,1890000.0,175,10800.0,apartamento,4,0,0
2769343816,Meia Praia,Meia Praia,1890000.0,115,16434.782608695652,apartamento,3,0,0
2764632879,Meia Praia,Meia Praia,1890000.0,123,15365.853658536585,apartamento,3,0,0
2748780769,Castelo Branco,Castelo Branco,1890000.0,132,14318.181818181818,apartamento,3,0,0
2670313712,Andorinha,Andorinha,1890000.0,127,14881.889763779527,apartamento,3,0,0
2769426939,Meia Praia,Meia Praia,1890000.0,115,16434.782608695652,apartamento,3,0,0
2720508937,Centro,Centro,1890000.0,149,12684.563758389262,apartamento,3,0,0
2740773895,Meia Praia,Meia Praia,1890000.0,113,16725.66371681416,apartamento,3,0,0
2760453616,Meia Praia,Meia Praia,1890000.0,133,14210.526315789473,apartamento,3,0,0
2625297161,Meia Praia,Meia Praia,1890000.0,146,12945.205479452055,apartamento,3,0,0
2747203801,Centro,Centro,1890000.0,149,12684.563758389262,apartamento,3,0,0
2763649733,Meia Praia,Meia Praia,1890000.0,154,12272.727272727272,apartamento,3,0,0
2607787480,Andorinha,Andorinha,1890000.0,118,16016.949152542373,apartamento,3,0,0
2461543489,Centro,Centro,1890000.0,140,13500.0,apartamento,3,0,0
2765064640,Meia Praia,Meia Praia,1890000.0,146,12945.205479452055,apartamento,4,0,0
2738894034,Meia Praia,Meia Praia,1890000.0,150,12600.0,apartamento,3,0,0
2763811428,Meia Praia,Meia Praia,1890000.0,115,16434.782608695652,apartamento,3,0,0
2770390830,Meia Praia,Meia Praia,1890000.0,115,16434.782608695652,apartamento,3,0,0
2768634229,Meia Praia,Meia Praia,1890000.0,115,16434.782608695652,apartamento,3,0,0
2764634734,Meia Praia,Meia Praia,1890000.0,113,16725.66371681416,apartamento,3,0,0
2764345127,Meia Praia,Meia Praia,1890000.0,115,16434.782608695652,apartamento,3,0,0
2646971667,Meia Praia,Meia Praia,1890000.0,130,14538.461538461539,apartamento,3,0,0
2627350608,Centro,Centro,1890000.0,149,12684.563758389262,apartamento,3,0,0
2770030513,Meia Praia,Meia Praia,1889810.0,110,17180.090909090908,apartamento,3,0,0
2766853418,Meia Praia,Meia Praia,1889800.0,138,13694.202898550724,apartamento,3,0,0
2764402649,Castelo Branco,Castelo Branco,1889070.0,115,16426.695652173912,apartamento,3,0,0
2770254474,Castelo Branco,Castelo Branco,1887060.0,84,22465.0,comercial,0,0,0
2761702759,Centro,Centro,1885876.0,92,20498.652173913044,apartamento,2,0,0
2743409621,Meia Praia,Meia Praia,1885000.0,158,11930.379746835442,apartamento,3,0,0
2757817729,Castelo Branco,Castelo Branco,1885000.0,132,14280.30303030303,apartamento,3,0,0
2758557124,Meia Praia,Meia Praia,1884860.0,132,14279.242424242424,apartamento,3,0,0
2760453419,Meia Praia,Meia Praia,1884860.0,133,14171.87969924812,apartamento,3,0,0
2754748298,Castelo Branco,Castelo Branco,1884743.0,132,14278.35606060606,apartamento,3,0,0
2683018601,Meia Praia,Meia Praia,1882918.0,151,12469.655629139073,apartamento,3,0,0
2744804912,Andorinha,Andorinha,1882917.0,151,12469.649006622516,apartamento,3,0,0
2596543985,Meia Praia,Meia Praia,1882000.0,137,13737.226277372263,apartamento,3,0,0
2766852438,Meia Praia,Meia Praia,1881800.0,137,13735.766423357663,apartamento,3,0,0
2739865143,Andorinha,Andorinha,1880000.0,112,16785.714285714286,apartamento,3,0,0
2670480819,Meia Praia,Meia Praia,1880000.0,124,15161.290322580646,apartamento,3,0,0
2570172297,Meia Praia,Meia Praia,1880000.0,123,15284.552845528455,apartamento,3,0,0
2766853017,Meia Praia,Meia Praia,1880000.0,127,14803.149606299212,apartamento,3,0,0
2704940061,Andorinha,Andorinha,1880000.0,118,15932.203389830509,apartamento,3,0,0
2733345217,Meia Praia,Meia Praia,1880000.0,141,13333.333333333334,apartamento,3,0,0
2715659296,Meia Praia,Meia Praia,1879950.0,155,12128.709677419354,apartamento,3,0,0
2769839857,Andorinha,Andorinha,1879060.0,127,14795.748031496063,apartamento,3,0,0
2725873470,Meia Praia,Meia Praia,1879000.0,105,17895.238095238095,apartamento,3,0,0
2732137121,Meia Praia,Meia Praia,1878000.0,151,12437.086092715232,apartamento,3,0,0
2726411080,Meia Praia,Meia Praia,1878000.0,150,12520.0,apartamento,3,0,0
2723211655,Meia Praia,Meia Praia,1875000.0,105,17857.14285714286,apartamento,3,0,0
2749229848,Andorinha,Andorinha,1874826.0,135,13887.6,apartamento,3,0,0
2749657731,Centro,Centro,1874135.0,142,13198.133802816901,apartamento,4,0,0
2687015040,Meia Praia,Meia Praia,1873482.0,127,14751.826771653543,apartamento,3,0,0
2687155460,Meia Praia,Meia Praia,1873354.0,116,16149.603448275862,apartamento,3,0,0
2769471997,Andorinha,Andorinha,1872800.0,116,16144.827586206897,apartamento,3,0,0
2746882466,Meia Praia,Meia Praia,1870301.0,151,12386.099337748345,apartamento,3,0,0
2754747730,Meia Praia,Meia Praia,1870301.0,151,12386.099337748345,apartamento,3,0,0
2726064753,Meia Praia,Meia Praia,1870000.0,130,14384.615384615385,apartamento,3,0,0
2711051606,Centro,Centro,1870000.0,116,16120.689655172413,apartamento,3,0,0
2701837098,Meia Praia,Meia Praia,1870000.0,165,11333.333333333334,apartamento,3,0,0
2714952001,Andorinha,Andorinha,1868399.0,172,10862.78488372093,apartamento,4,0,0
2721632552,Centro,Centro,1868000.0,125,14944.0,apartamento,4,0,0
2766852117,Andorinha,Andorinha,1863729.0,130,14336.376923076923,apartamento,3,0,0
2593386611,Centro,Centro,1862000.0,130,14323.076923076924,apartamento,4,0,0
2599783404,Centro,Centro,1862000.0,110,16927.272727272728,apartamento,3,0,0
2724326278,Meia Praia,Meia Praia,1861523.0,150,12410.153333333334,apartamento,3,0,0
2767582368,Andorinha,Andorinha,1860000.0,126,14761.904761904761,apartamento,3,0,0
2692635857,Meia Praia,Meia Praia,1860000.0,200,9300.0,apartamento,4,0,0
2742033561,Meia Praia,Meia Praia,1860000.0,126,14761.904761904761,apartamento,3,0,0
2627428569,Meia Praia,Meia Praia,1860000.0,130,14307.692307692309,apartamento,3,0,0
2757201516,Meia Praia,Meia Praia,1860000.0,126,14761.904761904761,apartamento,3,0,0
2765615373,Meia Praia,Meia Praia,1860000.0,128,14531.25,apartamento,3,0,0
2754747732,Meia Praia,Meia Praia,1860000.0,128,14531.25,apartamento,3,0,0
2511795687,Meia Praia,Meia Praia,1860000.0,122,15245.901639344262,apartamento,3,0,0
2769966147,Meia Praia,Meia Praia,1858953.0,150,12393.02,apartamento,3,0,0
2766853416,Centro,Centro,1854800.0,107,17334.579439252335,apartamento,3,0,0
2757201518,Centro,Centro,1853000.0,129,14364.341085271319,apartamento,3,0,0
2645358485,Centro,Centro,1853000.0,129,14364.341085271319,apartamento,3,0,0
2692743161,Andorinha,Andorinha,1852664.0,151,12269.298013245034,apartamento,3,0,0
2769187755,Centro,Centro,1852340.0,123,15059.674796747968,comercial,0,0,0
2766303801,Centro,Centro,1852127.0,125,14817.016,apartamento,3,0,0
2646970975,Centro,Centro,1850000.0,1490,1241.6107382550335,apartamento,3,0,0
2764634323,Andorinha,Andorinha,1850000.0,154,12012.987012987012,apartamento,3,0,0
2737577521,Meia Praia,Meia Praia,1850000.0,140,13214.285714285714,apartamento,3,0,0
2562263611,Centro,Centro,1850000.0,118,15677.966101694916,casa,3,0,0
2744015478,Meia Praia,Meia Praia,1850000.0,146,12671.232876712329,apartamento,4,0,0
2744013115,Meia Praia,Meia Praia,1850000.0,77,24025.974025974025,apartamento,4,0,0
2636194863,Meia Praia,Meia Praia,1850000.0,140,13214.285714285714,apartamento,3,0,0
2756708821,Meia Praia,Meia Praia,1850000.0,112,16517.85714285714,apartamento,3,0,0
2609062499,Meia Praia,Meia Praia,1850000.0,128,14453.125,apartamento,3,0,0
2761879521,Meia Praia,Meia Praia,1850000.0,108,17129.62962962963,apartamento,3,0,0
2741184475,Meia Praia,Meia Praia,1850000.0,130,14230.76923076923,apartamento,3,0,0
2749668298,Centro,Centro,1850000.0,135,13703.703703703704,apartamento,3,0,0
2603798021,Centro,Centro,1850000.0,134,13805.970149253732,apartamento,3,0,0
2653744660,Meia Praia,Meia Praia,1850000.0,135,13703.703703703704,apartamento,3,0,0
2736239935,Andorinha,Andorinha,1850000.0,127,14566.929133858268,apartamento,3,0,0
2770198960,Castelo Branco,Castelo Branco,1850000.0,128,14453.125,apartamento,3,0,0
2723185638,Meia Praia,Meia Praia,1850000.0,128,14453.125,apartamento,3,0,0
2744696827,Meia Praia,Meia Praia,1850000.0,146,12671.232876712329,apartamento,3,0,0
2650181455,Meia Praia,Meia Praia,1850000.0,135,13703.703703703704,apartamento,3,0,0
2723209314,Centro,Centro,1850000.0,123,15040.650406504064,apartamento,3,0,0
2756560246,Meia Praia,Meia Praia,1850000.0,10,185000.0,apartamento,3,0,1
2723208909,Centro,Centro,1850000.0,180,10277.777777777777,apartamento,3,0,0
2760270115,Andorinha,Andorinha,1850000.0,145,12758.620689655172,apartamento,3,0,0
2747718599,Meia Praia,Meia Praia,1850000.0,146,12671.232876712329,apartamento,4,0,0
2660957462,Centro,Centro,1850000.0,109,16972.477064220184,apartamento,3,0,0
2727188433,Castelo Branco,Castelo Branco,1850000.0,129,14341.08527131783,apartamento,3,0,0
2692814239,Meia Praia,Meia Praia,1850000.0,129,14341.08527131783,apartamento,3,0,0
2764979914,Meia Praia,Meia Praia,1850000.0,148,12500.0,apartamento,3,0,0
2754481427,Meia Praia,Meia Praia,1850000.0,223,8295.964125560538,apartamento,3,0,0
2754169953,Centro,Centro,1850000.0,129,14341.08527131783,apartamento,3,0,0
2747828731,Meia Praia,Meia Praia,1850000.0,122,15163.934426229509,apartamento,3,0,0
2769440918,Andorinha,Andorinha,1850000.0,137,13503.649635036496,apartamento,3,0,0
2746794804,Centro,Centro,1850000.0,130,14230.76923076923,apartamento,3,0,0
2723210017,Castelo Branco,Castelo Branco,1850000.0,128,14453.125,apartamento,3,0,0
2626942444,Castelo Branco,Castelo Branco,1850000.0,128,14453.125,apartamento,3,0,0
2714996201,Meia Praia,Meia Praia,1850000.0,110,16818.18181818182,apartamento,3,0,0
2626750358,Meia Praia,Meia Praia,1850000.0,150,12333.333333333334,apartamento,3,0,0
2753156200,Meia Praia,Meia Praia,1850000.0,128,14453.125,apartamento,3,0,0
2737367613,Meia Praia,Meia Praia,1850000.0,142,13028.169014084508,apartamento,3,0,0
2735041821,Meia Praia,Meia Praia,1850000.0,128,14453.125,apartamento,3,0,0
2579474532,Meia Praia,Meia Praia,1850000.0,142,13028.169014084508,apartamento,3,0,0
2767583795,Meia Praia,Meia Praia,1850000.0,103,17961.165048543688,apartamento,3,0,0
2760097331,Meia Praia,Meia Praia,1850000.0,129,14341.08527131783,apartamento,3,0,0
2760158019,Meia Praia,Meia Praia,1850000.0,129,14341.08527131783,apartamento,3,0,0
2750496106,Castelo Branco,Castelo Branco,1850000.0,126,14682.539682539682,apartamento,3,0,0
2681761601,Meia Praia,Meia Praia,1850000.0,130,14230.76923076923,apartamento,3,0,0
2766852032,Meia Praia,Meia Praia,1850000.0,136,13602.941176470587,apartamento,3,0,0
2760483456,Andorinha,Andorinha,1850000.0,133,13909.774436090225,apartamento,3,0,0
2764979817,Meia Praia,Meia Praia,1850000.0,129,14341.08527131783,apartamento,3,0,0
2760453620,Meia Praia,Meia Praia,1850000.0,132,14015.151515151516,apartamento,3,0,0
2651385985,Meia Praia,Meia Praia,1850000.0,180,10277.777777777777,apartamento,3,0,0
2683039283,Castelo Branco,Castelo Branco,1850000.0,103,17961.165048543688,apartamento,3,0,0
2754169326,Castelo Branco,Castelo Branco,1850000.0,130,14230.76923076923,apartamento,3,0,0
2726959562,Castelo Branco,Castelo Branco,1850000.0,122,15163.934426229509,apartamento,3,0,0
2766852720,Meia Praia,Meia Praia,1850000.0,134,13805.970149253732,apartamento,3,0,0
2760222329,Meia Praia,Meia Praia,1850000.0,129,14341.08527131783,apartamento,3,0,0
2569456231,Meia Praia,Meia Praia,1850000.0,118,15677.966101694916,apartamento,3,0,0
2757309017,Meia Praia,Meia Praia,1849820.0,141,13119.290780141844,apartamento,3,0,0
2769472440,Castelo Branco,Castelo Branco,1849790.0,138,13404.27536231884,apartamento,3,0,0
2769842288,Meia Praia,Meia Praia,1849300.0,129,14335.658914728681,apartamento,3,0,0
2761480992,Andorinha,Andorinha,1849010.0,119,15537.899159663866,apartamento,3,0,0
2754746757,Meia Praia,Meia Praia,1846497.0,150,12309.98,apartamento,3,0,0
2722068487,Castelo Branco,Castelo Branco,1843091.0,150,12287.273333333333,apartamento,3,0,0
2721617441,Andorinha,Andorinha,1842000.0,137,13445.255474452555,apartamento,4,0,0
2511795098,Andorinha,Andorinha,1842000.0,140,13157.142857142857,apartamento,4,0,0
2748823195,Andorinha,Andorinha,1842000.0,137,13445.255474452555,apartamento,4,0,0
2748437413,Andorinha,Andorinha,1842000.0,137,13445.255474452555,apartamento,4,0,0
2732591429,Andorinha,Andorinha,1842000.0,137,13445.255474452555,apartamento,4,0,0
2767582001,Andorinha,Andorinha,1842000.0,140,13157.142857142857,apartamento,4,0,0
2572541711,Meia Praia,Meia Praia,1840000.0,103,17864.077669902912,apartamento,3,0,0
2667471612,Castelo Branco,Castelo Branco,1840000.0,103,17864.077669902912,apartamento,3,0,0
2547187940,Meia Praia,Meia Praia,1840000.0,145,12689.655172413793,apartamento,4,0,0
2747097911,Meia Praia,Meia Praia,1840000.0,146,12602.739726027397,apartamento,4,0,0
2569455971,Andorinha,Andorinha,1840000.0,187,9839.57219251337,apartamento,4,0,0
2569457600,Centro,Centro,1840000.0,187,9839.57219251337,apartamento,4,0,0
2511793927,Meia Praia,Meia Praia,1840000.0,118,15593.22033898305,apartamento,3,0,0
2728865335,Castelo Branco,Castelo Branco,1835000.0,142,12922.535211267606,apartamento,4,0,0
2635411581,Meia Praia,Meia Praia,1835000.0,142,12922.535211267606,apartamento,4,0,0
2674121203,Meia Praia,Meia Praia,1834183.0,124,14791.798387096775,apartamento,3,0,0
2748231412,Centro,Centro,1833150.0,118,15535.169491525423,apartamento,3,0,0
2741204373,Centro,Centro,1833150.0,118,15535.169491525423,apartamento,3,0,0
2592158700,Centro,Centro,1833000.0,143,12818.181818181818,apartamento,3,0,0
2659104960,Centro,Centro,1832787.0,127,14431.393700787401,apartamento,3,0,0
2739577120,Centro,Centro,1832787.0,127,14431.393700787401,apartamento,3,0,0
2767583797,Castelo Branco,Castelo Branco,1830000.0,120,15250.0,apartamento,3,0,0
2747181103,Meia Praia,Meia Praia,1830000.0,130,14076.923076923076,apartamento,3,0,0
2770032126,Andorinha,Andorinha,1829610.0,114,16049.21052631579,apartamento,3,0,0
2767581646,Meia Praia,Meia Praia,1828698.0,116,15764.637931034482,apartamento,3,0,0
2764860327,Meia Praia,Meia Praia,1828000.0,123,14861.788617886179,apartamento,3,0,0
2743111879,Meia Praia,Meia Praia,1826016.0,126,14492.190476190477,apartamento,3,0,0
2630407653,Centro,Centro,1826000.0,129,14155.038759689922,apartamento,3,0,0
2566528281,Meia Praia,Meia Praia,1825000.0,116,15732.758620689656,apartamento,3,0,0
2525914069,Centro,Centro,1822000.0,127,14346.456692913385,apartamento,3,0,0
2743726177,Castelo Branco,Castelo Branco,1820000.0,103,17669.90291262136,apartamento,3,0,0
2596028440,Castelo Branco,Castelo Branco,1820000.0,123,14796.747967479674,apartamento,3,0,0
2767583060,Meia Praia,Meia Praia,1820000.0,103,17669.90291262136,apartamento,3,0,0
2767584328,Castelo Branco,Castelo Branco,1817648.0,125,14541.184,apartamento,3,0,0
2645631155,Meia Praia,Meia Praia,1817000.0,128,14195.3125,apartamento,4,0,0
2692760047,Andorinha,Andorinha,1815000.0,115,15782.608695652174,apartamento,3,0,0
2482910903,Centro,Centro,1814000.0,120,15116.666666666666,apartamento,3,0,0
2764631746,Meia Praia,Meia Praia,1813000.0,123,14739.837398373984,apartamento,3,0,0
2511795779,Meia Praia,Meia Praia,1813000.0,123,14739.837398373984,apartamento,3,0,0
2631026264,Meia Praia,Meia Praia,1813000.0,123,14739.837398373984,apartamento,3,0,0
2715503021,Meia Praia,Meia Praia,1810000.0,135,13407.407407407407,apartamento,3,0,0
2594234856,Meia Praia,Meia Praia,1810000.0,135,13407.407407407407,apartamento,4,0,0
2702437378,Andorinha,Andorinha,1809050.0,137,13204.744525547445,apartamento,3,0,0
2754745448,Andorinha,Andorinha,1805462.0,94,19207.042553191488,apartamento,3,0,0
2761691043,Centro,Centro,1802000.0,125,14416.0,apartamento,3,0,0
2640053804,Andorinha,Andorinha,1800000.0,120,15000.0,apartamento,3,0,0
2630144666,Andorinha,Andorinha,1800000.0,164,10975.609756097561,apartamento,3,0,0
2740569310,Meia Praia,Meia Praia,1800000.0,130,13846.153846153846,apartamento,3,0,0
2638661299,Meia Praia,Meia Praia,1800000.0,128,14062.5,apartamento,3,0,0
2761881714,Meia Praia,Meia Praia,1800000.0,132,13636.363636363636,apartamento,3,0,0
2697681574,Canto da Praia,Canto da Praia,1800000.0,119,15126.050420168067,apartamento,3,0,0
2600013654,Centro,Centro,1800000.0,105,17142.85714285714,apartamento,3,0,0
2766292723,Meia Praia,Meia Praia,1800000.0,186,9677.41935483871,apartamento,4,0,0
2668438295,Meia Praia,Meia Praia,1800000.0,205,8780.487804878048,casa,3,0,0
2744012694,Meia Praia,Meia Praia,1800000.0,135,13333.333333333334,apartamento,3,0,0
2593922654,Canto da Praia,Canto da Praia,1800000.0,117,15384.615384615385,apartamento,3,0,0
2765064639,Meia Praia,Meia Praia,1800000.0,138,13043.478260869566,apartamento,3,0,0
2709393592,Meia Praia,Meia Praia,1800000.0,123,14634.146341463415,apartamento,2,0,0
2533971569,Andorinha,Andorinha,1800000.0,127,14173.228346456694,apartamento,3,0,0
2661820163,Meia Praia,Meia Praia,1800000.0,149,12080.536912751679,apartamento,3,0,0
2700334576,Centro,Centro,1800000.0,130,13846.153846153846,apartamento,3,0,0
2646971499,Canto da Praia,Canto da Praia,1800000.0,100,18000.0,apartamento,3,0,0
2761509531,Meia Praia,Meia Praia,1800000.0,115,15652.173913043478,apartamento,3,0,0
2765019920,Meia Praia,Meia Praia,1800000.0,128,14062.5,apartamento,3,0,0
2766851929,Centro,Centro,1800000.0,197,9137.055837563452,apartamento,3,0,0
2572936107,Centro,Centro,1800000.0,139,12949.640287769784,apartamento,3,0,0
2759765827,Centro,Centro,1800000.0,130,13846.153846153846,apartamento,3,0,0
2764979818,Meia Praia,Meia Praia,1800000.0,128,14062.5,apartamento,3,0,0
2646971206,Meia Praia,Meia Praia,1800000.0,212,8490.566037735849,apartamento,3,0,0
2727140458,Centro,Centro,1800000.0,157,11464.968152866242,apartamento,4,0,0
2569300364,Meia Praia,Meia Praia,1800000.0,120,15000.0,apartamento,3,0,0
2740006705,Castelo Branco,Castelo Branco,1800000.0,270,6666.666666666667,apartamento,3,0,0
2688048239,Castelo Branco,Castelo Branco,1800000.0,129,13953.488372093023,casa,3,0,0
2660284691,Meia Praia,Meia Praia,1800000.0,130,13846.153846153846,apartamento,3,0,0
2767580969,Centro,Centro,1800000.0,149,12080.536912751679,apartamento,3,0,0
2726250773,Meia Praia,Meia Praia,1800000.0,100,18000.0,apartamento,3,0,0
2692635860,Meia Praia,Meia Praia,1800000.0,140,12857.142857142857,apartamento,3,0,0
2732420165,Meia Praia,Meia Praia,1800000.0,99,18181.81818181818,apartamento,3,0,0
2689933921,Meia Praia,Meia Praia,1800000.0,200,9000.0,apartamento,3,0,0
2639321658,Meia Praia,Meia Praia,1800000.0,123,14634.146341463415,apartamento,3,0,0
2764635017,Meia Praia,Meia Praia,1800000.0,142,12676.05633802817,apartamento,3,0,0
2718682547,Canto da Praia,Canto da Praia,1800000.0,116,15517.241379310344,apartamento,4,0,0
2719907142,Meia Praia,Meia Praia,1800000.0,150,12000.0,apartamento,3,0,0
2764632349,Meia Praia,Meia Praia,1800000.0,100,18000.0,apartamento,3,0,0
2744015482,Canto da Praia,Canto da Praia,1800000.0,109,16513.761467889908,apartamento,3,0,0
2763791186,Alto São Bento,Alto São Bento,1800000.0,110,16363.636363636364,casa,2,0,0
2716377500,Meia Praia,Meia Praia,1800000.0,165,10909.09090909091,apartamento,3,0,0
2646969387,Meia Praia,Meia Praia,1800000.0,120,15000.0,apartamento,3,0,0
2676663628,Castelo Branco,Castelo Branco,1800000.0,130,13846.153846153846,apartamento,3,0,0
2751941901,Meia Praia,Meia Praia,1800000.0,10,180000.0,apartamento,3,0,1
2764633720,Meia Praia,Meia Praia,1800000.0,1296,1388.888888888889,apartamento,3,0,0
2751946011,Meia Praia,Meia Praia,1800000.0,101,17821.78217821782,apartamento,3,0,0
2634327677,Meia Praia,Meia Praia,1800000.0,127,14173.228346456694,apartamento,3,0,0
2519850697,Andorinha,Andorinha,1800000.0,126,14285.714285714286,apartamento,3,0,0
2663985698,Meia Praia,Meia Praia,1800000.0,115,15652.173913043478,apartamento,3,0,0
2558703386,,,1800000.0,210,8571.42857142857,apartamento,4,0,0
2747392814,Meia Praia,Meia Praia,1800000.0,114,15789.473684210527,apartamento,3,0,0
2680798107,Centro,Centro,1800000.0,130,13846.153846153846,apartamento,3,0,0
2660890582,Meia Praia,Meia Praia,1800000.0,130,13846.153846153846,apartamento,3,0,0
2764860726,Meia Praia,Meia Praia,1800000.0,120,15000.0,apartamento,3,0,0
2729795035,Andorinha,Andorinha,1800000.0,150,12000.0,apartamento,3,0,0
2765118555,Meia Praia,Meia Praia,1800000.0,103,17475.728155339806,apartamento,3,0,0
2770166507,Meia Praia,Meia Praia,1800000.0,116,15517.241379310344,apartamento,3,0,0
2579474453,Meia Praia,Meia Praia,1800000.0,161,11180.124223602485,apartamento,3,0,0
2612158113,Castelo Branco,Castelo Branco,1800000.0,145,12413.793103448275,apartamento,4,0,0
2625752980,Meia Praia,Meia Praia,1800000.0,128,14062.5,apartamento,3,0,0
2770125832,Centro,Centro,1800000.0,105,17142.85714285714,apartamento,2,0,0
2547500208,Meia Praia,Meia Praia,1800000.0,145,12413.793103448275,apartamento,4,0,0
2697681180,Centro,Centro,1800000.0,112,16071.42857142857,apartamento,3,0,0
2764633044,Meia Praia,Meia Praia,1800000.0,142,12676.05633802817,apartamento,3,0,0
2770029771,Castelo Branco,Castelo Branco,1799890.0,141,12765.17730496454,apartamento,3,0,0
2769842023,Andorinha,Andorinha,1799890.0,126,14284.84126984127,apartamento,3,0,0
2766851627,Castelo Branco,Castelo Branco,1799800.0,123,14632.520325203252,apartamento,3,0,0
2766854219,Castelo Branco,Castelo Branco,1799800.0,132,13634.848484848484,apartamento,3,0,0
2769858737,Centro,Centro,1799590.0,149,12077.78523489933,apartamento,3,0,0
2769843252,Centro,Centro,1799540.0,140,12853.857142857143,apartamento,3,0,0
2769476823,Castelo Branco,Castelo Branco,1799310.0,123,14628.536585365853,apartamento,3,0,0
2749415695,Andorinha,Andorinha,1799230.0,120,14993.583333333334,apartamento,3,0,0
2769840167,Andorinha,Andorinha,1799190.0,124,14509.59677419355,apartamento,3,0,0
2761937530,Andorinha,Andorinha,1799160.0,140,12851.142857142857,casa,3,0,0
2770252229,Meia Praia,Meia Praia,1799150.0,114,15782.017543859649,apartamento,3,0,0
2765169649,Castelo Branco,Castelo Branco,1799000.0,115,15643.478260869566,apartamento,3,0,0
2763413115,Andorinha,Andorinha,1799000.0,114,15780.701754385966,apartamento,3,0,0
2764895022,Centro,Centro,1799000.0,180,9994.444444444445,apartamento,3,0,0
2750283493,Meia Praia,Meia Praia,1799000.0,162,11104.938271604939,apartamento,3,0,0
2748547350,Meia Praia,Meia Praia,1799000.0,100,17990.0,apartamento,3,0,0
2761879922,Castelo Branco,Castelo Branco,1799000.0,114,15780.701754385966,apartamento,3,0,0
2766852332,Meia Praia,Meia Praia,1799000.0,187,9620.320855614973,apartamento,3,0,0
2747200636,Castelo Branco,Castelo Branco,1799000.0,115,15643.478260869566,apartamento,3,0,0
2768649923,Andorinha,Andorinha,1799000.0,114,15780.701754385966,apartamento,3,0,0
2727503644,Meia Praia,Meia Praia,1798800.0,121,14866.11570247934,apartamento,3,0,0
2770094113,Andorinha,Andorinha,1798800.0,126,14276.190476190477,apartamento,3,0,0
2766847721,Meia Praia,Meia Praia,1798800.0,126,14276.190476190477,apartamento,3,0,0
2769188552,Andorinha,Andorinha,1798470.0,146,12318.287671232876,apartamento,4,0,0
2769852751,Meia Praia,Meia Praia,1798300.0,118,15239.830508474577,apartamento,3,0,0
2610196087,Castelo Branco,Castelo Branco,1798000.0,135,13318.518518518518,apartamento,3,0,0
2677404697,Meia Praia,Meia Praia,1795000.0,115,15608.695652173914,apartamento,3,0,0
2704343766,Andorinha,Andorinha,1793279.0,151,11876.019867549669,apartamento,3,0,0
2769751946,Andorinha,Andorinha,1792640.0,132,13580.60606060606,apartamento,3,0,0
2728270641,Meia Praia,Meia Praia,1792000.0,105,17066.666666666668,apartamento,3,0,0
2761664639,Andorinha,Andorinha,1792000.0,160,11200.0,apartamento,3,0,0
2741095281,Meia Praia,Meia Praia,1792000.0,105,17066.666666666668,apartamento,3,0,0
2760156731,Meia Praia,Meia Praia,1792000.0,141,12709.219858156028,apartamento,3,0,0
2757783518,Meia Praia,Meia Praia,1792000.0,140,12800.0,apartamento,3,0,0
2760224120,Meia Praia,Meia Praia,1792000.0,141,12709.219858156028,apartamento,3,0,0
2760094109,Meia Praia,Meia Praia,1792000.0,141,12709.219858156028,apartamento,3,0,0
2761664840,Andorinha,Andorinha,1792000.0,140,12800.0,apartamento,3,0,0
2760941457,Meia Praia,Meia Praia,1792000.0,140,12800.0,apartamento,3,0,0
2766855121,Meia Praia,Meia Praia,1792000.0,105,17066.666666666668,apartamento,3,0,0
2770278128,Andorinha,Andorinha,1792000.0,140,12800.0,apartamento,3,0,0
2766851827,Andorinha,Andorinha,1791800.0,115,15580.869565217392,apartamento,3,0,0
2757306732,Meia Praia,Meia Praia,1791760.0,140,12798.285714285714,apartamento,3,0,0
2668726515,Castelo Branco,Castelo Branco,1790000.0,138,12971.014492753624,apartamento,3,0,0
2752618526,Andorinha,Andorinha,1790000.0,116,15431.034482758621,apartamento,3,0,0
2763173846,Meia Praia,Meia Praia,1790000.0,124,14435.483870967742,apartamento,3,0,0
2754514551,Andorinha,Andorinha,1790000.0,131,13664.12213740458,apartamento,2,0,0
2621047925,Meia Praia,Meia Praia,1790000.0,124,14435.483870967742,apartamento,3,0,0
2609062691,Meia Praia,Meia Praia,1790000.0,163,10981.59509202454,apartamento,3,0,0
2624323956,Meia Praia,Meia Praia,1790000.0,127,14094.488188976378,apartamento,3,0,0
2770199139,Meia Praia,Meia Praia,1790000.0,110,16272.727272727272,apartamento,3,0,0
2720508839,Meia Praia,Meia Praia,1790000.0,110,16272.727272727272,apartamento,3,0,0
2753187698,Meia Praia,Meia Praia,1790000.0,131,13664.12213740458,apartamento,3,0,0
2638661886,Canto da Praia,Canto da Praia,1790000.0,116,15431.034482758621,apartamento,3,0,0
2764671540,Meia Praia,Meia Praia,1790000.0,125,14320.0,apartamento,3,0,0
2769481128,Meia Praia,Meia Praia,1790000.0,120,14916.666666666666,apartamento,3,0,0
2761879721,Meia Praia,Meia Praia,1790000.0,123,14552.845528455284,apartamento,3,0,0
2763090917,Andorinha,Andorinha,1790000.0,110,16272.727272727272,apartamento,3,0,0
2747916947,Meia Praia,Meia Praia,1790000.0,110,16272.727272727272,apartamento,3,0,0
2765063644,Meia Praia,Meia Praia,1790000.0,123,14552.845528455284,apartamento,3,0,0
2616733093,Centro,Centro,1790000.0,128,13984.375,apartamento,3,0,0
2747202325,Meia Praia,Meia Praia,1790000.0,110,16272.727272727272,apartamento,3,0,0
2692132174,Meia Praia,Meia Praia,1790000.0,124,14435.483870967742,apartamento,3,0,0
2769471415,Meia Praia,Meia Praia,1789840.0,123,14551.544715447155,apartamento,3,0,0
2753362880,Andorinha,Andorinha,1789320.0,131,13658.931297709923,apartamento,3,0,0
2749233197,Meia Praia,Meia Praia,1786794.0,130,13744.569230769232,apartamento,3,0,0
2751942297,Meia Praia,Meia Praia,1785000.0,10,178500.0,apartamento,3,0,1
2753757016,Castelo Branco,Castelo Branco,1785000.0,245,7285.714285714285,apartamento,4,0,0
2764857245,Meia Praia,Meia Praia,1785000.0,123,14512.19512195122,apartamento,3,0,0
2765550318,Castelo Branco,Castelo Branco,1781157.0,125,14249.256,apartamento,3,0,0
2723909945,Meia Praia,Meia Praia,1780000.0,196,9081.632653061224,apartamento,4,0,0
2743412262,Meia Praia,Meia Praia,1780000.0,153,11633.986928104576,apartamento,3,0,0
2763648651,Meia Praia,Meia Praia,1780000.0,119,14957.98319327731,apartamento,3,0,0
2687442049,Meia Praia,Meia Praia,1780000.0,124,14354.838709677419,apartamento,3,0,0
2689984214,Andorinha,Andorinha,1780000.0,112,15892.857142857143,apartamento,3,0,0
2751939903,Meia Praia,Meia Praia,1780000.0,10,178000.0,apartamento,3,0,1
2764768481,Meia Praia,Meia Praia,1780000.0,118,15084.745762711864,apartamento,3,0,0
2769840127,Meia Praia,Meia Praia,1779720.0,140,12712.285714285714,apartamento,3,0,0
2769181936,Andorinha,Andorinha,1779140.0,196,9077.244897959185,apartamento,4,0,0
2674190810,Meia Praia,Meia Praia,1778265.0,131,13574.541984732825,apartamento,3,0,0
2717832112,Centro,Centro,1777761.0,109,16309.733944954129,apartamento,3,0,0
2569302096,Centro,Centro,1776390.0,114,15582.368421052632,apartamento,3,0,0
2638937982,Centro,Centro,1775000.0,118,15042.372881355932,apartamento,3,0,0
2695706308,Meia Praia,Meia Praia,1773496.0,133,13334.556390977443,apartamento,3,0,0
2768646644,Andorinha,Andorinha,1772000.0,114,15543.859649122807,apartamento,3,0,0
2768647872,Andorinha,Andorinha,1772000.0,114,15543.859649122807,apartamento,3,0,0
2754747817,Meia Praia,Meia Praia,1770000.0,114,15526.315789473685,apartamento,3,0,0
2694966953,Centro,Centro,1768926.0,110,16081.145454545454,apartamento,3,0,0
2754124100,Castelo Branco,Castelo Branco,1768800.0,111,15935.135135135135,apartamento,3,0,0
2560060071,Meia Praia,Meia Praia,1763187.0,130,13562.976923076923,apartamento,3,0,0
2534061736,Centro,Centro,1763156.0,120,14692.966666666667,apartamento,3,0,0
2769476140,Meia Praia,Meia Praia,1762322.0,142,12410.718309859154,apartamento,3,0,0
2754168788,Meia Praia,Meia Praia,1761194.0,140,12579.957142857143,apartamento,3,0,0
2715164805,Meia Praia,Meia Praia,1761194.0,139,12670.460431654676,apartamento,3,0,0
2612786713,Meia Praia,Meia Praia,1760000.0,124,14193.548387096775,apartamento,3,0,0
2768967485,Castelo Branco,Castelo Branco,1759370.0,103,17081.26213592233,apartamento,3,0,0
2721917788,Castelo Branco,Castelo Branco,1755500.0,162,10836.41975308642,apartamento,3,0,0
2719896023,Castelo Branco,Castelo Branco,1755500.0,163,10769.938650306749,apartamento,3,0,0
2767582154,Meia Praia,Meia Praia,1753316.0,117,14985.606837606838,apartamento,3,0,0
2676104700,Meia Praia,Meia Praia,1752175.0,124,14130.443548387097,apartamento,3,0,0
2770006202,Centro,Centro,1751500.0,135,12974.074074074075,apartamento,3,0,0
2543548900,Centro,Centro,1751500.0,135,12974.074074074075,apartamento,3,0,0
2764630845,Centro,Centro,1751500.0,135,12974.074074074075,apartamento,3,0,0
2766855219,Centro,Centro,1750800.0,121,14469.421487603306,apartamento,3,0,0
2747200742,Meia Praia,Meia Praia,1750000.0,117,14957.264957264957,apartamento,3,0,0
2761880020,Castelo Branco,Castelo Branco,1750000.0,122,14344.262295081968,apartamento,3,0,0
2747202811,Castelo Branco,Castelo Branco,1750000.0,122,14344.262295081968,apartamento,3,0,0
2751942002,Andorinha,Andorinha,1750000.0,10,175000.0,apartamento,3,0,1
2714715288,Castelo Branco,Castelo Branco,1750000.0,126,13888.888888888889,apartamento,3,0,0
2758313118,Centro,Centro,1750000.0,117,14957.264957264957,apartamento,3,0,0
2760263132,Castelo Branco,Castelo Branco,1750000.0,130,13461.538461538461,apartamento,3,0,0
2764633814,Andorinha,Andorinha,1750000.0,114,15350.877192982456,apartamento,3,0,0
2763166014,Meia Praia,Meia Praia,1750000.0,116,15086.206896551725,apartamento,3,0,0
2541352188,Meia Praia,Meia Praia,1750000.0,116,15086.206896551725,apartamento,3,0,0
2760094098,Meia Praia,Meia Praia,1750000.0,122,14344.262295081968,apartamento,3,0,0
2743674955,Castelo Branco,Castelo Branco,1750000.0,146,11986.301369863013,apartamento,4,0,0
2747342575,Andorinha,Andorinha,1750000.0,113,15486.725663716814,apartamento,3,0,0
2760224217,Meia Praia,Meia Praia,1750000.0,122,14344.262295081968,apartamento,3,0,0
2701954675,Meia Praia,Meia Praia,1750000.0,190,9210.526315789473,comercial,0,0,0
2604187242,Meia Praia,Meia Praia,1750000.0,135,12962.962962962964,apartamento,3,0,0
2738805842,Centro,Centro,1750000.0,149,11744.96644295302,apartamento,2,0,0
2569455966,Centro,Centro,1750000.0,190,9210.526315789473,apartamento,4,0,0
2699373278,Meia Praia,Meia Praia,1750000.0,116,15086.206896551725,apartamento,3,0,0
2764861421,Centro,Centro,1750000.0,105,16666.666666666668,apartamento,2,0,0
2739722141,Meia Praia,Meia Praia,1750000.0,126,13888.888888888889,apartamento,3,0,0
2742888188,Centro,Centro,1750000.0,127,13779.527559055117,apartamento,3,0,0
2723209322,Meia Praia,Meia Praia,1750000.0,115,15217.391304347826,apartamento,3,0,0
2747918614,Meia Praia,Meia Praia,1750000.0,117,14957.264957264957,apartamento,3,0,0
2760209131,Andorinha,Andorinha,1750000.0,128,13671.875,apartamento,3,0,0
2760157920,Meia Praia,Meia Praia,1750000.0,122,14344.262295081968,apartamento,3,0,0
2723275157,Andorinha,Andorinha,1750000.0,122,14344.262295081968,apartamento,3,0,0
2726932892,Meia Praia,Meia Praia,1750000.0,120,14583.333333333334,apartamento,3,0,0
2741721253,Meia Praia,Meia Praia,1750000.0,134,13059.701492537313,apartamento,3,0,0
2744946433,Castelo Branco,Castelo Branco,1750000.0,122,14344.262295081968,apartamento,3,0,0
2760453319,Andorinha,Andorinha,1750000.0,114,15350.877192982456,apartamento,3,0,0
2635560495,Meia Praia,Meia Praia,1750000.0,146,11986.301369863013,apartamento,4,0,0
2657077255,Castelo Branco,Castelo Branco,1750000.0,167,10479.041916167665,apartamento,3,0,0
2767582362,Andorinha,Andorinha,1750000.0,126,13888.888888888889,apartamento,3,0,0
2609058251,Castelo Branco,Castelo Branco,1750000.0,128,13671.875,apartamento,3,0,0
2655980304,Meia Praia,Meia Praia,1750000.0,180,9722.222222222223,apartamento,3,0,0
2689675220,Castelo Branco,Castelo Branco,1750000.0,116,15086.206896551725,apartamento,3,0,0
2767581276,Castelo Branco,Castelo Branco,1750000.0,117,14957.264957264957,apartamento,3,0,0
2578511249,Meia Praia,Meia Praia,1750000.0,134,13059.701492537313,apartamento,3,0,0
2709296575,Castelo Branco,Castelo Branco,1750000.0,115,15217.391304347826,apartamento,3,0,0
2734122716,Meia Praia,Meia Praia,1750000.0,130,13461.538461538461,apartamento,3,0,0
2761880113,Meia Praia,Meia Praia,1750000.0,117,14957.264957264957,apartamento,3,0,0
2769977132,Meia Praia,Meia Praia,1750000.0,134,13059.701492537313,apartamento,3,0,0
2758373960,Centro,Centro,1750000.0,117,14957.264957264957,apartamento,3,0,0
2758295346,Centro,Centro,1750000.0,117,14957.264957264957,apartamento,3,0,0
2759161164,Andorinha,Andorinha,1750000.0,114,15350.877192982456,apartamento,3,0,0
2764633142,Andorinha,Andorinha,1750000.0,127,13779.527559055117,apartamento,3,0,0
2754966915,Meia Praia,Meia Praia,1750000.0,117,14957.264957264957,apartamento,3,0,0
2592169738,Meia Praia,Meia Praia,1750000.0,124,14112.90322580645,apartamento,3,0,0
2760455020,Morretes,Morretes,1750000.0,74,23648.64864864865,comercial,1,0,0
2558703684,,,1750000.0,322,5434.782608695652,apartamento,4,0,0
2736237414,Castelo Branco,Castelo Branco,1750000.0,122,14344.262295081968,apartamento,3,0,0
2760489714,Meia Praia,Meia Praia,1750000.0,100,17500.0,apartamento,3,0,0
2764633346,Andorinha,Andorinha,1750000.0,113,15486.725663716814,apartamento,3,0,0
2604538475,Meia Praia,Meia Praia,1749999.0,134,13059.694029850747,apartamento,3,0,0
2579298535,Meia Praia,Meia Praia,1749998.0,134,13059.686567164179,apartamento,3,0,0
2769179020,Andorinha,Andorinha,1749890.0,117,14956.324786324787,apartamento,3,0,0
2769472670,Canto da Praia,Canto da Praia,1749860.0,116,15085.0,apartamento,3,0,0
2768968862,Castelo Branco,Castelo Branco,1749790.0,122,14342.540983606557,apartamento,3,0,0
2770028524,Meia Praia,Meia Praia,1749410.0,130,13457.0,apartamento,3,0,0
2769846614,Meia Praia,Meia Praia,1749190.0,128,13665.546875,apartamento,3,0,0
2760004765,Andorinha,Andorinha,1746875.0,138,12658.514492753624,apartamento,3,0,0
2699245373,Andorinha,Andorinha,1745000.0,114,15307.017543859649,apartamento,3,0,0
2595098840,Centro,Centro,1740000.0,113,15398.230088495575,apartamento,3,0,0
2748934899,Centro,Centro,1740000.0,113,15398.230088495575,apartamento,3,0,0
2647405814,Meia Praia,Meia Praia,1740000.0,112,15535.714285714286,apartamento,3,0,0
2762699568,Centro,Centro,1740000.0,117,14871.794871794871,apartamento,3,0,0
2768632232,Centro,Centro,1740000.0,117,14871.794871794871,apartamento,3,0,0
2765062372,Andorinha,Andorinha,1740000.0,113,15398.230088495575,apartamento,3,0,0
2644176163,Meia Praia,Meia Praia,1740000.0,112,15535.714285714286,apartamento,3,0,0
2766854820,Andorinha,Andorinha,1737925.0,114,15244.956140350878,apartamento,3,0,0
2757201415,Castelo Branco,Castelo Branco,1737416.0,135,12869.748148148148,apartamento,3,0,0
2746689529,Castelo Branco,Castelo Branco,1737416.0,135,12869.748148148148,apartamento,3,0,0
2763321442,Meia Praia,Meia Praia,1736133.0,138,12580.673913043478,apartamento,3,0,0
2748437998,Meia Praia,Meia Praia,1735397.0,135,12854.792592592592,apartamento,3,0,0
2727421052,Meia Praia,Meia Praia,1734000.0,138,12565.217391304348,apartamento,3,0,0
2606210623,Meia Praia,Meia Praia,1730000.0,151,11456.953642384105,apartamento,3,0,0
2560059971,Meia Praia,Meia Praia,1730000.0,103,16796.11650485437,apartamento,3,0,0
2539436310,Meia Praia,Meia Praia,1729000.0,131,13198.473282442748,apartamento,3,0,0
2636233482,Meia Praia,Meia Praia,1728382.0,151,11446.238410596026,apartamento,3,0,0
2658282060,Meia Praia,Meia Praia,1728000.0,123,14048.780487804877,apartamento,3,0,0
2763102128,Centro,Centro,1726500.0,135,12788.888888888889,apartamento,3,0,0
2675654412,Meia Praia,Meia Praia,1725854.0,135,12784.103703703704,apartamento,3,0,0
2558703788,,,1725000.0,150,11500.0,apartamento,3,0,0
2569457709,Meia Praia,Meia Praia,1725000.0,137,12591.240875912408,apartamento,3,0,0
2754745089,Meia Praia,Meia Praia,1720000.0,110,15636.363636363636,apartamento,3,0,0
2603798089,Centro,Centro,1720000.0,118,14576.271186440677,apartamento,3,0,0
2732475643,,,1720000.0,103,16699.02912621359,apartamento,3,0,0
2726636548,Meia Praia,Meia Praia,1720000.0,110,15636.363636363636,apartamento,3,0,0
2582331814,Andorinha,Andorinha,1720000.0,130,13230.76923076923,apartamento,4,0,0
2767581382,Meia Praia,Meia Praia,1716000.0,105,16342.857142857143,apartamento,3,0,0
2511793538,Meia Praia,Meia Praia,1716000.0,104,16500.0,apartamento,3,0,0
2721385658,Meia Praia,Meia Praia,1716000.0,104,16500.0,apartamento,3,0,0
2723210699,Meia Praia,Meia Praia,1716000.0,100,17160.0,apartamento,3,0,0
2748820943,Meia Praia,Meia Praia,1716000.0,100,17160.0,apartamento,3,0,0
2764860541,Meia Praia,Meia Praia,1716000.0,104,16500.0,apartamento,3,0,0
2766855915,Centro,Centro,1711800.0,133,12870.676691729323,apartamento,3,0,0
2663836548,Meia Praia,Meia Praia,1711000.0,81,21123.456790123455,apartamento,2,0,0
2677088396,Castelo Branco,Castelo Branco,1710000.0,78,21923.076923076922,apartamento,2,0,0
2583969065,Centro,Centro,1709959.0,118,14491.177966101695,apartamento,3,0,0
2762856821,Centro,Centro,1709872.0,126,13570.412698412698,apartamento,3,0,0
2769846149,Andorinha,Andorinha,1707510.0,118,14470.42372881356,apartamento,3,0,0
2615432322,Andorinha,Andorinha,1703358.0,132,12904.227272727272,apartamento,3,0,0
2695703304,Meia Praia,Meia Praia,1702794.0,125,13622.352,apartamento,3,0,0
2764858090,Meia Praia,Meia Praia,1700000.0,124,13709.677419354839,apartamento,3,0,0
2760010297,Castelo Branco,Castelo Branco,1700000.0,146,11643.835616438357,apartamento,4,0,0
2744015188,Meia Praia,Meia Praia,1700000.0,142,11971.830985915492,apartamento,3,0,0
2675654603,Andorinha,Andorinha,1700000.0,114,14912.280701754386,apartamento,3,0,0
2710591001,Meia Praia,Meia Praia,1700000.0,120,14166.666666666666,apartamento,3,0,0
2764630846,Andorinha,Andorinha,1700000.0,114,14912.280701754386,apartamento,3,0,0
2752775729,Meia Praia,Meia Praia,1700000.0,10,170000.0,apartamento,3,0,1
2672320710,Meia Praia,Meia Praia,1700000.0,140,12142.857142857143,apartamento,4,0,0
2764632959,Meia Praia,Meia Praia,1700000.0,126,13492.063492063493,apartamento,3,0,0
2763410125,Andorinha,Andorinha,1700000.0,110,15454.545454545454,apartamento,3,0,0
2738746166,Andorinha,Andorinha,1700000.0,149,11409.395973154362,apartamento,3,0,0
2764631563,Meia Praia,Meia Praia,1700000.0,117,14529.91452991453,apartamento,3,0,0
2668438393,Meia Praia,Meia Praia,1700000.0,147,11564.625850340137,apartamento,3,0,0
2757082514,Meia Praia,Meia Praia,1700000.0,120,14166.666666666666,apartamento,3,0,0
2557808857,Meia Praia,Meia Praia,1700000.0,110,15454.545454545454,apartamento,3,0,0
2599481422,Meia Praia,Meia Praia,1700000.0,114,14912.280701754386,apartamento,3,0,0
2766852329,Meia Praia,Meia Praia,1700000.0,118,14406.77966101695,apartamento,3,0,0
2761579619,Andorinha,Andorinha,1700000.0,112,15178.57142857143,apartamento,3,0,0
2637025756,Meia Praia,Meia Praia,1700000.0,259,6563.706563706563,apartamento,3,0,0
2646971011,Meia Praia,Meia Praia,1700000.0,108,15740.74074074074,apartamento,3,0,0
2599483257,Meia Praia,Meia Praia,1700000.0,114,14912.280701754386,apartamento,3,0,0
2765546448,Meia Praia,Meia Praia,1700000.0,108,15740.74074074074,apartamento,3,0,0
2747950238,Andorinha,Andorinha,1700000.0,118,14406.77966101695,apartamento,3,0,0
2646968116,Andorinha,Andorinha,1700000.0,135,12592.592592592593,apartamento,3,0,0
2744015189,Castelo Branco,Castelo Branco,1700000.0,118,14406.77966101695,apartamento,3,0,0
2741752058,Andorinha,Andorinha,1700000.0,113,15044.247787610619,apartamento,3,0,0
2723211736,Meia Praia,Meia Praia,1700000.0,109,15596.330275229358,apartamento,3,0,0
2560059702,Meia Praia,Meia Praia,1700000.0,132,12878.787878787878,apartamento,3,0,0
2730204220,Meia Praia,Meia Praia,1700000.0,108,15740.74074074074,apartamento,3,0,0
2699373777,Meia Praia,Meia Praia,1700000.0,135,12592.592592592593,apartamento,3,0,0
2760452523,Meia Praia,Meia Praia,1700000.0,108,15740.74074074074,apartamento,3,0,0
2742890391,Meia Praia,Meia Praia,1700000.0,179,9497.206703910615,apartamento,4,0,0
2759272730,Centro,Centro,1700000.0,103,16504.85436893204,apartamento,3,0,0
2764632151,Meia Praia,Meia Praia,1700000.0,83,20481.927710843374,apartamento,3,0,0
2766688642,Andorinha,Andorinha,1700000.0,118,14406.77966101695,apartamento,3,0,0
2734024826,Meia Praia,Meia Praia,1700000.0,130,13076.923076923076,apartamento,3,0,0
2561153104,Meia Praia,Meia Praia,1700000.0,105,16190.47619047619,apartamento,3,0,0
2742884450,Centro,Centro,1700000.0,127,13385.826771653543,apartamento,3,0,0
2761642646,Meia Praia,Meia Praia,1700000.0,126,13492.063492063493,apartamento,3,0,0
2444182175,Andorinha,Andorinha,1700000.0,118,14406.77966101695,apartamento,3,0,0
2650750167,Meia Praia,Meia Praia,1700000.0,139,12230.21582733813,apartamento,3,0,0
2702305183,Andorinha,Andorinha,1700000.0,114,14912.280701754386,apartamento,3,0,0
2754738481,Andorinha,Andorinha,1700000.0,150,11333.333333333334,apartamento,3,0,0
2567227171,Meia Praia,Meia Praia,1700000.0,127,13385.826771653543,apartamento,3,0,0
2743410767,Meia Praia,Meia Praia,1700000.0,108,15740.74074074074,apartamento,3,0,0
2728403419,Meia Praia,Meia Praia,1700000.0,80,21250.0,apartamento,2,0,0
2759559119,Meia Praia,Meia Praia,1700000.0,108,15740.74074074074,apartamento,3,0,0
2730782374,Meia Praia,Meia Praia,1700000.0,110,15454.545454545454,apartamento,3,0,0
2769536334,Centro,Centro,1700000.0,105,16190.47619047619,apartamento,2,0,0
2764768942,Andorinha,Andorinha,1700000.0,148,11486.486486486487,apartamento,3,0,0
2660761864,Andorinha,Andorinha,1700000.0,123,13821.138211382115,apartamento,3,0,0
2723209711,Andorinha,Andorinha,1700000.0,137,12408.759124087592,apartamento,3,0,0
2740234245,Casa Branca,Casa Branca,1700000.0,2278,746.2686567164179,terreno,0,0,0
2738889666,Meia Praia,Meia Praia,1700000.0,120,14166.666666666666,apartamento,3,0,0
2742885831,Meia Praia,Meia Praia,1700000.0,179,9497.206703910615,apartamento,4,0,0
2754701146,Meia Praia,Meia Praia,1700000.0,117,14529.91452991453,apartamento,3,0,0
2710198303,Andorinha,Andorinha,1700000.0,127,13385.826771653543,apartamento,3,0,0
2734564716,Meia Praia,Meia Praia,1700000.0,108,15740.74074074074,apartamento,3,0,0
2730572426,Centro,Centro,1700000.0,120,14166.666666666666,apartamento,3,0,0
2721541452,Meia Praia,Meia Praia,1700000.0,130,13076.923076923076,apartamento,3,0,0
2625260362,Meia Praia,Meia Praia,1700000.0,100,17000.0,apartamento,3,0,0
2765359822,Castelo Branco,Castelo Branco,1700000.0,148,11486.486486486487,apartamento,3,0,0
2757660227,Casa Branca,Casa Branca,1700000.0,2278,746.2686567164179,terreno,0,0,0
2764631670,Meia Praia,Meia Praia,1700000.0,1002,1696.6067864271456,apartamento,3,0,0
2761509532,Meia Praia,Meia Praia,1700000.0,217,7834.101382488479,apartamento,3,0,0
2672503606,Meia Praia,Meia Praia,1700000.0,80,21250.0,apartamento,3,0,0
2730700913,Andorinha,Andorinha,1700000.0,118,14406.77966101695,apartamento,3,0,0
2720509133,Meia Praia,Meia Praia,1700000.0,118,14406.77966101695,apartamento,3,0,0
2744014218,Meia Praia,Meia Praia,1700000.0,132,12878.787878787878,apartamento,3,0,0
2759162714,Meia Praia,Meia Praia,1700000.0,117,14529.91452991453,apartamento,3,0,0
2759052221,Andorinha,Andorinha,1699870.0,112,15177.410714285714,apartamento,3,0,0
2766852441,Andorinha,Andorinha,1699800.0,115,14780.869565217392,apartamento,3,0,0
2766855717,Centro,Centro,1699800.0,127,13384.251968503937,apartamento,3,0,0
2766852430,Andorinha,Andorinha,1699800.0,131,12975.57251908397,apartamento,3,0,0
2769846282,Centro,Centro,1699770.0,135,12590.888888888889,apartamento,3,0,0
2768970667,Centro,Centro,1699240.0,118,14400.338983050848,apartamento,3,0,0
2769182699,Andorinha,Andorinha,1699210.0,118,14400.084745762711,apartamento,3,0,0
2769471125,Andorinha,Andorinha,1699160.0,112,15171.07142857143,apartamento,3,0,0
2770029674,Castelo Branco,Castelo Branco,1699100.0,252,6742.460317460317,apartamento,3,0,0
2738889669,Meia Praia,Meia Praia,1699000.0,120,14158.333333333334,apartamento,3,0,0
2747828727,Meia Praia,Meia Praia,1699000.0,108,15731.481481481482,apartamento,3,0,0
2598695357,Castelo Branco,Castelo Branco,1699000.0,133,12774.436090225563,apartamento,3,0,0
2669592667,Castelo Branco,Castelo Branco,1699000.0,121,14041.322314049587,apartamento,3,0,0
2631024826,Meia Praia,Meia Praia,1699000.0,130,13069.23076923077,apartamento,4,0,0
2728573323,Meia Praia,Meia Praia,1698800.0,121,14039.669421487602,apartamento,3,0,0
2727767033,Meia Praia,Meia Praia,1698800.0,111,15304.504504504504,apartamento,3,0,0
2529774013,Meia Praia,Meia Praia,1698089.0,137,12394.810218978102,apartamento,3,0,0
2746840107,Meia Praia,Meia Praia,1698000.0,281,6042.704626334519,apartamento,3,0,0
2754950715,Meia Praia,Meia Praia,1698000.0,131,12961.832061068702,apartamento,3,0,0
2735050327,Meia Praia,Meia Praia,1698000.0,131,12961.832061068702,apartamento,3,0,0
2770029669,Andorinha,Andorinha,1697400.0,131,12957.251908396947,apartamento,3,0,0
2767584820,Castelo Branco,Castelo Branco,1697000.0,133,12759.398496240601,apartamento,3,0,0
2736813743,Centro,Centro,1695000.0,141,12021.27659574468,apartamento,3,0,0
2765291079,Centro,Centro,1695000.0,133,12744.36090225564,apartamento,3,0,0
2765293638,Meia Praia,Meia Praia,1695000.0,120,14125.0,apartamento,3,0,0
2720725335,Centro,Centro,1695000.0,133,12744.36090225564,apartamento,4,0,0
2677800233,Centro,Centro,1695000.0,118,14364.406779661016,apartamento,3,0,0
2761598838,Centro,Centro,1695000.0,133,12744.36090225564,apartamento,3,0,0
2769477543,Andorinha,Andorinha,1694830.0,108,15692.87037037037,apartamento,3,0,0
2765064332,Meia Praia,Meia Praia,1690000.0,119,14201.680672268907,apartamento,3,0,0
2752622017,Canto da Praia,Canto da Praia,1690000.0,116,14568.965517241379,apartamento,3,0,0
2764631740,Andorinha,Andorinha,1690000.0,112,15089.285714285714,apartamento,3,0,0
2569301253,Meia Praia,Meia Praia,1690000.0,177,9548.022598870057,apartamento,4,0,0
2626580032,Centro,Centro,1690000.0,117,14444.444444444445,apartamento,3,0,0
2646968179,Meia Praia,Meia Praia,1690000.0,120,14083.333333333334,apartamento,3,0,0
2615046036,Castelo Branco,Castelo Branco,1690000.0,128,13203.125,apartamento,3,0,0
2603797093,Meia Praia,Meia Praia,1690000.0,98,17244.897959183672,apartamento,3,0,0
2730291864,Castelo Branco,Castelo Branco,1690000.0,145,11655.172413793103,apartamento,4,0,0
2766854833,Andorinha,Andorinha,1690000.0,126,13412.698412698413,apartamento,3,0,0
2569301255,Meia Praia,Meia Praia,1690000.0,177,9548.022598870057,apartamento,4,0,0
2753537271,Centro,Centro,1690000.0,136,12426.470588235294,apartamento,3,0,0
2541091490,Andorinha,Andorinha,1690000.0,112,15089.285714285714,apartamento,3,0,0
2761879718,Meia Praia,Meia Praia,1690000.0,119,14201.680672268907,apartamento,3,0,0
2748245225,Centro,Centro,1690000.0,140,12071.42857142857,apartamento,3,0,0
2727371881,Castelo Branco,Castelo Branco,1690000.0,145,11655.172413793103,apartamento,4,0,0
2750837756,Meia Praia,Meia Praia,1690000.0,218,7752.293577981652,apartamento,3,0,0
2736707655,Canto da Praia,Canto da Praia,1690000.0,116,14568.965517241379,apartamento,3,0,0
2712020499,Meia Praia,Meia Praia,1690000.0,109,15504.587155963303,apartamento,3,0,0
2592798979,Meia Praia,Meia Praia,1690000.0,145,11655.172413793103,apartamento,4,0,0
2750094817,Meia Praia,Meia Praia,1690000.0,218,7752.293577981652,apartamento,3,0,0
2711620137,Centro,Centro,1690000.0,99,17070.70707070707,apartamento,3,0,0
2641487607,Centro,Centro,1690000.0,114,14824.561403508771,apartamento,3,0,0
2579348895,Meia Praia,Meia Praia,1690000.0,145,11655.172413793103,apartamento,4,0,0
2597528054,Andorinha,Andorinha,1690000.0,120,14083.333333333334,apartamento,3,0,0
2619803122,Meia Praia,Meia Praia,1690000.0,146,11575.342465753425,apartamento,4,0,0
2698543475,Centro,Centro,1690000.0,135,12518.518518518518,apartamento,3,0,0
2760295047,Canto da Praia,Canto da Praia,1690000.0,105,16095.238095238095,apartamento,2,0,0
2754738797,Meia Praia,Meia Praia,1690000.0,219,7716.8949771689495,apartamento,3,0,0
2714720314,Centro,Centro,1690000.0,141,11985.81560283688,apartamento,3,0,0
2764894921,Centro,Centro,1690000.0,118,14322.033898305084,apartamento,3,0,0
2691973156,Andorinha,Andorinha,1690000.0,125,13520.0,apartamento,3,0,0
2760452623,Centro,Centro,1690000.0,117,14444.444444444445,apartamento,3,0,0
2766852449,Andorinha,Andorinha,1690000.0,120,14083.333333333334,apartamento,3,0,0
2762713814,Castelo Branco,Castelo Branco,1690000.0,118,14322.033898305084,apartamento,3,0,0
2764859742,Centro,Centro,1690000.0,105,16095.238095238095,apartamento,2,0,0
2764631274,Meia Praia,Meia Praia,1690000.0,100,16900.0,apartamento,3,0,0
2604272077,Centro,Centro,1690000.0,118,14322.033898305084,apartamento,3,0,0
2692764663,Meia Praia,Meia Praia,1690000.0,81,20864.197530864196,apartamento,2,0,0
2608048139,Meia Praia,Meia Praia,1690000.0,130,13000.0,apartamento,3,0,0
2675655296,Meia Praia,Meia Praia,1690000.0,140,12071.42857142857,apartamento,4,0,0
2720362604,Meia Praia,Meia Praia,1690000.0,120,14083.333333333334,apartamento,3,0,0
2603912396,Andorinha,Andorinha,1690000.0,163,10368.098159509202,apartamento,3,0,0
2764978835,Meia Praia,Meia Praia,1690000.0,108,15648.148148148148,apartamento,3,0,0
2727424545,Andorinha,Andorinha,1690000.0,118,14322.033898305084,apartamento,3,0,0
2766853125,Meia Praia,Meia Praia,1689800.0,127,13305.511811023622,apartamento,3,0,0
2770253921,Meia Praia,Meia Praia,1689780.0,127,13305.354330708662,apartamento,3,0,0
2769187030,Meia Praia,Meia Praia,1689630.0,130,12997.153846153846,apartamento,3,0,0
2770027221,Meia Praia,Meia Praia,1689610.0,218,7750.504587155963,apartamento,3,0,0
2769472193,Meia Praia,Meia Praia,1689360.0,130,12995.076923076924,apartamento,3,0,0
2769848122,Castelo Branco,Castelo Branco,1689200.0,138,12240.579710144928,apartamento,3,0,0
2770030419,Centro,Centro,1689180.0,100,16891.8,apartamento,2,0,0
2769845015,Andorinha,Andorinha,1689040.0,130,12992.615384615385,apartamento,3,0,0
2765064638,Meia Praia,Meia Praia,1689000.0,136,12419.117647058823,apartamento,3,0,0
2750306596,Meia Praia,Meia Praia,1687000.0,125,13496.0,apartamento,3,0,0
2560056881,Meia Praia,Meia Praia,1686311.0,138,12219.644927536232,apartamento,3,0,0
2766855023,Castelo Branco,Castelo Branco,1686000.0,120,14050.0,apartamento,3,0,0
2769186944,Castelo Branco,Castelo Branco,1685010.0,120,14041.75,apartamento,3,0,0
2744006713,Meia Praia,Meia Praia,1685000.0,122,13811.475409836066,apartamento,3,0,0
2628304756,Meia Praia,Meia Praia,1685000.0,122,13811.475409836066,apartamento,3,0,0
2716785833,Meia Praia,Meia Praia,1684907.0,125,13479.256,apartamento,3,0,0
2736947361,Meia Praia,Meia Praia,1684000.0,105,16038.095238095239,apartamento,3,0,0
2770277867,Meia Praia,Meia Praia,1684000.0,105,16038.095238095239,apartamento,3,0,0
2737868218,Meia Praia,Meia Praia,1684000.0,105,16038.095238095239,apartamento,3,0,0
2747156302,Meia Praia,Meia Praia,1684000.0,105,16038.095238095239,apartamento,3,0,0
2733863026,Meia Praia,Meia Praia,1684000.0,105,16038.095238095239,apartamento,3,0,0
2751848813,Meia Praia,Meia Praia,1684000.0,105,16038.095238095239,apartamento,3,0,0
2761662066,Meia Praia,Meia Praia,1684000.0,158,10658.227848101265,apartamento,3,0,0
2764631483,Meia Praia,Meia Praia,1684000.0,105,16038.095238095239,apartamento,3,0,0
2770199147,Meia Praia,Meia Praia,1684000.0,105,16038.095238095239,apartamento,3,0,0
2765064366,Meia Praia,Meia Praia,1684000.0,105,16038.095238095239,apartamento,3,0,0
2761579615,Meia Praia,Meia Praia,1684000.0,105,16038.095238095239,apartamento,3,0,0
2748478794,Meia Praia,Meia Praia,1684000.0,105,16038.095238095239,apartamento,3,0,0
2734486374,Meia Praia,Meia Praia,1684000.0,105,16038.095238095239,apartamento,3,0,0
2760453324,Meia Praia,Meia Praia,1684000.0,106,15886.792452830188,apartamento,3,0,0
2761656116,Meia Praia,Meia Praia,1684000.0,105,16038.095238095239,apartamento,3,0,0
2768969260,Meia Praia,Meia Praia,1683860.0,105,16036.761904761905,apartamento,3,0,0
2562905683,Meia Praia,Meia Praia,1681000.0,116,14491.379310344828,apartamento,3,0,0
2761509819,Andorinha,Andorinha,1680000.0,141,11914.893617021276,apartamento,3,0,0
2621870421,Andorinha,Andorinha,1680000.0,123,13658.536585365853,apartamento,3,0,0
2751942200,Meia Praia,Meia Praia,1680000.0,10,168000.0,apartamento,3,0,1
2654675565,Castelo Branco,Castelo Branco,1680000.0,145,11586.206896551725,apartamento,4,0,0
2744009671,Meia Praia,Meia Praia,1680000.0,115,14608.695652173914,apartamento,3,0,0
2739751952,Meia Praia,Meia Praia,1680000.0,140,12000.0,apartamento,3,0,0
2750469799,Andorinha,Andorinha,1680000.0,147,11428.57142857143,apartamento,3,0,0
2770091351,Meia Praia,Meia Praia,1680000.0,147,11428.57142857143,apartamento,4,0,0
2754745940,Centro,Centro,1680000.0,111,15135.135135135135,apartamento,3,0,0
2695116777,Andorinha,Andorinha,1680000.0,109,15412.844036697248,apartamento,3,0,0
2752690316,Meia Praia,Meia Praia,1680000.0,105,16000.0,apartamento,3,0,0
2764672127,Meia Praia,Meia Praia,1680000.0,105,16000.0,apartamento,3,0,0
2764630842,Meia Praia,Meia Praia,1680000.0,140,12000.0,apartamento,3,0,0
2724679648,Meia Praia,Meia Praia,1680000.0,140,12000.0,apartamento,3,0,0
2743692960,,,1680000.0,127,13228.346456692914,apartamento,3,0,0
2754171399,Meia Praia,Meia Praia,1680000.0,123,13658.536585365853,apartamento,3,0,0
2747918012,Meia Praia,Meia Praia,1680000.0,140,12000.0,apartamento,3,0,0
2763215815,Castelo Branco,Castelo Branco,1680000.0,105,16000.0,apartamento,3,0,0
2769476519,Castelo Branco,Castelo Branco,1679750.0,127,13226.377952755905,apartamento,3,0,0
2769469058,Andorinha,Andorinha,1679480.0,97,17314.22680412371,apartamento,3,0,0
2750720698,Meia Praia,Meia Praia,1675000.0,108,15509.25925925926,apartamento,3,0,0
2720707193,Meia Praia,Meia Praia,1675000.0,127,13188.976377952757,apartamento,4,0,0
2511793546,Castelo Branco,Castelo Branco,1675000.0,108,15509.25925925926,apartamento,3,0,0
2752469802,Meia Praia,Meia Praia,1670000.0,138,12101.449275362318,apartamento,3,0,0
2760453421,Meia Praia,Meia Praia,1670000.0,190,8789.473684210527,apartamento,4,0,0
2714952100,Andorinha,Andorinha,1668928.0,132,12643.39393939394,apartamento,3,0,0
2769838583,Canto da Praia,Canto da Praia,1667490.0,125,13339.92,apartamento,4,0,0
2511793572,Centro,Centro,1665000.0,102,16323.529411764706,apartamento,3,0,0
2748437895,Canto da Praia,Canto da Praia,1665000.0,102,16323.529411764706,apartamento,3,0,0
2767581349,Canto da Praia,Canto da Praia,1665000.0,100,16650.0,apartamento,3,0,0
2736972459,Centro,Centro,1660000.0,135,12296.296296296296,apartamento,3,0,0
2606626601,Andorinha,Andorinha,1660000.0,114,14561.40350877193,apartamento,3,0,0
2766852436,Meia Praia,Meia Praia,1660000.0,109,15229.357798165138,apartamento,3,0,0
2743411674,Andorinha,Andorinha,1660000.0,113,14690.265486725664,apartamento,3,0,0
2749228422,Meia Praia,Meia Praia,1659000.0,110,15081.818181818182,apartamento,3,0,0
2628243255,Meia Praia,Meia Praia,1655000.0,116,14267.241379310344,apartamento,3,0,0
2767583719,Castelo Branco,Castelo Branco,1655000.0,128,12929.6875,apartamento,4,0,0
2511793807,Castelo Branco,Castelo Branco,1655000.0,127,13031.496062992126,apartamento,4,0,0
2748822999,Meia Praia,Meia Praia,1655000.0,105,15761.904761904761,apartamento,3,0,0
2731693035,Meia Praia,Meia Praia,1655000.0,124,13346.774193548386,apartamento,4,0,0
2755493299,Meia Praia,Meia Praia,1655000.0,127,13031.496062992126,apartamento,4,0,0
2646969390,Meia Praia,Meia Praia,1654000.0,105,15752.380952380952,apartamento,3,0,0
2755592415,Meia Praia,Meia Praia,1650000.0,130,12692.307692307691,apartamento,3,0,0
2761880018,Meia Praia,Meia Praia,1650000.0,113,14601.769911504425,apartamento,3,0,0
2761579818,Andorinha,Andorinha,1650000.0,113,14601.769911504425,apartamento,3,0,0
2720508742,Meia Praia,Meia Praia,1650000.0,113,14601.769911504425,apartamento,3,0,0
2646971469,Meia Praia,Meia Praia,1650000.0,145,11379.310344827587,apartamento,3,0,0
2764631707,Centro,Centro,1650000.0,115,14347.826086956522,apartamento,3,0,0
2672320712,Andorinha,Andorinha,1650000.0,113,14601.769911504425,apartamento,3,0,0
2730737241,Meia Praia,Meia Praia,1650000.0,165,10000.0,apartamento,3,0,0
2655797193,Meia Praia,Meia Praia,1650000.0,145,11379.310344827587,apartamento,3,0,0
2742821609,Centro,Centro,1650000.0,140,11785.714285714286,apartamento,1,0,0
2636791013,Meia Praia,Meia Praia,1650000.0,110,15000.0,apartamento,3,0,0
2654678281,meia praia,Meia Praia,1650000.0,114,14473.684210526315,apartamento,3,0,0
2754747725,Castelo Branco,Castelo Branco,1650000.0,140,11785.714285714286,apartamento,3,0,0
2747200822,Meia Praia,Meia Praia,1650000.0,113,14601.769911504425,apartamento,3,0,0
2757819835,Castelo Branco,Castelo Branco,1650000.0,140,11785.714285714286,apartamento,3,0,0
2737579620,Castelo Branco,Castelo Branco,1650000.0,142,11619.718309859154,apartamento,3,0,0
2761878726,Castelo Branco,Castelo Branco,1650000.0,140,11785.714285714286,apartamento,3,0,0
2569451169,Meia Praia,Meia Praia,1650000.0,100,16500.0,apartamento,3,0,0
2765370813,Meia Praia,Meia Praia,1650000.0,130,12692.307692307691,apartamento,3,0,0
2723210388,Meia Praia,Meia Praia,1650000.0,100,16500.0,apartamento,3,0,0
2648118865,Andorinha,Andorinha,1650000.0,116,14224.137931034482,apartamento,3,0,0
2764633923,Andorinha,Andorinha,1650000.0,141,11702.127659574468,apartamento,3,0,0
2637238861,Meia Praia,Meia Praia,1650000.0,135,12222.222222222223,apartamento,3,0,0
2754733222,Andorinha,Andorinha,1650000.0,135,12222.222222222223,apartamento,3,0,0
2724505670,Castelo Branco,Castelo Branco,1650000.0,107,15420.56074766355,apartamento,3,0,0
2650232475,Meia Praia,Meia Praia,1650000.0,128,12890.625,apartamento,3,0,0
2764633943,Castelo Branco,Castelo Branco,1650000.0,113,14601.769911504425,apartamento,3,0,0
2763755827,Castelo Branco,Castelo Branco,1650000.0,140,11785.714285714286,apartamento,3,0,0
2758811320,Meia Praia,Meia Praia,1650000.0,101,16336.633663366336,apartamento,3,0,0
2553329511,Andorinha,Andorinha,1650000.0,140,11785.714285714286,apartamento,3,0,0
2568211991,Castelo Branco,Castelo Branco,1650000.0,56,29464.285714285714,apartamento,4,0,0
2652943577,Meia Praia,Meia Praia,1650000.0,163,10122.699386503067,apartamento,3,0,0
2751940127,Meia Praia,Meia Praia,1650000.0,10,165000.0,apartamento,3,0,1
2747718199,Castelo Branco,Castelo Branco,1650000.0,109,15137.614678899083,apartamento,3,0,0
2729769016,Centro,Centro,1650000.0,115,14347.826086956522,apartamento,3,0,0
2755165208,Andorinha,Andorinha,1650000.0,136,12132.35294117647,apartamento,3,0,0
2757611514,Andorinha,Andorinha,1650000.0,199,8291.457286432162,apartamento,3,0,0
2744015862,Meia Praia,Meia Praia,1650000.0,107,15420.56074766355,apartamento,3,0,0
2661819224,,,1650000.0,130,12692.307692307691,apartamento,3,0,0
2752780100,Meia Praia,Meia Praia,1650000.0,10,165000.0,apartamento,3,0,1
2751941503,Meia Praia,Meia Praia,1650000.0,10,165000.0,apartamento,3,0,1
2749084153,Meia Praia,Meia Praia,1650000.0,130,12692.307692307691,apartamento,3,0,0
2699371531,Meia Praia,Meia Praia,1650000.0,113,14601.769911504425,apartamento,3,0,0
2743315670,Meia Praia,Meia Praia,1650000.0,107,15420.56074766355,apartamento,3,0,0
2758880820,Meia Praia,Meia Praia,1650000.0,101,16336.633663366336,apartamento,3,0,0
2760418936,Andorinha,Andorinha,1650000.0,200,8250.0,apartamento,3,0,0
2758909718,Meia Praia,Meia Praia,1650000.0,101,16336.633663366336,apartamento,3,0,0
2638552844,Meia Praia,Meia Praia,1650000.0,103,16019.417475728156,apartamento,2,0,0
2761964337,Meia Praia,Meia Praia,1650000.0,116,14224.137931034482,apartamento,2,0,0
2630414683,Meia Praia,Meia Praia,1650000.0,130,12692.307692307691,apartamento,3,0,0
2747202730,Andorinha,Andorinha,1650000.0,113,14601.769911504425,apartamento,3,0,0
2733827020,Meia Praia,Meia Praia,1650000.0,126,13095.238095238095,apartamento,3,0,0
2734695174,Meia Praia,Meia Praia,1650000.0,113,14601.769911504425,apartamento,3,0,0
2757820519,Meia Praia,Meia Praia,1650000.0,100,16500.0,apartamento,3,0,0
2764633225,Meia Praia,Meia Praia,1650000.0,1073,1537.744641192917,apartamento,3,0,0
2651709408,Morretes,Morretes,1650000.0,200,8250.0,casa,3,0,0
2744015761,Meia Praia,Meia Praia,1650000.0,85,19411.764705882353,apartamento,2,0,0
2766855820,Meia Praia,Meia Praia,1650000.0,135,12222.222222222223,apartamento,3,0,0
2747828724,Meia Praia,Meia Praia,1650000.0,122,13524.590163934427,apartamento,3,0,0
2764631846,Castelo Branco,Castelo Branco,1650000.0,110,15000.0,apartamento,3,0,0
2651328568,Andorinha,Andorinha,1650000.0,127,12992.125984251968,apartamento,3,0,0
2736579148,Morretes,Morretes,1650000.0,113,14601.769911504425,apartamento,3,0,0
2574409898,Meia Praia,Meia Praia,1650000.0,119,13865.546218487394,apartamento,3,0,0
2628135902,Morretes,Morretes,1650000.0,0,,terreno,0,0,0
2744006715,Meia Praia,Meia Praia,1650000.0,110,15000.0,apartamento,3,0,0
2769854539,Castelo Branco,Castelo Branco,1649850.0,140,11784.642857142857,apartamento,3,0,0
2769759133,Meia Praia,Meia Praia,1649830.0,117,14101.111111111111,apartamento,3,0,0
2766852815,Meia Praia,Meia Praia,1649800.0,157,10508.28025477707,apartamento,4,0,0
2769476954,Centro,Centro,1649730.0,170,9704.29411764706,apartamento,3,0,0
2768970127,Morretes,Morretes,1649630.0,113,14598.495575221239,apartamento,3,0,0
2751858194,Meia Praia,Meia Praia,1649340.0,107,15414.392523364486,apartamento,3,0,0
2770254978,Meia Praia,Meia Praia,1649290.0,117,14096.495726495727,apartamento,3,0,0
2769186946,Castelo Branco,Castelo Branco,1649240.0,103,16012.038834951456,apartamento,3,0,0
2766973231,Meia Praia,Meia Praia,1649040.0,130,12684.923076923076,apartamento,3,0,0
2769844870,Andorinha,Andorinha,1649030.0,124,13298.629032258064,apartamento,3,0,0
2758535518,Meia Praia,Meia Praia,1649000.0,110,14990.90909090909,apartamento,3,0,0
2646971471,Meia Praia,Meia Praia,1649000.0,125,13192.0,apartamento,3,0,0
2705744229,Meia Praia,Meia Praia,1648500.0,117,14089.74358974359,apartamento,3,0,0
2761385119,Centro,Centro,1645878.0,125,13167.024,apartamento,3,0,0
2761876929,Meia Praia,Meia Praia,1640157.0,113,14514.663716814159,apartamento,3,0,0
2747203894,Meia Praia,Meia Praia,1640157.0,113,14514.663716814159,apartamento,3,0,0
2759605154,Meia Praia,Meia Praia,1640000.0,117,14017.094017094018,apartamento,3,0,0
2734990466,Centro,Centro,1640000.0,117,14017.094017094018,apartamento,3,0,0
2580253103,Centro,Centro,1640000.0,115,14260.869565217392,apartamento,3,0,0
2728963098,Centro,Centro,1640000.0,117,14017.094017094018,apartamento,3,0,0
2759541319,Meia Praia,Meia Praia,1640000.0,117,14017.094017094018,apartamento,3,0,0
2759671529,Meia Praia,Meia Praia,1640000.0,117,14017.094017094018,apartamento,3,0,0
2770031182,Andorinha,Andorinha,1639690.0,117,14014.444444444445,apartamento,3,0,0
2769757632,Centro,Centro,1639610.0,117,14013.760683760684,apartamento,3,0,0
2738091328,Meia Praia,Meia Praia,1636974.0,109,15018.11009174312,apartamento,3,0,0
2758311030,Andorinha,Andorinha,1635000.0,113,14469.026548672566,apartamento,3,0,0
2758374329,Andorinha,Andorinha,1635000.0,113,14469.026548672566,apartamento,3,0,0
2758295127,Andorinha,Andorinha,1635000.0,113,14469.026548672566,apartamento,3,0,0
2726637637,CENTRO,Centro,1635000.0,111,14729.72972972973,apartamento,2,0,0
2723209710,Meia Praia,Meia Praia,1635000.0,127,12874.015748031496,apartamento,4,0,0
2766851940,Andorinha,Andorinha,1630800.0,118,13820.338983050848,apartamento,3,0,0
2763090332,Meia Praia,Meia Praia,1630000.0,126,12936.507936507936,apartamento,3,0,0
2558704072,,,1630000.0,226,7212.3893805309735,apartamento,3,0,0
2565173841,Meia Praia,Meia Praia,1630000.0,133,12255.63909774436,apartamento,3,0,0
2653896966,Centro,Centro,1630000.0,149,10939.597315436242,apartamento,3,0,0
2560059976,Meia Praia,Meia Praia,1629523.0,147,11085.190476190477,apartamento,3,0,0
2767581585,Meia Praia,Meia Praia,1628288.0,135,12061.392592592592,apartamento,3,0,0
2766306423,Centro,Centro,1627450.0,165,9863.333333333334,apartamento,3,0,0
2752786909,Meia Praia,Meia Praia,1626073.0,262,6206.385496183206,apartamento,3,0,0
2661820662,Andorinha,Andorinha,1621000.0,113,14345.132743362832,apartamento,3,0,0
2738894941,Meia Praia,Meia Praia,1620000.0,130,12461.538461538461,apartamento,3,0,0
2558703181,,,1613026.0,160,10081.4125,apartamento,3,0,0
2765584527,Andorinha,Andorinha,1611795.0,110,14652.681818181818,apartamento,3,0,0
2753364713,Andorinha,Andorinha,1609100.0,190,8468.947368421053,apartamento,4,0,0
2767583576,Canto da Praia,Canto da Praia,1609000.0,100,16090.0,apartamento,3,0,0
2764857795,Canto da Praia,Canto da Praia,1609000.0,100,16090.0,apartamento,3,0,0
2670852683,Centro,Centro,1609000.0,100,16090.0,apartamento,3,0,0
2748820947,Canto da Praia,Canto da Praia,1609000.0,97,16587.628865979383,apartamento,3,0,0
2720730141,Centro,Centro,1609000.0,100,16090.0,apartamento,3,0,0
2562263246,Castelo Branco,Castelo Branco,1605469.0,165,9730.115151515152,apartamento,4,0,0
2499390409,Meia Praia,Meia Praia,1600000.0,130,12307.692307692309,apartamento,3,0,0
2609062379,Meia Praia,Meia Praia,1600000.0,150,10666.666666666666,apartamento,3,0,0
2764662221,Andorinha,Andorinha,1600000.0,160,10000.0,apartamento,3,0,0
2590847906,Castelo Branco,Castelo Branco,1600000.0,145,11034.48275862069,apartamento,3,0,0
2569300960,Centro,Centro,1600000.0,118,13559.322033898305,apartamento,3,0,0
2769208984,Canto da Praia,Canto da Praia,1600000.0,116,13793.103448275862,apartamento,3,0,0
2704940454,Meia Praia,Meia Praia,1600000.0,189,8465.608465608466,apartamento,2,0,0
2599020457,Meia Praia,Meia Praia,1600000.0,108,14814.814814814816,apartamento,3,0,0
2754568158,Meia Praia,Meia Praia,1600000.0,117,13675.213675213676,apartamento,3,0,0
2752629540,Castelo Branco,Castelo Branco,1600000.0,105,15238.095238095239,apartamento,3,0,0
2763195814,Centro,Centro,1600000.0,98,16326.530612244898,apartamento,3,0,0
2713798431,Meia Praia,Meia Praia,1600000.0,247,6477.7327935222675,apartamento,4,0,0
2764860725,Meia Praia,Meia Praia,1600000.0,145,11034.48275862069,apartamento,3,0,0
2754511309,Castelo Branco,Castelo Branco,1600000.0,105,15238.095238095239,apartamento,3,0,0
2751580433,Meia Praia,Meia Praia,1600000.0,124,12903.225806451614,apartamento,3,0,0
2761904029,Meia Praia,Meia Praia,1600000.0,124,12903.225806451614,apartamento,3,0,0
2569458193,Meia Praia,Meia Praia,1600000.0,138,11594.202898550724,apartamento,3,0,0
2723211840,Meia Praia,Meia Praia,1600000.0,167,9580.838323353293,apartamento,4,0,0
2763102615,Castelo Branco,Castelo Branco,1600000.0,157,10191.082802547771,apartamento,4,0,0
2733393020,Andorinha,Andorinha,1600000.0,127,12598.425196850394,apartamento,3,0,0
2569457603,Meia Praia,Meia Praia,1600000.0,114,14035.087719298246,apartamento,3,0,0
2656863683,Meia Praia,Meia Praia,1600000.0,130,12307.692307692309,apartamento,3,0,0
2744792050,Meia Praia,Meia Praia,1600000.0,169,9467.455621301775,apartamento,3,0,0
2758637838,Centro,Centro,1600000.0,161,9937.888198757764,apartamento,3,0,0
2646971500,Canto da Praia,Canto da Praia,1600000.0,100,16000.0,apartamento,3,0,0
2635064576,Centro,Centro,1600000.0,85,18823.529411764706,apartamento,2,0,0
2752780198,Centro,Centro,1600000.0,10,160000.0,apartamento,2,0,1
2756565716,Castelo Branco,Castelo Branco,1600000.0,105,15238.095238095239,apartamento,3,0,0
2558704057,,,1600000.0,220,7272.727272727273,apartamento,4,0,0
2748474751,Meia Praia,Meia Praia,1600000.0,98,16326.530612244898,apartamento,2,0,0
2761879924,Castelo Branco,Castelo Branco,1600000.0,105,15238.095238095239,apartamento,3,0,0
2699371301,Centro,Centro,1600000.0,85,18823.529411764706,apartamento,2,0,0
2744014213,Centro,Centro,1600000.0,87,18390.80459770115,apartamento,2,0,0
2728045734,Andorinha,Andorinha,1600000.0,146,10958.90410958904,apartamento,4,0,0
2760453532,Castelo Branco,Castelo Branco,1600000.0,198,8080.80808080808,apartamento,4,0,0
2643850988,Meia Praia,Meia Praia,1600000.0,100,16000.0,apartamento,3,0,0
2714719140,Meia Praia,Meia Praia,1600000.0,195,8205.128205128205,apartamento,4,0,0
2711034670,Meia Praia,Meia Praia,1600000.0,163,9815.9509202454,apartamento,3,0,0
2714719141,Casa Branca,Casa Branca,1600000.0,1340,1194.0298507462687,terreno,0,0,0
2558703374,,,1600000.0,190,8421.052631578947,apartamento,3,0,0
2644564508,Andorinha,Andorinha,1600000.0,119,13445.378151260504,apartamento,3,0,0
2646971476,Andorinha,Andorinha,1600000.0,121,13223.140495867769,apartamento,3,0,0
2747342816,Meia Praia,Meia Praia,1600000.0,127,12598.425196850394,apartamento,3,0,0
2730783851,Meia Praia,Meia Praia,1600000.0,180,8888.888888888889,apartamento,3,0,0
2569300655,Meia Praia,Meia Praia,1600000.0,138,11594.202898550724,apartamento,3,0,0
2654353538,Centro,Centro,1600000.0,128,12500.0,apartamento,3,0,0
2764861321,Centro,Centro,1600000.0,86,18604.6511627907,apartamento,2,0,0
2764969775,Centro,Centro,1600000.0,86,18604.6511627907,apartamento,2,0,0
2726405738,Meia Praia,Meia Praia,1600000.0,180,8888.888888888889,apartamento,3,0,0
2765548343,Meia Praia,Meia Praia,1600000.0,100,16000.0,apartamento,3,0,0
2760115025,Castelo Branco,Castelo Branco,1600000.0,105,15238.095238095239,apartamento,3,0,0
2628242861,Meia Praia,Meia Praia,1600000.0,137,11678.83211678832,apartamento,4,0,0
2710359428,Meia Praia,Meia Praia,1600000.0,122,13114.754098360656,apartamento,3,0,0
2692571261,Castelo Branco,Castelo Branco,1600000.0,150,10666.666666666666,casa,3,0,0
2716338234,,,1600000.0,110,14545.454545454546,apartamento,3,0,0
2767580925,Meia Praia,Meia Praia,1600000.0,185,8648.648648648648,apartamento,4,0,0
2679793398,,,1600000.0,300,5333.333333333333,apartamento,5,0,0
2764632652,Meia Praia,Meia Praia,1600000.0,135,11851.851851851852,apartamento,3,0,0
2715829001,Meia Praia,Meia Praia,1600000.0,103,15533.980582524271,apartamento,3,0,0
2506301158,Meia Praia,Meia Praia,1600000.0,95,16842.105263157893,apartamento,2,0,0
2748545575,Meia Praia,Meia Praia,1600000.0,120,13333.333333333334,apartamento,3,0,0
2560058913,Meia Praia,Meia Praia,1600000.0,108,14814.814814814816,apartamento,3,0,0
2744450124,Meia Praia,Meia Praia,1599999.0,113,14159.283185840708,apartamento,3,0,0
2766854624,Andorinha,Andorinha,1599800.0,134,11938.805970149253,apartamento,3,0,0
2766852620,Meia Praia,Meia Praia,1599800.0,149,10736.912751677852,apartamento,4,0,0
2766852819,Meia Praia,Meia Praia,1599800.0,125,12798.4,apartamento,3,0,0
2769853456,Meia Praia,Meia Praia,1599800.0,127,12596.850393700788,apartamento,3,0,0
2769189124,Casa Branca,Casa Branca,1599770.0,150,10665.133333333333,casa,3,0,0
2753365812,Castelo Branco,Castelo Branco,1599580.0,105,15234.095238095239,apartamento,3,0,0
2769847633,Andorinha,Andorinha,1599570.0,105,15234.0,apartamento,3,0,0
2769185875,Meia Praia,Meia Praia,1599530.0,134,11936.791044776119,apartamento,3,0,0
2769758436,Andorinha,Andorinha,1599200.0,110,14538.181818181818,apartamento,3,0,0
2769471462,Castelo Branco,Castelo Branco,1599010.0,115,13904.434782608696,apartamento,3,0,0
2725065736,Meia Praia,Meia Praia,1599000.0,145,11027.586206896553,apartamento,3,0,0
2650233827,Centro,Centro,1599000.0,85,18811.764705882353,apartamento,2,0,0
2670320093,Meia Praia,Meia Praia,1599000.0,214,7471.9626168224295,apartamento,4,0,0
2690222332,Meia Praia,Meia Praia,1599000.0,132,12113.636363636364,apartamento,3,0,0
2751093115,Castelo Branco,Castelo Branco,1599000.0,139,11503.597122302159,apartamento,3,0,0
2635956653,Meia Praia,Meia Praia,1599000.0,122,13106.557377049181,apartamento,3,0,0
2702437377,Castelo Branco,Castelo Branco,1598830.0,125,12790.64,apartamento,3,0,0
2766852230,Meia Praia,Meia Praia,1598800.0,160,9992.5,apartamento,3,0,0
2687011752,Meia Praia,Meia Praia,1598122.0,131,12199.404580152672,apartamento,3,0,0
2642947903,Meia Praia,Meia Praia,1598000.0,133,12015.037593984962,apartamento,3,0,0
2766855314,Castelo Branco,Castelo Branco,1598000.0,135,11837.037037037036,apartamento,3,0,0
2769181221,Castelo Branco,Castelo Branco,1597880.0,95,16819.78947368421,apartamento,3,0,0
2766852926,Meia Praia,Meia Praia,1597800.0,114,14015.78947368421,apartamento,3,0,0
2760910230,Centro,Centro,1595000.0,145,11000.0,apartamento,3,0,0
2755516519,Centro,Centro,1595000.0,119,13403.361344537816,apartamento,4,0,0
2747717907,Castelo Branco,Castelo Branco,1590000.0,117,13589.74358974359,apartamento,3,0,0
2636113397,Canto da Praia,Canto da Praia,1590000.0,116,13706.896551724138,apartamento,3,0,0
2675655301,Meia Praia,Meia Praia,1590000.0,118,13474.57627118644,apartamento,3,0,0
2690557784,Centro,Centro,1590000.0,87,18275.862068965518,apartamento,2,0,0
2761879622,Meia Praia,Meia Praia,1590000.0,129,12325.581395348838,apartamento,3,0,0
2609445976,Centro,Centro,1590000.0,125,12720.0,apartamento,3,0,0
2758653130,Meia Praia,Meia Praia,1590000.0,129,12325.581395348838,apartamento,3,0,0
2758636217,Meia Praia,Meia Praia,1590000.0,114,13947.368421052632,apartamento,3,0,0
2764634756,Meia Praia,Meia Praia,1590000.0,135,11777.777777777777,apartamento,3,0,0
2729738356,Meia Praia,Meia Praia,1590000.0,200,7950.0,apartamento,4,0,0
2764633344,Meia Praia,Meia Praia,1590000.0,190,8368.421052631578,apartamento,3,0,0
2761879923,Andorinha,Andorinha,1590000.0,114,13947.368421052632,apartamento,3,0,0
2667599093,Centro,Centro,1590000.0,100,15900.0,apartamento,3,0,0
2731497665,Castelo Branco,Castelo Branco,1590000.0,157,10127.388535031847,apartamento,4,0,0
2699898200,Meia Praia,Meia Praia,1590000.0,125,12720.0,apartamento,3,0,0
2747203313,Andorinha,Andorinha,1590000.0,114,13947.368421052632,apartamento,3,0,0
2764979718,Meia Praia,Meia Praia,1590000.0,129,12325.581395348838,apartamento,3,0,0
2758863207,Meia Praia,Meia Praia,1590000.0,129,12325.581395348838,apartamento,3,0,0
2616543951,Centro,Centro,1590000.0,133,11954.887218045113,apartamento,3,0,0
2739978220,Castelo Branco,Castelo Branco,1590000.0,157,10127.388535031847,apartamento,4,0,0
2766831347,Centro,Centro,1590000.0,86,18488.372093023256,apartamento,2,0,0
2702182067,Meia Praia,Meia Praia,1590000.0,260,6115.384615384615,casa,5,0,0
2592727232,Andorinha,Andorinha,1590000.0,123,12926.829268292682,apartamento,3,0,0
2646999470,Andorinha,Andorinha,1590000.0,118,13474.57627118644,apartamento,3,0,0
2748488199,Andorinha,Andorinha,1590000.0,114,13947.368421052632,apartamento,3,0,0
2594774189,Meia Praia,Meia Praia,1590000.0,130,12230.76923076923,apartamento,3,0,0
2758636122,Meia Praia,Meia Praia,1590000.0,129,12325.581395348838,apartamento,3,0,0
2758658020,Meia Praia,Meia Praia,1590000.0,114,13947.368421052632,apartamento,3,0,0
2758865126,Meia Praia,Meia Praia,1590000.0,114,13947.368421052632,apartamento,3,0,0
2765047034,Meia Praia,Meia Praia,1590000.0,129,12325.581395348838,apartamento,3,0,0
2642817361,Castelo Branco,Castelo Branco,1590000.0,157,10127.388535031847,apartamento,4,0,0
2760453622,Centro,Centro,1590000.0,117,13589.74358974359,apartamento,3,0,0
2769843864,Andorinha,Andorinha,1589890.0,127,12518.818897637795,apartamento,3,0,0
2766855024,Meia Praia,Meia Praia,1589800.0,145,10964.137931034482,apartamento,3,0,0
2769185876,Meia Praia,Meia Praia,1589600.0,99,16056.565656565657,apartamento,3,0,0
2769842617,Meia Praia,Meia Praia,1589050.0,133,11947.744360902256,apartamento,3,0,0
2769847572,Meia Praia,Meia Praia,1589040.0,145,10958.896551724138,apartamento,3,0,0
2769838584,Centro,Centro,1589010.0,102,15578.529411764706,apartamento,3,0,0
2725553234,Castelo Branco,Castelo Branco,1589000.0,95,16726.315789473683,apartamento,3,0,0
2765550319,Castelo Branco,Castelo Branco,1589000.0,95,16726.315789473683,apartamento,3,0,0
2545204079,Meia Praia,Meia Praia,1588350.0,132,12032.954545454546,apartamento,3,0,0
2768627018,Meia Praia,Meia Praia,1587000.0,133,11932.33082706767,apartamento,3,0,0
2766851828,Andorinha,Andorinha,1580100.0,126,12540.47619047619,apartamento,3,0,0
2560056551,Meia Praia,Meia Praia,1580100.0,126,12540.47619047619,apartamento,3,0,0
2570172298,Meia Praia,Meia Praia,1580000.0,114,13859.649122807017,apartamento,3,0,0
2752618524,Morretes,Morretes,1580000.0,160,9875.0,casa,3,0,0
2764633165,Canto da Praia,Canto da Praia,1580000.0,116,13620.689655172413,apartamento,3,0,0
2759271762,Canto da Praia,Canto da Praia,1580000.0,116,13620.689655172413,apartamento,3,0,0
2649965125,Centro,Centro,1580000.0,120,13166.666666666666,casa,3,0,0
2646142602,Castelo Branco,Castelo Branco,1580000.0,157,10063.694267515924,apartamento,4,0,0
2766854717,Andorinha,Andorinha,1580000.0,126,12539.682539682539,apartamento,3,0,0
2621566521,Meia Praia,Meia Praia,1580000.0,128,12343.75,apartamento,3,0,0
2743653784,Centro,Centro,1580000.0,116,13620.689655172413,apartamento,3,0,0
2769188608,Centro,Centro,1579830.0,120,13165.25,casa,3,0,0
2766851232,Centro,Centro,1579800.0,130,12152.307692307691,apartamento,4,0,0
2766852331,Meia Praia,Meia Praia,1579800.0,131,12059.541984732825,apartamento,3,0,0
2769472179,Meia Praia,Meia Praia,1579690.0,127,12438.503937007874,apartamento,3,0,0
2769185377,Castelo Branco,Castelo Branco,1579650.0,106,14902.358490566037,apartamento,2,0,0
2769843430,Andorinha,Andorinha,1579620.0,126,12536.666666666666,apartamento,3,0,0
2769186372,Andorinha,Andorinha,1579480.0,112,14102.5,apartamento,3,0,0
2764634113,Meia Praia,Meia Praia,1575000.0,94,16755.31914893617,apartamento,2,0,0
2608014299,Meia Praia,Meia Praia,1575000.0,174,9051.724137931034,apartamento,4,0,0
2769537128,Meia Praia,Meia Praia,1575000.0,116,13577.586206896553,apartamento,3,0,0
2761509821,Meia Praia,Meia Praia,1575000.0,160,9843.75,apartamento,4,0,0
2761506951,Meia Praia,Meia Praia,1575000.0,130,12115.384615384615,apartamento,3,0,0
2769846148,Andorinha,Andorinha,1572702.0,127,12383.48031496063,apartamento,3,0,0
2764634141,Centro,Centro,1571804.0,928,1693.7543103448277,apartamento,2,0,0
2607785212,Andorinha,Andorinha,1570000.0,127,12362.204724409448,apartamento,3,0,0
2764631060,Meia Praia,Meia Praia,1570000.0,140,11214.285714285714,apartamento,3,0,0
2617014920,Centro,Centro,1570000.0,140,11214.285714285714,apartamento,3,0,0
2754748107,Meia Praia,Meia Praia,1562500.0,104,15024.038461538461,comercial,0,0,0
2770027982,Meia Praia,Meia Praia,1560570.0,111,14059.18918918919,apartamento,3,0,0
2624187571,Meia Praia,Meia Praia,1560000.0,124,12580.645161290322,apartamento,3,0,0
2430848984,Meia Praia,Meia Praia,1560000.0,165,9454.545454545454,apartamento,4,0,0
2766854313,Andorinha,Andorinha,1559800.0,114,13682.456140350878,apartamento,3,0,0
2766854630,Andorinha,Andorinha,1559800.0,127,12281.889763779527,apartamento,3,0,0
2761509424,Meia Praia,Meia Praia,1559471.0,165,9451.339393939394,apartamento,4,0,0
2769839948,Canto da Praia,Canto da Praia,1559090.0,99,15748.38383838384,apartamento,3,0,0
2566178860,Meia Praia,Meia Praia,1554000.0,133,11684.21052631579,apartamento,3,0,0
2764895119,Castelo Branco,Castelo Branco,1554000.0,133,11684.21052631579,apartamento,3,0,0
2563574455,Castelo Branco,Castelo Branco,1554000.0,133,11684.21052631579,apartamento,3,0,0
2763649142,Andorinha,Andorinha,1554000.0,135,11511.111111111111,apartamento,3,0,0
2716810506,Centro,Centro,1550585.0,145,10693.689655172413,apartamento,3,0,0
2655801076,Meia Praia,Meia Praia,1550000.0,149,10402.68456375839,apartamento,4,0,0
2763545119,Meia Praia,Meia Praia,1550000.0,140,11071.42857142857,apartamento,3,0,0
2738894939,Meia Praia,Meia Praia,1550000.0,123,12601.626016260163,apartamento,3,0,0
2608012734,Centro,Centro,1550000.0,118,13135.593220338984,apartamento,3,0,0
2744592797,Castelo Branco,Castelo Branco,1550000.0,126,12301.587301587302,apartamento,3,0,0
2747718598,Meia Praia,Meia Praia,1550000.0,114,13596.491228070176,apartamento,3,0,0
2637496199,Andorinha,Andorinha,1550000.0,105,14761.904761904761,apartamento,3,0,0
2743411086,Meia Praia,Meia Praia,1550000.0,138,11231.884057971014,apartamento,3,0,0
2738745232,Andorinha,Andorinha,1550000.0,118,13135.593220338984,apartamento,3,0,0
2758885919,Meia Praia,Meia Praia,1550000.0,169,9171.597633136094,comercial,0,0,0
2649273154,Meia Praia,Meia Praia,1550000.0,107,14485.981308411216,apartamento,3,0,0
2744012697,Meia Praia,Meia Praia,1550000.0,115,13478.260869565218,apartamento,3,0,0
2747829203,Meia Praia,Meia Praia,1550000.0,147,10544.21768707483,apartamento,4,0,0
2760268730,Meia Praia,Meia Praia,1550000.0,175,8857.142857142857,apartamento,3,0,0
2769730216,Meia Praia,Meia Praia,1550000.0,127,12204.72440944882,apartamento,3,0,0
2756563133,Meia Praia,Meia Praia,1550000.0,10,155000.0,apartamento,3,0,1
2764632548,Meia Praia,Meia Praia,1550000.0,127,12204.72440944882,apartamento,3,0,0
2738794351,Andorinha,Andorinha,1550000.0,120,12916.666666666666,comercial,0,0,0
2725618859,Meia Praia,Meia Praia,1550000.0,134,11567.164179104477,apartamento,3,0,0
2724974460,Andorinha,Andorinha,1550000.0,109,14220.183486238531,apartamento,3,0,0
2746883528,Meia Praia,Meia Praia,1550000.0,149,10402.68456375839,apartamento,4,0,0
2608015773,Meia Praia,Meia Praia,1550000.0,120,12916.666666666666,apartamento,3,0,0
2747266496,Meia Praia,Meia Praia,1550000.0,117,13247.863247863248,apartamento,3,0,0
2670819802,Castelo Branco,Castelo Branco,1550000.0,167,9281.437125748504,apartamento,3,0,0
2747826525,Meia Praia,Meia Praia,1550000.0,100,15500.0,apartamento,3,0,0
2519108937,Castelo Branco,Castelo Branco,1550000.0,108,14351.851851851852,apartamento,3,0,0
2764975510,Andorinha,Andorinha,1550000.0,145,10689.655172413793,apartamento,4,0,0
2691973157,Centro,Centro,1550000.0,100,15500.0,apartamento,2,0,0
2764631334,Canto da Praia,Canto da Praia,1550000.0,100,15500.0,apartamento,3,0,0
2763648539,Castelo Branco,Castelo Branco,1550000.0,125,12400.0,apartamento,3,0,0
2765514421,Meia Praia,Meia Praia,1550000.0,85,18235.29411764706,apartamento,2,0,0
2650229108,Meia Praia,Meia Praia,1550000.0,100,15500.0,apartamento,3,0,0
2753500209,Meia Praia,Meia Praia,1549900.0,123,12600.81300813008,apartamento,3,0,0
2753495952,Meia Praia,Meia Praia,1549870.0,123,12600.569105691056,apartamento,3,0,0
2769474182,Castelo Branco,Castelo Branco,1549790.0,117,13246.068376068377,apartamento,3,0,0
2765831220,Andorinha,Andorinha,1549540.0,127,12201.102362204725,apartamento,3,0,0
2753961895,Andorinha,Andorinha,1549060.0,180,8605.888888888889,apartamento,4,0,0
2769476955,Centro,Centro,1549050.0,200,7745.25,apartamento,3,0,0
2619829320,Castelo Branco,Castelo Branco,1549022.0,165,9388.012121212121,apartamento,4,0,0
2769843887,Centro,Centro,1549010.0,127,12196.929133858268,apartamento,3,0,0
2592930756,Castelo Branco,Castelo Branco,1549000.0,165,9387.878787878788,apartamento,3,0,0
2769888818,Centro,Centro,1548115.0,135,11467.518518518518,apartamento,4,0,0
2754747728,Centro,Centro,1548115.0,135,11467.518518518518,apartamento,4,0,0
2609061598,Castelo Branco,Castelo Branco,1546414.0,165,9372.20606060606,apartamento,4,0,0
2685746487,Meia Praia,Meia Praia,1545075.0,126,12262.5,apartamento,3,0,0
2761413524,Andorinha,Andorinha,1545000.0,112,13794.642857142857,apartamento,3,0,0
2765297919,Andorinha,Andorinha,1545000.0,112,13794.642857142857,apartamento,3,0,0
2671627197,Meia Praia,Meia Praia,1541002.0,111,13882.9009009009,apartamento,3,0,0
2593072995,Andorinha,Andorinha,1540000.0,114,13508.771929824561,apartamento,3,0,0
2562193529,Meia Praia,Meia Praia,1537000.0,165,9315.151515151516,apartamento,4,0,0
2736812985,Castelo Branco,Castelo Branco,1535000.0,102,15049.019607843138,apartamento,3,0,0
2618659886,Canto da Praia,Canto da Praia,1530000.0,116,13189.655172413793,apartamento,3,0,0
2592489849,Andorinha,Andorinha,1530000.0,135,11333.333333333334,apartamento,3,0,0
2609059401,Meia Praia,Meia Praia,1530000.0,145,10551.724137931034,apartamento,4,0,0
2607921285,Castelo Branco,Castelo Branco,1530000.0,128,11953.125,apartamento,3,0,0
2606115977,Meia Praia,Meia Praia,1530000.0,105,14571.42857142857,apartamento,3,0,0
2605038810,Centro,Centro,1530000.0,135,11333.333333333334,apartamento,3,0,0
2766852232,Andorinha,Andorinha,1529800.0,120,12748.333333333334,apartamento,3,0,0
2769187133,Meia Praia,Meia Praia,1528077.0,105,14553.114285714286,apartamento,3,0,0
2687811369,Meia Praia,Meia Praia,1527000.0,120,12725.0,apartamento,3,0,0
2769852958,Castelo Branco,Castelo Branco,1526630.0,132,11565.378787878788,apartamento,3,0,0
2754746749,Andorinha,Andorinha,1526569.0,120,12721.408333333333,apartamento,3,0,0
2769709155,Andorinha,Andorinha,1526566.0,120,12721.383333333333,apartamento,3,0,0
2667707398,Andorinha,Andorinha,1526566.0,120,12721.383333333333,apartamento,3,0,0
2764220321,Andorinha,Andorinha,1526565.0,120,12721.375,apartamento,3,0,0
2707266197,Andorinha,Andorinha,1526000.0,120,12716.666666666666,apartamento,3,0,0
2746689528,Andorinha,Andorinha,1525825.0,177,8620.4802259887,apartamento,3,0,0
2769841850,Castelo Branco,Castelo Branco,1525147.0,115,13262.147826086957,apartamento,3,0,0
2765272215,Centro,Centro,1523000.0,142,10725.352112676057,apartamento,3,0,0
2669812805,Canto da Praia,Canto da Praia,1522000.0,88,17295.454545454544,apartamento,2,0,0
2766852930,Castelo Branco,Castelo Branco,1522000.0,128,11890.625,apartamento,3,0,0
2750149400,Meia Praia,Meia Praia,1522000.0,128,11890.625,apartamento,3,0,0
2646971556,Castelo Branco,Castelo Branco,1520000.0,165,9212.121212121212,apartamento,4,0,0
2768633130,Canto da Praia,Canto da Praia,1520000.0,88,17272.727272727272,apartamento,2,0,0
2698488098,Meia Praia,Meia Praia,1520000.0,130,11692.307692307691,apartamento,3,0,0
2769758217,Meia Praia,Meia Praia,1519710.0,126,12061.190476190477,apartamento,3,0,0
2617273914,Meia Praia,Meia Praia,1519000.0,123,12349.59349593496,apartamento,3,0,0
2569298360,Meia Praia,Meia Praia,1518834.0,138,11006.04347826087,apartamento,3,0,0
2730508439,Castelo Branco,Castelo Branco,1517000.0,132,11492.424242424242,apartamento,4,0,0
2764631248,Centro,Centro,1516060.0,928,1633.6853448275863,apartamento,2,0,0
2560060279,Meia Praia,Meia Praia,1514780.0,130,11652.153846153846,apartamento,3,0,0
2765080482,Morretes,Morretes,1500001.0,283,5300.356890459364,terreno,0,0,0
2767583419,Castelo Branco,Castelo Branco,1500000.0,109,13761.467889908257,apartamento,3,0,0
2764631264,Meia Praia,Meia Praia,1500000.0,109,13761.467889908257,apartamento,3,0,0
2723000955,,,1500000.0,149,10067.114093959732,apartamento,3,0,0
2720508934,Meia Praia,Meia Praia,1500000.0,128,11718.75,apartamento,3,0,0
2621046873,Meia Praia,Meia Praia,1500000.0,139,10791.366906474821,comercial,0,0,0
2621911621,Morretes,Morretes,1500000.0,156,9615.384615384615,casa,3,0,0
2766851922,Meia Praia,Meia Praia,1500000.0,133,11278.195488721805,apartamento,3,0,0
2671626810,Meia Praia,Meia Praia,1500000.0,92,16304.347826086956,apartamento,3,0,0
2764779340,Centro,Centro,1500000.0,110,13636.363636363636,apartamento,3,0,0
2645831675,Meia Praia,Meia Praia,1500000.0,247,6072.8744939271255,apartamento,3,0,0
2688672464,Meia Praia,Meia Praia,1500000.0,124,12096.774193548386,apartamento,3,0,0
2597271028,Meia Praia,Meia Praia,1500000.0,150,10000.0,apartamento,4,0,0
2661820462,Meia Praia,Meia Praia,1500000.0,127,11811.023622047243,apartamento,3,0,0
2758554087,Castelo Branco,Castelo Branco,1500000.0,157,9554.140127388535,apartamento,4,0,0
2560059822,Meia Praia,Meia Praia,1500000.0,92,16304.347826086956,apartamento,3,0,0
2750494793,Andorinha,Andorinha,1500000.0,113,13274.336283185841,apartamento,3,0,0
2591027194,Andorinha,Andorinha,1500000.0,124,12096.774193548386,apartamento,3,0,0
2748550403,Castelo Branco,Castelo Branco,1500000.0,157,9554.140127388535,apartamento,4,0,0
2744793316,Meia Praia,Meia Praia,1500000.0,110,13636.363636363636,apartamento,3,0,0
2626745123,Meia Praia,Meia Praia,1500000.0,128,11718.75,apartamento,3,0,0
2732157759,Meia Praia,Meia Praia,1500000.0,141,10638.297872340425,apartamento,3,0,0
2728456923,Morretes,Morretes,1500000.0,567,2645.5026455026455,terreno,0,0,0
2764632395,Meia Praia,Meia Praia,1500000.0,125,12000.0,apartamento,3,0,0
2767583787,Meia Praia,Meia Praia,1500000.0,155,9677.41935483871,apartamento,3,0,0
2764381321,Andorinha,Andorinha,1500000.0,113,13274.336283185841,apartamento,3,0,0
2748740907,Meia Praia,Meia Praia,1500000.0,135,11111.111111111111,apartamento,3,0,0
2738894940,Andorinha,Andorinha,1500000.0,135,11111.111111111111,apartamento,3,0,0
2764632872,Canto da Praia,Canto da Praia,1500000.0,100,15000.0,apartamento,3,0,0
2695072944,Meia Praia,Meia Praia,1500000.0,116,12931.034482758621,apartamento,3,0,0
2730744027,Casa Branca,Casa Branca,1500000.0,150,10000.0,casa,3,0,0
2769991862,Castelo Branco,Castelo Branco,1500000.0,140,10714.285714285714,apartamento,3,0,0
2646971507,Meia Praia,Meia Praia,1500000.0,133,11278.195488721805,apartamento,3,0,0
2669014894,Morretes,Morretes,1500000.0,90,16666.666666666668,apartamento,2,0,0
2729354440,Meia Praia,Meia Praia,1500000.0,126,11904.761904761905,apartamento,3,0,0
2635464353,Meia Praia,Meia Praia,1500000.0,127,11811.023622047243,apartamento,3,0,0
2587913298,Castelo Branco,Castelo Branco,1500000.0,157,9554.140127388535,apartamento,4,0,0
2770090769,Meia Praia,Meia Praia,1500000.0,110,13636.363636363636,apartamento,3,0,0
2732165220,Centro,Centro,1500000.0,135,11111.111111111111,apartamento,4,0,0
2751411232,Andorinha,Andorinha,1500000.0,115,13043.478260869566,apartamento,3,0,0
2694368807,Morretes,Morretes,1500000.0,180,8333.333333333334,casa,3,0,0
2739734490,Centro,Centro,1500000.0,105,14285.714285714286,apartamento,3,0,0
2770279738,Meia Praia,Meia Praia,1500000.0,122,12295.081967213115,apartamento,3,0,0
2766853114,Centro,Centro,1500000.0,86,17441.86046511628,apartamento,2,0,0
2770278196,Meia Praia,Meia Praia,1500000.0,124,12096.774193548386,apartamento,3,0,0
2751958616,Meia Praia,Meia Praia,1500000.0,128,11718.75,apartamento,3,0,0
2763649139,Meia Praia,Meia Praia,1500000.0,101,14851.485148514852,apartamento,3,0,0
2748356213,Meia Praia,Meia Praia,1500000.0,134,11194.029850746268,apartamento,3,0,0
2763088931,Centro,Centro,1500000.0,116,12931.034482758621,apartamento,3,0,0
2735689114,Castelo Branco,Castelo Branco,1500000.0,150,10000.0,apartamento,4,0,0
2758862554,Andorinha,Andorinha,1500000.0,128,11718.75,apartamento,3,0,0
2699373679,Castelo Branco,Castelo Branco,1500000.0,157,9554.140127388535,apartamento,4,0,0
2757947755,Centro,Centro,1500000.0,180,8333.333333333334,apartamento,3,0,0
2595766458,Meia Praia,Meia Praia,1500000.0,128,11718.75,apartamento,3,0,0
2730785017,Casa Branca,Casa Branca,1500000.0,150,10000.0,casa,3,0,0
2764861332,Meia Praia,Meia Praia,1500000.0,134,11194.029850746268,apartamento,3,0,0
2673148296,Andorinha,Andorinha,1500000.0,130,11538.461538461539,apartamento,3,0,0
2600544258,Castelo Branco,Castelo Branco,1500000.0,92,16304.347826086956,apartamento,3,0,0
2747718502,Andorinha,Andorinha,1500000.0,128,11718.75,apartamento,3,0,0
2765234218,Meia Praia,Meia Praia,1500000.0,114,13157.894736842105,apartamento,3,0,0
2765062090,Meia Praia,Meia Praia,1500000.0,143,10489.510489510489,apartamento,3,0,0
2665408293,Meia Praia,Meia Praia,1500000.0,271,5535.055350553505,apartamento,3,0,0
2646971169,Andorinha,Andorinha,1500000.0,126,11904.761904761905,apartamento,3,0,0
2761579618,Andorinha,Andorinha,1500000.0,113,13274.336283185841,apartamento,3,0,0
2595144582,Morretes,Morretes,1500000.0,180,8333.333333333334,casa,3,0,0
2721774724,Morretes,Morretes,1500000.0,80,18750.0,casa,2,0,0
2764979922,Meia Praia,Meia Praia,1500000.0,133,11278.195488721805,apartamento,3,0,0
2765065015,Andorinha,Andorinha,1500000.0,132,11363.636363636364,apartamento,3,0,0
2754169535,Meia Praia,Meia Praia,1500000.0,127,11811.023622047243,apartamento,3,0,0
2634150727,,,1500000.0,85,17647.058823529413,apartamento,2,0,0
2539933948,Meia Praia,Meia Praia,1500000.0,127,11811.023622047243,apartamento,3,0,0
2726448736,Meia Praia,Meia Praia,1500000.0,134,11194.029850746268,apartamento,3,0,0
2624151971,Meia Praia,Meia Praia,1500000.0,157,9554.140127388535,apartamento,4,0,0
2622333430,Meia Praia,Meia Praia,1500000.0,130,11538.461538461539,apartamento,3,0,0
2756093977,Tabuleiro dos Oliveiras,Tabuleiro dos Oliveiras,1500000.0,70,21428.571428571428,apartamento,3,0,0
2769696419,Meia Praia,Meia Praia,1500000.0,128,11718.75,apartamento,3,0,0
2747202339,Andorinha,Andorinha,1500000.0,90,16666.666666666668,comercial,0,0,0
2757882718,Centro,Centro,1500000.0,180,8333.333333333334,apartamento,3,0,0
2761051815,Morretes,Morretes,1500000.0,283,5300.3533568904595,terreno,0,0,0
2630737661,Meia Praia,Meia Praia,1500000.0,116,12931.034482758621,apartamento,3,0,0
2747203318,Centro,Centro,1500000.0,116,12931.034482758621,apartamento,3,0,0
2571720759,Meia Praia,Meia Praia,1500000.0,151,9933.774834437087,apartamento,3,0,0
2764220515,Meia Praia,Meia Praia,1500000.0,147,10204.081632653062,apartamento,4,0,0
2659552768,Meia Praia,Meia Praia,1500000.0,145,10344.827586206897,apartamento,3,0,0
2716756232,Meia Praia,Meia Praia,1500000.0,134,11194.029850746268,apartamento,3,0,0
2569453263,Centro,Centro,1500000.0,114,13157.894736842105,apartamento,3,0,0
2753647718,Centro,Centro,1500000.0,180,8333.333333333334,apartamento,3,0,0
2629990162,Morretes,Morretes,1500000.0,252,5952.380952380952,terreno,0,0,0
2764976897,Meia Praia,Meia Praia,1500000.0,122,12295.081967213115,apartamento,3,0,0
2745301105,Meia Praia,Meia Praia,1500000.0,125,12000.0,apartamento,3,0,0
2747201644,Andorinha,Andorinha,1500000.0,75,20000.0,apartamento,2,0,0
2569455786,Meia Praia,Meia Praia,1500000.0,105,14285.714285714286,apartamento,3,0,0
2662069255,Meia Praia,Meia Praia,1500000.0,84,17857.14285714286,apartamento,2,0,0
2651545461,Andorinha,Andorinha,1500000.0,110,13636.363636363636,apartamento,3,0,0
2766833715,Sertão do Trombudo,Sertão Do Trombudo,1500000.0,120,12500.0,outros,2,0,0
2761506949,Meia Praia,Meia Praia,1500000.0,125,12000.0,apartamento,3,0,0
2612161501,Castelo Branco,Castelo Branco,1500000.0,125,12000.0,apartamento,3,0,0
2762700042,Meia Praia,Meia Praia,1500000.0,108,13888.888888888889,apartamento,3,0,0
2646970775,Castelo Branco,Castelo Branco,1500000.0,136,11029.411764705883,apartamento,4,0,0
2767581329,Morretes,Morretes,1500000.0,567,2645.5026455026455,terreno,0,0,0
2764399768,Meia Praia,Meia Praia,1499890.0,122,12294.180327868853,apartamento,3,0,0
2766853013,Meia Praia,Meia Praia,1499800.0,127,11809.448818897637,apartamento,3,0,0
2766853322,Meia Praia,Meia Praia,1499800.0,119,12603.361344537816,apartamento,3,0,0
2766852030,Andorinha,Andorinha,1499800.0,128,11717.1875,apartamento,3,0,0
2766852234,Meia Praia,Meia Praia,1499800.0,162,9258.024691358025,apartamento,4,0,0
2769839872,Meia Praia,Meia Praia,1499570.0,122,12291.557377049181,apartamento,3,0,0
2769847511,Meia Praia,Meia Praia,1499400.0,154,9736.363636363636,apartamento,3,0,0
2758482772,Andorinha,Andorinha,1499380.0,163,9198.650306748466,apartamento,3,0,0
2769474680,Andorinha,Andorinha,1499350.0,89,16846.629213483146,comercial,0,0,0
2769177192,Andorinha,Andorinha,1499320.0,85,17639.058823529413,apartamento,2,0,0
2759051821,Andorinha,Andorinha,1499280.0,113,13267.964601769912,apartamento,3,0,0
2769473417,Meia Praia,Meia Praia,1499270.0,96,15617.395833333334,apartamento,3,0,0
2757729860,Morretes,Morretes,1499200.0,101,14843.564356435643,apartamento,3,0,0
2770029676,Castelo Branco,Castelo Branco,1499170.0,110,13628.818181818182,apartamento,3,0,0
2759428114,Andorinha,Andorinha,1499140.0,128,11712.03125,apartamento,3,0,0
2569240106,Andorinha,Andorinha,1499000.0,149,10060.402684563758,apartamento,4,0,0
2736511250,Meia Praia,Meia Praia,1499000.0,121,12388.429752066115,apartamento,3,0,0
2729638052,Meia Praia,Meia Praia,1499000.0,105,14276.190476190477,apartamento,3,0,0
2649301378,Morretes,Morretes,1499000.0,200,7495.0,casa,3,0,0
2736924634,Meia Praia,Meia Praia,1499000.0,147,10197.278911564626,apartamento,3,0,0
2649304059,Morretes,Morretes,1499000.0,200,7495.0,casa,3,0,0
2766853019,Andorinha,Andorinha,1498800.0,124,12087.09677419355,apartamento,3,0,0
2729035845,Centro,Centro,1498000.0,124,12080.645161290322,apartamento,3,0,0
2758185922,Meia Praia,Meia Praia,1496000.0,131,11419.847328244276,apartamento,3,0,0
2741201656,Meia Praia,Meia Praia,1495896.0,132,11332.545454545454,apartamento,3,0,0
2721776202,Meia Praia,Meia Praia,1495000.0,125,11960.0,apartamento,3,0,0
2767583218,Meia Praia,Meia Praia,1495000.0,124,12056.451612903225,apartamento,3,0,0
2764857006,Canto da Praia,Canto da Praia,1495000.0,100,14950.0,apartamento,3,0,0
2763109127,Meia Praia,Meia Praia,1495000.0,108,13842.592592592593,apartamento,2,0,0
2729114035,Canto da Praia,Canto da Praia,1495000.0,99,15101.0101010101,apartamento,3,0,0
2759051631,Andorinha,Andorinha,1495000.0,144,10381.944444444445,apartamento,3,0,0
2764979915,Andorinha,Andorinha,1495000.0,117,12777.777777777777,apartamento,3,0,0
2630291469,Canto da Praia,Canto da Praia,1495000.0,116,12887.931034482759,apartamento,3,0,0
2741683972,Meia Praia,Meia Praia,1495000.0,149,10033.557046979866,apartamento,3,0,0
2760475317,Meia Praia,Meia Praia,1495000.0,144,10381.944444444445,apartamento,3,0,0
2723072731,Castelo Branco,Castelo Branco,1495000.0,141,10602.836879432623,apartamento,3,0,0
2677404600,Canto da Praia,Canto da Praia,1495000.0,100,14950.0,apartamento,3,0,0
2717260158,Castelo Branco,Castelo Branco,1495000.0,141,10602.836879432623,apartamento,3,0,0
2766853713,Centro,Centro,1494800.0,137,10910.94890510949,apartamento,3,0,0
2768969133,Andorinha,Andorinha,1494360.0,108,13836.666666666666,apartamento,2,0,0
2749758236,Centro,Centro,1490500.0,133,11206.766917293233,apartamento,3,0,0
2766833630,Meia Praia,Meia Praia,1490000.0,130,11461.538461538461,apartamento,3,0,0
2613763029,Andorinha,Andorinha,1490000.0,131,11374.045801526718,apartamento,3,0,0
2764671539,Centro,Centro,1490000.0,92,16195.652173913044,apartamento,2,0,0
2759605537,Meia Praia,Meia Praia,1490000.0,100,14900.0,apartamento,3,0,0
2764631676,Meia Praia,Meia Praia,1490000.0,116,12844.827586206897,apartamento,3,0,0
2569458395,Meia Praia,Meia Praia,1490000.0,118,12627.118644067798,apartamento,3,0,0
2759541024,Meia Praia,Meia Praia,1490000.0,100,14900.0,apartamento,3,0,0
2762237014,Meia Praia,Meia Praia,1490000.0,125,11920.0,apartamento,3,0,0
2670819046,Andorinha,Andorinha,1490000.0,111,13423.423423423423,apartamento,3,0,0
2613183873,Centro,Centro,1490000.0,116,12844.827586206897,apartamento,3,0,0
2715492960,Centro,Centro,1490000.0,90,16555.555555555555,casa,3,0,0
2759673332,Meia Praia,Meia Praia,1490000.0,100,14900.0,apartamento,3,0,0
2660788406,Castelo Branco,Castelo Branco,1490000.0,200,7450.0,apartamento,3,0,0
2721777935,Morretes,Morretes,1490000.0,116,12844.827586206897,casa,3,0,0
2747718201,Castelo Branco,Castelo Branco,1490000.0,94,15851.063829787234,apartamento,2,0,0
2615369895,Andorinha,Andorinha,1490000.0,132,11287.878787878788,apartamento,3,0,0
2764978845,Andorinha,Andorinha,1490000.0,135,11037.037037037036,apartamento,3,0,0
2692636062,Meia Praia,Meia Praia,1490000.0,94,15851.063829787234,apartamento,2,0,0
2751474912,Meia Praia,Meia Praia,1490000.0,102,14607.843137254902,apartamento,3,0,0
2764859737,Meia Praia,Meia Praia,1490000.0,122,12213.11475409836,apartamento,3,0,0
2736748753,Andorinha,Andorinha,1490000.0,129,11550.387596899225,apartamento,3,0,0
2723370440,Andorinha,Andorinha,1490000.0,109,13669.724770642202,apartamento,3,0,0
2745678246,Andorinha,Andorinha,1490000.0,118,12627.118644067798,apartamento,3,0,0
2770198953,Canto da Praia,Canto da Praia,1490000.0,99,15050.505050505051,apartamento,3,0,0
2766852824,Meia Praia,Meia Praia,1490000.0,101,14752.475247524753,apartamento,3,0,0
2748771111,Castelo Branco,Castelo Branco,1490000.0,125,11920.0,apartamento,3,0,0
2617954338,Meia Praia,Meia Praia,1490000.0,123,12113.821138211382,apartamento,3,0,0
2722032134,Canto da Praia,Canto da Praia,1490000.0,99,15050.505050505051,apartamento,3,0,0
2655801256,Andorinha,Andorinha,1490000.0,118,12627.118644067798,apartamento,2,0,0
2736459061,Meia Praia,Meia Praia,1490000.0,135,11037.037037037036,apartamento,3,0,0
2723364613,Andorinha,Andorinha,1490000.0,132,11287.878787878788,apartamento,3,0,0
2761579716,Canto da Praia,Canto da Praia,1490000.0,101,14752.475247524753,apartamento,3,0,0
2625848878,Meia Praia,Meia Praia,1490000.0,120,12416.666666666666,apartamento,3,0,0
2764974906,Meia Praia,Meia Praia,1490000.0,172,8662.790697674418,apartamento,4,0,0
2768971563,Andorinha,Andorinha,1489830.0,82,18168.658536585364,comercial,1,0,0
2766852015,Andorinha,Andorinha,1489800.0,114,13068.421052631578,apartamento,3,0,0
2766852729,Meia Praia,Meia Praia,1489800.0,120,12415.0,apartamento,3,0,0
2769189317,Meia Praia,Meia Praia,1489500.0,160,9309.375,apartamento,3,0,0
2702029296,Andorinha,Andorinha,1489360.0,132,11283.030303030304,apartamento,3,0,0
2769755915,Andorinha,Andorinha,1489220.0,82,18161.219512195123,comercial,1,0,0
2769187426,Castelo Branco,Castelo Branco,1489110.0,145,10269.724137931034,apartamento,4,0,0
2769842986,Andorinha,Andorinha,1488810.0,109,13658.80733944954,apartamento,3,0,0
2565455992,Meia Praia,Meia Praia,1485000.0,108,13750.0,apartamento,3,0,0
2747848612,Meia Praia,Meia Praia,1480000.0,113,13097.345132743363,apartamento,3,0,0
2690610050,Meia Praia,Meia Praia,1480000.0,112,13214.285714285714,apartamento,3,0,0
2715685838,Meia Praia,Meia Praia,1480000.0,120,12333.333333333334,apartamento,3,0,0
2742325556,Castelo Branco,Castelo Branco,1480000.0,126,11746.031746031746,apartamento,3,0,0
2661380172,Meia Praia,Meia Praia,1480000.0,100,14800.0,apartamento,3,0,0
2744014581,Meia Praia,Meia Praia,1480000.0,112,13214.285714285714,apartamento,3,0,0
2763648538,Castelo Branco,Castelo Branco,1480000.0,125,11840.0,apartamento,3,0,0
2764631080,Meia Praia,Meia Praia,1480000.0,124,11935.483870967742,apartamento,3,0,0
2769183092,Andorinha,Andorinha,1479600.0,110,13450.90909090909,apartamento,3,0,0
2770030836,Castelo Branco,Castelo Branco,1479070.0,109,13569.449541284404,apartamento,3,0,0
2751815708,Meia Praia,Meia Praia,1478000.0,122,12114.754098360656,apartamento,4,0,0
2736455484,Meia Praia,Meia Praia,1475000.0,121,12190.082644628099,apartamento,3,0,0
2677839125,Meia Praia,Meia Praia,1475000.0,130,11346.153846153846,apartamento,3,0,0
2755524996,Meia Praia,Meia Praia,1475000.0,80,18437.5,apartamento,2,0,0
2742883934,Meia Praia,Meia Praia,1475000.0,121,12190.082644628099,apartamento,3,0,0
2579512682,Andorinha,Andorinha,1473000.0,122,12073.77049180328,apartamento,3,0,0
2599797468,Andorinha,Andorinha,1473000.0,122,12073.77049180328,apartamento,3,0,0
2764631265,Andorinha,Andorinha,1472834.0,122,12072.409836065573,apartamento,3,0,0
2749846242,Meia Praia,Meia Praia,1470000.0,128,11484.375,apartamento,3,0,0
2740233954,Meia Praia,Meia Praia,1470000.0,121,12148.760330578512,apartamento,3,0,0
2764631579,Centro,Centro,1470000.0,875,1680.0,apartamento,2,0,0
2766852837,Meia Praia,Meia Praia,1469800.0,120,12248.333333333334,apartamento,3,0,0
2569301261,Meia Praia,Meia Praia,1467866.0,138,10636.710144927536,apartamento,3,0,0
2765063798,Meia Praia,Meia Praia,1462800.0,117,12502.564102564103,apartamento,3,0,0
2764359916,Meia Praia,Meia Praia,1462197.0,115,12714.756521739131,apartamento,3,0,0
2763087525,Meia Praia,Meia Praia,1462197.0,115,12714.756521739131,apartamento,3,0,0
2569299814,Meia Praia,Meia Praia,1460000.0,145,10068.965517241379,apartamento,3,0,0
2558703474,,,1460000.0,210,6952.380952380952,apartamento,3,0,0
2755511893,Andorinha,Andorinha,1459000.0,175,8337.142857142857,apartamento,3,0,0
2574431281,Meia Praia,Meia Praia,1458360.0,165,8838.545454545454,apartamento,4,0,0
2767582371,Castelo Branco,Castelo Branco,1455785.0,129,11285.15503875969,apartamento,3,0,0
2633492775,Meia Praia,Meia Praia,1454000.0,120,12116.666666666666,apartamento,4,0,0
2754745446,Meia Praia,Meia Praia,1454000.0,120,12116.666666666666,apartamento,4,0,0
2768626025,Meia Praia,Meia Praia,1452465.0,115,12630.130434782608,apartamento,3,0,0
2669813595,Canto da Praia,Canto da Praia,1452000.0,88,16500.0,apartamento,2,0,0
2766554818,Meia Praia,Meia Praia,1452000.0,115,12626.08695652174,apartamento,3,0,0
2699371532,Andorinha,Andorinha,1450000.0,104,13942.307692307691,apartamento,3,0,0
2737053822,Centro,Centro,1450000.0,10,145000.0,apartamento,3,0,1
2601835198,Andorinha,Andorinha,1450000.0,126,11507.936507936507,apartamento,3,0,0
2761133418,Meia Praia,Meia Praia,1450000.0,115,12608.695652173914,apartamento,3,0,0
2766832130,Meia Praia,Meia Praia,1450000.0,118,12288.135593220339,apartamento,3,0,0
2747716305,Meia Praia,Meia Praia,1450000.0,141,10283.687943262412,apartamento,3,0,0
2686861423,Castelo Branco,Castelo Branco,1450000.0,125,11600.0,apartamento,3,0,0
2723209707,Andorinha,Andorinha,1450000.0,126,11507.936507936507,apartamento,3,0,0
2690467864,Centro,Centro,1450000.0,100,14500.0,apartamento,3,0,0
2697432835,Meia Praia,Meia Praia,1450000.0,118,12288.135593220339,apartamento,3,0,0
2654675566,Andorinha,Andorinha,1450000.0,120,12083.333333333334,apartamento,3,0,0
2759358815,Meia Praia,Meia Praia,1450000.0,115,12608.695652173914,apartamento,3,0,0
2691970875,Castelo Branco,Castelo Branco,1450000.0,118,12288.135593220339,apartamento,3,0,0
2567541742,Meia Praia,Meia Praia,1450000.0,123,11788.617886178861,apartamento,4,0,0
2724515561,Meia Praia,Meia Praia,1450000.0,129,11240.31007751938,apartamento,3,0,0
2738894035,Meia Praia,Meia Praia,1450000.0,128,11328.125,apartamento,3,0,0
2705809229,Andorinha,Andorinha,1450000.0,130,11153.846153846154,apartamento,3,0,0
2733174645,Sertão do Trombudo,Sertão Do Trombudo,1450000.0,130,11153.846153846154,apartamento,3,0,0
2704940354,Meia Praia,Meia Praia,1450000.0,94,15425.531914893618,apartamento,2,0,0
2768649425,Canto da Praia,Canto da Praia,1450000.0,116,12500.0,apartamento,3,0,0
2562765497,Meia Praia,Meia Praia,1450000.0,140,10357.142857142857,apartamento,3,0,0
2613247197,Castelo Branco,Castelo Branco,1450000.0,125,11600.0,apartamento,3,0,0
2744014219,Meia Praia,Meia Praia,1450000.0,114,12719.298245614034,apartamento,3,0,0
2646971194,Castelo Branco,Castelo Branco,1450000.0,126,11507.936507936507,apartamento,3,0,0
2763583637,Meia Praia,Meia Praia,1450000.0,100,14500.0,apartamento,2,0,0
2760453420,Castelo Branco,Castelo Branco,1450000.0,80,18125.0,apartamento,2,0,0
2734805416,Centro,Centro,1450000.0,139,10431.654676258993,apartamento,3,0,0
2733401361,Meia Praia,Meia Praia,1450000.0,105,13809.52380952381,apartamento,3,0,0
2747718200,Meia Praia,Meia Praia,1450000.0,120,12083.333333333334,apartamento,4,0,0
2703529793,Meia Praia,Meia Praia,1450000.0,115,12608.695652173914,casa,3,0,0
2592169416,Meia Praia,Meia Praia,1450000.0,141,10283.687943262412,apartamento,3,0,0
2761932292,Andorinha,Andorinha,1450000.0,115,12608.695652173914,apartamento,3,0,0
2764631838,Meia Praia,Meia Praia,1450000.0,1445,1003.4602076124568,apartamento,3,0,0
2764631295,Meia Praia,Meia Praia,1450000.0,94,15425.531914893618,apartamento,2,0,0
2661819863,Castelo Branco,Castelo Branco,1450000.0,130,11153.846153846154,apartamento,3,0,0
2649179179,Castelo Branco,Castelo Branco,1450000.0,106,13679.245283018869,apartamento,3,0,0
2761576355,Meia Praia,Meia Praia,1450000.0,100,14500.0,apartamento,2,0,0
2711036855,Meia Praia,Meia Praia,1450000.0,109,13302.752293577982,apartamento,3,0,0
2692571259,Andorinha,Andorinha,1450000.0,100,14500.0,casa,3,0,0
2690844456,Meia Praia,Meia Praia,1450000.0,110,13181.818181818182,apartamento,3,0,0
2765062369,Meia Praia,Meia Praia,1450000.0,94,15425.531914893618,apartamento,2,0,0
2739159398,Meia Praia,Meia Praia,1450000.0,110,13181.818181818182,apartamento,3,0,0
2609431997,Andorinha,Andorinha,1450000.0,123,11788.617886178861,apartamento,3,0,0
2613764899,Meia Praia,Meia Praia,1450000.0,123,11788.617886178861,apartamento,3,0,0
2766852322,Andorinha,Andorinha,1449800.0,148,9795.945945945947,apartamento,4,0,0
2769753509,Castelo Branco,Castelo Branco,1449650.0,118,12285.169491525423,apartamento,3,0,0
2769188591,Andorinha,Andorinha,1449200.0,120,12076.666666666666,apartamento,3,0,0
2769181024,Meia Praia,Meia Praia,1449040.0,118,12280.0,apartamento,3,0,0
2769843345,Castelo Branco,Castelo Branco,1449020.0,109,13293.761467889908,apartamento,3,0,0
2606211545,Castelo Branco,Castelo Branco,1445000.0,135,10703.703703703704,apartamento,3,0,0
2764894922,Castelo Branco,Castelo Branco,1444000.0,165,8751.515151515152,apartamento,4,0,0
2767580966,Andorinha,Andorinha,1443747.0,107,13492.96261682243,apartamento,3,0,0
2569301257,Meia Praia,Meia Praia,1442701.0,142,10159.866197183099,apartamento,3,0,0
2591565950,Castelo Branco,Castelo Branco,1440000.0,120,12000.0,apartamento,4,0,0
2766855130,Centro,Centro,1439000.0,117,12299.145299145299,apartamento,3,0,0
2760934515,Meia Praia,Meia Praia,1430000.0,118,12118.64406779661,apartamento,3,0,0
2766855120,Castelo Branco,Castelo Branco,1430000.0,165,8666.666666666666,apartamento,4,0,0
2681617210,Andorinha,Andorinha,1430000.0,134,10671.641791044776,apartamento,3,0,0
2583631217,Meia Praia,Meia Praia,1430000.0,114,12543.859649122807,apartamento,3,0,0
2763649734,Castelo Branco,Castelo Branco,1430000.0,125,11440.0,apartamento,3,0,0
2651932982,Andorinha,Andorinha,1426000.0,124,11500.0,casa,3,0,0
2569298358,Meia Praia,Meia Praia,1425876.0,142,10041.38028169014,apartamento,3,0,0
2582115359,Andorinha,Andorinha,1423000.0,124,11475.806451612903,apartamento,3,0,0
2761579516,Morretes,Morretes,1420405.0,81,17535.864197530864,comercial,0,0,0
2539435853,Andorinha,Andorinha,1420000.0,106,13396.22641509434,apartamento,3,0,0
2763742916,Meia Praia,Meia Praia,1420000.0,114,12456.140350877193,apartamento,3,0,0
2770365520,Morretes,Morretes,1420000.0,70,20285.714285714286,apartamento,2,0,0
2766854639,Centro,Centro,1419800.0,120,11831.666666666666,apartamento,3,0,0
2766852834,Castelo Branco,Castelo Branco,1416800.0,130,10898.461538461539,apartamento,3,0,0
2754746763,Meia Praia,Meia Praia,1416517.0,177,8002.920903954802,casa,3,0,0
2767580977,Meia Praia,Meia Praia,1410711.0,98,14395.010204081633,apartamento,3,0,0
2749233393,Meia Praia,Meia Praia,1410509.0,140,10075.064285714287,apartamento,3,0,0
2607022573,Meia Praia,Meia Praia,1410000.0,110,12818.181818181818,apartamento,3,0,0
2634728638,Meia Praia,Meia Praia,1406000.0,123,11430.894308943089,apartamento,3,0,0
2766852336,Castelo Branco,Castelo Branco,1402800.0,115,12198.260869565218,apartamento,3,0,0
2560060053,Meia Praia,Meia Praia,1401397.0,98,14299.969387755102,apartamento,3,0,0
2569457806,Meia Praia,Meia Praia,1400000.0,176,7954.545454545455,apartamento,4,0,0
2752780200,Meia Praia,Meia Praia,1400000.0,10,140000.0,apartamento,2,0,1
2764980019,Andorinha,Andorinha,1400000.0,127,11023.622047244095,apartamento,3,0,0
2569451172,Meia Praia,Meia Praia,1400000.0,162,8641.975308641975,apartamento,4,0,0
2681626998,Meia Praia,Meia Praia,1400000.0,168,8333.333333333334,apartamento,4,0,0
2769325664,,,1400000.0,115,12173.91304347826,apartamento,3,0,0
2764631770,Meia Praia,Meia Praia,1400000.0,80,17500.0,apartamento,2,0,0
2766659520,Andorinha,Andorinha,1400000.0,114,12280.701754385966,apartamento,3,0,0
2767599321,Andorinha,Andorinha,1400000.0,75,18666.666666666668,apartamento,2,0,0
2661820561,Meia Praia,Meia Praia,1400000.0,164,8536.585365853658,apartamento,3,0,0
2762331321,Meia Praia,Meia Praia,1400000.0,164,8536.585365853658,apartamento,3,0,0
2656735893,Centro,Centro,1400000.0,118,11864.406779661016,apartamento,3,0,0
2666979995,Centro,Centro,1400000.0,168,8333.333333333334,apartamento,3,0,0
2761880121,Meia Praia,Meia Praia,1400000.0,96,14583.333333333334,apartamento,3,0,0
2639048577,Meia Praia,Meia Praia,1400000.0,164,8536.585365853658,apartamento,3,0,0
2746885893,Andorinha,Andorinha,1400000.0,160,8750.0,apartamento,4,0,0
2753757017,Meia Praia,Meia Praia,1400000.0,98,14285.714285714286,apartamento,3,0,0
2745381109,Meia Praia,Meia Praia,1400000.0,154,9090.90909090909,apartamento,3,0,0
2558704312,,,1400000.0,230,6086.95652173913,apartamento,4,0,0
2558703946,,,1400000.0,292,4794.520547945205,apartamento,3,0,0
2764631063,Meia Praia,Meia Praia,1400000.0,112,12500.0,apartamento,3,0,0
2723049641,Centro,Centro,1400000.0,135,10370.37037037037,apartamento,4,0,0
2739618123,Meia Praia,Meia Praia,1400000.0,216,6481.481481481482,apartamento,3,0,0
2664169704,Meia Praia,Meia Praia,1400000.0,109,12844.036697247706,apartamento,3,0,0
2686840242,Meia Praia,Meia Praia,1400000.0,125,11200.0,apartamento,3,0,0
2734006415,Andorinha,Andorinha,1400000.0,134,10447.76119402985,apartamento,3,0,0
2747202330,Andorinha,Andorinha,1400000.0,75,18666.666666666668,apartamento,2,0,0
2754169468,Meia Praia,Meia Praia,1400000.0,116,12068.965517241379,apartamento,3,0,0
2646474665,Andorinha,Andorinha,1400000.0,115,12173.91304347826,apartamento,3,0,0
2743253324,Centro,Centro,1400000.0,123,11382.113821138211,apartamento,3,0,0
2569458101,Meia Praia,Meia Praia,1400000.0,138,10144.927536231884,apartamento,3,0,0
2766851625,Meia Praia,Meia Praia,1400000.0,145,9655.172413793103,apartamento,4,0,0
2732469215,Meia Praia,Meia Praia,1400000.0,165,8484.848484848484,apartamento,3,0,0
2763648534,Meia Praia,Meia Praia,1400000.0,80,17500.0,apartamento,2,0,0
2717148754,Centro,Centro,1400000.0,101,13861.386138613861,apartamento,3,0,0
2667843788,Andorinha,Andorinha,1400000.0,118,11864.406779661016,apartamento,3,0,0
2633529985,Castelo Branco,Castelo Branco,1400000.0,120,11666.666666666666,apartamento,3,0,0
2712550404,Andorinha,Andorinha,1400000.0,120,11666.666666666666,apartamento,3,0,0
2765098138,Andorinha,Andorinha,1400000.0,118,11864.406779661016,apartamento,3,0,0
2567535767,Meia Praia,Meia Praia,1400000.0,154,9090.90909090909,apartamento,3,0,0
2767581736,Meia Praia,Meia Praia,1400000.0,118,11864.406779661016,apartamento,3,0,0
2756625622,Morretes,Morretes,1400000.0,68,20588.235294117647,apartamento,2,0,0
2681270499,Meia Praia,Meia Praia,1400000.0,112,12500.0,apartamento,3,0,0
2735381225,Meia Praia,Meia Praia,1400000.0,120,11666.666666666666,apartamento,3,0,0
2744791972,Meia Praia,Meia Praia,1400000.0,101,13861.386138613861,apartamento,3,0,0
2720508350,Meia Praia,Meia Praia,1400000.0,96,14583.333333333334,apartamento,3,0,0
2711631997,Andorinha,Andorinha,1400000.0,119,11764.70588235294,apartamento,3,0,0
2569456226,Meia Praia,Meia Praia,1400000.0,124,11290.322580645161,apartamento,3,0,0
2661819282,Morretes,Morretes,1400000.0,67,20895.5223880597,apartamento,2,0,0
2752919202,Meia Praia,Meia Praia,1400000.0,135,10370.37037037037,apartamento,3,0,0
2714720237,Centro,Centro,1400000.0,118,11864.406779661016,apartamento,3,0,0
2767583121,Centro,Centro,1400000.0,109,12844.036697247706,apartamento,3,0,0
2722650560,Meia Praia,Meia Praia,1400000.0,115,12173.91304347826,apartamento,3,0,0
2666863325,Meia Praia,Meia Praia,1399900.0,164,8535.975609756097,apartamento,3,0,0
2658131555,Meia Praia,Meia Praia,1399880.0,106,13206.415094339623,apartamento,3,0,0
2766851231,Castelo Branco,Castelo Branco,1399800.0,103,13590.291262135923,apartamento,3,0,0
2769189689,Meia Praia,Meia Praia,1399770.0,164,8535.182926829268,apartamento,3,0,0
2708171300,Castelo Branco,Castelo Branco,1399570.0,98,14281.326530612245,apartamento,3,0,0
2757732219,Meia Praia,Meia Praia,1399480.0,80,17493.5,apartamento,2,0,0
2769185842,Meia Praia,Meia Praia,1399220.0,112,12493.035714285714,apartamento,3,0,0
2769842015,Meia Praia,Meia Praia,1399060.0,98,14276.122448979591,apartamento,2,0,0
2736449551,Meia Praia,Meia Praia,1399000.0,70,19985.714285714286,apartamento,2,0,0
2670314507,Andorinha,Andorinha,1399000.0,123,11373.983739837398,apartamento,3,0,0
2691279870,Meia Praia,Meia Praia,1399000.0,112,12491.07142857143,apartamento,3,0,0
2765233813,Meia Praia,Meia Praia,1399000.0,123,11373.983739837398,apartamento,3,0,0
2760490017,Meia Praia,Meia Praia,1399000.0,106,13198.11320754717,apartamento,3,0,0
2769182975,Andorinha,Andorinha,1398860.0,129,10843.875968992248,apartamento,3,0,0
2769276337,Castelo Branco,Castelo Branco,1398670.0,210,6660.333333333333,apartamento,3,0,0
2569451170,Meia Praia,Meia Praia,1398000.0,139,10057.553956834532,apartamento,3,0,0
2766852014,Castelo Branco,Castelo Branco,1396800.0,125,11174.4,apartamento,3,0,0
2769755633,Meia Praia,Meia Praia,1395650.0,85,16419.41176470588,apartamento,3,0,0
2677404601,Meia Praia,Meia Praia,1395000.0,105,13285.714285714286,apartamento,3,0,0
2717267535,Meia Praia,Meia Praia,1395000.0,100,13950.0,apartamento,3,0,0
2677530397,Meia Praia,Meia Praia,1395000.0,108,12916.666666666666,apartamento,3,0,0
2757201222,Andorinha,Andorinha,1394168.0,122,11427.606557377048,apartamento,3,0,0
2699352676,Meia Praia,Meia Praia,1391000.0,93,14956.989247311827,apartamento,3,0,0
2723211735,Meia Praia,Meia Praia,1390672.0,179,7769.117318435754,apartamento,3,0,0
2590073318,Meia Praia,Meia Praia,1390000.0,130,10692.307692307691,apartamento,3,0,0
2764978839,Centro,Centro,1390000.0,90,15444.444444444445,apartamento,2,0,0
2685473175,Castelo Branco,Castelo Branco,1390000.0,133,10451.127819548872,apartamento,3,0,0
2747717114,Meia Praia,Meia Praia,1390000.0,157,8853.503184713376,apartamento,4,0,0
2745518412,Andorinha,Andorinha,1390000.0,159,8742.138364779874,apartamento,4,0,0
2634981757,Andorinha,Andorinha,1390000.0,125,11120.0,apartamento,3,0,0
2763648644,Morretes,Morretes,1390000.0,116,11982.758620689656,apartamento,3,0,0
2660191963,Castelo Branco,Castelo Branco,1390000.0,256,5429.6875,apartamento,3,0,0
2682448254,Meia Praia,Meia Praia,1390000.0,104,13365.384615384615,apartamento,3,0,0
2766852520,Andorinha,Andorinha,1390000.0,125,11120.0,apartamento,3,0,0
2582262193,Meia Praia,Meia Praia,1390000.0,140,9928.57142857143,apartamento,3,0,0
2740969158,Tabuleiro dos Oliveiras,Tabuleiro dos Oliveiras,1390000.0,69,20144.927536231884,apartamento,2,0,0
2756559138,Castelo Branco,Castelo Branco,1390000.0,10,139000.0,apartamento,2,0,1
2665395523,Castelo Branco,Castelo Branco,1390000.0,190,7315.789473684211,apartamento,3,0,0
2717011742,Meia Praia,Meia Praia,1390000.0,200,6950.0,apartamento,4,0,0
2764858084,Meia Praia,Meia Praia,1390000.0,131,10610.687022900764,apartamento,3,0,0
2763195521,Andorinha,Andorinha,1390000.0,104,13365.384615384615,apartamento,3,0,0
2727020960,Andorinha,Andorinha,1390000.0,160,8687.5,apartamento,3,0,0
2766852218,Castelo Branco,Castelo Branco,1390000.0,133,10451.127819548872,apartamento,3,0,0
2593533171,Castelo Branco,Castelo Branco,1390000.0,133,10451.127819548872,apartamento,3,0,0
2765060481,Meia Praia,Meia Praia,1389889.0,87,15975.735632183909,apartamento,3,0,0
2753363490,Centro,Centro,1389720.0,105,13235.42857142857,apartamento,3,0,0
2769183355,Meia Praia,Meia Praia,1389640.0,78,17815.897435897437,apartamento,2,0,0
2769841787,Andorinha,Andorinha,1389550.0,119,11676.89075630252,apartamento,3,0,0
2769993430,Castelo Branco,Castelo Branco,1389000.0,104,13355.76923076923,apartamento,3,0,0
2754748198,Castelo Branco,Castelo Branco,1386787.0,61,22734.213114754097,comercial,0,0,0
2564237649,Andorinha,Andorinha,1380576.0,87,15868.689655172413,apartamento,3,0,0
2720509035,Andorinha,Andorinha,1380000.0,191,7225.130890052356,apartamento,4,0,0
2720090692,Centro,Centro,1380000.0,100,13800.0,apartamento,3,0,0
2569455779,Castelo Branco,Castelo Branco,1380000.0,140,9857.142857142857,apartamento,3,0,0
2767580929,Morretes,Morretes,1380000.0,281,4911.032028469751,terreno,0,0,0
2762329031,Canto da Praia,Canto da Praia,1380000.0,99,13939.39393939394,apartamento,3,0,0
2761877633,Canto da Praia,Canto da Praia,1380000.0,99,13939.39393939394,apartamento,3,0,0
2749769110,Meia Praia,Meia Praia,1380000.0,110,12545.454545454546,apartamento,3,0,0
2764632856,Meia Praia,Meia Praia,1380000.0,110,12545.454545454546,apartamento,3,0,0
2700334082,Castelo Branco,Castelo Branco,1380000.0,90,15333.333333333334,apartamento,2,0,0
2737852621,Morretes,Morretes,1380000.0,113,12212.389380530973,apartamento,3,0,0
2718314655,Canto da Praia,Canto da Praia,1380000.0,100,13800.0,apartamento,3,0,0
2764975506,Andorinha,Andorinha,1380000.0,127,10866.141732283464,apartamento,3,0,0
2769755235,Andorinha,Andorinha,1379630.0,191,7223.193717277487,apartamento,4,0,0
2769758758,Andorinha,Andorinha,1379180.0,130,10609.076923076924,comercial,1,0,0
2597988477,Castelo Branco,Castelo Branco,1378000.0,240,5741.666666666667,casa,3,0,0
2756227870,Meia Praia,Meia Praia,1377200.0,78,17656.410256410258,apartamento,2,0,0
2765064138,Meia Praia,Meia Praia,1377166.0,79,17432.481012658227,apartamento,2,0,0
2523441036,Andorinha,Andorinha,1376903.0,93,14805.408602150537,apartamento,3,0,0
2744015758,Meia Praia,Meia Praia,1375000.0,117,11752.136752136752,apartamento,3,0,0
2765063375,Andorinha,Andorinha,1375000.0,118,11652.542372881357,apartamento,3,0,0
2698572175,Andorinha,Andorinha,1375000.0,120,11458.333333333334,apartamento,3,0,0
2766720214,Meia Praia,Meia Praia,1375000.0,78,17628.20512820513,apartamento,2,0,0
2613247693,Centro,Centro,1373726.0,92,14931.804347826086,apartamento,2,0,0
2760298324,Meia Praia,Meia Praia,1370000.0,115,11913.04347826087,apartamento,3,0,0
2677059406,Centro,Centro,1370000.0,195,7025.641025641025,apartamento,4,0,0
2533540180,Andorinha,Andorinha,1363000.0,106,12858.490566037735,apartamento,3,0,0
2541759773,Meia Praia,Meia Praia,1361000.0,93,14634.408602150537,apartamento,3,0,0
2764978850,Meia Praia,Meia Praia,1360000.0,92,14782.608695652174,apartamento,2,0,0
2769184062,Meia Praia,Meia Praia,1359260.0,133,10220.0,apartamento,3,0,0
2604160804,Meia Praia,Meia Praia,1359000.0,112,12133.92857142857,apartamento,3,0,0
2757201119,Andorinha,Andorinha,1358747.0,122,11137.27049180328,apartamento,3,0,0
2769842370,Andorinha,Andorinha,1358070.0,113,12018.318584070796,apartamento,3,0,0
2723548133,Meia Praia,Meia Praia,1358000.0,104,13057.692307692309,apartamento,3,0,0
2752584071,Meia Praia,Meia Praia,1355070.0,111,12207.837837837838,apartamento,3,0,0
2769279520,Castelo Branco,Castelo Branco,1351550.0,104,12995.673076923076,apartamento,3,0,0
2770249036,Meia Praia,Meia Praia,1350000.0,78,17307.69230769231,apartamento,2,0,0
2613057195,Morretes,Morretes,1350000.0,115,11739.130434782608,apartamento,3,0,0
2763098855,Meia Praia,Meia Praia,1350000.0,130,10384.615384615385,apartamento,3,0,0
2644816494,Meia Praia,Meia Praia,1350000.0,105,12857.142857142857,apartamento,3,0,0
2763090327,Meia Praia,Meia Praia,1350000.0,100,13500.0,apartamento,3,0,0
2613764805,Andorinha,Andorinha,1350000.0,112,12053.57142857143,apartamento,3,0,0
2714592115,Meia Praia,Meia Praia,1350000.0,230,5869.565217391304,apartamento,3,0,0
2754990857,Andorinha,Andorinha,1350000.0,129,10465.116279069767,apartamento,3,0,0
2744015857,Andorinha,Andorinha,1350000.0,113,11946.902654867257,apartamento,3,0,0
2700643582,Meia Praia,Meia Praia,1350000.0,130,10384.615384615385,apartamento,3,0,0
2763599446,Meia Praia,Meia Praia,1350000.0,140,9642.857142857143,apartamento,4,0,0
2727593770,Castelo Branco,Castelo Branco,1350000.0,95,14210.526315789473,apartamento,3,0,0
2752420329,Meia Praia,Meia Praia,1350000.0,123,10975.609756097561,apartamento,3,0,0
2763256041,Meia Praia,Meia Praia,1350000.0,140,9642.857142857143,apartamento,4,0,0
2719898205,Castelo Branco,Castelo Branco,1350000.0,133,10150.375939849624,apartamento,3,0,0
2736469114,Andorinha,Andorinha,1350000.0,142,9507.042253521127,apartamento,3,0,0
2628987365,Meia Praia,Meia Praia,1350000.0,100,13500.0,apartamento,3,0,0
2680531560,Castelo Branco,Castelo Branco,1350000.0,165,8181.818181818182,apartamento,4,0,0
2763648537,Meia Praia,Meia Praia,1350000.0,80,16875.0,apartamento,2,0,0
2676710410,Andorinha,Andorinha,1350000.0,125,10800.0,apartamento,3,0,0
2723276265,Castelo Branco,Castelo Branco,1350000.0,124,10887.09677419355,apartamento,3,0,0
2747828729,Meia Praia,Meia Praia,1350000.0,106,12735.849056603774,apartamento,3,0,0
2730584254,Meia Praia,Meia Praia,1350000.0,124,10887.09677419355,apartamento,3,0,0
2744450032,Tabuleiro dos Oliveiras,Tabuleiro dos Oliveiras,1350000.0,70,19285.714285714286,apartamento,3,0,0
2766852820,Meia Praia,Meia Praia,1349800.0,162,8332.098765432098,apartamento,4,0,0
2770024348,Meia Praia,Meia Praia,1349700.0,107,12614.018691588784,apartamento,3,0,0
2769186945,Castelo Branco,Castelo Branco,1349580.0,130,10381.384615384615,apartamento,3,0,0
2769755837,Andorinha,Andorinha,1349540.0,115,11735.130434782608,apartamento,3,0,0
2766972535,Andorinha,Andorinha,1349280.0,80,16866.0,apartamento,2,0,0
2769187359,Andorinha,Andorinha,1349270.0,115,11732.782608695652,apartamento,3,0,0
2769758042,Morretes,Morretes,1349170.0,69,19553.1884057971,apartamento,2,0,0
2760268425,Meia Praia,Meia Praia,1349000.0,76,17750.0,apartamento,2,0,0
2600766560,Castelo Branco,Castelo Branco,1346000.0,140,9614.285714285714,apartamento,3,0,0
2662641574,Andorinha,Andorinha,1345000.0,120,11208.333333333334,comercial,3,0,0
2750454096,Andorinha,Andorinha,1345000.0,120,11208.333333333334,apartamento,3,0,0
2684922851,Andorinha,Andorinha,1340000.0,127,10551.181102362205,apartamento,3,0,0
2613245825,Castelo Branco,Castelo Branco,1340000.0,125,10720.0,apartamento,3,0,0
2752588407,Meia Praia,Meia Praia,1339111.0,122,10976.319672131147,apartamento,3,0,0
2767585016,Meia Praia,Meia Praia,1336539.0,93,14371.387096774193,apartamento,3,0,0
2757201416,Andorinha,Andorinha,1336050.0,111,12036.486486486487,apartamento,3,0,0
2511795506,Meia Praia,Meia Praia,1335806.0,115,11615.704347826088,apartamento,3,0,0
2742888100,Castelo Branco,Castelo Branco,1335000.0,164,8140.243902439024,apartamento,3,0,0
2699594095,,,1330000.0,87,15287.356321839081,apartamento,2,0,0
2555701231,Meia Praia,Meia Praia,1330000.0,90,14777.777777777777,apartamento,3,0,0
2766852717,Castelo Branco,Castelo Branco,1329800.0,119,11174.789915966387,apartamento,3,0,0
2766852220,Andorinha,Andorinha,1329800.0,125,10638.4,apartamento,3,0,0
2766855231,Castelo Branco,Castelo Branco,1329000.0,104,12778.846153846154,apartamento,3,0,0
2560059200,Meia Praia,Meia Praia,1329000.0,104,12778.846153846154,apartamento,3,0,0
2768381818,Meia Praia,Meia Praia,1327767.0,110,12070.60909090909,apartamento,3,0,0
2595766461,Meia Praia,Meia Praia,1326000.0,98,13530.612244897959,apartamento,3,0,0
2670319409,Andorinha,Andorinha,1325000.0,146,9075.342465753425,apartamento,4,0,0
2763586332,Andorinha,Andorinha,1324250.0,240,5517.708333333333,apartamento,3,0,0
2757201514,Andorinha,Andorinha,1323176.0,111,11920.504504504504,apartamento,3,0,0
2632743175,Centro,Centro,1322000.0,126,10492.063492063493,apartamento,3,0,0
2569458196,Meia Praia,Meia Praia,1320000.0,135,9777.777777777777,apartamento,3,0,0
2744009666,Meia Praia,Meia Praia,1320000.0,98,13469.387755102041,apartamento,2,0,0
2756090774,Meia Praia,Meia Praia,1320000.0,201,6567.164179104478,apartamento,3,0,0
2570450258,Meia Praia,Meia Praia,1320000.0,103,12815.533980582524,apartamento,3,0,0
2729223851,Meia Praia,Meia Praia,1320000.0,135,9777.777777777777,apartamento,2,0,0
2648657584,Centro,Centro,1320000.0,142,9295.774647887323,apartamento,3,0,0
2571352948,Meia Praia,Meia Praia,1320000.0,100,13200.0,apartamento,3,0,0
2736432472,Andorinha,Andorinha,1315000.0,160,8218.75,apartamento,3,0,0
2628486796,Centro,Centro,1315000.0,100,13150.0,apartamento,3,0,0
2669387178,Canto da Praia,Canto da Praia,1312000.0,88,14909.09090909091,apartamento,2,0,0
2748823097,Meia Praia,Meia Praia,1311000.0,122,10745.901639344262,apartamento,2,0,0
2760437849,Meia Praia,Meia Praia,1311000.0,81,16185.185185185184,apartamento,2,0,0
2672621516,Meia Praia,Meia Praia,1311000.0,81,16185.185185185184,apartamento,2,0,0
2769313870,Castelo Branco,Castelo Branco,1311000.0,81,16185.185185185184,apartamento,2,0,0
2764861515,Meia Praia,Meia Praia,1311000.0,81,16185.185185185184,apartamento,2,0,0
2754745140,Meia Praia,Meia Praia,1310000.0,92,14239.130434782608,apartamento,2,0,0
2727297150,Meia Praia,Meia Praia,1310000.0,101,12970.29702970297,apartamento,3,0,0
2741548461,Meia Praia,Meia Praia,1305000.0,102,12794.117647058823,apartamento,3,0,0
2748603035,Andorinha,Andorinha,1304054.0,111,11748.234234234234,apartamento,3,0,0
2729460126,Meia Praia,Meia Praia,1300000.0,200,6500.0,apartamento,3,0,0
2738892664,Centro,Centro,1300000.0,117,11111.111111111111,apartamento,3,0,0
2764631044,Meia Praia,Meia Praia,1300000.0,80,16250.0,apartamento,2,0,0
2743922261,Meia Praia,Meia Praia,1300000.0,157,8280.254777070064,apartamento,3,0,0
2726055654,Morretes,Morretes,1300000.0,110,11818.181818181818,casa,3,0,0
2751940126,Meia Praia,Meia Praia,1300000.0,10,130000.0,apartamento,3,0,1
2769150017,Meia Praia,Meia Praia,1300000.0,41,31707.317073170732,apartamento,1,0,0
2644154072,Meia Praia,Meia Praia,1300000.0,142,9154.929577464789,apartamento,3,0,0
2726980037,Castelo Branco,Castelo Branco,1300000.0,117,11111.111111111111,apartamento,3,0,0
2762426015,Morretes,Morretes,1300000.0,0,,terreno,0,0,0
2619793553,Meia Praia,Meia Praia,1300000.0,126,10317.460317460318,apartamento,3,0,0
2723508125,Castelo Branco,Castelo Branco,1300000.0,163,7975.460122699386,apartamento,2,0,0
2561226115,Centro,Centro,1300000.0,87,14942.528735632184,apartamento,2,0,0
2760097337,Centro,Centro,1300000.0,95,13684.21052631579,apartamento,2,0,0
2659644654,Castelo Branco,Castelo Branco,1300000.0,157,8280.254777070064,apartamento,4,0,0
2770027114,Meia Praia,Meia Praia,1300000.0,87,14942.528735632184,apartamento,2,0,0
2749352457,Meia Praia,Meia Praia,1300000.0,132,9848.484848484848,apartamento,3,0,0
2764634525,Meia Praia,Meia Praia,1300000.0,81,16049.382716049382,apartamento,2,0,0
2760156730,Centro,Centro,1300000.0,95,13684.21052631579,apartamento,2,0,0
2756460854,Meia Praia,Meia Praia,1300000.0,41,31707.317073170732,apartamento,1,0,0
2767584024,Castelo Branco,Castelo Branco,1300000.0,102,12745.098039215687,apartamento,3,0,0
2646971657,Castelo Branco,Castelo Branco,1300000.0,74,17567.567567567567,apartamento,2,0,0
2764631677,Meia Praia,Meia Praia,1300000.0,74,17567.567567567567,apartamento,2,0,0
2744012699,Castelo Branco,Castelo Branco,1300000.0,94,13829.787234042553,apartamento,2,0,0
2695973778,Meia Praia,Meia Praia,1300000.0,142,9154.929577464789,apartamento,3,0,0
2744015179,Meia Praia,Meia Praia,1300000.0,129,10077.519379844962,apartamento,3,0,0
2764632156,Meia Praia,Meia Praia,1300000.0,110,11818.181818181818,apartamento,3,0,0
2766525514,Meia Praia,Meia Praia,1300000.0,87,14942.528735632184,apartamento,2,0,0
2646971266,Morretes,Morretes,1300000.0,252,5158.730158730159,terreno,0,0,0
2767571211,Meia Praia,Meia Praia,1300000.0,40,32500.0,apartamento,1,0,0
2769720648,Meia Praia,Meia Praia,1300000.0,87,14942.528735632184,apartamento,2,0,0
2737592152,Andorinha,Andorinha,1300000.0,104,12500.0,apartamento,3,0,0
2737626748,Andorinha,Andorinha,1300000.0,135,9629.62962962963,apartamento,3,0,0
2763648646,Meia Praia,Meia Praia,1300000.0,110,11818.181818181818,apartamento,3,0,0
2764632411,Meia Praia,Meia Praia,1300000.0,105,12380.952380952382,apartamento,3,0,0
2592783784,Meia Praia,Meia Praia,1300000.0,150,8666.666666666666,apartamento,3,0,0
2764635252,Castelo Branco,Castelo Branco,1300000.0,107,12149.532710280373,apartamento,3,0,0
2722242639,Meia Praia,Meia Praia,1300000.0,191,6806.282722513089,apartamento,3,0,0
2737654816,Andorinha,Andorinha,1300000.0,135,9629.62962962963,apartamento,3,0,0
2632574556,Meia Praia,Meia Praia,1300000.0,109,11926.605504587156,apartamento,3,0,0
2655470872,Centro,Centro,1300000.0,92,14130.434782608696,apartamento,2,0,0
2768967092,Meia Praia,Meia Praia,1299830.0,118,11015.50847457627,apartamento,3,0,0
2766853714,Castelo Branco,Castelo Branco,1299800.0,117,11109.401709401709,apartamento,3,0,0
2753366095,Centro,Centro,1299430.0,120,10828.583333333334,apartamento,3,0,0
2676414900,Meia Praia,Meia Praia,1299000.0,105,12371.42857142857,apartamento,3,0,0
2727820747,Meia Praia,Meia Praia,1299000.0,110,11809.09090909091,apartamento,3,0,0
2655800760,Meia Praia,Meia Praia,1299000.0,114,11394.736842105263,apartamento,3,0,0
2758775124,Castelo Branco,Castelo Branco,1298740.0,104,12487.884615384615,apartamento,3,0,0
2769278631,Castelo Branco,Castelo Branco,1298710.0,95,13670.631578947368,apartamento,3,0,0
2766854835,Castelo Branco,Castelo Branco,1298000.0,191,6795.811518324607,apartamento,3,0,0
2737657421,Andorinha,Andorinha,1298000.0,135,9614.814814814816,apartamento,3,0,0
2725199063,Meia Praia,Meia Praia,1297000.0,95,13652.631578947368,apartamento,2,0,0
2761878146,Meia Praia,Meia Praia,1297000.0,95,13652.631578947368,apartamento,2,0,0
2767836024,Meia Praia,Meia Praia,1297000.0,95,13652.631578947368,apartamento,2,0,0
2766852023,Centro,Centro,1294800.0,126,10276.190476190477,apartamento,4,0,0
2529057186,Meia Praia,Meia Praia,1292230.0,118,10951.101694915254,apartamento,3,0,0
2599989232,Castelo Branco,Castelo Branco,1290000.0,115,11217.391304347826,apartamento,3,0,0
2766851914,Morretes,Morretes,1290000.0,69,18695.652173913044,apartamento,2,0,0
2754165377,Meia Praia,Meia Praia,1290000.0,87,14827.586206896553,apartamento,2,0,0
2736865126,Meia Praia,Meia Praia,1290000.0,86,15000.0,apartamento,2,0,0
2724688937,Meia Praia,Meia Praia,1290000.0,190,6789.473684210527,apartamento,3,0,0
2758880415,Meia Praia,Meia Praia,1290000.0,101,12772.277227722772,apartamento,3,0,0
2759066240,Meia Praia,Meia Praia,1290000.0,101,12772.277227722772,apartamento,3,0,0
2728147178,Andorinha,Andorinha,1290000.0,118,10932.203389830509,apartamento,3,0,0
2561153361,Meia Praia,Meia Praia,1290000.0,77,16753.246753246753,apartamento,2,0,0
2665106194,Meia Praia,Meia Praia,1290000.0,102,12647.058823529413,apartamento,3,0,0
2758952931,Meia Praia,Meia Praia,1290000.0,101,12772.277227722772,apartamento,3,0,0
2726554160,Meia Praia,Meia Praia,1290000.0,191,6753.926701570681,apartamento,3,0,0
2763088929,Centro,Centro,1290000.0,85,15176.470588235294,apartamento,2,0,0
2759014021,Andorinha,Andorinha,1289000.0,127,10149.606299212599,apartamento,3,0,0
2761577045,Meia Praia,Meia Praia,1289000.0,127,10149.606299212599,apartamento,3,0,0
2582743410,Centro,Centro,1284716.0,92,13964.304347826086,apartamento,2,0,0
2724260256,Centro,Centro,1282000.0,88,14568.181818181818,apartamento,2,0,0
2699371300,Meia Praia,Meia Praia,1280000.0,142,9014.084507042253,apartamento,3,0,0
2738796822,Castelo Branco,Castelo Branco,1280000.0,114,11228.070175438597,apartamento,3,0,0
2766831358,Meia Praia,Meia Praia,1280000.0,152,8421.052631578947,apartamento,4,0,0
2749488712,Castelo Branco,Castelo Branco,1280000.0,103,12427.184466019418,apartamento,3,0,0
2703181573,Morretes,Morretes,1280000.0,71,18028.169014084506,apartamento,2,0,0
2769754559,Meia Praia,Meia Praia,1279310.0,100,12793.1,apartamento,3,0,0
2769186410,Meia Praia,Meia Praia,1279090.0,114,11220.087719298246,apartamento,3,0,0
2743920890,Andorinha,Andorinha,1277000.0,163,7834.355828220859,apartamento,3,0,0
2759256553,Meia Praia,Meia Praia,1277000.0,96,13302.083333333334,apartamento,2,0,0
2677088398,Castelo Branco,Castelo Branco,1275000.0,102,12500.0,apartamento,3,0,0
2767581996,Castelo Branco,Castelo Branco,1275000.0,101,12623.762376237624,apartamento,3,0,0
2760541222,Centro,Centro,1275000.0,53,24056.603773584906,apartamento,2,0,0
2766852131,Centro,Centro,1269800.0,167,7603.592814371257,apartamento,3,0,0
2756662616,Andorinha,Andorinha,1269160.0,110,11537.818181818182,apartamento,3,0,0
2750478611,Castelo Branco,Castelo Branco,1269000.0,104,12201.923076923076,apartamento,3,0,0
2752584072,Meia Praia,Meia Praia,1267400.0,111,11418.018018018018,apartamento,3,0,0
2731694041,Meia Praia,Meia Praia,1266000.0,100,12660.0,apartamento,3,0,0
2769313874,Castelo Branco,Castelo Branco,1266000.0,101,12534.653465346535,apartamento,3,0,0
2728210174,Meia Praia,Meia Praia,1265000.0,118,10720.338983050848,apartamento,1,0,0
2628487193,Meia Praia,Meia Praia,1265000.0,102,12401.960784313726,apartamento,4,0,0
2754748200,Morretes,Morretes,1262828.0,65,19428.123076923075,apartamento,2,0,0
2619825865,Castelo Branco,Castelo Branco,1262166.0,121,10431.123966942148,apartamento,3,0,0
2767582633,Meia Praia,Meia Praia,1262128.0,79,15976.303797468354,apartamento,2,0,0
2630295204,Meia Praia,Meia Praia,1261000.0,121,10421.487603305784,apartamento,3,0,0
2761509423,Meia Praia,Meia Praia,1260041.0,121,10413.561983471074,apartamento,3,0,0
2756820549,Castelo Branco,Castelo Branco,1260000.0,97,12989.690721649484,apartamento,2,0,0
2715517395,Andorinha,Andorinha,1260000.0,105,12000.0,apartamento,3,0,0
2760157429,Centro,Centro,1260000.0,97,12989.690721649484,apartamento,2,0,0
2767692333,Castelo Branco,Castelo Branco,1260000.0,82,15365.853658536585,apartamento,2,0,0
2760222330,Centro,Centro,1260000.0,97,12989.690721649484,apartamento,2,0,0
2625815389,Morretes,Morretes,1260000.0,190,6631.578947368421,casa,3,0,0
2748741810,Meia Praia,Meia Praia,1260000.0,114,11052.631578947368,apartamento,3,0,0
2760097332,Centro,Centro,1260000.0,97,12989.690721649484,apartamento,2,0,0
2692570681,Meia Praia,Meia Praia,1260000.0,141,8936.170212765957,apartamento,3,0,0
2764633952,Meia Praia,Meia Praia,1260000.0,141,8936.170212765957,apartamento,3,0,0
2757202419,Castelo Branco,Castelo Branco,1260000.0,98,12857.142857142857,apartamento,2,0,0
2766854617,Andorinha,Andorinha,1259800.0,123,10242.276422764227,apartamento,3,0,0
2690221184,Castelo Branco,Castelo Branco,1259000.0,100,12590.0,apartamento,3,0,0
2688579817,Meia Praia,Meia Praia,1259000.0,114,11043.859649122807,apartamento,3,0,0
2681982307,Centro,Centro,1258679.0,87,14467.574712643678,apartamento,2,0,0
2744842544,Canto da Praia,Canto da Praia,1258000.0,87,14459.770114942528,apartamento,2,0,0
2599798557,Meia Praia,Meia Praia,1253000.0,121,10355.371900826447,apartamento,3,0,0
2760268426,Castelo Branco,Castelo Branco,1250000.0,196,6377.551020408163,apartamento,3,0,0
2760455617,Meia Praia,Meia Praia,1250000.0,142,8802.81690140845,apartamento,3,0,0
2744439495,Meia Praia,Meia Praia,1250000.0,123,10162.60162601626,apartamento,3,0,0
2747828725,Meia Praia,Meia Praia,1250000.0,121,10330.578512396694,apartamento,3,0,0
2683484142,Meia Praia,Meia Praia,1250000.0,115,10869.565217391304,apartamento,3,0,0
2626580008,Meia Praia,Meia Praia,1250000.0,126,9920.63492063492,apartamento,3,0,0
2764631269,Meia Praia,Meia Praia,1250000.0,120,10416.666666666666,apartamento,3,0,0
2650251104,Castelo Branco,Castelo Branco,1250000.0,113,11061.946902654867,apartamento,3,0,0
2748003207,Meia Praia,Meia Praia,1250000.0,118,10593.22033898305,apartamento,1,0,0
2558703902,,,1250000.0,233,5364.806866952789,apartamento,4,0,0
2723772858,Meia Praia,Meia Praia,1250000.0,123,10162.60162601626,apartamento,2,0,0
2711435594,Morretes,Morretes,1250000.0,208,6009.615384615385,apartamento,2,0,0
2763747295,Centro,Centro,1250000.0,114,10964.912280701754,apartamento,3,0,0
2755586726,Meia Praia,Meia Praia,1250000.0,196,6377.551020408163,apartamento,3,0,0
2728834831,Castelo Branco,Castelo Branco,1250000.0,82,15243.90243902439,apartamento,2,0,0
2646968115,Castelo Branco,Castelo Branco,1250000.0,121,10330.578512396694,apartamento,3,0,0
2729778330,Meia Praia,Meia Praia,1250000.0,102,12254.901960784313,apartamento,3,0,0
2653009957,Castelo Branco,Castelo Branco,1250000.0,108,11574.074074074075,apartamento,3,0,0
2769537921,Meia Praia,Meia Praia,1250000.0,98,12755.102040816326,apartamento,3,0,0
2628887673,Meia Praia,Meia Praia,1250000.0,85,14705.882352941177,apartamento,2,0,0
2635689211,Meia Praia,Meia Praia,1250000.0,125,10000.0,apartamento,3,0,0
2594346472,Andorinha,Andorinha,1250000.0,122,10245.901639344262,apartamento,3,0,0
2611242139,Meia Praia,Meia Praia,1250000.0,100,12500.0,apartamento,3,0,0
2757764823,Meia Praia,Meia Praia,1250000.0,98,12755.102040816326,apartamento,3,0,0
2768634230,Meia Praia,Meia Praia,1250000.0,98,12755.102040816326,apartamento,3,0,0
2684702231,Meia Praia,Meia Praia,1250000.0,164,7621.951219512195,apartamento,3,0,0
2519106161,Castelo Branco,Castelo Branco,1250000.0,108,11574.074074074075,apartamento,3,0,0
2754810318,Andorinha,Andorinha,1250000.0,130,9615.384615384615,apartamento,3,0,0
2759404915,Meia Praia,Meia Praia,1250000.0,109,11467.88990825688,apartamento,2,0,0
2769758068,Morretes,Morretes,1249790.0,320,3905.59375,casa,3,0,0
2769187425,Meia Praia,Meia Praia,1249650.0,114,10961.842105263158,apartamento,3,0,0
2734025319,Centro,Centro,1249582.0,111,11257.495495495496,apartamento,3,0,0
2770030362,Castelo Branco,Castelo Branco,1249480.0,97,12881.237113402061,apartamento,2,0,0
2768968495,Castelo Branco,Castelo Branco,1249270.0,106,11785.566037735849,apartamento,3,0,0
2736442104,Meia Praia,Meia Praia,1249000.0,196,6372.448979591837,apartamento,3,0,0
2766853016,Meia Praia,Meia Praia,1240800.0,111,11178.378378378378,apartamento,3,0,0
2713657922,Meia Praia,Meia Praia,1240000.0,130,9538.461538461539,apartamento,3,0,0
2767581776,Andorinha,Andorinha,1233698.0,111,11114.396396396396,apartamento,3,0,0
2738790327,Morretes,Morretes,1231800.0,94,13104.255319148937,apartamento,2,0,0
2739591436,Meia Praia,Meia Praia,1231200.0,90,13680.0,apartamento,2,0,0
2682561555,Castelo Branco,Castelo Branco,1231000.0,105,11723.809523809523,apartamento,3,0,0
2674711952,Meia Praia,Meia Praia,1230420.0,105,11718.285714285714,apartamento,3,0,0
2748869401,Morretes,Morretes,1230000.0,114,10789.473684210527,apartamento,3,0,0
2730509121,Castelo Branco,Castelo Branco,1230000.0,104,11826.923076923076,apartamento,3,0,0
2747203307,Meia Praia,Meia Praia,1229000.0,96,12802.083333333334,apartamento,3,0,0
2612506536,Meia Praia,Meia Praia,1229000.0,101,12168.316831683169,apartamento,3,0,0
2674421693,Meia Praia,Meia Praia,1229000.0,95,12936.842105263158,apartamento,3,0,0
2630707098,Meia Praia,Meia Praia,1227000.0,88,13943.181818181818,apartamento,2,0,0
2518155074,Centro,Centro,1227000.0,87,14103.448275862069,apartamento,2,0,0
2754748194,Morretes,Morretes,1226500.0,122,10053.27868852459,comercial,0,0,0
2767893813,Andorinha,Andorinha,1226000.0,118,10389.830508474577,apartamento,3,0,0
2630293615,Andorinha,Andorinha,1225275.0,112,10939.955357142857,apartamento,3,0,0
2743079964,Canto da Praia,Canto da Praia,1225000.0,87,14080.459770114943,apartamento,2,0,0
2764895117,Centro,Centro,1224000.0,128,9562.5,apartamento,3,0,0
2728521317,Castelo Branco,Castelo Branco,1220000.0,100,12200.0,apartamento,3,0,0
2625805824,Meia Praia,Meia Praia,1220000.0,101,12079.20792079208,apartamento,3,0,0
2743254656,Meia Praia,Meia Praia,1220000.0,102,11960.78431372549,apartamento,3,0,0
2569300962,Centro,Centro,1219916.0,118,10338.271186440677,apartamento,3,0,0
2769754283,Castelo Branco,Castelo Branco,1219130.0,137,8898.759124087592,apartamento,3,0,0
2765548429,Canto da Praia,Canto da Praia,1218613.0,87,14007.045977011494,apartamento,2,0,0
2736751433,Canto da Praia,Canto da Praia,1217000.0,87,13988.505747126437,apartamento,2,0,0
2590072103,Canto da Praia,Canto da Praia,1216999.0,87,13988.494252873563,apartamento,2,0,0
2560060456,Meia Praia,Meia Praia,1212800.0,118,10277.966101694916,apartamento,3,0,0
2764631666,Centro,Centro,1208000.0,120,10066.666666666666,apartamento,3,0,0
2740140632,Canto da Praia,Canto da Praia,1205000.0,88,13693.181818181818,apartamento,2,0,0
2702934583,Canto da Praia,Canto da Praia,1205000.0,99,12171.717171717171,apartamento,3,0,0
2764953333,Meia Praia,Meia Praia,1200000.0,85,14117.64705882353,apartamento,2,0,0
2769743511,Centro,Centro,1200000.0,110,10909.09090909091,apartamento,3,0,0
2758635423,Meia Praia,Meia Praia,1200000.0,84,14285.714285714286,apartamento,2,0,0
2752619296,Meia Praia,Meia Praia,1200000.0,136,8823.529411764706,apartamento,3,0,0
2761880214,Meia Praia,Meia Praia,1200000.0,80,15000.0,apartamento,2,0,0
2764952281,Morretes,Morretes,1200000.0,66,18181.81818181818,apartamento,2,0,0
2737660691,Meia Praia,Meia Praia,1200000.0,120,10000.0,apartamento,3,0,0
2755322928,Meia Praia,Meia Praia,1200000.0,80,15000.0,apartamento,2,0,0
2691074261,Meia Praia,Meia Praia,1200000.0,141,8510.63829787234,apartamento,3,0,0
2767580178,Ilhota,Ilhota,1200000.0,600,2000.0,terreno,0,0,0
2759012113,Meia Praia,Meia Praia,1200000.0,80,15000.0,apartamento,2,0,0
2595763871,Andorinha,Andorinha,1200000.0,110,10909.09090909091,apartamento,3,0,0
2545660842,Andorinha,Andorinha,1200000.0,119,10084.033613445377,apartamento,3,0,0
2760267735,Andorinha,Andorinha,1200000.0,80,15000.0,apartamento,2,0,0
2760269214,Tabuleiro dos Oliveiras,Tabuleiro dos Oliveiras,1200000.0,70,17142.85714285714,apartamento,2,0,0
2580467327,Castelo Branco,Castelo Branco,1200000.0,98,12244.897959183674,apartamento,3,0,0
2755754219,Meia Praia,Meia Praia,1200000.0,80,15000.0,apartamento,2,0,0
2735197516,Meia Praia,Meia Praia,1200000.0,82,14634.146341463415,apartamento,2,0,0
2763793798,Centro,Centro,1200000.0,100,12000.0,apartamento,2,0,0
2722248042,Meia Praia,Meia Praia,1200000.0,110,10909.09090909091,apartamento,3,0,0
2744012978,Meia Praia,Meia Praia,1200000.0,126,9523.809523809523,apartamento,3,0,0
2766833427,Andorinha,Andorinha,1200000.0,136,8823.529411764706,apartamento,3,0,0
2764220419,Meia Praia,Meia Praia,1200000.0,85,14117.64705882353,apartamento,2,0,0
2764979722,Meia Praia,Meia Praia,1200000.0,101,11881.18811881188,apartamento,3,0,0
2711436203,Morretes,Morretes,1200000.0,252,4761.9047619047615,terreno,0,0,0
2758865318,Meia Praia,Meia Praia,1200000.0,84,14285.714285714286,apartamento,2,0,0
2758656528,Meia Praia,Meia Praia,1200000.0,84,14285.714285714286,apartamento,2,0,0
2761414570,Morretes,Morretes,1200000.0,72,16666.666666666668,apartamento,2,0,0
2751941220,Meia Praia,Meia Praia,1200000.0,10,120000.0,apartamento,3,0,1
2737257018,Meia Praia,Meia Praia,1200000.0,122,9836.065573770491,apartamento,3,0,0
2609060710,Andorinha,Andorinha,1200000.0,126,9523.809523809523,apartamento,3,0,0
2620599019,Morretes,Morretes,1200000.0,66,18181.81818181818,apartamento,2,0,0
2766853317,Meia Praia,Meia Praia,1200000.0,96,12500.0,apartamento,3,0,0
2711618646,Castelo Branco,Castelo Branco,1200000.0,136,8823.529411764706,apartamento,2,0,0
2761880017,Andorinha,Andorinha,1200000.0,84,14285.714285714286,apartamento,2,0,0
2723133842,Andorinha,Andorinha,1200000.0,103,11650.485436893205,apartamento,3,0,0
2763594617,Meia Praia,Meia Praia,1200000.0,80,15000.0,apartamento,2,0,0
2765549423,Meia Praia,Meia Praia,1200000.0,136,8823.529411764706,apartamento,2,0,0
2764632378,Meia Praia,Meia Praia,1200000.0,92,13043.478260869566,apartamento,2,0,0
2764631857,Morretes,Morretes,1200000.0,70,17142.85714285714,apartamento,2,0,0
2763648540,Morretes,Morretes,1200000.0,70,17142.85714285714,apartamento,2,0,0
2730624646,Centro,Centro,1200000.0,42,28571.428571428572,apartamento,1,0,0
2533971571,Meia Praia,Meia Praia,1200000.0,124,9677.41935483871,apartamento,3,0,0
2592169415,Canto da Praia,Canto da Praia,1200000.0,116,10344.827586206897,apartamento,3,0,0
2703666576,Meia Praia,Meia Praia,1200000.0,130,9230.76923076923,apartamento,3,0,0
2692636069,Meia Praia,Meia Praia,1200000.0,115,10434.782608695652,apartamento,2,0,0
2747222409,Meia Praia,Meia Praia,1200000.0,112,10714.285714285714,apartamento,2,0,0
2763648652,Meia Praia,Meia Praia,1200000.0,86,13953.488372093023,apartamento,2,0,0
2714668800,Meia Praia,Meia Praia,1200000.0,85,14117.64705882353,apartamento,2,0,0
2656248954,Meia Praia,Meia Praia,1200000.0,141,8510.63829787234,apartamento,2,0,0
2732047353,Andorinha,Andorinha,1200000.0,120,10000.0,apartamento,3,0,0
2754745449,Meia Praia,Meia Praia,1200000.0,92,13043.478260869566,apartamento,2,0,0
2719333638,Meia Praia,Meia Praia,1200000.0,84,14285.714285714286,apartamento,2,0,0
2762275316,Andorinha,Andorinha,1200000.0,114,10526.315789473685,apartamento,3,0,0
2763563119,Meia Praia,Meia Praia,1200000.0,126,9523.809523809523,casa,3,0,0
2767582340,Meia Praia,Meia Praia,1200000.0,92,13043.478260869566,apartamento,2,0,0
2654520429,Meia Praia,Meia Praia,1200000.0,84,14285.714285714286,apartamento,2,0,0
2637821869,,,1200000.0,210,5714.285714285715,casa,4,0,0
2662253170,Morretes,Morretes,1200000.0,315,3809.5238095238096,casa,4,0,0
2626954637,Meia Praia,Meia Praia,1200000.0,120,10000.0,apartamento,3,0,0
2752619295,Meia Praia,Meia Praia,1200000.0,104,11538.461538461539,apartamento,2,0,0
2670102079,Morretes,Morretes,1200000.0,70,17142.85714285714,apartamento,2,0,0
2755524601,Meia Praia,Meia Praia,1200000.0,126,9523.809523809523,apartamento,3,0,0
2695926775,Castelo Branco,Castelo Branco,1200000.0,97,12371.134020618556,apartamento,2,0,0
2732044470,Andorinha,Andorinha,1200000.0,120,10000.0,apartamento,3,0,0
2727848741,Andorinha,Andorinha,1200000.0,229,5240.174672489083,apartamento,3,0,0
2682862777,Morretes,Morretes,1200000.0,70,17142.85714285714,apartamento,3,0,0
2610229188,Morretes,Morretes,1200000.0,504,2380.9523809523807,terreno,0,0,0
2611243184,Andorinha,Andorinha,1200000.0,126,9523.809523809523,apartamento,3,0,0
2656858951,Meia Praia,Meia Praia,1200000.0,110,10909.09090909091,apartamento,3,0,0
2740006703,Meia Praia,Meia Praia,1200000.0,86,13953.488372093023,apartamento,2,0,0
2769754423,Castelo Branco,Castelo Branco,1199810.0,96,12498.020833333334,apartamento,3,0,0
2766852341,Meia Praia,Meia Praia,1199800.0,125,9598.4,apartamento,3,0,0
2754662214,Meia Praia,Meia Praia,1199800.0,116,10343.103448275862,apartamento,3,0,0
2770028472,Meia Praia,Meia Praia,1199780.0,120,9998.166666666666,apartamento,3,0,0
2758173532,Meia Praia,Meia Praia,1199770.0,80,14997.125,apartamento,2,0,0
2770027667,Castelo Branco,Castelo Branco,1199690.0,112,10711.517857142857,apartamento,3,0,0
2751613039,Castelo Branco,Castelo Branco,1199630.0,92,13039.45652173913,apartamento,2,0,0
2770251912,Meia Praia,Meia Praia,1199590.0,124,9674.112903225807,apartamento,3,0,0
2753961800,Meia Praia,Meia Praia,1199480.0,125,9595.84,apartamento,3,0,0
2769186519,Andorinha,Andorinha,1199460.0,75,15992.8,apartamento,2,0,0
2757731047,Meia Praia,Meia Praia,1199390.0,92,13036.847826086956,apartamento,2,0,0
2759989230,Meia Praia,Meia Praia,1199380.0,101,11875.049504950495,apartamento,3,0,0
2760743862,Andorinha,Andorinha,1199290.0,86,13945.232558139534,apartamento,3,0,0
2769185853,Castelo Branco,Castelo Branco,1199160.0,101,11872.871287128713,apartamento,3,0,0
2754972400,Meia Praia,Meia Praia,1199000.0,112,10705.357142857143,apartamento,3,0,0
2736449531,Meia Praia,Meia Praia,1199000.0,130,9223.076923076924,apartamento,3,0,0
2755580567,Meia Praia,Meia Praia,1199000.0,92,13032.608695652174,apartamento,2,0,0
2764633850,Meia Praia,Meia Praia,1199000.0,92,13032.608695652174,apartamento,2,0,0
2752780101,Meia Praia,Meia Praia,1199000.0,10,119900.0,apartamento,2,0,1
2723763236,Castelo Branco,Castelo Branco,1199000.0,88,13625.0,apartamento,2,0,0
2764976902,Meia Praia,Meia Praia,1199000.0,90,13322.222222222223,apartamento,2,0,0
2727832613,Castelo Branco,Castelo Branco,1199000.0,88,13625.0,apartamento,2,0,0
2754662700,Morretes,Morretes,1198340.0,70,17119.14285714286,apartamento,2,0,0
2723210013,Morretes,Morretes,1198033.0,69,17362.797101449276,apartamento,2,0,0
2560637630,Morretes,Morretes,1198000.0,70,17114.285714285714,apartamento,2,0,0
2560637055,Morretes,Morretes,1198000.0,70,17114.285714285714,apartamento,2,0,0
2744959494,Castelo Branco,Castelo Branco,1198000.0,95,12610.526315789473,apartamento,2,0,0
2560637346,Morretes,Morretes,1198000.0,70,17114.285714285714,apartamento,2,0,0
2560637137,Morretes,Morretes,1198000.0,70,17114.285714285714,apartamento,2,0,0
2560637698,Morretes,Morretes,1198000.0,70,17114.285714285714,apartamento,2,0,0
2754748209,Andorinha,Andorinha,1197054.0,114,10500.473684210527,apartamento,3,0,0
2745607156,Meia Praia,Meia Praia,1195000.0,100,11950.0,apartamento,3,0,0
2745601428,Meia Praia,Meia Praia,1195000.0,102,11715.686274509804,apartamento,3,0,0
2766852217,Meia Praia,Meia Praia,1194800.0,114,10480.701754385966,apartamento,3,0,0
2745601635,Andorinha,Andorinha,1194000.0,101,11821.782178217822,apartamento,3,0,0
2745606996,Meia Praia,Meia Praia,1194000.0,101,11821.782178217822,apartamento,3,0,0
2675654220,Morretes,Morretes,1191000.0,69,17260.869565217392,apartamento,2,0,0
2698705094,,,1191000.0,120,9925.0,apartamento,4,0,0
2767583516,Varzea,Varzea,1190006.0,69,17246.463768115944,apartamento,2,0,0
2765080042,Morretes,Morretes,1190001.0,150,7933.34,casa,4,0,0
2762832029,Morretes,Morretes,1190000.0,150,7933.333333333333,casa,4,0,0
2636858385,Meia Praia,Meia Praia,1190000.0,102,11666.666666666666,apartamento,3,0,0
2599020455,Morretes,Morretes,1190000.0,113,10530.973451327434,apartamento,3,0,0
2749863177,Meia Praia,Meia Praia,1190000.0,97,12268.041237113403,apartamento,2,0,0
2745607229,Meia Praia,Meia Praia,1190000.0,102,11666.666666666666,apartamento,3,0,0
2682431942,Meia Praia,Meia Praia,1190000.0,92,12934.782608695652,casa,3,0,0
2761664451,Meia Praia,Meia Praia,1190000.0,100,11900.0,apartamento,3,0,0
2738892665,Morretes,Morretes,1190000.0,70,17000.0,apartamento,2,0,0
2748644138,Morretes,Morretes,1190000.0,70,17000.0,apartamento,2,0,0
2720047033,Meia Praia,Meia Praia,1190000.0,110,10818.181818181818,apartamento,3,0,0
2704933609,Meia Praia,Meia Praia,1190000.0,97,12268.041237113403,apartamento,2,0,0
2711037412,Meia Praia,Meia Praia,1190000.0,70,17000.0,apartamento,2,0,0
2603797512,Centro,Centro,1190000.0,87,13678.16091954023,apartamento,2,0,0
2750508025,Morretes,Morretes,1190000.0,150,7933.333333333333,casa,4,0,0
2711618648,Centro,Centro,1190000.0,95,12526.315789473685,apartamento,3,0,0
2745605202,Meia Praia,Meia Praia,1190000.0,100,11900.0,apartamento,3,0,0
2758498232,Morretes,Morretes,1190000.0,150,7933.333333333333,casa,4,0,0
2766851421,Meia Praia,Meia Praia,1190000.0,96,12395.833333333334,apartamento,3,0,0
2769188336,Castelo Branco,Castelo Branco,1189470.0,95,12520.736842105263,apartamento,3,0,0
2770104025,Castelo Branco,Castelo Branco,1189260.0,95,12518.526315789473,apartamento,3,0,0
2718871679,Meia Praia,Meia Praia,1189000.0,110,10809.09090909091,apartamento,3,0,0
2718873746,Meia Praia,Meia Praia,1188500.0,109,10903.669724770642,apartamento,3,0,0
2759058121,Andorinha,Andorinha,1187000.0,87,13643.67816091954,apartamento,2,0,0
2769150315,Morretes,Morretes,1184043.0,68,17412.397058823528,apartamento,2,0,0
2562090437,Castelo Branco,Castelo Branco,1182723.0,149,7937.738255033557,apartamento,3,0,0
2750329611,Andorinha,Andorinha,1182000.0,120,9850.0,apartamento,3,0,0
2769184360,Meia Praia,Meia Praia,1181688.0,87,13582.620689655172,apartamento,3,0,0
2767583736,Meia Praia,Meia Praia,1180872.0,40,29521.8,apartamento,1,0,0
2591650425,Meia Praia,Meia Praia,1180000.0,122,9672.131147540984,apartamento,3,0,0
2760541413,Centro,Centro,1180000.0,45,26222.222222222223,apartamento,1,0,0
2692635959,Meia Praia,Meia Praia,1180000.0,100,11800.0,apartamento,3,0,0
2623490760,Meia Praia,Meia Praia,1180000.0,100,11800.0,apartamento,3,0,0
2692635960,Meia Praia,Meia Praia,1180000.0,100,11800.0,apartamento,3,0,0
2758129132,Centro,Centro,1180000.0,97,12164.948453608247,apartamento,3,0,0
2702798387,Castelo Branco,Castelo Branco,1180000.0,121,9752.066115702479,apartamento,3,0,0
2692635958,Meia Praia,Meia Praia,1180000.0,100,11800.0,apartamento,3,0,0
2699371299,Andorinha,Andorinha,1180000.0,120,9833.333333333334,apartamento,3,0,0
2689585215,Castelo Branco,Castelo Branco,1180000.0,95,12421.052631578947,apartamento,3,0,0
2621566613,Meia Praia,Meia Praia,1180000.0,92,12826.08695652174,apartamento,2,0,0
2733826526,Meia Praia,Meia Praia,1180000.0,100,11800.0,apartamento,3,0,0
2752999947,Morretes,Morretes,1180000.0,70,16857.14285714286,apartamento,2,0,0
2767581970,Morretes,Morretes,1176110.0,68,17295.735294117647,apartamento,2,0,0
2746689527,Andorinha,Andorinha,1170230.0,90,13002.555555555555,apartamento,2,0,0
2759433251,Meia Praia,Meia Praia,1170000.0,80,14625.0,comercial,0,0,0
2599655220,Meia Praia,Meia Praia,1170000.0,90,13000.0,apartamento,3,0,0
2626748055,Meia Praia,Meia Praia,1170000.0,98,11938.775510204081,apartamento,2,0,0
2770253038,Andorinha,Andorinha,1169330.0,110,10630.272727272728,apartamento,3,0,0
2749226936,Andorinha,Andorinha,1167948.0,106,11018.377358490567,apartamento,3,0,0
2761880114,Morretes,Morretes,1166862.0,65,17951.723076923077,apartamento,2,0,0
2763105827,Andorinha,Andorinha,1165000.0,118,9872.881355932202,apartamento,3,0,0
2600462959,Andorinha,Andorinha,1161284.0,106,10955.509433962265,apartamento,3,0,0
2715138300,Meia Praia,Meia Praia,1160000.0,110,10545.454545454546,apartamento,3,0,0
2755261233,Morretes,Morretes,1160000.0,70,16571.428571428572,apartamento,2,0,0
2606214974,Meia Praia,Meia Praia,1160000.0,122,9508.196721311475,apartamento,3,0,0
2755525509,Morretes,Morretes,1157130.0,65,17802.0,apartamento,2,0,0
2761130681,Morretes,Morretes,1157000.0,66,17530.303030303032,apartamento,2,0,0
2558703972,,,1151016.0,248,4641.193548387097,apartamento,4,0,0
2596974157,Meia Praia,Meia Praia,1150981.0,208,5533.5625,apartamento,3,0,0
2718030844,Castelo Branco,Castelo Branco,1150000.0,92,12500.0,apartamento,3,0,0
2736413655,Morretes,Morretes,1150000.0,72,15972.222222222223,apartamento,2,0,0
2769959038,Meia Praia,Meia Praia,1150000.0,109,10550.45871559633,apartamento,3,0,0
2765238258,Meia Praia,Meia Praia,1150000.0,109,10550.45871559633,apartamento,3,0,0
2756559140,Andorinha,Andorinha,1150000.0,10,115000.0,apartamento,2,0,1
2590052907,,,1150000.0,130,8846.153846153846,apartamento,3,0,0
2711578394,Meia Praia,Meia Praia,1150000.0,120,9583.333333333334,apartamento,2,0,0
2741325261,Meia Praia,Meia Praia,1150000.0,81,14197.530864197532,apartamento,2,0,0
2694169798,Meia Praia,Meia Praia,1150000.0,145,7931.0344827586205,apartamento,3,0,0
2766853219,Castelo Branco,Castelo Branco,1150000.0,121,9504.13223140496,apartamento,3,0,0
2742351606,Meia Praia,Meia Praia,1150000.0,147,7823.1292517006805,apartamento,3,0,0
2766529014,Meia Praia,Meia Praia,1150000.0,109,10550.45871559633,apartamento,3,0,0
2764220422,Morretes,Morretes,1150000.0,69,16666.666666666668,apartamento,2,0,0
2760274279,Castelo Branco,Castelo Branco,1150000.0,250,4600.0,casa,3,0,0
2586010185,Meia Praia,Meia Praia,1150000.0,110,10454.545454545454,apartamento,2,0,0
2723209317,Meia Praia,Meia Praia,1150000.0,69,16666.666666666668,apartamento,2,0,0
2699373578,Andorinha,Andorinha,1150000.0,83,13855.421686746988,apartamento,2,0,0
2765550314,Meia Praia,Meia Praia,1150000.0,140,8214.285714285714,apartamento,3,0,0
2753757402,Centro,Centro,1150000.0,88,13068.181818181818,apartamento,2,0,0
2769149731,Meia Praia,Meia Praia,1150000.0,109,10550.45871559633,apartamento,3,0,0
2566776287,Meia Praia,Meia Praia,1150000.0,97,11855.670103092783,apartamento,3,0,0
2736006628,Alto São Bento,Alto São Bento,1150000.0,157,7324.84076433121,casa,3,0,0
2733471131,Andorinha,Andorinha,1150000.0,83,13855.421686746988,apartamento,2,0,0
2680731598,Andorinha,Andorinha,1150000.0,145,7931.0344827586205,apartamento,3,0,0
2765548425,Meia Praia,Meia Praia,1150000.0,117,9829.059829059828,apartamento,2,0,0
2766854728,Meia Praia,Meia Praia,1150000.0,100,11500.0,apartamento,3,0,0
2764632333,Meia Praia,Meia Praia,1150000.0,137,8394.160583941606,apartamento,3,0,0
2727817179,Castelo Branco,Castelo Branco,1150000.0,80,14375.0,apartamento,2,0,0
2766852223,Andorinha,Andorinha,1149800.0,120,9581.666666666666,apartamento,3,0,0
2755298603,Meia Praia,Meia Praia,1149700.0,120,9580.833333333334,apartamento,3,0,0
2764786648,Andorinha,Andorinha,1149590.0,109,10546.697247706423,apartamento,3,0,0
2752081594,Morretes,Morretes,1149530.0,66,17417.121212121212,apartamento,2,0,0
2608601376,Meia Praia,Meia Praia,1149000.0,117,9820.51282051282,apartamento,3,0,0
2562265100,Castelo Branco,Castelo Branco,1144862.0,121,9461.669421487602,apartamento,3,0,0
2611869008,Meia Praia,Meia Praia,1142500.0,102,11200.980392156862,apartamento,3,0,0
2737417717,Morretes,Morretes,1141300.0,60,19021.666666666668,apartamento,2,0,0
2670820094,Morretes,Morretes,1140000.0,113,10088.495575221239,apartamento,3,0,0
2628488656,Meia Praia,Meia Praia,1140000.0,102,11176.470588235294,apartamento,3,0,0
2759889549,Centro,Centro,1140000.0,189,6031.746031746032,apartamento,2,0,0
2757198545,Andorinha,Andorinha,1137660.0,95,11975.368421052632,apartamento,2,0,0
2613024538,Andorinha,Andorinha,1135000.0,87,13045.977011494253,apartamento,3,0,0
2631235466,Meia Praia,Meia Praia,1130000.0,102,11078.43137254902,apartamento,3,0,0
2757201320,Andorinha,Andorinha,1128585.0,90,12539.833333333334,apartamento,2,0,0
2748435813,Meia Praia,Meia Praia,1115842.0,86,12974.906976744185,apartamento,3,0,0
2632727066,Centro,Centro,1105000.0,100,11050.0,apartamento,2,0,0
2648149972,Andorinha,Andorinha,1103000.0,88,12534.09090909091,apartamento,2,0,0
2636620121,Andorinha,Andorinha,1100000.0,135,8148.148148148148,apartamento,3,0,0
2710811890,Centro,Centro,1100000.0,83,13253.012048192772,apartamento,2,0,0
2755100005,Alto São Bento,Alto São Bento,1100000.0,937,1173.9594450373534,terreno,0,0,0
2569458308,Meia Praia,Meia Praia,1100000.0,95,11578.947368421053,apartamento,3,0,0
2765385366,Morretes,Morretes,1100000.0,105,10476.190476190477,apartamento,3,0,0
2762425915,Alto São Bento,Alto São Bento,1100000.0,0,,terreno,0,0,0
2660499259,Meia Praia,Meia Praia,1100000.0,114,9649.122807017544,outros,0,0,0
1546305474,Castelo Branco,Castelo Branco,1100000.0,97,11340.20618556701,apartamento,2,0,0
2685743393,Andorinha,Andorinha,1100000.0,112,9821.42857142857,apartamento,3,0,0
2736866720,Meia Praia,Meia Praia,1100000.0,41,26829.268292682926,apartamento,1,0,0
2764633725,Meia Praia,Meia Praia,1100000.0,87,12643.67816091954,apartamento,2,0,0
2744016159,Centro,Centro,1100000.0,85,12941.176470588236,apartamento,2,0,0
2733198814,Meia Praia,Meia Praia,1100000.0,94,11702.127659574468,apartamento,2,0,0
2761226932,Morretes,Morretes,1100000.0,70,15714.285714285714,apartamento,2,0,0
2692636156,Meia Praia,Meia Praia,1100000.0,142,7746.478873239436,apartamento,2,0,0
2743562350,Morretes,Morretes,1100000.0,70,15714.285714285714,apartamento,3,0,0
2763191814,Andorinha,Andorinha,1100000.0,83,13253.012048192772,apartamento,2,0,0
2758970216,Meia Praia,Meia Praia,1100000.0,42,26190.47619047619,apartamento,1,0,0
2628048892,Morretes,Morretes,1100000.0,118,9322.033898305084,apartamento,3,0,0
2766833218,Casa Branca,Casa Branca,1100000.0,200,5500.0,outros,2,0,0
2763230130,Morretes,Morretes,1100000.0,70,15714.285714285714,apartamento,2,0,0
2699971128,Andorinha,Andorinha,1100000.0,118,9322.033898305084,apartamento,3,0,0
2754254765,Meia Praia,Meia Praia,1100000.0,155,7096.774193548387,apartamento,3,0,0
2681675521,Meia Praia,Meia Praia,1100000.0,108,10185.185185185184,apartamento,2,0,0
2657182824,Andorinha,Andorinha,1100000.0,112,9821.42857142857,apartamento,3,0,0
2764979714,Meia Praia,Meia Praia,1100000.0,100,11000.0,apartamento,3,0,0
2768646049,Alto São Bento,Alto São Bento,1100000.0,958,1148.2254697286012,terreno,0,0,0
2736399020,Meia Praia,Meia Praia,1100000.0,40,27500.0,apartamento,2,0,0
2432907381,Morretes,Morretes,1100000.0,242,4545.454545454545,casa,4,0,0
2692635761,Meia Praia,Meia Praia,1100000.0,70,15714.285714285714,apartamento,2,0,0
2747202810,Alto São Bento,Alto São Bento,1100000.0,918,1198.2570806100218,terreno,0,0,0
2764040616,Andorinha,Andorinha,1100000.0,83,13253.012048192772,apartamento,2,0,0
2759539552,Centro,Centro,1100000.0,70,15714.285714285714,apartamento,2,0,0
2759672215,Centro,Centro,1100000.0,70,15714.285714285714,apartamento,2,0,0
2733826917,Morretes,Morretes,1100000.0,70,15714.285714285714,apartamento,2,0,0
2644957516,Castelo Branco,Castelo Branco,1100000.0,150,7333.333333333333,apartamento,2,0,0
2740355212,Andorinha,Andorinha,1100000.0,104,10576.923076923076,apartamento,3,0,0
2723208916,Meia Praia,Meia Praia,1100000.0,113,9734.513274336283,apartamento,3,0,0
2692428353,Meia Praia,Meia Praia,1100000.0,118,9322.033898305084,apartamento,3,0,0
2754452832,Castelo Branco,Castelo Branco,1100000.0,90,12222.222222222223,apartamento,2,0,0
2633099805,Meia Praia,Meia Praia,1100000.0,80,13750.0,apartamento,2,0,0
2764949565,Meia Praia,Meia Praia,1100000.0,101,10891.089108910892,apartamento,3,0,0
2748547370,Morretes,Morretes,1100000.0,72,15277.777777777777,apartamento,2,0,0
2740283389,Andorinha,Andorinha,1100000.0,123,8943.08943089431,apartamento,3,0,0
2766852124,Meia Praia,Meia Praia,1100000.0,169,6508.87573964497,apartamento,3,0,0
2723208917,Meia Praia,Meia Praia,1100000.0,90,12222.222222222223,apartamento,2,0,0
2602454378,Meia Praia,Meia Praia,1100000.0,120,9166.666666666666,apartamento,3,0,0
2747905709,Morretes,Morretes,1100000.0,70,15714.285714285714,apartamento,2,0,0
2614621709,Meia Praia,Meia Praia,1100000.0,94,11702.127659574468,apartamento,3,0,0
2744014584,Castelo Branco,Castelo Branco,1100000.0,93,11827.956989247312,apartamento,2,0,0
2655964158,Andorinha,Andorinha,1100000.0,78,14102.564102564103,apartamento,2,0,0
2560057147,Morretes,Morretes,1099900.0,70,15712.857142857143,apartamento,3,0,0
2769188516,Meia Praia,Meia Praia,1099840.0,129,8525.891472868218,apartamento,2,0,0
2766853026,Castelo Branco,Castelo Branco,1099800.0,79,13921.518987341773,apartamento,2,0,0
2766853226,Meia Praia,Meia Praia,1099800.0,100,10998.0,apartamento,3,0,0
2769846435,Meia Praia,Meia Praia,1099740.0,169,6507.337278106509,apartamento,3,0,0
2769754521,Centro,Centro,1099220.0,85,12932.0,apartamento,2,0,0
2769751901,Morretes,Morretes,1099210.0,68,16164.85294117647,apartamento,3,0,0
2769844752,Meia Praia,Meia Praia,1099200.0,79,13913.924050632912,apartamento,2,0,0
2769852720,Morretes,Morretes,1099070.0,70,15701.0,apartamento,2,0,0
2714718783,Castelo Branco,Castelo Branco,1099000.0,92,11945.652173913044,apartamento,2,0,0
2726560533,Meia Praia,Meia Praia,1099000.0,110,9990.90909090909,apartamento,3,0,0
2656878340,Meia Praia,Meia Praia,1099000.0,75,14653.333333333334,apartamento,2,0,0
2717750581,Meia Praia,Meia Praia,1098000.0,115,9547.826086956522,apartamento,3,0,0
2726561637,Andorinha,Andorinha,1098000.0,115,9547.826086956522,apartamento,3,0,0
2769150413,Morretes,Morretes,1097405.0,68,16138.308823529413,apartamento,2,0,0
2717753034,Meia Praia,Meia Praia,1095000.0,115,9521.739130434782,apartamento,3,0,0
2689321422,Andorinha,Andorinha,1095000.0,115,9521.739130434782,apartamento,3,0,0
2665398799,Andorinha,Andorinha,1090000.0,116,9396.551724137931,apartamento,3,0,0
2651649157,Meia Praia,Meia Praia,1090000.0,169,6449.704142011834,apartamento,3,0,0
2732326113,Morretes,Morretes,1090000.0,68,16029.411764705883,apartamento,2,0,0
2717860340,Meia Praia,Meia Praia,1090000.0,93,11720.430107526881,apartamento,2,0,0
2641082187,Castelo Branco,Castelo Branco,1090000.0,89,12247.191011235955,apartamento,2,0,0
2636326312,Andorinha,Andorinha,1090000.0,135,8074.074074074074,apartamento,3,0,0
2709768377,Meia Praia,Meia Praia,1090000.0,116,9396.551724137931,apartamento,3,0,0
2560060465,Meia Praia,Meia Praia,1087594.0,105,10358.038095238095,apartamento,3,0,0
2766854716,Andorinha,Andorinha,1085800.0,90,12064.444444444445,apartamento,3,0,0
2767583191,Morretes,Morretes,1081900.0,69,15679.710144927536,apartamento,2,0,0
2752619194,Meia Praia,Meia Praia,1080000.0,69,15652.173913043478,apartamento,2,0,0
2609059408,Morretes,Morretes,1080000.0,699,1545.0643776824033,apartamento,2,0,0
2689672842,Morretes,Morretes,1080000.0,69,15652.173913043478,apartamento,2,0,0
2767582502,Morretes,Morretes,1080000.0,70,15428.57142857143,apartamento,2,0,0
2704547260,Andorinha,Andorinha,1080000.0,120,9000.0,apartamento,3,0,0
2764978840,Meia Praia,Meia Praia,1080000.0,119,9075.63025210084,apartamento,3,0,0
2766853314,Canto da Praia,Canto da Praia,1079800.0,98,11018.367346938776,apartamento,3,0,0
2765370622,Morretes,Morretes,1079000.0,70,15414.285714285714,apartamento,2,0,0
2621798030,Meia Praia,Meia Praia,1070000.0,98,10918.367346938776,apartamento,2,0,0
2716245318,Meia Praia,Meia Praia,1070000.0,164,6524.390243902439,apartamento,3,0,0
2752317899,Meia Praia,Meia Praia,1069000.0,186,5747.311827956989,apartamento,3,0,0
2765264358,Meia Praia,Meia Praia,1060000.0,78,13589.74358974359,apartamento,2,0,0
2637822557,Morretes,Morretes,1060000.0,115,9217.391304347826,casa,3,0,0
2765802728,Castelo Branco,Castelo Branco,1060000.0,92,11521.739130434782,apartamento,2,0,0
2709207048,Andorinha,Andorinha,1060000.0,195,5435.897435897436,apartamento,3,0,0
2767582383,Meia Praia,Meia Praia,1058273.0,40,26456.825,apartamento,2,0,0
2766853224,Canto da Praia,Canto da Praia,1054800.0,125,8438.4,apartamento,3,0,0
2764634419,Morretes,Morretes,1052500.0,67,15708.955223880597,apartamento,2,0,0
2769308191,Morretes,Morretes,1052500.0,62,16975.8064516129,apartamento,2,0,0
2511793365,Morretes,Morretes,1052000.0,66,15939.39393939394,apartamento,2,0,0
2670859617,Morretes,Morretes,1052000.0,66,15939.39393939394,apartamento,2,0,0
2766852431,Meia Praia,Meia Praia,1051800.0,129,8153.488372093023,apartamento,3,0,0
2757764824,Morretes,Morretes,1050000.0,120,8750.0,casa,3,0,0
2713945246,Morretes,Morretes,1050000.0,90,11666.666666666666,apartamento,2,0,0
2666979994,Meia Praia,Meia Praia,1050000.0,72,14583.333333333334,apartamento,2,0,0
2725685865,Meia Praia,Meia Praia,1050000.0,89,11797.752808988764,apartamento,2,0,0
2560060077,Meia Praia,Meia Praia,1050000.0,74,14189.18918918919,apartamento,2,0,0
2753177322,Morretes,Morretes,1050000.0,70,15000.0,apartamento,2,0,0
2766831356,Centro,Centro,1050000.0,140,7500.0,apartamento,3,0,0
2652784252,Meia Praia,Meia Praia,1050000.0,100,10500.0,apartamento,3,0,0
2695973680,Castelo Branco,Castelo Branco,1050000.0,95,11052.631578947368,apartamento,3,0,0
2761878143,Morretes,Morretes,1050000.0,69,15217.391304347826,apartamento,2,0,0
2767582920,Centro,Centro,1050000.0,110,9545.454545454546,apartamento,3,0,0
2621586131,Tabuleiro dos Oliveiras,Tabuleiro dos Oliveiras,1050000.0,69,15217.391304347826,apartamento,2,0,0
2651821094,Andorinha,Andorinha,1050000.0,104,10096.153846153846,apartamento,3,0,0
2759966019,Meia Praia,Meia Praia,1050000.0,40,26250.0,apartamento,1,0,0
2764633915,Centro,Centro,1050000.0,110,9545.454545454546,apartamento,3,0,0
2637821463,Alto São Bento,Alto São Bento,1050000.0,80,13125.0,casa,3,0,0
2704940062,Meia Praia,Meia Praia,1050000.0,70,15000.0,apartamento,3,0,0
2729769214,Morretes,Morretes,1050000.0,70,15000.0,apartamento,2,0,0
2748742293,Meia Praia,Meia Praia,1050000.0,110,9545.454545454546,apartamento,3,0,0
2754745934,Castelo Branco,Castelo Branco,1050000.0,74,14189.18918918919,apartamento,2,0,0
2759963287,Meia Praia,Meia Praia,1050000.0,40,26250.0,apartamento,1,0,0
2764632729,Morretes,Morretes,1050000.0,66,15909.09090909091,apartamento,2,0,0
2689586923,Castelo Branco,Castelo Branco,1050000.0,70,15000.0,apartamento,2,0,0
2721918758,Morretes,Morretes,1050000.0,66,15909.09090909091,apartamento,2,0,0
2754472405,Morretes,Morretes,1050000.0,69,15217.391304347826,apartamento,2,0,0
2750519395,Meia Praia,Meia Praia,1050000.0,126,8333.333333333334,apartamento,3,0,0
2769186409,Castelo Branco,Castelo Branco,1049660.0,95,11049.052631578947,apartamento,3,0,0
2769848307,Castelo Branco,Castelo Branco,1049290.0,114,9204.298245614034,apartamento,3,0,0
2753366396,Morretes,Morretes,1049190.0,101,10388.019801980197,apartamento,2,0,0
2764895313,,,1048000.0,110,9527.272727272728,apartamento,3,0,0
2667614798,Morretes,Morretes,1040000.0,69,15072.463768115942,apartamento,2,0,0
2606211544,Meia Praia,Meia Praia,1040000.0,90,11555.555555555555,apartamento,2,0,0
2769755818,Morretes,Morretes,1038580.0,69,15051.884057971014,apartamento,3,0,0
2733738985,Meia Praia,Meia Praia,1030000.0,73,14109.589041095891,apartamento,2,0,0
2732267848,Castelo Branco,Castelo Branco,1030000.0,106,9716.981132075472,apartamento,2,0,0
2745247998,Meia Praia,Meia Praia,1030000.0,73,14109.589041095891,apartamento,2,0,0
2560060076,Morretes,Morretes,1027589.0,64,16056.078125,apartamento,2,0,0
2733403115,Meia Praia,Meia Praia,1025000.0,109,9403.669724770642,apartamento,3,0,0
2714720236,Meia Praia,Meia Praia,1020000.0,98,10408.163265306122,apartamento,2,0,0
2699373681,Varzea,Varzea,1020000.0,150,6800.0,casa,3,0,0
2724028651,Meia Praia,Meia Praia,1014000.0,50,20280.0,apartamento,1,0,0
2765282136,Meia Praia,Meia Praia,1007000.0,81,12432.098765432098,apartamento,2,0,0
2751840293,Meia Praia,Meia Praia,1007000.0,81,12432.098765432098,apartamento,2,0,0
2756217416,Meia Praia,Meia Praia,1005007.0,40,25125.175,apartamento,1,0,0
2756211455,Meia Praia,Meia Praia,1005007.0,40,25125.175,apartamento,1,0,0
2756214830,Meia Praia,Meia Praia,1005007.0,40,25125.175,apartamento,1,0,0
2714718784,Meia Praia,Meia Praia,1001328.0,97,10322.969072164948,apartamento,2,0,0
2766830560,Meia Praia,Meia Praia,1000000.0,109,9174.311926605504,apartamento,3,0,0
2725885836,Andorinha,Andorinha,1000000.0,94,10638.297872340425,apartamento,2,0,0
2739550783,Castelo Branco,Castelo Branco,1000000.0,117,8547.008547008547,apartamento,2,0,0
2766853018,Andorinha,Andorinha,1000000.0,92,10869.565217391304,apartamento,2,0,0
2616278698,Morretes,Morretes,1000000.0,70,14285.714285714286,apartamento,2,0,0
2769970433,Andorinha,Andorinha,1000000.0,93,10752.68817204301,apartamento,2,0,0
2761509529,Meia Praia,Meia Praia,1000000.0,87,11494.252873563219,apartamento,2,0,0
2580279411,Alto São Bento,Alto São Bento,1000000.0,150,6666.666666666667,casa,6,0,0
2763261817,Meia Praia,Meia Praia,1000000.0,109,9174.311926605504,apartamento,3,0,0
2691824557,Morretes,Morretes,1000000.0,70,14285.714285714286,apartamento,2,0,0
2684069735,Andorinha,Andorinha,1000000.0,93,10752.68817204301,apartamento,2,0,0
2733826524,Andorinha,Andorinha,1000000.0,97,10309.278350515464,apartamento,2,0,0
2745843694,Andorinha,Andorinha,1000000.0,94,10638.297872340425,apartamento,2,0,0
2768470326,Centro,Centro,1000000.0,420,2380.9523809523807,casa,5,0,0
2712055593,Centro,Centro,1000000.0,86,11627.906976744185,apartamento,2,0,0
2759964848,Meia Praia,Meia Praia,1000000.0,40,25000.0,apartamento,1,0,0
2706424614,Meia Praia,Meia Praia,1000000.0,93,10752.68817204301,apartamento,2,0,0
2630668686,Andorinha,Andorinha,1000000.0,116,8620.689655172413,apartamento,3,0,0
2759539548,Meia Praia,Meia Praia,1000000.0,94,10638.297872340425,apartamento,2,0,0
2759669769,Meia Praia,Meia Praia,1000000.0,94,10638.297872340425,apartamento,2,0,0
2765048721,Centro,Centro,1000000.0,150,6666.666666666667,casa,4,0,0
2734790321,Morretes,Morretes,1000000.0,69,14492.753623188406,apartamento,2,0,0
2681589200,Andorinha,Andorinha,1000000.0,93,10752.68817204301,apartamento,2,0,0
2755524997,Andorinha,Andorinha,1000000.0,93,10752.68817204301,apartamento,2,0,0
2722816072,,,1000000.0,80,12500.0,apartamento,2,0,0
2723208502,Morretes,Morretes,1000000.0,56,17857.14285714286,apartamento,2,0,0
2759607229,Meia Praia,Meia Praia,1000000.0,94,10638.297872340425,apartamento,2,0,0
2759966018,Meia Praia,Meia Praia,1000000.0,40,25000.0,apartamento,1,0,0
2738892527,Morretes,Morretes,1000000.0,70,14285.714285714286,apartamento,2,0,0
2764633025,Centro,Centro,1000000.0,4448,224.82014388489208,apartamento,1,0,0
2711035641,Meia Praia,Meia Praia,1000000.0,131,7633.587786259542,apartamento,2,0,0
2719470249,Meia Praia,Meia Praia,999998.0,120,8333.316666666668,apartamento,3,0,0
2769472056,Morretes,Morretes,999850.0,63,15870.63492063492,apartamento,2,0,0
2770029689,Meia Praia,Meia Praia,999660.0,93,10749.032258064517,apartamento,2,0,0
2656704261,Morretes,Morretes,999217.0,70,14274.528571428571,apartamento,2,0,0
2763411838,Morretes,Morretes,999216.0,70,14274.514285714286,apartamento,2,0,0
2764220614,Morretes,Morretes,999000.0,70,14271.42857142857,apartamento,3,0,0
2731292943,Morretes,Morretes,999000.0,68,14691.176470588236,apartamento,2,0,0
2723960893,Andorinha,Andorinha,999000.0,93,10741.935483870968,apartamento,2,0,0
2700106940,Meia Praia,Meia Praia,999000.0,88,11352.272727272728,apartamento,2,0,0
2667290998,Morretes,Morretes,999000.0,70,14271.42857142857,apartamento,3,0,0
2744015183,Morretes,Morretes,999000.0,70,14271.42857142857,apartamento,3,0,0
2721154463,Morretes,Morretes,999000.0,70,14271.42857142857,apartamento,3,0,0
2695522175,Meia Praia,Meia Praia,999000.0,67,14910.44776119403,apartamento,2,0,0
2674560180,Morretes,Morretes,999000.0,68,14691.176470588236,apartamento,2,0,0
2649328167,Morretes,Morretes,999000.0,70,14271.42857142857,apartamento,3,0,0
2769033042,Tabuleiro dos Oliveiras,Tabuleiro dos Oliveiras,999000.0,320,3121.875,casa,4,0,0
2646970288,Castelo Branco,Castelo Branco,999000.0,85,11752.941176470587,apartamento,2,0,0
2677838302,Centro,Centro,999000.0,108,9250.0,apartamento,3,0,0
2695116873,Morretes,Morretes,999000.0,70,14271.42857142857,apartamento,3,0,0
2760221453,Meia Praia,Meia Praia,998815.0,40,24970.375,apartamento,1,0,0
2760094925,Meia Praia,Meia Praia,998815.0,40,24970.375,apartamento,1,0,0
2760158415,Meia Praia,Meia Praia,998815.0,40,24970.375,apartamento,1,0,0
2769843420,Meia Praia,Meia Praia,998030.0,115,8678.521739130434,apartamento,3,0,0
2770199432,Morretes,Morretes,998000.0,68,14676.470588235294,apartamento,3,0,0
2747203717,Morretes,Morretes,998000.0,93,10731.182795698925,comercial,0,0,0
2729034623,Morretes,Morretes,998000.0,93,10731.182795698925,comercial,0,0,0
2763749061,Morretes,Morretes,998000.0,93,10731.182795698925,apartamento,3,0,0
2763649237,Morretes,Morretes,997500.0,70,14250.0,apartamento,2,0,0
2758485619,Morretes,Morretes,997010.0,93,10720.537634408602,apartamento,3,0,0
2766001526,Meia Praia,Meia Praia,997000.0,96,10385.416666666666,apartamento,2,0,0
2724509369,Meia Praia,Meia Praia,997000.0,95,10494.736842105263,apartamento,2,0,0
2726858058,Meia Praia,Meia Praia,997000.0,95,10494.736842105263,apartamento,2,0,0
2727188434,Meia Praia,Meia Praia,997000.0,95,10494.736842105263,apartamento,2,0,0
2747229371,Meia Praia,Meia Praia,997000.0,95,10494.736842105263,apartamento,2,0,0
2754737812,Meia Praia,Meia Praia,997000.0,96,10385.416666666666,apartamento,2,0,0
2739557557,Meia Praia,Meia Praia,997000.0,95,10494.736842105263,apartamento,2,0,0
2696943037,Meia Praia,Meia Praia,997000.0,95,10494.736842105263,apartamento,2,0,0
2759324976,Andorinha,Andorinha,996142.0,70,14230.6,apartamento,2,0,0
2759378056,Andorinha,Andorinha,996142.0,70,14230.6,apartamento,2,0,0
2759268743,Andorinha,Andorinha,996142.0,70,14230.6,apartamento,2,0,0
2766853121,Meia Praia,Meia Praia,995000.0,93,10698.924731182795,apartamento,3,0,0
2764631828,Meia Praia,Meia Praia,995000.0,89,11179.775280898877,apartamento,2,0,0
2754745136,Meia Praia,Meia Praia,995000.0,65,15307.692307692309,comercial,0,0,0
2711999408,Meia Praia,Meia Praia,995000.0,135,7370.37037037037,apartamento,3,0,0
2562712300,Morretes,Morretes,994000.0,62,16032.258064516129,apartamento,2,0,0
2717662035,Meia Praia,Meia Praia,994000.0,134,7417.910447761194,apartamento,3,0,0
2717661039,Castelo Branco,Castelo Branco,993000.0,130,7638.461538461538,apartamento,3,0,0
2693494921,Morretes,Morretes,992860.0,60,16547.666666666668,apartamento,2,0,0
2744001972,Morretes,Morretes,990000.0,70,14142.857142857143,apartamento,2,0,0
2691477556,Morretes,Morretes,990000.0,70,14142.857142857143,apartamento,3,0,0
2723210020,Morretes,Morretes,990000.0,69,14347.826086956522,apartamento,3,0,0
2593922657,Castelo Branco,Castelo Branco,990000.0,115,8608.695652173914,apartamento,3,0,0
2703744125,Morretes,Morretes,990000.0,68,14558.823529411764,apartamento,2,0,0
2724713756,Centro,Centro,990000.0,123,8048.780487804878,apartamento,2,0,0
2729768732,Tabuleiro dos Oliveiras,Tabuleiro dos Oliveiras,990000.0,135,7333.333333333333,casa,3,0,0
2684945199,Castelo Branco,Castelo Branco,990000.0,95,10421.052631578947,apartamento,3,0,0
2769032456,Meia Praia,Meia Praia,990000.0,210,4714.285714285715,casa,3,0,0
2761656115,Morretes,Morretes,990000.0,60,16500.0,apartamento,2,0,0
2646970778,Morretes,Morretes,990000.0,69,14347.826086956522,apartamento,2,0,0
2764770529,Morretes,Morretes,990000.0,95,10421.052631578947,apartamento,3,0,0
2739287126,Tabuleiro dos Oliveiras,Tabuleiro dos Oliveiras,990000.0,70,14142.857142857143,apartamento,3,0,0
2736452414,Meia Praia,Meia Praia,990000.0,92,10760.869565217392,apartamento,2,0,0
2710233102,Morretes,Morretes,990000.0,70,14142.857142857143,apartamento,3,0,0
2720505570,Morretes,Morretes,990000.0,70,14142.857142857143,apartamento,2,0,0
2735810430,Tabuleiro dos Oliveiras,Tabuleiro dos Oliveiras,990000.0,70,14142.857142857143,apartamento,3,0,0
2713248409,Castelo Branco,Castelo Branco,990000.0,80,12375.0,apartamento,2,0,0
2770027288,Morretes,Morretes,989750.0,78,12689.102564102564,apartamento,2,0,0
2769757300,Tabuleiro dos Oliveiras,Tabuleiro dos Oliveiras,989490.0,70,14135.57142857143,apartamento,2,0,0
2769470402,Morretes,Morretes,989070.0,70,14129.57142857143,apartamento,3,0,0
2751638996,Meia Praia,Meia Praia,989000.0,87,11367.816091954022,apartamento,2,0,0
2766855415,Casa Branca,Casa Branca,989000.0,149,6637.583892617449,casa,3,0,0
2693257923,Meia Praia,Meia Praia,988000.0,120,8233.333333333334,apartamento,3,0,0
2659840467,Morretes,Morretes,987000.0,70,14100.0,apartamento,2,0,0
2714715287,Meia Praia,Meia Praia,987000.0,90,10966.666666666666,apartamento,2,0,0
2765303838,Morretes,Morretes,986355.0,67,14721.716417910447,apartamento,2,0,0
2767581550,Morretes,Morretes,985000.0,70,14071.42857142857,apartamento,3,0,0
2747191597,Andorinha,Andorinha,985000.0,102,9656.862745098038,apartamento,3,0,0
2769181836,Morretes,Morretes,984630.0,70,14066.142857142857,apartamento,2,0,0
2430833208,Meia Praia,Meia Praia,980000.0,105,9333.333333333334,apartamento,2,0,0
2764631844,Morretes,Morretes,980000.0,70,14000.0,apartamento,2,0,0
2758879417,,,980000.0,95,10315.78947368421,apartamento,2,0,0
2559266065,Sertão do Trombudo,Sertão Do Trombudo,980000.0,332,2951.8072289156626,terreno,0,0,0
2660307883,Meia Praia,Meia Praia,980000.0,109,8990.825688073395,apartamento,3,0,0
2767581564,Morretes,Morretes,980000.0,58,16896.55172413793,apartamento,2,0,0
2747202005,Andorinha,Andorinha,980000.0,102,9607.843137254902,apartamento,3,0,0
2763648953,Centro,Centro,980000.0,42,23333.333333333332,apartamento,1,0,0
2750156630,Meia Praia,Meia Praia,980000.0,90,10888.888888888889,apartamento,3,0,0
2752964399,Morretes,Morretes,980000.0,70,14000.0,apartamento,2,0,0
2653999598,Meia Praia,Meia Praia,980000.0,118,8305.084745762711,apartamento,3,0,0
2684363244,Meia Praia,Meia Praia,980000.0,130,7538.461538461538,apartamento,3,0,0
2683526891,Morretes,Morretes,980000.0,70,14000.0,apartamento,2,0,0
2694753924,Andorinha,Andorinha,980000.0,87,11264.367816091954,apartamento,3,0,0
2751819510,Meia Praia,Meia Praia,980000.0,84,11666.666666666666,apartamento,2,0,0
2768192453,Centro,Centro,980000.0,66,14848.484848484848,apartamento,2,0,0
2769739444,Meia Praia,Meia Praia,980000.0,90,10888.888888888889,apartamento,2,0,0
2655558771,Meia Praia,Meia Praia,980000.0,134,7313.432835820896,apartamento,3,0,0
2723208494,Castelo Branco,Castelo Branco,980000.0,114,8596.491228070176,apartamento,3,0,0
2764631748,Meia Praia,Meia Praia,980000.0,40,24500.0,apartamento,1,0,0
2740902024,Meia Praia,Meia Praia,980000.0,84,11666.666666666666,apartamento,2,0,0
2764630759,Castelo Branco,Castelo Branco,980000.0,129,7596.899224806201,apartamento,3,0,0
2764631202,Centro,Centro,980000.0,42,23333.333333333332,apartamento,1,0,0
2646971192,Castelo Branco,Castelo Branco,980000.0,114,8596.491228070176,apartamento,3,0,0
2755295714,Castelo Branco,Castelo Branco,979610.0,120,8163.416666666667,apartamento,3,0,0
2767584416,Morretes,Morretes,979099.0,69,14189.840579710144,apartamento,2,0,0
2569300956,Morretes,Morretes,974515.0,64,15226.796875,apartamento,2,0,0
2761578123,Morretes,Morretes,974085.0,92,10587.880434782608,comercial,0,0,0
2746689114,Morretes,Morretes,974085.0,92,10587.880434782608,comercial,0,0,0
2609060688,Castelo Branco,Castelo Branco,973668.0,105,9273.028571428571,apartamento,2,0,0
2670818823,Morretes,Morretes,972903.0,69,14100.04347826087,apartamento,2,0,0
2758870523,Meia Praia,Meia Praia,970000.0,40,24250.0,apartamento,1,0,0
2758655954,Meia Praia,Meia Praia,970000.0,40,24250.0,apartamento,1,0,0
2740364912,Meia Praia,Meia Praia,970000.0,69,14057.971014492754,apartamento,2,0,0
2509404183,Morretes,Morretes,970000.0,69,14057.971014492754,apartamento,3,0,0
2755937932,Castelo Branco,Castelo Branco,970000.0,100,9700.0,apartamento,2,0,0
2758635639,Meia Praia,Meia Praia,970000.0,40,24250.0,apartamento,1,0,0
2754166608,Meia Praia,Meia Praia,970000.0,70,13857.142857142857,apartamento,2,0,0
2759743179,Meia Praia,Meia Praia,970000.0,40,24250.0,apartamento,1,0,0
2689269215,Andorinha,Andorinha,970000.0,93,10430.10752688172,apartamento,2,0,0
2769851351,Morretes,Morretes,969620.0,70,13851.714285714286,apartamento,2,0,0
2769468396,Morretes,Morretes,969490.0,69,14050.579710144928,apartamento,2,0,0
2757878336,Meia Praia,Meia Praia,969000.0,67,14462.686567164179,apartamento,3,0,0
2743458673,Morretes,Morretes,969000.0,67,14462.686567164179,apartamento,3,0,0
2754281487,Meia Praia,Meia Praia,969000.0,67,14462.686567164179,apartamento,3,0,0
2757947057,Meia Praia,Meia Praia,969000.0,67,14462.686567164179,apartamento,3,0,0
2769470043,Morretes,Morretes,968460.0,67,14454.626865671642,apartamento,3,0,0
2599798080,Meia Praia,Meia Praia,968000.0,105,9219.047619047618,apartamento,2,0,0
2759377651,Meia Praia,Meia Praia,967681.0,70,13824.014285714286,apartamento,2,0,0
2759327514,Meia Praia,Meia Praia,967681.0,70,13824.014285714286,apartamento,2,0,0
2759267435,Meia Praia,Meia Praia,967681.0,70,13824.014285714286,apartamento,2,0,0
2749902948,Meia Praia,Meia Praia,965000.0,100,9650.0,apartamento,3,0,0
2764635228,Meia Praia,Meia Praia,965000.0,96,10052.083333333334,apartamento,3,0,0
2722180333,Morretes,Morretes,965000.0,70,13785.714285714286,apartamento,2,0,0
2761398615,Castelo Branco,Castelo Branco,965000.0,100,9650.0,apartamento,3,0,0
2769150818,Morretes,Morretes,961916.0,69,13940.811594202898,apartamento,2,0,0
2743552353,Morretes,Morretes,961916.0,70,13741.657142857142,apartamento,2,0,0
2765061640,Meia Praia,Meia Praia,960000.0,93,10322.58064516129,apartamento,3,0,0
2763649236,Morretes,Morretes,960000.0,70,13714.285714285714,apartamento,2,0,0
2670593719,Morretes,Morretes,960000.0,70,13714.285714285714,apartamento,2,0,0
2729660365,Centro,Centro,960000.0,40,24000.0,apartamento,1,0,0
2763648031,Morretes,Morretes,960000.0,70,13714.285714285714,apartamento,2,0,0
2766853326,Meia Praia,Meia Praia,959260.0,101,9497.623762376237,apartamento,3,0,0
2760843969,Meia Praia,Meia Praia,958500.0,48,19968.75,comercial,1,0,0
2737417913,Morretes,Morretes,957000.0,64,14953.125,apartamento,2,0,0
2746578489,Morretes,Morretes,956380.0,70,13662.57142857143,apartamento,2,0,0
2747202340,Morretes,Morretes,955514.0,70,13650.2,apartamento,2,0,0
2715747022,Andorinha,Andorinha,954000.0,85,11223.529411764706,apartamento,2,0,0
2766852339,Meia Praia,Meia Praia,952800.0,75,12704.0,comercial,0,0,0
2752153445,Castelo Branco,Castelo Branco,951000.0,28,33964.28571428572,apartamento,1,0,0
2720051287,Meia Praia,Meia Praia,951000.0,70,13585.714285714286,apartamento,2,0,0
2704501977,Meia Praia,Meia Praia,950000.0,150,6333.333333333333,apartamento,3,0,0
2766204334,Andorinha,Andorinha,950000.0,115,8260.869565217392,apartamento,3,0,0
2753517005,Meia Praia,Meia Praia,950000.0,115,8260.869565217392,apartamento,2,0,0
2709065959,Centro,Centro,950000.0,80,11875.0,apartamento,2,0,0
2741975571,Centro,Centro,950000.0,80,11875.0,apartamento,2,0,0
2681618997,Meia Praia,Meia Praia,950000.0,103,9223.300970873786,apartamento,3,0,0
2692570987,Meia Praia,Meia Praia,950000.0,80,11875.0,apartamento,2,0,0
2659554896,,,950000.0,60,15833.333333333334,apartamento,2,0,0
2763649135,Morretes,Morretes,950000.0,70,13571.42857142857,apartamento,2,0,0
2705750109,Meia Praia,Meia Praia,950000.0,90,10555.555555555555,apartamento,2,0,0
2675947394,Morretes,Morretes,950000.0,105,9047.619047619048,casa,3,0,0
2729592223,Sertão do Trombudo,Sertão Do Trombudo,950000.0,77,12337.662337662337,apartamento,1,0,0
2764634324,Centro,Centro,950000.0,112,8482.142857142857,apartamento,2,0,0
2711254196,Andorinha,Andorinha,950000.0,86,11046.511627906977,apartamento,2,0,0
2764895314,Tabuleiro dos Oliveiras,Tabuleiro dos Oliveiras,950000.0,69,13768.115942028986,apartamento,2,0,0
2720053866,Meia Praia,Meia Praia,950000.0,75,12666.666666666666,apartamento,2,0,0
2727085188,,,950000.0,70,13571.42857142857,apartamento,3,0,0
2745035797,Castelo Branco,Castelo Branco,950000.0,106,8962.264150943396,apartamento,3,0,0
2690669775,Andorinha,Andorinha,950000.0,118,8050.847457627118,apartamento,3,0,0
2688369347,Meia Praia,Meia Praia,950000.0,90,10555.555555555555,apartamento,2,0,0
2764348215,Morretes,Morretes,950000.0,70,13571.42857142857,apartamento,2,0,0
2760965299,Morretes,Morretes,950000.0,70,13571.42857142857,apartamento,2,0,0
2725198767,Meia Praia,Meia Praia,950000.0,127,7480.314960629921,apartamento,3,0,0
2743303126,Andorinha,Andorinha,950000.0,110,8636.363636363636,apartamento,3,0,0
2684947318,Castelo Branco,Castelo Branco,950000.0,93,10215.053763440861,apartamento,3,0,0
2698669101,Morretes,Morretes,950000.0,70,13571.42857142857,apartamento,3,0,0
2768650214,Tabuleiro dos Oliveiras,Tabuleiro dos Oliveiras,950000.0,69,13768.115942028986,apartamento,2,0,0
2767581294,Morretes,Morretes,950000.0,65,14615.384615384615,apartamento,2,0,0
2764630659,Morretes,Morretes,950000.0,110,8636.363636363636,apartamento,3,0,0
2764952648,Morretes,Morretes,950000.0,70,13571.42857142857,apartamento,2,0,0
2738893344,Morretes,Morretes,950000.0,68,13970.588235294117,apartamento,3,0,0
2767582223,Morretes,Morretes,950000.0,70,13571.42857142857,apartamento,3,0,0
2737116349,Jardim Praia Mar,Jardim Praiamar,950000.0,63,15079.36507936508,apartamento,2,0,0
2732164341,Meia Praia,Meia Praia,950000.0,120,7916.666666666667,apartamento,3,0,0
2726625461,Centro,Centro,950000.0,85,11176.470588235294,apartamento,2,0,0
2721893459,Morretes,Morretes,950000.0,105,9047.619047619048,casa,3,0,0
2764632205,Morretes,Morretes,950000.0,69,13768.115942028986,apartamento,3,0,0
2726317166,Meia Praia,Meia Praia,950000.0,120,7916.666666666667,apartamento,3,0,0
2744013113,Morretes,Morretes,950000.0,60,15833.333333333334,apartamento,2,0,0
2580279408,Morretes,Morretes,950000.0,69,13768.115942028986,apartamento,2,0,0
2711047108,Meia Praia,Meia Praia,950000.0,120,7916.666666666667,apartamento,2,0,0
2764631342,Morretes,Morretes,950000.0,68,13970.588235294117,apartamento,3,0,0
2734698025,Morretes,Morretes,950000.0,70,13571.42857142857,apartamento,2,0,0
2743659998,Morretes,Morretes,950000.0,62,15322.58064516129,apartamento,2,0,0
2765088129,Meia Praia,Meia Praia,950000.0,97,9793.814432989691,apartamento,2,0,0
2698543208,Meia Praia,Meia Praia,950000.0,127,7480.314960629921,apartamento,3,0,0
2754166280,Sertão do Trombudo,Sertão Do Trombudo,950000.0,78,12179.48717948718,apartamento,1,0,0
2764633187,Meia Praia,Meia Praia,950000.0,125,7600.0,apartamento,3,0,0
2764952046,Morretes,Morretes,950000.0,65,14615.384615384615,apartamento,2,0,0
2769754834,Tabuleiro dos Oliveiras,Tabuleiro dos Oliveiras,949850.0,70,13569.285714285714,apartamento,2,0,0
2760744024,Andorinha,Andorinha,949850.0,155,6128.064516129032,apartamento,3,0,0
2766855619,Meia Praia,Meia Praia,949800.0,81,11725.925925925925,apartamento,2,0,0
2769844237,Morretes,Morretes,949580.0,70,13565.42857142857,apartamento,2,0,0
2769476150,Morretes,Morretes,949490.0,96,9890.520833333334,apartamento,3,0,0
2769184109,Morretes,Morretes,949260.0,96,9888.125,apartamento,3,0,0
2769853821,Castelo Branco,Castelo Branco,949240.0,98,9686.122448979591,apartamento,3,0,0
2769758069,Morretes,Morretes,949210.0,70,13560.142857142857,apartamento,2,0,0
2770032024,Tabuleiro dos Oliveiras,Tabuleiro dos Oliveiras,949160.0,70,13559.42857142857,apartamento,3,0,0
2769179144,Castelo Branco,Castelo Branco,949100.0,90,10545.555555555555,apartamento,3,0,0
2755061681,Meia Praia,Meia Praia,949000.0,155,6122.580645161291,apartamento,3,0,0
2656875472,Castelo Branco,Castelo Branco,949000.0,80,11862.5,apartamento,2,0,0
2764387152,Morretes,Morretes,949000.0,67,14164.179104477613,apartamento,2,0,0
2756820550,Morretes,Morretes,949000.0,67,14164.179104477613,apartamento,2,0,0
2655972756,Castelo Branco,Castelo Branco,949000.0,78,12166.666666666666,apartamento,2,0,0
2761579521,Morretes,Morretes,949000.0,67,14164.179104477613,apartamento,2,0,0
2761278330,Morretes,Morretes,949000.0,67,14164.179104477613,apartamento,2,0,0
2659934461,Meia Praia,Meia Praia,949000.0,98,9683.673469387755,apartamento,2,0,0
2751294994,Meia Praia,Meia Praia,947000.0,40,23675.0,apartamento,1,0,0
2767581980,Morretes,Morretes,945135.0,70,13501.92857142857,apartamento,2,0,0
2740921461,Morretes,Morretes,945135.0,70,13501.92857142857,apartamento,2,0,0
2666206760,Morretes,Morretes,945135.0,62,15244.112903225807,apartamento,2,0,0
2749490525,Andorinha,Andorinha,945000.0,94,10053.191489361701,apartamento,2,0,0
2762948822,Andorinha,Andorinha,945000.0,105,9000.0,apartamento,3,0,0
2734713592,Meia Praia,Meia Praia,944362.0,65,14528.646153846154,apartamento,2,0,0
2730506074,Castelo Branco,Castelo Branco,944000.0,105,8990.47619047619,apartamento,2,0,0
2767582541,Morretes,Morretes,941992.0,68,13852.823529411764,apartamento,2,0,0
2670479698,Morretes,Morretes,940000.0,69,13623.188405797102,apartamento,2,0,0
2744015187,Castelo Branco,Castelo Branco,940000.0,90,10444.444444444445,apartamento,3,0,0
2482909809,Morretes,Morretes,940000.0,69,13623.188405797102,apartamento,2,0,0
2745472909,Morretes,Morretes,940000.0,70,13428.57142857143,apartamento,2,0,0
2764631565,Morretes,Morretes,940000.0,691,1360.3473227206946,apartamento,2,0,0
2609062396,Morretes,Morretes,940000.0,69,13623.188405797102,apartamento,2,0,0
2769846561,Meia Praia,Meia Praia,939330.0,87,10796.896551724138,apartamento,2,0,0
2712955297,Andorinha,Andorinha,937545.0,66,14205.227272727272,apartamento,2,0,0
2657185165,Andorinha,Andorinha,935840.0,84,11140.952380952382,apartamento,2,0,0
2743370465,Morretes,Morretes,935000.0,62,15080.645161290322,apartamento,2,0,0
2749229845,Morretes,Morretes,933412.0,67,13931.522388059702,apartamento,2,0,0
2761579518,Morretes,Morretes,932400.0,70,13320.0,apartamento,2,0,0
2703185010,Meia Praia,Meia Praia,932000.0,70,13314.285714285714,apartamento,2,0,0
2757814084,Morretes,Morretes,932000.0,70,13314.285714285714,apartamento,3,0,0
2541352187,Morretes,Morretes,931000.0,69,13492.753623188406,apartamento,2,0,0
2661820378,Morretes,Morretes,930000.0,66,14090.90909090909,apartamento,2,0,0
2721503543,Morretes,Morretes,930000.0,63,14761.904761904761,apartamento,2,0,0
2764758939,Varzea,Varzea,930000.0,70,13285.714285714286,apartamento,3,0,0
2661742389,Morretes,Morretes,930000.0,65,14307.692307692309,apartamento,2,0,0
2723431572,Morretes,Morretes,930000.0,70,13285.714285714286,apartamento,2,0,0
2714823296,Centro,Centro,930000.0,80,11625.0,apartamento,2,0,0
2761506471,Meia Praia,Meia Praia,930000.0,103,9029.126213592233,apartamento,2,0,0
2769474225,Centro,Centro,929500.0,80,11618.75,apartamento,2,0,0
2723210385,Morretes,Morretes,929035.0,70,13271.92857142857,apartamento,2,0,0
2560060662,Morretes,Morretes,929035.0,70,13271.92857142857,apartamento,2,0,0
2560637648,Morretes,Morretes,929000.0,70,13271.42857142857,apartamento,2,0,0
2560637562,Morretes,Morretes,929000.0,70,13271.42857142857,apartamento,2,0,0
2755057707,Meia Praia,Meia Praia,929000.0,103,9019.417475728156,apartamento,2,0,0
2770028535,Morretes,Morretes,928400.0,69,13455.072463768116,apartamento,2,0,0
2763748057,Morretes,Morretes,927000.0,69,13434.782608695652,apartamento,2,0,0
2560059111,Morretes,Morretes,927000.0,67,13835.820895522387,apartamento,2,0,0
2591545013,Castelo Branco,Castelo Branco,926000.0,102,9078.43137254902,apartamento,3,0,0
2713237209,Castelo Branco,Castelo Branco,925000.0,109,8486.238532110092,apartamento,3,0,0
2693494541,Morretes,Morretes,924956.0,64,14452.4375,apartamento,2,0,0
2767582635,Morretes,Morretes,922383.0,68,13564.45588235294,apartamento,2,0,0
2526446351,Morretes,Morretes,922000.0,68,13558.823529411764,apartamento,3,0,0
2766855914,Morretes,Morretes,921800.0,60,15363.333333333334,apartamento,2,0,0
2753961997,Jardim Praia Mar,Jardim Praiamar,921142.0,70,13159.171428571428,apartamento,2,0,0
2712356298,Meia Praia,Meia Praia,920000.0,61,15081.967213114754,apartamento,3,0,0
2750157309,Meia Praia,Meia Praia,920000.0,110,8363.636363636364,apartamento,3,0,0
2764635025,Morretes,Morretes,920000.0,62,14838.709677419354,apartamento,2,0,0
2769150318,Morretes,Morretes,920000.0,66,13939.39393939394,apartamento,2,0,0
2646971165,Castelo Branco,Castelo Branco,920000.0,105,8761.904761904761,apartamento,2,0,0
2766833222,Canto da Praia,Canto da Praia,920000.0,94,9787.234042553191,apartamento,2,0,0
2764975507,Morretes,Morretes,920000.0,69,13333.333333333334,apartamento,3,0,0
2638197657,Morretes,Morretes,920000.0,67,13731.34328358209,apartamento,1,0,0
2746552717,Meia Praia,Meia Praia,920000.0,109,8440.366972477064,apartamento,3,0,0
2769473622,Morretes,Morretes,919890.0,63,14601.42857142857,apartamento,2,0,0
2661674799,Morretes,Morretes,919000.0,68,13514.70588235294,apartamento,2,0,0
2702328416,Meia Praia,Meia Praia,919000.0,74,12418.918918918918,apartamento,2,0,0
2676468695,Morretes,Morretes,915000.0,70,13071.42857142857,apartamento,2,0,0
2756649105,Centro,Centro,915000.0,56,16339.285714285714,apartamento,2,0,0
2770221653,Casa Branca,Casa Branca,915000.0,358,2555.8659217877093,terreno,0,0,0
2770222265,Casa Branca,Casa Branca,915000.0,400,2287.5,terreno,0,0,0
2693494817,Morretes,Morretes,913009.0,66,13833.469696969696,apartamento,2,0,0
2437562983,Centro,Centro,912000.0,70,13028.57142857143,apartamento,2,0,0
2767581277,Morretes,Morretes,910000.0,70,13000.0,apartamento,2,0,0
2686121010,Morretes,Morretes,908000.0,69,13159.420289855072,apartamento,2,0,0
2758074326,Morretes,Morretes,908000.0,70,12971.42857142857,apartamento,2,0,0
2758134113,Morretes,Morretes,908000.0,70,12971.42857142857,apartamento,2,0,0
2758086215,Morretes,Morretes,908000.0,70,12971.42857142857,apartamento,2,0,0
2562091159,Castelo Branco,Castelo Branco,907671.0,105,8644.485714285714,apartamento,2,0,0
2766852615,Meia Praia,Meia Praia,906700.0,40,22667.5,apartamento,2,0,0
2767583133,Morretes,Morretes,906000.0,70,12942.857142857143,apartamento,2,0,0
2755058640,Andorinha,Andorinha,905000.0,81,11172.839506172839,apartamento,2,0,0
2763743425,Morretes,Morretes,904000.0,62,14580.645161290322,apartamento,2,0,0
2753757493,Tabuleiro dos Oliveiras,Tabuleiro dos Oliveiras,904000.0,72,12555.555555555555,apartamento,2,0,0
2767582372,Morretes,Morretes,903650.0,58,15580.172413793103,apartamento,2,0,0
2692685399,Morretes,Morretes,902000.0,69,13072.463768115942,apartamento,2,0,0
2693494816,Morretes,Morretes,901773.0,66,13663.227272727272,apartamento,2,0,0
2693494819,Morretes,Morretes,900463.0,64,14069.734375,apartamento,2,0,0
2712552602,Morretes,Morretes,900000.0,60,15000.0,apartamento,2,0,0
2560637677,Morretes,Morretes,900000.0,70,12857.142857142857,apartamento,2,0,0
2560637036,Morretes,Morretes,900000.0,70,12857.142857142857,apartamento,2,0,0
2759541415,Meia Praia,Meia Praia,900000.0,61,14754.098360655738,apartamento,2,0,0
2658739080,Morretes,Morretes,900000.0,65,13846.153846153846,apartamento,2,0,0
2741034673,Casa Branca,Casa Branca,900000.0,60,15000.0,apartamento,2,0,0
2763985222,Tabuleiro dos Oliveiras,Tabuleiro dos Oliveiras,900000.0,90,10000.0,apartamento,2,0,0
2560637232,Morretes,Morretes,900000.0,70,12857.142857142857,apartamento,2,0,0
2619928893,Morretes,Morretes,900000.0,68,13235.29411764706,apartamento,2,0,0
2560637419,Morretes,Morretes,900000.0,70,12857.142857142857,apartamento,2,0,0
2736302181,Canto da Praia,Canto da Praia,900000.0,54,16666.666666666668,apartamento,2,0,0
2767582232,Morretes,Morretes,900000.0,70,12857.142857142857,apartamento,2,0,0
2713180530,Meia Praia,Meia Praia,900000.0,107,8411.214953271028,apartamento,3,0,0
2754746320,Meia Praia,Meia Praia,900000.0,73,12328.767123287671,apartamento,2,0,0
2732164340,Morretes,Morretes,900000.0,69,13043.478260869566,apartamento,2,0,0
2758557125,Meia Praia,Meia Praia,900000.0,98,9183.673469387755,apartamento,2,0,0
2671785903,Meia Praia,Meia Praia,900000.0,95,9473.684210526315,apartamento,2,0,0
2748028066,,,900000.0,64,14062.5,apartamento,2,0,0
2735381224,Meia Praia,Meia Praia,900000.0,94,9574.468085106382,apartamento,3,0,0
2759608018,Meia Praia,Meia Praia,900000.0,61,14754.098360655738,apartamento,2,0,0
2511793552,Morretes,Morretes,900000.0,69,13043.478260869566,apartamento,2,0,0
2736647365,Morretes,Morretes,900000.0,70,12857.142857142857,apartamento,2,0,0
2760268729,Morretes,Morretes,900000.0,70,12857.142857142857,apartamento,2,0,0
2560637757,Morretes,Morretes,900000.0,70,12857.142857142857,apartamento,2,0,0
2748326799,Morretes,Morretes,900000.0,70,12857.142857142857,apartamento,2,0,0
2748478795,Morretes,Morretes,900000.0,70,12857.142857142857,apartamento,2,0,0
2560637109,Morretes,Morretes,900000.0,70,12857.142857142857,apartamento,2,0,0
2744014217,Morretes,Morretes,900000.0,60,15000.0,apartamento,2,0,0
2769514828,Centro,Centro,900000.0,75,12000.0,apartamento,2,0,0
2744012695,Meia Praia,Meia Praia,900000.0,80,11250.0,apartamento,2,0,0
2748644139,Meia Praia,Meia Praia,900000.0,120,7500.0,apartamento,2,0,0
2590819120,Meia Praia,Meia Praia,900000.0,100,9000.0,apartamento,3,0,0
2763648541,Tabuleiro dos Oliveiras,Tabuleiro dos Oliveiras,900000.0,64,14062.5,apartamento,2,0,0
2650750170,Morretes,Morretes,900000.0,60,15000.0,apartamento,2,0,0
2655195698,Tabuleiro dos Oliveiras,Tabuleiro dos Oliveiras,900000.0,70,12857.142857142857,apartamento,2,0,0
2769042317,Tabuleiro dos Oliveiras,Tabuleiro dos Oliveiras,900000.0,220,4090.909090909091,casa,3,0,0
2558703963,,,900000.0,179,5027.932960893855,apartamento,3,0,0
2754427802,Morretes,Morretes,900000.0,62,14516.129032258064,apartamento,2,0,0
2688828019,Morretes,Morretes,900000.0,306,2941.176470588235,terreno,0,0,0
2763927921,Tabuleiro dos Oliveiras,Tabuleiro dos Oliveiras,900000.0,90,10000.0,apartamento,2,0,0
2747098294,Morretes,Morretes,900000.0,64,14062.5,apartamento,2,0,0
2723210019,Andorinha,Andorinha,900000.0,100,9000.0,apartamento,3,0,0
2759671859,Meia Praia,Meia Praia,900000.0,61,14754.098360655738,apartamento,2,0,0
2748024011,,,900000.0,64,14062.5,apartamento,2,0,0
2694185787,Jardim Praia Mar,Jardim Praiamar,900000.0,64,14062.5,apartamento,2,0,0
2726594615,Centro,Centro,900000.0,40,22500.0,apartamento,1,0,0
2762950725,Morretes,Morretes,900000.0,69,13043.478260869566,apartamento,2,0,0
2659215761,Morretes,Morretes,900000.0,60,15000.0,apartamento,2,0,0
2560636987,Morretes,Morretes,900000.0,70,12857.142857142857,apartamento,2,0,0
2763649651,Tabuleiro dos Oliveiras,Tabuleiro dos Oliveiras,899990.0,70,12857.0,apartamento,2,0,0
2766855520,Morretes,Morretes,899800.0,69,13040.579710144928,apartamento,2,0,0
2770200056,Morretes,Morretes,899000.0,69,13028.985507246376,apartamento,2,0,0
2736865251,Meia Praia,Meia Praia,899000.0,70,12842.857142857143,apartamento,3,0,0
2728045452,Morretes,Morretes,899000.0,69,13028.985507246376,apartamento,2,0,0
2770197543,Morretes,Morretes,899000.0,669,1343.796711509716,apartamento,2,0,0
2633099795,Meia Praia,Meia Praia,899000.0,81,11098.765432098766,apartamento,2,0,0
2761045107,Morretes,Morretes,899000.0,150,5993.333333333333,casa,3,0,0
2754174522,Morretes,Morretes,899000.0,69,13028.985507246376,apartamento,2,0,0
2573688152,Morretes,Morretes,899000.0,167,5383.233532934131,casa,3,0,0
2689939945,Morretes,Morretes,899000.0,167,5383.233532934131,casa,3,0,0
2457295140,Varzea,Varzea,899000.0,235,3825.531914893617,casa,5,0,0
2754182805,Morretes,Morretes,899000.0,69,13028.985507246376,apartamento,2,0,0
2764630669,Centro,Centro,899000.0,1594,563.9899623588457,apartamento,2,0,0
2763098089,Morretes,Morretes,899000.0,69,13028.985507246376,apartamento,2,0,0
2596877325,Morretes,Morretes,899000.0,167,5383.233532934131,casa,3,0,0
2758554079,Morretes,Morretes,898800.0,70,12840.0,apartamento,2,0,0
2754737209,Morretes,Morretes,898800.0,71,12659.154929577464,apartamento,2,0,0
2756820443,Morretes,Morretes,898800.0,70,12840.0,apartamento,2,0,0
2754516004,Morretes,Morretes,898800.0,70,12840.0,apartamento,2,0,0
2769851088,Morretes,Morretes,898230.0,167,5378.622754491018,casa,3,0,0
2725723449,Morretes,Morretes,898000.0,69,13014.492753623188,apartamento,2,0,0
2747202337,Morretes,Morretes,898000.0,70,12828.57142857143,apartamento,2,0,0
2725723542,Morretes,Morretes,898000.0,67,13402.985074626866,apartamento,2,0,0
2729026815,Morretes,Morretes,898000.0,69,13014.492753623188,apartamento,2,0,0
2747203396,Morretes,Morretes,898000.0,69,13014.492753623188,apartamento,2,0,0
2714041027,Morretes,Morretes,898000.0,66,13606.060606060606,apartamento,2,0,0
2722255666,Tabuleiro dos Oliveiras,Tabuleiro dos Oliveiras,898000.0,69,13014.492753623188,apartamento,2,0,0
2714046417,Morretes,Morretes,898000.0,70,12828.57142857143,apartamento,2,0,0
2747203324,Morretes,Morretes,898000.0,67,13402.985074626866,apartamento,2,0,0
2763090918,Morretes,Morretes,898000.0,70,12828.57142857143,apartamento,2,0,0
2747202729,Morretes,Morretes,898000.0,67,13402.985074626866,apartamento,1,0,0
2725378748,Morretes,Morretes,898000.0,70,12828.57142857143,apartamento,2,0,0
2728826638,Morretes,Morretes,898000.0,70,12828.57142857143,apartamento,2,0,0
2729032524,Morretes,Morretes,898000.0,68,13205.882352941177,apartamento,2,0,0
2729028228,Morretes,Morretes,898000.0,67,13402.985074626866,apartamento,2,0,0
2727576300,Centro,Centro,897897.0,65,13813.8,apartamento,2,0,0
2693494335,Morretes,Morretes,897777.0,60,14962.95,apartamento,2,0,0
2759327516,Meia Praia,Meia Praia,896528.0,65,13792.738461538462,apartamento,2,0,0
2759269652,Meia Praia,Meia Praia,896528.0,65,13792.738461538462,apartamento,2,0,0
2759377652,Meia Praia,Meia Praia,896528.0,65,13792.738461538462,apartamento,2,0,0
2693494916,Morretes,Morretes,896099.0,69,12986.942028985508,apartamento,2,0,0
2686121011,Morretes,Morretes,895820.0,62,14448.709677419354,apartamento,2,0,0
2693494542,Morretes,Morretes,895200.0,64,13987.5,apartamento,2,0,0
2727819545,Tabuleiro dos Oliveiras,Tabuleiro dos Oliveiras,895000.0,135,6629.62962962963,casa,3,0,0
2688672463,Morretes,Morretes,895000.0,128,6992.1875,casa,2,0,0
2646323072,Morretes,Morretes,895000.0,70,12785.714285714286,apartamento,2,0,0
2723210700,Meia Praia,Meia Praia,895000.0,40,22375.0,apartamento,1,0,0
2763552415,Morretes,Morretes,895000.0,67,13358.208955223881,apartamento,2,0,0
2700818592,,,895000.0,68,13161.764705882353,apartamento,2,0,0
2696399024,Meia Praia,Meia Praia,895000.0,80,11187.5,apartamento,2,0,0
2731779225,Morretes,Morretes,895000.0,69,12971.014492753624,apartamento,2,0,0
2620661463,Andorinha,Andorinha,895000.0,80,11187.5,apartamento,2,0,0
2670862520,Meia Praia,Meia Praia,895000.0,80,11187.5,apartamento,2,0,0
2763090143,Morretes,Morretes,895000.0,67,13358.208955223881,apartamento,2,0,0
2769753086,Castelo Branco,Castelo Branco,894470.0,126,7098.9682539682535,apartamento,3,0,0
2769178807,Morretes,Morretes,894270.0,63,14194.761904761905,apartamento,2,0,0
2560058583,Morretes,Morretes,891491.0,58,15370.534482758621,apartamento,2,0,0
2746689524,Morretes,Morretes,891450.0,84,10612.5,comercial,0,0,0
2720557037,Morretes,Morretes,890919.0,70,12727.414285714285,apartamento,2,0,0
2764764378,Morretes,Morretes,890000.0,79,11265.822784810127,apartamento,2,0,0
2769402625,Morretes,Morretes,890000.0,69,12898.550724637682,apartamento,2,0,0
2744014592,Andorinha,Andorinha,890000.0,76,11710.526315789473,apartamento,2,0,0
2759605536,Centro,Centro,890000.0,69,12898.550724637682,apartamento,1,0,0
2763649737,Tabuleiro dos Oliveiras,Tabuleiro dos Oliveiras,890000.0,67,13283.58208955224,apartamento,2,0,0
2689593745,Morretes,Morretes,890000.0,90,9888.888888888889,casa,3,0,0
2753495011,Morretes,Morretes,890000.0,70,12714.285714285714,apartamento,3,0,0
2768182531,Morretes,Morretes,890000.0,90,9888.888888888889,casa,3,0,0
2646969747,Morretes,Morretes,890000.0,68,13088.235294117647,apartamento,2,0,0
2757662735,Morretes,Morretes,890000.0,68,13088.235294117647,apartamento,2,0,0
2769824614,Morretes,Morretes,890000.0,69,12898.550724637682,apartamento,2,0,0
2483937082,Casa Branca,Casa Branca,890000.0,69,12898.550724637682,apartamento,2,0,0
2710579980,Tabuleiro dos Oliveiras,Tabuleiro dos Oliveiras,890000.0,65,13692.307692307691,apartamento,2,0,0
2755017805,Morretes,Morretes,890000.0,110,8090.909090909091,casa,3,0,0
2763648030,Morretes,Morretes,890000.0,70,12714.285714285714,apartamento,2,0,0
2649824299,Morretes,Morretes,890000.0,69,12898.550724637682,apartamento,2,0,0
2764633096,Morretes,Morretes,890000.0,79,11265.822784810127,apartamento,2,0,0
2692568195,Morretes,Morretes,890000.0,70,12714.285714285714,apartamento,2,0,0
2759672759,Centro,Centro,890000.0,69,12898.550724637682,apartamento,1,0,0
2718565736,Meia Praia,Meia Praia,890000.0,80,11125.0,apartamento,2,0,0
2766853943,Jardim Praia Mar,Jardim Praiamar,890000.0,68,13088.235294117647,apartamento,2,0,0
2757766731,Meia Praia,Meia Praia,890000.0,75,11866.666666666666,apartamento,2,0,0
2746320203,Meia Praia,Meia Praia,890000.0,70,12714.285714285714,apartamento,2,0,0
2754755798,Morretes,Morretes,890000.0,70,12714.285714285714,apartamento,3,0,0
2744014583,Jardim Praia Mar,Jardim Praiamar,890000.0,60,14833.333333333334,apartamento,2,0,0
2766854514,Andorinha,Andorinha,890000.0,70,12714.285714285714,apartamento,3,0,0
2646969723,Morretes,Morretes,890000.0,70,12714.285714285714,apartamento,2,0,0
2747200826,Morretes,Morretes,890000.0,69,12898.550724637682,apartamento,1,0,0
2749359028,Meia Praia,Meia Praia,890000.0,81,10987.654320987655,apartamento,2,0,0
2759541318,Centro,Centro,890000.0,69,12898.550724637682,apartamento,1,0,0
2754739805,Meia Praia,Meia Praia,890000.0,114,7807.017543859649,apartamento,3,0,0
2763898836,,,890000.0,505,1762.3762376237623,terreno,0,0,0
2736159733,Morretes,Morretes,890000.0,110,8090.909090909091,casa,3,0,0
2675654617,Morretes,Morretes,890000.0,70,12714.285714285714,apartamento,2,0,0
2769149821,Morretes,Morretes,890000.0,66,13484.848484848484,apartamento,1,0,0
2761506952,Morretes,Morretes,890000.0,60,14833.333333333334,apartamento,2,0,0
2764632410,Centro,Centro,890000.0,42,21190.47619047619,apartamento,1,0,0
2757661935,Morretes,Morretes,890000.0,70,12714.285714285714,apartamento,2,0,0
2739917027,Meia Praia,Meia Praia,890000.0,113,7876.1061946902655,apartamento,3,0,0
2667981718,Morretes,Morretes,890000.0,95,9368.421052631578,casa,2,0,0
2765357518,Morretes,Morretes,890000.0,79,11265.822784810127,apartamento,2,0,0
2764953846,Morretes,Morretes,890000.0,65,13692.307692307691,apartamento,2,0,0
2769149441,Morretes,Morretes,890000.0,69,12898.550724637682,apartamento,1,0,0
2766855016,Morretes,Morretes,889800.0,70,12711.42857142857,apartamento,2,0,0
2693495015,Morretes,Morretes,889500.0,64,13898.4375,apartamento,2,0,0
2767582155,Morretes,Morretes,889450.0,67,13275.373134328358,apartamento,2,0,0
2767583622,Morretes,Morretes,889450.0,61,14581.147540983606,apartamento,2,0,0
2743601193,Morretes,Morretes,889369.0,69,12889.40579710145,apartamento,1,0,0
2761484621,Castelo Branco,Castelo Branco,889170.0,75,11855.6,apartamento,2,0,0
2766852315,Tabuleiro dos Oliveiras,Tabuleiro dos Oliveiras,889000.0,70,12700.0,apartamento,2,0,0
2718547273,Centro,Centro,889000.0,80,11112.5,apartamento,2,0,0
2625843228,Tabuleiro dos Oliveiras,Tabuleiro dos Oliveiras,889000.0,70,12700.0,apartamento,2,0,0
2686121302,Morretes,Morretes,887609.0,67,13247.89552238806,apartamento,2,0,0
2769179935,Tabuleiro dos Oliveiras,Tabuleiro dos Oliveiras,887390.0,69,12860.72463768116,apartamento,2,0,0
2769757259,Castelo Branco,Castelo Branco,886390.0,68,13035.14705882353,apartamento,2,0,0
2627259842,Morretes,Morretes,885892.0,70,12655.6,apartamento,2,0,0
2764631051,Meia Praia,Meia Praia,885445.0,4437,199.55938697318007,apartamento,1,0,0
2756093637,Tabuleiro dos Oliveiras,Tabuleiro dos Oliveiras,885000.0,70,12642.857142857143,apartamento,3,0,0
2688758023,Morretes,Morretes,885000.0,95,9315.78947368421,casa,2,0,0
2764980713,Jardim Praia Mar,Jardim Praiamar,885000.0,70,12642.857142857143,apartamento,2,0,0
2619964186,Morretes,Morretes,885000.0,70,12642.857142857143,apartamento,2,0,0
2718700079,Morretes,Morretes,884950.0,67,13208.208955223881,apartamento,2,0,0
2596174269,Morretes,Morretes,880979.0,70,12585.414285714285,apartamento,2,0,0
2560637027,Morretes,Morretes,880001.0,70,12571.442857142858,apartamento,2,0,0
2560637340,Morretes,Morretes,880000.0,70,12571.42857142857,apartamento,2,0,0
2761509623,Meia Praia,Meia Praia,880000.0,80,11000.0,apartamento,2,0,0
2706407714,Castelo Branco,Castelo Branco,880000.0,80,11000.0,apartamento,2,0,0
2609063081,Jardim Praia Mar,Jardim Praiamar,880000.0,64,13750.0,apartamento,2,0,0
2646969626,Morretes,Morretes,880000.0,120,7333.333333333333,apartamento,2,0,0
2646969726,Meia Praia,Meia Praia,880000.0,116,7586.206896551724,apartamento,2,0,0
2560637409,Morretes,Morretes,880000.0,70,12571.42857142857,apartamento,2,0,0
2560637489,Morretes,Morretes,880000.0,70,12571.42857142857,apartamento,2,0,0
2749655296,Andorinha,Andorinha,880000.0,77,11428.57142857143,apartamento,2,0,0
2764635216,Meia Praia,Meia Praia,880000.0,40,22000.0,apartamento,2,0,0
2655776424,Morretes,Morretes,880000.0,70,12571.42857142857,apartamento,3,0,0
2744954001,Morretes,Morretes,880000.0,64,13750.0,apartamento,2,0,0
2511794683,Morretes,Morretes,880000.0,70,12571.42857142857,apartamento,2,0,0
2722171041,Meia Praia,Meia Praia,880000.0,42,20952.380952380954,apartamento,1,0,0
2764632847,Morretes,Morretes,880000.0,70,12571.42857142857,apartamento,3,0,0
2560637171,Morretes,Morretes,880000.0,70,12571.42857142857,apartamento,2,0,0
2650750169,Morretes,Morretes,880000.0,68,12941.176470588236,apartamento,2,0,0
2560635210,Morretes,Morretes,880000.0,70,12571.42857142857,apartamento,2,0,0
2692636065,Morretes,Morretes,880000.0,70,12571.42857142857,apartamento,2,0,0
2642128634,Morretes,Morretes,880000.0,70,12571.42857142857,apartamento,3,0,0
2560637663,Morretes,Morretes,880000.0,70,12571.42857142857,apartamento,2,0,0
2769759455,Tabuleiro dos Oliveiras,Tabuleiro dos Oliveiras,880000.0,70,12571.42857142857,apartamento,2,0,0
2560637118,Morretes,Morretes,880000.0,70,12571.42857142857,apartamento,2,0,0
2770251487,Morretes,Morretes,879740.0,67,13130.44776119403,apartamento,2,0,0
2666597505,Morretes,Morretes,879550.0,68,12934.558823529413,apartamento,2,0,0
2693494918,Morretes,Morretes,877180.0,64,13705.9375,apartamento,2,0,0
2732342157,Andorinha,Andorinha,877000.0,70,12528.57142857143,apartamento,2,0,0
2535317879,Morretes,Morretes,875119.0,69,12682.884057971014,apartamento,2,0,0
2754382199,Morretes,Morretes,875000.0,70,12500.0,apartamento,2,0,0
2627569891,Meia Praia,Meia Praia,875000.0,44,19886.363636363636,apartamento,1,0,0
2723211741,Morretes,Morretes,875000.0,70,12500.0,apartamento,2,0,0
2740780014,Morretes,Morretes,874295.0,67,13049.179104477613,apartamento,2,0,0
2595234021,Morretes,Morretes,872000.0,69,12637.68115942029,apartamento,2,0,0
2692691708,Morretes,Morretes,872000.0,68,12823.529411764706,apartamento,3,0,0
2693494334,Morretes,Morretes,871773.0,60,14529.55,apartamento,2,0,0
2598271159,Morretes,Morretes,870000.0,70,12428.57142857143,apartamento,2,0,0
2554910917,Morretes,Morretes,870000.0,170,5117.64705882353,casa,3,0,0
2597534855,Centro,Centro,870000.0,120,7250.0,apartamento,3,0,0
2753757399,Meia Praia,Meia Praia,870000.0,77,11298.701298701299,apartamento,2,0,0
2764632225,Morretes,Morretes,870000.0,658,1322.1884498480242,apartamento,2,0,0
2646970992,Morretes,Morretes,870000.0,63,13809.52380952381,apartamento,2,0,0
2747203696,Morretes,Morretes,870000.0,63,13809.52380952381,apartamento,2,0,0
2743941779,Morretes,Morretes,869294.0,70,12418.485714285714,apartamento,2,0,0
2770251313,Morretes,Morretes,869200.0,130,6686.153846153846,casa,3,0,0
2728008148,Morretes,Morretes,869001.0,123,7065.048780487805,casa,3,0,0
2735168838,Morretes,Morretes,869000.0,130,6684.615384615385,casa,3,0,0
2741520863,Morretes,Morretes,869000.0,130,6684.615384615385,casa,3,0,0
2728255508,Morretes,Morretes,869000.0,64,13578.125,apartamento,2,0,0
2701651073,Morretes,Morretes,869000.0,70,12414.285714285714,apartamento,2,0,0
2675942997,Morretes,Morretes,869000.0,123,7065.040650406504,casa,3,0,0
2727571674,Morretes,Morretes,869000.0,123,7065.040650406504,casa,3,0,0
2700273490,Morretes,Morretes,869000.0,123,7065.040650406504,casa,3,0,0
2769185686,Morretes,Morretes,868340.0,170,5107.882352941177,casa,3,0,0
2737417622,Morretes,Morretes,868000.0,64,13562.5,apartamento,2,0,0
2754760100,Morretes,Morretes,868000.0,59,14711.864406779661,apartamento,2,0,0
2708535046,,,866660.0,70,12380.857142857143,apartamento,2,0,0
2693494822,Morretes,Morretes,865680.0,64,13526.25,apartamento,2,0,0
2702303203,Morretes,Morretes,865278.0,64,13519.96875,apartamento,2,0,0
2693495014,Morretes,Morretes,865014.0,64,13515.84375,apartamento,2,0,0
2598539267,Morretes,Morretes,865000.0,70,12357.142857142857,apartamento,2,0,0
2607163890,Morretes,Morretes,862000.0,67,12865.671641791045,apartamento,2,0,0
2611783663,Morretes,Morretes,862000.0,67,12865.671641791045,apartamento,2,0,0
2606559299,Morretes,Morretes,862000.0,65,13261.538461538461,apartamento,2,0,0
2767583142,Morretes,Morretes,861655.0,64,13463.359375,apartamento,2,0,0
2767581862,Morretes,Morretes,861655.0,64,13463.359375,apartamento,2,0,0
2693494917,Morretes,Morretes,861200.0,64,13456.25,apartamento,2,0,0
2742888285,Morretes,Morretes,861000.0,64,13453.125,apartamento,2,0,0
2760222331,Meia Praia,Meia Praia,860000.0,70,12285.714285714286,apartamento,2,0,0
2628379924,Jardim Praia Mar,Jardim Praiamar,860000.0,70,12285.714285714286,apartamento,2,0,0
2760156727,Meia Praia,Meia Praia,860000.0,70,12285.714285714286,apartamento,2,0,0
2579395261,Morretes,Morretes,860000.0,70,12285.714285714286,apartamento,2,0,0
2660557657,Morretes,Morretes,860000.0,69,12463.768115942028,apartamento,2,0,0
2760094102,Meia Praia,Meia Praia,860000.0,70,12285.714285714286,apartamento,2,0,0
2725475863,Jardim Praia Mar,Jardim Praiamar,860000.0,65,13230.76923076923,apartamento,2,0,0
2730793750,Morretes,Morretes,860000.0,60,14333.333333333334,apartamento,2,0,0
2761879522,Morretes,Morretes,860000.0,69,12463.768115942028,apartamento,2,0,0
2735197514,Castelo Branco,Castelo Branco,860000.0,126,6825.396825396825,apartamento,3,0,0
2561350503,Morretes,Morretes,860000.0,69,12463.768115942028,apartamento,2,0,0
2752964593,Meia Praia,Meia Praia,860000.0,126,6825.396825396825,apartamento,3,0,0
2743754479,Morretes,Morretes,860000.0,69,12463.768115942028,apartamento,2,0,0
2769178521,Morretes,Morretes,859650.0,63,13645.238095238095,apartamento,2,0,0
2751615880,Morretes,Morretes,859630.0,69,12458.40579710145,apartamento,2,0,0
2721915528,Jardim Praia Mar,Jardim Praiamar,859000.0,64,13421.875,apartamento,2,0,0
2746689525,Morretes,Morretes,858900.0,70,12270.0,apartamento,2,0,0
2662659255,Morretes,Morretes,858900.0,70,12270.0,apartamento,2,0,0
2769988538,Morretes,Morretes,858900.0,70,12270.0,apartamento,3,0,0
2743610872,Morretes,Morretes,858800.0,70,12268.57142857143,apartamento,3,0,0
2656735522,Andorinha,Andorinha,858000.0,95,9031.578947368422,apartamento,2,0,0
2743531236,Centro,Centro,858000.0,69,12434.782608695652,apartamento,2,0,0
2747921111,Tabuleiro dos Oliveiras,Tabuleiro dos Oliveiras,858000.0,69,12434.782608695652,apartamento,2,0,0
2736413115,Morretes,Morretes,857000.0,67,12791.044776119403,apartamento,2,0,0
2769842245,Morretes,Morretes,856030.0,70,12229.0,apartamento,2,0,0
2541850789,Morretes,Morretes,855000.0,69,12391.304347826086,apartamento,2,0,0
2684778889,Morretes,Morretes,853836.0,69,12374.434782608696,apartamento,2,0,0
2749235060,Morretes,Morretes,853000.0,69,12362.31884057971,apartamento,3,0,0
2540548581,Morretes,Morretes,852000.0,68,12529.411764705883,apartamento,2,0,0
2715657103,Morretes,Morretes,850973.0,70,12156.757142857143,apartamento,2,0,0
2678301997,Morretes,Morretes,850001.0,252,3373.0198412698414,terreno,0,0,0
2443848483,Andorinha,Andorinha,850000.0,119,7142.857142857143,apartamento,3,0,0
2760888531,Morretes,Morretes,850000.0,70,12142.857142857143,apartamento,2,0,0
2764922633,Morretes,Morretes,850000.0,125,6800.0,casa,4,0,0
2677343694,Meia Praia,Meia Praia,850000.0,120,7083.333333333333,apartamento,2,0,0
2760284802,Morretes,Morretes,850000.0,68,12500.0,apartamento,2,0,0
2707873222,Andorinha,Andorinha,850000.0,88,9659.09090909091,apartamento,2,0,0
2746299835,Morretes,Morretes,850000.0,336,2529.7619047619046,terreno,0,0,0
2714291971,Casa Branca,Casa Branca,850000.0,300,2833.3333333333335,terreno,0,0,0
2764974911,Andorinha,Andorinha,850000.0,119,7142.857142857143,apartamento,3,0,0
2586868843,Morretes,Morretes,850000.0,70,12142.857142857143,apartamento,2,0,0
2743060990,Morretes,Morretes,850000.0,68,12500.0,apartamento,2,0,0
2629675766,Morretes,Morretes,850000.0,69,12318.840579710144,apartamento,2,0,0
2623280719,Meia Praia,Meia Praia,850000.0,128,6640.625,apartamento,3,0,0
2766851925,Meia Praia,Meia Praia,850000.0,127,6692.913385826771,apartamento,3,0,0
2767581549,Morretes,Morretes,850000.0,75,11333.333333333334,apartamento,2,0,0
2752780394,Morretes,Morretes,850000.0,10,85000.0,apartamento,2,0,1
2700889299,Morretes,Morretes,850000.0,65,13076.923076923076,apartamento,2,0,0
2748326796,Tabuleiro dos Oliveiras,Tabuleiro dos Oliveiras,850000.0,13,65384.61538461538,casa,2,0,1
2748244593,Morretes,Morretes,850000.0,68,12500.0,apartamento,2,0,0
2761880313,Morretes,Morretes,850000.0,67,12686.567164179105,apartamento,2,0,0
2764895118,Morretes,Morretes,850000.0,70,12142.857142857143,apartamento,2,0,0
2719782271,Morretes,Morretes,850000.0,70,12142.857142857143,apartamento,2,0,0
2736918068,Morretes,Morretes,850000.0,69,12318.840579710144,apartamento,2,0,0
2626577117,Meia Praia,Meia Praia,850000.0,40,21250.0,apartamento,1,0,0
2758582119,Morretes,Morretes,850000.0,68,12500.0,apartamento,2,0,0
2692616573,Morretes,Morretes,850000.0,315,2698.4126984126983,terreno,0,0,0
2747200637,Meia Praia,Meia Praia,850000.0,48,17708.333333333332,apartamento,1,0,0
2761517040,Morretes,Morretes,850000.0,70,12142.857142857143,apartamento,2,0,0
2747203142,Morretes,Morretes,850000.0,55,15454.545454545454,apartamento,2,0,0
2744015190,Meia Praia,Meia Praia,850000.0,114,7456.140350877193,apartamento,3,0,0
2765082718,Morretes,Morretes,850000.0,336,2529.7619047619046,terreno,0,0,0
2685443982,Meia Praia,Meia Praia,850000.0,116,7327.586206896552,apartamento,2,0,0
2748125096,Taboleiro,Tabuleiro dos Oliveiras,850000.0,53,16037.735849056604,apartamento,2,0,0
2744015762,Alto São Bento,Alto São Bento,850000.0,70,12142.857142857143,apartamento,2,0,0
2745218133,Centro,Centro,850000.0,80,10625.0,apartamento,2,0,0
2731627816,Morretes,Morretes,850000.0,60,14166.666666666666,apartamento,2,0,0
2736416021,Meia Praia,Meia Praia,850000.0,90,9444.444444444445,apartamento,2,0,0
2753757926,Meia Praia,Meia Praia,850000.0,79,10759.493670886075,apartamento,2,0,0
2688539929,Casa Branca,Casa Branca,850000.0,400,2125.0,terreno,0,0,0
2646971662,Morretes,Morretes,850000.0,70,12142.857142857143,apartamento,2,0,0
2738907716,Morretes,Morretes,850000.0,70,12142.857142857143,apartamento,2,0,0
2727469338,Meia Praia,Meia Praia,850000.0,40,21250.0,apartamento,1,0,0
2694079382,Morretes,Morretes,850000.0,70,12142.857142857143,apartamento,2,0,0
2723211043,Castelo Branco,Castelo Branco,850000.0,76,11184.21052631579,apartamento,2,0,0
2749607929,Meia Praia,Meia Praia,850000.0,62,13709.677419354839,comercial,0,0,0
2732420167,Morretes,Morretes,850000.0,70,12142.857142857143,apartamento,2,0,0
2470892120,Castelo Branco,Castelo Branco,850000.0,114,7456.140350877193,apartamento,3,0,0
2738628652,Meia Praia,Meia Praia,850000.0,145,5862.068965517241,apartamento,2,0,0
2753257900,Morretes,Morretes,850000.0,68,12500.0,apartamento,2,0,0
2758199714,Meia Praia,Meia Praia,850000.0,69,12318.840579710144,apartamento,2,0,0
2767581775,Jardim Praia Mar,Jardim Praiamar,850000.0,60,14166.666666666666,apartamento,2,0,0
2751167975,Meia Praia,Meia Praia,850000.0,110,7727.272727272727,apartamento,2,0,0
2765093605,Meia Praia,Meia Praia,850000.0,79,10759.493670886075,apartamento,2,0,0
2764634615,Meia Praia,Meia Praia,850000.0,40,21250.0,apartamento,1,0,0
2703202873,Morretes,Morretes,850000.0,270,3148.1481481481483,terreno,0,0,0
2764631062,Meia Praia,Meia Praia,850000.0,40,21250.0,apartamento,1,0,0
2696671210,Morretes,Morretes,850000.0,315,2698.4126984126983,terreno,0,0,0
2664839096,Meia Praia,Meia Praia,850000.0,40,21250.0,apartamento,1,0,0
2646971492,Meia Praia,Meia Praia,850000.0,49,17346.938775510203,comercial,0,0,0
2727424245,Tabuleiro dos Oliveiras,Tabuleiro dos Oliveiras,850000.0,69,12318.840579710144,apartamento,3,0,0
2612811405,Morretes,Morretes,850000.0,252,3373.0158730158732,terreno,0,0,0
2743660497,Andorinha,Andorinha,850000.0,77,11038.961038961039,apartamento,2,0,0
2694649676,Tabuleiro dos Oliveiras,Tabuleiro dos Oliveiras,850000.0,66,12878.787878787878,apartamento,2,0,0
2744792048,Morretes,Morretes,850000.0,70,12142.857142857143,apartamento,2,0,0
2621273142,Morretes,Morretes,850000.0,68,12500.0,apartamento,2,0,0
2723106936,Meia Praia,Meia Praia,850000.0,40,21250.0,apartamento,1,0,0
2662711563,Morretes,Morretes,850000.0,69,12318.840579710144,apartamento,2,0,0
2597358289,Meia Praia,Meia Praia,850000.0,75,11333.333333333334,apartamento,2,0,0
2768612454,Morretes,Morretes,850000.0,57,14912.280701754386,casa,2,0,0
2736636173,Andorinha,Andorinha,850000.0,63,13492.063492063493,apartamento,2,0,0
2733668216,Morretes,Morretes,850000.0,67,12686.567164179105,apartamento,2,0,0
2726426853,Morretes,Morretes,850000.0,75,11333.333333333334,apartamento,2,0,0
2762834032,Morretes,Morretes,850000.0,68,12500.0,apartamento,2,0,0
2700312200,Morretes,Morretes,850000.0,70,12142.857142857143,apartamento,2,0,0
2764860534,Morretes,Morretes,850000.0,70,12142.857142857143,apartamento,2,0,0
2748954999,Castelo Branco,Castelo Branco,850000.0,87,9770.114942528735,apartamento,2,0,0
2658615859,Meia Praia,Meia Praia,850000.0,60,14166.666666666666,apartamento,2,0,0
2755107504,Andorinha,Andorinha,850000.0,72,11805.555555555555,apartamento,2,0,0
2743919548,Morretes,Morretes,850000.0,59,14406.77966101695,apartamento,2,0,0
2764630858,Andorinha,Andorinha,850000.0,90,9444.444444444445,apartamento,3,0,0
2649372453,Andorinha,Andorinha,850000.0,108,7870.37037037037,apartamento,2,0,0
2694444884,Morretes,Morretes,850000.0,252,3373.0158730158732,terreno,0,0,0
2736232405,Morretes,Morretes,850000.0,67,12686.567164179105,apartamento,2,0,0
2764969774,Meia Praia,Meia Praia,850000.0,40,21250.0,apartamento,1,0,0
2757849917,Morretes,Morretes,850000.0,68,12500.0,apartamento,2,0,0
2713242040,Centro,Centro,850000.0,80,10625.0,apartamento,2,0,0
2723211839,Andorinha,Andorinha,850000.0,124,6854.8387096774195,apartamento,3,0,0
2770027653,Morretes,Morretes,849870.0,67,12684.626865671642,apartamento,2,0,0
2766854021,Tabuleiro dos Oliveiras,Tabuleiro dos Oliveiras,849800.0,69,12315.942028985508,apartamento,2,0,0
2766854131,Meia Praia,Meia Praia,849800.0,93,9137.63440860215,apartamento,3,0,0
2769184254,Morretes,Morretes,849730.0,60,14162.166666666666,comercial,0,0,0
2769754864,Tabuleiro dos Oliveiras,Tabuleiro dos Oliveiras,849660.0,70,12138.0,apartamento,2,0,0
2769753508,Morretes,Morretes,849620.0,98,8669.591836734693,apartamento,3,0,0
2769190816,Tabuleiro dos Oliveiras,Tabuleiro dos Oliveiras,849610.0,62,13703.387096774193,apartamento,2,0,0
2765352857,Morretes,Morretes,849583.0,69,12312.797101449276,apartamento,2,0,0
2770030467,Tabuleiro dos Oliveiras,Tabuleiro dos Oliveiras,849570.0,69,12312.608695652174,apartamento,2,0,0
2769276036,Morretes,Morretes,849560.0,70,12136.57142857143,apartamento,3,0,0
2769472370,Morretes,Morretes,849490.0,70,12135.57142857143,apartamento,2,0,0
2700826518,Alto São Bento,Alto São Bento,849450.0,90,9438.333333333334,casa,2,0,0
2769843348,Morretes,Morretes,849380.0,70,12134.0,apartamento,3,0,0
2769186042,Morretes,Morretes,849300.0,60,14155.0,apartamento,2,0,0
2770032737,Morretes,Morretes,849290.0,92,9231.41304347826,casa,2,0,0
2767282813,Andorinha,Andorinha,849230.0,98,8665.612244897959,apartamento,2,0,0
2770250472,Meia Praia,Meia Praia,849020.0,102,8323.725490196079,apartamento,2,0,0
2754166028,Sertão do Trombudo,Sertão Do Trombudo,849000.0,65,13061.538461538461,apartamento,2,0,0
2728008566,Morretes,Morretes,849000.0,65,13061.538461538461,apartamento,2,0,0
2688748717,Morretes,Morretes,849000.0,100,8490.0,casa,3,0,0
2683791717,Morretes,Morretes,849000.0,100,8490.0,casa,3,0,0
2574943870,Morretes,Morretes,849000.0,98,8663.265306122448,casa,3,0,0
2747392813,Morretes,Morretes,849000.0,64,13265.625,apartamento,2,0,0
2755576429,Morretes,Morretes,849000.0,93,9129.032258064517,casa,2,0,0
2675653403,Morretes,Morretes,849000.0,65,13061.538461538461,apartamento,2,0,0
2723959119,Andorinha,Andorinha,849000.0,115,7382.608695652174,apartamento,3,0,0
2727566346,Morretes,Morretes,849000.0,65,13061.538461538461,apartamento,2,0,0
2752688542,Sertão do Trombudo,Sertão Do Trombudo,849000.0,64,13265.625,apartamento,2,0,0
2694436080,Morretes,Morretes,849000.0,100,8490.0,casa,3,0,0
2752618523,Morretes,Morretes,849000.0,130,6530.7692307692305,casa,4,0,0
2723209932,Jardim Praia Mar,Jardim Praiamar,848851.0,70,12126.442857142858,apartamento,2,0,0
2662906033,Morretes,Morretes,848335.0,67,12661.716417910447,apartamento,2,0,0
2755332791,Morretes,Morretes,848000.0,65,13046.153846153846,apartamento,2,0,0
2744757839,Meia Praia,Meia Praia,848000.0,77,11012.987012987012,apartamento,2,0,0
2747715539,Andorinha,Andorinha,848000.0,75,11306.666666666666,apartamento,2,0,0
2661819681,Tabuleiro dos Oliveiras,Tabuleiro dos Oliveiras,848000.0,70,12114.285714285714,apartamento,2,0,0
2741152377,Tabuleiro dos Oliveiras,Tabuleiro dos Oliveiras,848000.0,70,12114.285714285714,apartamento,2,0,0
2741792917,Tabuleiro dos Oliveiras,Tabuleiro dos Oliveiras,848000.0,70,12114.285714285714,apartamento,2,0,0
2656735513,Centro,Centro,848000.0,68,12470.588235294117,apartamento,2,0,0
2703469622,Morretes,Morretes,847256.0,66,12837.212121212122,apartamento,2,0,0
2558703555,,,845000.0,164,5152.4390243902435,apartamento,3,0,0
2769969227,Morretes,Morretes,845000.0,70,12071.42857142857,apartamento,3,0,0
2746689115,Morretes,Morretes,844830.0,80,10560.375,comercial,0,0,0
2767583069,Morretes,Morretes,844356.0,69,12237.04347826087,apartamento,2,0,0
2683429409,Castelo Branco,Castelo Branco,844355.0,67,12602.313432835821,apartamento,2,0,0
2730654135,Morretes,Morretes,844000.0,67,12597.014925373134,apartamento,1,0,0
2767583417,Morretes,Morretes,844000.0,70,12057.142857142857,apartamento,3,0,0
2650438262,Morretes,Morretes,843436.0,63,13387.873015873016,apartamento,1,0,0
2754748009,Meia Praia,Meia Praia,841416.0,142,5925.4647887323945,apartamento,4,0,0
2740345593,Morretes,Morretes,840689.0,66,12737.712121212122,apartamento,2,0,0
2700268419,Morretes,Morretes,840000.0,68,12352.941176470587,apartamento,2,0,0
2753756916,Morretes,Morretes,840000.0,69,12173.91304347826,apartamento,2,0,0
2694441578,Morretes,Morretes,840000.0,68,12352.941176470587,apartamento,2,0,0
2765064425,Andorinha,Andorinha,840000.0,79,10632.911392405063,apartamento,2,0,0
2681797698,Morretes,Morretes,840000.0,70,12000.0,apartamento,2,0,0
2753788414,Morretes,Morretes,840000.0,70,12000.0,apartamento,3,0,0
2664303511,Morretes,Morretes,840000.0,70,12000.0,apartamento,3,0,0
2722171040,Meia Praia,Meia Praia,840000.0,40,21000.0,apartamento,1,0,0
2744972225,Morretes,Morretes,840000.0,70,12000.0,apartamento,3,0,0
2737166352,Jardim Praia Mar,Jardim Praiamar,840000.0,60,14000.0,apartamento,2,0,0
2633529988,Morretes,Morretes,840000.0,70,12000.0,apartamento,2,0,0
2673387142,Morretes,Morretes,840000.0,70,12000.0,apartamento,2,0,0
2769450123,Morretes,Morretes,840000.0,70,12000.0,apartamento,3,0,0
2693495016,Morretes,Morretes,839980.0,64,13124.6875,apartamento,2,0,0
2728026767,Meia Praia,Meia Praia,839928.0,64,13123.875,apartamento,2,0,0
2693495013,Morretes,Morretes,839697.0,69,12169.521739130434,apartamento,2,0,0
2769471142,Morretes,Morretes,839680.0,69,12169.27536231884,apartamento,2,0,0
2763572731,Morretes,Morretes,839248.0,64,13113.25,apartamento,2,0,0
2769311875,Centro,Centro,839000.0,64,13109.375,apartamento,2,0,0
2692694882,Morretes,Morretes,839000.0,69,12159.420289855072,apartamento,2,0,0
2747203004,Morretes,Morretes,839000.0,58,14465.51724137931,apartamento,2,0,0
2764632142,Jardim Praia Mar,Jardim Praiamar,839000.0,64,13109.375,apartamento,2,0,0
2765062091,Jardim Praia Mar,Jardim Praiamar,839000.0,64,13109.375,apartamento,2,0,0
2760345121,Morretes,Morretes,839000.0,70,11985.714285714286,apartamento,3,0,0
2699870688,Jardim Praia Mar,Jardim Praiamar,839000.0,62,13532.258064516129,apartamento,2,0,0
2764633350,Jardim Praia Mar,Jardim Praiamar,839000.0,64,13109.375,apartamento,2,0,0
2748822998,Jardim Praia Mar,Jardim Praiamar,839000.0,64,13109.375,apartamento,2,0,0
2689407392,Jardim Praia Mar,Jardim Praiamar,839000.0,64,13109.375,apartamento,2,0,0
2670855757,Jardim Praia Mar,Jardim Praiamar,839000.0,64,13109.375,apartamento,2,0,0
2746689795,Morretes,Morretes,838845.0,79,10618.291139240506,comercial,0,0,0
2769851811,Jardim Praia Mar,Jardim Praiamar,838640.0,60,13977.333333333334,apartamento,2,0,0
2767581648,Morretes,Morretes,836942.0,70,11956.314285714287,apartamento,2,0,0
2767582460,Morretes,Morretes,836000.0,67,12477.611940298508,apartamento,2,0,0
2741514089,Morretes,Morretes,835000.0,70,11928.57142857143,apartamento,2,0,0
2560637581,Morretes,Morretes,835000.0,70,11928.57142857143,apartamento,2,0,0
2691107456,Morretes,Morretes,835000.0,69,12101.449275362318,apartamento,2,0,0
2511794184,Morretes,Morretes,835000.0,67,12462.686567164179,apartamento,2,0,0
2637822656,Morretes,Morretes,835000.0,70,11928.57142857143,apartamento,2,0,0
2658963632,Centro,Centro,834889.0,70,11926.985714285714,apartamento,2,0,0
2560060280,Morretes,Morretes,833848.0,70,11912.114285714286,apartamento,2,0,0
2749249718,Morretes,Morretes,833795.0,67,12444.701492537313,apartamento,2,0,0
2740881150,Meia Praia,Meia Praia,833000.0,69,12072.463768115942,apartamento,2,0,0
2657669775,Morretes,Morretes,830895.0,70,11869.92857142857,apartamento,1,0,0
2760158223,Centro,Centro,830000.0,62,13387.09677419355,apartamento,2,0,0
2646971360,Morretes,Morretes,830000.0,70,11857.142857142857,apartamento,2,0,0
2748326797,Tabuleiro dos Oliveiras,Tabuleiro dos Oliveiras,830000.0,69,12028.985507246376,apartamento,2,0,0
2744697203,Jardim Praia Mar,Jardim Praiamar,830000.0,70,11857.142857142857,apartamento,2,0,0
2751942199,Morretes,Morretes,830000.0,10,83000.0,apartamento,1,0,1
2563314182,Morretes,Morretes,830000.0,70,11857.142857142857,apartamento,2,0,0
2764635031,Tabuleiro dos Oliveiras,Tabuleiro dos Oliveiras,830000.0,665,1248.1203007518798,apartamento,2,0,0
2763090821,Morretes,Morretes,830000.0,67,12388.059701492537,apartamento,2,0,0
2760094927,Centro,Centro,830000.0,62,13387.09677419355,apartamento,2,0,0
2763648323,Tabuleiro dos Oliveiras,Tabuleiro dos Oliveiras,830000.0,66,12575.757575757576,apartamento,2,0,0
2740233166,Tabuleiro dos Oliveiras,Tabuleiro dos Oliveiras,830000.0,63,13174.603174603175,apartamento,2,0,0
2747203010,Morretes,Morretes,830000.0,67,12388.059701492537,apartamento,2,0,0
2757817757,,,830000.0,67,12388.059701492537,apartamento,2,0,0
2689360526,Morretes,Morretes,829991.0,65,12769.092307692308,apartamento,2,0,0
2673149491,Morretes,Morretes,829922.0,70,11856.028571428571,apartamento,2,0,0
2754744776,Morretes,Morretes,829874.0,69,12027.159420289856,apartamento,2,0,0
2710904327,,,829550.0,70,11850.714285714286,apartamento,2,0,0
2677258395,Jardim Praia Mar,Jardim Praiamar,829500.0,64,12960.9375,apartamento,2,0,0
2682669584,Jardim Praia Mar,Jardim Praiamar,829500.0,60,13825.0,apartamento,2,0,0
2740920297,Morretes,Morretes,829035.0,70,11843.357142857143,apartamento,2,0,0
2560637602,Morretes,Morretes,829000.0,65,12753.846153846154,apartamento,2,0,0
2743479960,Morretes,Morretes,829000.0,110,7536.363636363636,casa,3,0,0
2747916791,Morretes,Morretes,829000.0,110,7536.363636363636,casa,3,0,0
2724413585,Morretes,Morretes,829000.0,170,4876.470588235294,casa,3,0,0
2738362259,Morretes,Morretes,829000.0,110,7536.363636363636,casa,3,0,0
2560637666,Morretes,Morretes,829000.0,65,12753.846153846154,apartamento,2,0,0
2652581868,Morretes,Morretes,829000.0,70,11842.857142857143,apartamento,2,0,0
2752646701,Morretes,Morretes,829000.0,110,7536.363636363636,apartamento,3,0,0
2763649133,Morretes,Morretes,829000.0,100,8290.0,casa,3,0,0
2543313509,Jardim Praia Mar,Jardim Praiamar,829000.0,60,13816.666666666666,apartamento,2,0,0
2762332018,Tabuleiro dos Oliveiras,Tabuleiro dos Oliveiras,828801.0,65,12750.784615384615,apartamento,2,0,0
2534696526,Morretes,Morretes,828478.0,69,12006.927536231884,apartamento,2,0,0
2769753582,Morretes,Morretes,828430.0,110,7531.181818181818,casa,3,0,0
2626576480,Morretes,Morretes,828377.0,60,13806.283333333333,apartamento,2,0,0
2764940113,Morretes,Morretes,828377.0,62,13360.91935483871,apartamento,2,0,0
2673137976,Morretes,Morretes,828376.0,64,12943.375,apartamento,2,0,0
2748559981,Morretes,Morretes,828376.0,62,13360.90322580645,apartamento,2,0,0
2727492934,Morretes,Morretes,828376.0,66,12551.151515151516,apartamento,2,0,0
2749994903,Morretes,Morretes,828290.0,110,7529.909090909091,casa,3,0,0
2737417817,Morretes,Morretes,828000.0,62,13354.838709677419,apartamento,2,0,0
2753262617,Morretes,Morretes,828000.0,86,9627.906976744185,apartamento,3,0,0
2560637659,Morretes,Morretes,828000.0,65,12738.461538461539,apartamento,2,0,0
2553545035,Morretes,Morretes,828000.0,69,12000.0,apartamento,3,0,0
2761579419,Morretes,Morretes,827400.0,70,11820.0,apartamento,2,0,0
2693494915,Morretes,Morretes,827084.0,64,12923.1875,apartamento,2,0,0
2722634892,Morretes,Morretes,826800.0,102,8105.882352941177,apartamento,2,0,0
2740364698,Morretes,Morretes,825995.0,65,12707.615384615385,apartamento,2,0,0
2767582350,Morretes,Morretes,825995.0,66,12515.075757575758,apartamento,2,0,0
2761812829,Tabuleiro dos Oliveiras,Tabuleiro dos Oliveiras,825000.0,54,15277.777777777777,apartamento,2,0,0
2751880800,Morretes,Morretes,825000.0,60,13750.0,apartamento,2,0,0
2761578130,Morretes,Morretes,825000.0,60,13750.0,apartamento,2,0,0
2743454802,Tabuleiro dos Oliveiras,Tabuleiro dos Oliveiras,825000.0,55,15000.0,apartamento,2,0,0
2511794167,Tabuleiro dos Oliveiras,Tabuleiro dos Oliveiras,824850.0,68,12130.14705882353,apartamento,2,0,0
2766852842,Morretes,Morretes,824800.0,70,11782.857142857143,apartamento,2,0,0
2766852121,Canto da Praia,Canto da Praia,824800.0,58,14220.689655172413,apartamento,1,0,0
2759276632,Casa Branca,Casa Branca,824632.0,70,11780.457142857143,apartamento,3,0,0
2770025539,Morretes,Morretes,824590.0,60,13743.166666666666,apartamento,2,0,0
2769180288,Tabuleiro dos Oliveiras,Tabuleiro dos Oliveiras,824520.0,69,11949.565217391304,apartamento,2,0,0
2693494821,Morretes,Morretes,823987.0,64,12874.796875,apartamento,2,0,0
2693494920,Morretes,Morretes,823980.0,64,12874.6875,apartamento,2,0,0
2641214963,Morretes,Morretes,823000.0,67,12283.58208955224,apartamento,2,0,0
2564095230,Morretes,Morretes,821000.0,70,11728.57142857143,apartamento,2,0,0
2715095404,Tabuleiro dos Oliveiras,Tabuleiro dos Oliveiras,820000.0,70,11714.285714285714,apartamento,2,0,0
2764895120,Morretes,Morretes,820000.0,61,13442.622950819672,apartamento,2,0,0
2763090149,Tabuleiro dos Oliveiras,Tabuleiro dos Oliveiras,820000.0,68,12058.823529411764,apartamento,1,0,0
2751486528,Meia Praia,Meia Praia,820000.0,79,10379.746835443038,apartamento,2,0,0
2738893343,,,820000.0,62,13225.806451612903,apartamento,2,0,0
2662729180,Morretes,Morretes,820000.0,55,14909.09090909091,apartamento,2,0,0
2743473296,Morretes,Morretes,820000.0,69,11884.057971014492,apartamento,2,0,0
2743388379,Morretes,Morretes,820000.0,64,12812.5,apartamento,2,0,0
2769977249,Jardim Praia Mar,Jardim Praiamar,819499.0,69,11876.797101449276,apartamento,2,0,0
2743293193,Morretes,Morretes,819002.0,130,6300.015384615384,casa,3,0,0
2742769285,Morretes,Morretes,819001.0,130,6300.007692307692,casa,3,0,0
2703336884,Morretes,Morretes,819000.0,130,6300.0,casa,3,0,0
2686121009,Morretes,Morretes,819000.0,69,11869.565217391304,apartamento,2,0,0
2692691924,Morretes,Morretes,818000.0,69,11855.072463768116,apartamento,2,0,0
2648677395,Morretes,Morretes,818000.0,70,11685.714285714286,apartamento,2,0,0
2726427834,Morretes,Morretes,818000.0,67,12208.955223880597,apartamento,2,0,0
2748548562,Morretes,Morretes,817535.0,70,11679.07142857143,apartamento,2,0,0
2746689709,Morretes,Morretes,816900.0,70,11670.0,apartamento,2,0,0
2693494818,Morretes,Morretes,816129.0,64,12752.015625,apartamento,2,0,0
2617138418,Morretes,Morretes,816000.0,69,11826.08695652174,apartamento,2,0,0
2618382803,Morretes,Morretes,815000.0,70,11642.857142857143,apartamento,2,0,0
2626981326,Morretes,Morretes,814300.0,69,11801.449275362318,apartamento,3,0,0
2756064543,Morretes,Morretes,814000.0,73,11150.684931506848,apartamento,2,0,0
2689659829,Morretes,Morretes,813905.0,69,11795.72463768116,apartamento,3,0,0
2769982525,Morretes,Morretes,810361.0,70,11576.585714285715,apartamento,2,0,0
2743475268,Morretes,Morretes,810200.0,62,13067.741935483871,apartamento,2,0,0
2606344075,Morretes,Morretes,810000.0,69,11739.130434782608,apartamento,2,0,0
2716245317,Casa Branca,Casa Branca,810000.0,331,2447.129909365559,terreno,0,0,0
2716243716,Casa Branca,Casa Branca,810000.0,300,2700.0,terreno,0,0,0
2670928109,Tabuleiro dos Oliveiras,Tabuleiro dos Oliveiras,810000.0,68,11911.764705882353,apartamento,2,0,0
2684230805,Morretes,Morretes,810000.0,64,12656.25,apartamento,2,0,0
2461966777,Tabuleiro dos Oliveiras,Tabuleiro dos Oliveiras,810000.0,70,11571.42857142857,apartamento,3,0,0
2769840897,Casa Branca,Casa Branca,809610.0,70,11565.857142857143,apartamento,2,0,0
2769758780,Morretes,Morretes,809110.0,89,9091.123595505618,apartamento,3,0,0
2769150117,Morretes,Morretes,808614.0,69,11719.04347826087,apartamento,2,0,0
2693494333,Morretes,Morretes,808483.0,64,12632.546875,apartamento,2,0,0
2560637336,Morretes,Morretes,808000.0,70,11542.857142857143,apartamento,2,0,0
2560637609,Morretes,Morretes,808000.0,68,11882.35294117647,apartamento,2,0,0
2560637743,Morretes,Morretes,808000.0,68,11882.35294117647,apartamento,2,0,0
2560637518,Morretes,Morretes,808000.0,68,11882.35294117647,apartamento,2,0,0
2560637259,Morretes,Morretes,808000.0,70,11542.857142857143,apartamento,2,0,0
2560637653,Morretes,Morretes,808000.0,70,11542.857142857143,apartamento,2,0,0
2560637276,Morretes,Morretes,808000.0,68,11882.35294117647,apartamento,2,0,0
2560637472,Morretes,Morretes,808000.0,70,11542.857142857143,apartamento,2,0,0
2763409035,Morretes,Morretes,808000.0,69,11710.144927536232,apartamento,2,0,0
2636331857,Morretes,Morretes,807717.0,57,14170.473684210527,apartamento,2,0,0
2612685887,Meia Praia,Meia Praia,807000.0,69,11695.652173913044,apartamento,2,0,0
2746689708,Morretes,Morretes,806400.0,64,12600.0,apartamento,2,0,0
2560637420,Morretes,Morretes,806000.0,70,11514.285714285714,apartamento,2,0,0
2560637507,Morretes,Morretes,806000.0,70,11514.285714285714,apartamento,2,0,0
2560637696,Morretes,Morretes,806000.0,70,11514.285714285714,apartamento,2,0,0
2560637239,Morretes,Morretes,806000.0,70,11514.285714285714,apartamento,2,0,0
2560637375,Morretes,Morretes,806000.0,68,11852.941176470587,apartamento,2,0,0
2560636971,Morretes,Morretes,806000.0,70,11514.285714285714,apartamento,2,0,0
2560637267,Morretes,Morretes,806000.0,70,11514.285714285714,apartamento,2,0,0
2560637613,Morretes,Morretes,806000.0,70,11514.285714285714,apartamento,2,0,0
2748822122,Morretes,Morretes,805000.0,61,13196.72131147541,apartamento,2,0,0
2721384158,Morretes,Morretes,805000.0,64,12578.125,apartamento,2,0,0
2560056346,Morretes,Morretes,805000.0,70,11500.0,apartamento,3,0,0
2741033081,Morretes,Morretes,805000.0,60,13416.666666666666,apartamento,2,0,0
2743942571,Morretes,Morretes,804968.0,70,11499.542857142857,apartamento,2,0,0
2581740500,Morretes,Morretes,802000.0,70,11457.142857142857,apartamento,2,0,0
2574949088,Morretes,Morretes,802000.0,70,11457.142857142857,apartamento,3,0,0
2676665294,Morretes,Morretes,802000.0,66,12151.515151515152,apartamento,2,0,0
2740363425,Morretes,Morretes,801864.0,64,12529.125,apartamento,2,0,0
2560637717,Morretes,Morretes,801000.0,70,11442.857142857143,apartamento,2,0,0
2740353821,Morretes,Morretes,800000.0,70,11428.57142857143,apartamento,2,0,0
2743786614,Morretes,Morretes,800000.0,69,11594.202898550724,apartamento,2,0,0
2726958139,Morretes,Morretes,800000.0,78,10256.410256410256,apartamento,2,0,0
2727450070,Andorinha,Andorinha,800000.0,78,10256.410256410256,apartamento,2,0,0
2767583925,Morretes,Morretes,800000.0,70,11428.57142857143,apartamento,2,0,0
2711840217,Morretes,Morretes,800000.0,97,8247.422680412372,casa,3,0,0
2518267581,Morretes,Morretes,800000.0,85,9411.764705882353,casa,2,0,0
2750155189,Morretes,Morretes,800000.0,70,11428.57142857143,apartamento,2,0,0
2740916756,Morretes,Morretes,800000.0,70,11428.57142857143,apartamento,2,0,0
2693330614,Meia Praia,Meia Praia,800000.0,78,10256.410256410256,apartamento,2,0,0
2721544939,Centro,Centro,800000.0,63,12698.412698412698,apartamento,2,0,0
2592602683,Morretes,Morretes,800000.0,65,12307.692307692309,apartamento,2,0,0
2763648952,Morretes,Morretes,800000.0,92,8695.652173913044,casa,2,0,0
2765096342,Tabuleiro dos Oliveiras,Tabuleiro dos Oliveiras,800000.0,70,11428.57142857143,apartamento,2,0,0
2749866898,Morretes,Morretes,800000.0,70,11428.57142857143,apartamento,2,0,0
2737790127,Tabuleiro dos Oliveiras,Tabuleiro dos Oliveiras,800000.0,70,11428.57142857143,apartamento,2,0,0
2759460029,Morretes,Morretes,800000.0,68,11764.70588235294,apartamento,2,0,0
2723364765,Morretes,Morretes,800000.0,69,11594.202898550724,apartamento,2,0,0
2752960643,Morretes,Morretes,800000.0,69,11594.202898550724,apartamento,2,0,0
2744014579,Meia Praia,Meia Praia,800000.0,48,16666.666666666668,apartamento,1,0,0
2741034255,Tabuleiro dos Oliveiras,Tabuleiro dos Oliveiras,800000.0,62,12903.225806451614,apartamento,2,0,0
2736915735,Morretes,Morretes,800000.0,70,11428.57142857143,apartamento,2,0,0
2736303915,Canto da Praia,Canto da Praia,800000.0,50,16000.0,apartamento,1,0,0
2767581301,Morretes,Morretes,800000.0,79,10126.582278481013,apartamento,2,0,0
2662712361,Tabuleiro dos Oliveiras,Tabuleiro dos Oliveiras,800000.0,70,11428.57142857143,apartamento,2,0,0
2769177333,Morretes,Morretes,799900.0,68,11763.235294117647,apartamento,2,0,0
2762835217,Morretes,Morretes,799900.0,68,11763.235294117647,apartamento,2,0,0
2746556203,Morretes,Morretes,799900.0,68,11763.235294117647,apartamento,2,0,0
2758582626,Morretes,Morretes,799900.0,68,11763.235294117647,apartamento,2,0,0
2770032324,Tabuleiro dos Oliveiras,Tabuleiro dos Oliveiras,799810.0,70,11425.857142857143,apartamento,2,0,0
2737005441,Castelo Branco,Castelo Branco,799800.0,76,10523.684210526315,apartamento,2,0,0
2737453461,Castelo Branco,Castelo Branco,799500.0,76,10519.736842105263,apartamento,2,0,0
2769178589,Morretes,Morretes,799230.0,69,11583.04347826087,apartamento,2,0,0
2769855223,Tabuleiro dos Oliveiras,Tabuleiro dos Oliveiras,799220.0,65,12295.692307692309,apartamento,2,0,0
2763476142,Tabuleiro dos Oliveiras,Tabuleiro dos Oliveiras,799000.0,67,11925.373134328358,apartamento,2,0,0
2729592922,Morretes,Morretes,799000.0,70,11414.285714285714,apartamento,3,0,0
2750471895,Morretes,Morretes,799000.0,70,11414.285714285714,apartamento,2,0,0
2697457126,Andorinha,Andorinha,799000.0,115,6947.826086956522,apartamento,2,0,0
2751884918,Tabuleiro dos Oliveiras,Tabuleiro dos Oliveiras,799000.0,54,14796.296296296296,apartamento,2,0,0
2702183983,Castelo Branco,Castelo Branco,799000.0,76,10513.157894736842,apartamento,2,0,0
2770213549,Andorinha,Andorinha,799000.0,70,11414.285714285714,apartamento,2,0,0
2767583222,Morretes,Morretes,799000.0,90,8877.777777777777,casa,2,0,0
2764730917,Morretes,Morretes,799000.0,93,8591.397849462366,casa,2,0,0
2741749057,Morretes,Morretes,799000.0,70,11414.285714285714,apartamento,2,0,0
2749355256,Meia Praia,Meia Praia,799000.0,130,6146.153846153846,apartamento,3,0,0
2660481867,Morretes,Morretes,799000.0,71,11253.521126760563,apartamento,2,0,0
2618849213,Morretes,Morretes,799000.0,70,11414.285714285714,apartamento,2,0,0
2754169712,Tabuleiro dos Oliveiras,Tabuleiro dos Oliveiras,799000.0,68,11750.0,apartamento,2,0,0
2575354250,Jardim Praia Mar,Jardim Praiamar,799000.0,64,12484.375,apartamento,2,0,0
2754169025,Morretes,Morretes,799000.0,71,11253.521126760563,apartamento,3,0,0
2764632334,Morretes,Morretes,799000.0,61,13098.360655737704,apartamento,2,0,0
2764894830,Morretes,Morretes,799000.0,66,12106.060606060606,apartamento,2,0,0
2560059303,Morretes,Morretes,799000.0,167,4784.431137724551,casa,3,0,0
2769758644,Morretes,Morretes,798870.0,66,12104.09090909091,apartamento,2,0,0
2769853203,Morretes,Morretes,798750.0,164,4870.426829268293,casa,3,0,0
2769184399,Tabuleiro dos Oliveiras,Tabuleiro dos Oliveiras,798730.0,69,11575.797101449276,apartamento,2,0,0
2768969290,Morretes,Morretes,798680.0,70,11409.714285714286,apartamento,3,0,0
2769179413,Morretes,Morretes,798660.0,70,11409.42857142857,apartamento,3,0,0
2726963782,Morretes,Morretes,798500.0,69,11572.463768115942,apartamento,2,0,0
2769181589,Jardim Praia Mar,Jardim Praiamar,798210.0,60,13303.5,apartamento,2,0,0
2751942296,Morretes,Morretes,798000.0,55,14509.09090909091,apartamento,2,0,0
2717271346,Castelo Branco,Castelo Branco,798000.0,95,8400.0,apartamento,2,0,0
2700675185,Morretes,Morretes,798000.0,66,12090.90909090909,apartamento,2,0,0
2721987734,Morretes,Morretes,797540.0,66,12083.939393939394,apartamento,2,0,0
2560059675,Morretes,Morretes,797015.0,69,11550.942028985508,apartamento,2,0,0
2560637208,Morretes,Morretes,797000.0,70,11385.714285714286,apartamento,2,0,0
2560637524,Morretes,Morretes,797000.0,70,11385.714285714286,apartamento,2,0,0
2560636970,Morretes,Morretes,797000.0,70,11385.714285714286,apartamento,2,0,0
2561071557,Morretes,Morretes,797000.0,70,11385.714285714286,apartamento,2,0,0
2564210111,Morretes,Morretes,797000.0,70,11385.714285714286,apartamento,2,0,0
2560637572,Morretes,Morretes,797000.0,70,11385.714285714286,apartamento,2,0,0
2722263935,Morretes,Morretes,797000.0,56,14232.142857142857,apartamento,2,0,0
2560637289,Morretes,Morretes,797000.0,70,11385.714285714286,apartamento,2,0,0
2767584331,Tabuleiro dos Oliveiras,Tabuleiro dos Oliveiras,795366.0,64,12427.59375,apartamento,2,0,0
2732422020,Meia Praia,Meia Praia,795000.0,130,6115.384615384615,apartamento,2,0,0
2558703357,,,795000.0,139,5719.424460431655,apartamento,3,0,0
2757850523,Morretes,Morretes,795000.0,70,11357.142857142857,apartamento,2,0,0
2763562526,Morretes,Morretes,795000.0,60,13250.0,apartamento,2,0,0
2740320507,Morretes,Morretes,795000.0,67,11865.671641791045,apartamento,2,0,0
2753253620,Morretes,Morretes,795000.0,70,11357.142857142857,apartamento,2,0,0
2689937562,Varzea,Varzea,795000.0,80,9937.5,apartamento,3,0,0
2751136532,Morretes,Morretes,795000.0,70,11357.142857142857,apartamento,2,0,0
2765078487,Morretes,Morretes,795000.0,70,11357.142857142857,apartamento,2,0,0
2669593543,Morretes,Morretes,795000.0,70,11357.142857142857,apartamento,2,0,0
2608277260,Morretes,Morretes,795000.0,58,13706.896551724138,apartamento,2,0,0
2748737155,Morretes,Morretes,795000.0,70,11357.142857142857,apartamento,2,0,0
2677258394,Morretes,Morretes,795000.0,65,12230.76923076923,apartamento,2,0,0
2767582187,Morretes,Morretes,795000.0,70,11357.142857142857,apartamento,2,0,0
2769839364,Morretes,Morretes,794700.0,60,13245.0,apartamento,2,0,0
2769184563,,,794180.0,64,12409.0625,apartamento,2,0,0
2571044490,Jardim Praia Mar,Jardim Praiamar,793485.0,66,12022.5,apartamento,2,0,0
2769757248,Morretes,Morretes,793200.0,70,11331.42857142857,apartamento,2,0,0
2560059837,Tabuleiro dos Oliveiras,Tabuleiro dos Oliveiras,790108.0,63,12541.396825396825,apartamento,2,0,0
2693898179,Morretes,Morretes,790002.0,95,8315.810526315789,casa,3,0,0
2677486908,Morretes,Morretes,790000.0,68,11617.64705882353,apartamento,2,0,0
2769991861,Morretes,Morretes,790000.0,66,11969.69696969697,apartamento,2,0,0
2768116320,Morretes,Morretes,790000.0,110,7181.818181818182,casa,4,0,0
2764349422,Morretes,Morretes,790000.0,89,8876.404494382023,apartamento,3,0,0
2739618876,Morretes,Morretes,790000.0,56,14107.142857142857,apartamento,2,0,0
2770262131,Canto da Praia,Canto da Praia,790000.0,49,16122.448979591836,apartamento,1,0,0
2761509822,Morretes,Morretes,790000.0,69,11449.27536231884,apartamento,3,0,0
2749726632,Morretes,Morretes,790000.0,64,12343.75,apartamento,2,0,0
2734789059,Morretes,Morretes,790000.0,68,11617.64705882353,apartamento,2,0,0
2691079918,Morretes,Morretes,790000.0,95,8315.78947368421,casa,3,0,0
2764630954,Morretes,Morretes,790000.0,67,11791.044776119403,apartamento,2,0,0
2758127321,Morretes,Morretes,790000.0,67,11791.044776119403,apartamento,2,0,0
2750148330,Morretes,Morretes,790000.0,70,11285.714285714286,apartamento,3,0,0
2641211985,Tabuleiro dos Oliveiras,Tabuleiro dos Oliveiras,790000.0,70,11285.714285714286,apartamento,3,0,0
2746547106,Morretes,Morretes,790000.0,70,11285.714285714286,apartamento,2,0,0
2729591150,Varzea,Varzea,790000.0,70,11285.714285714286,apartamento,2,0,0
2749274822,Morretes,Morretes,790000.0,69,11449.27536231884,apartamento,3,0,0
2700274391,Morretes,Morretes,790000.0,68,11617.64705882353,apartamento,2,0,0
2726600206,Morretes,Morretes,790000.0,70,11285.714285714286,apartamento,2,0,0
2695463884,Morretes,Morretes,790000.0,68,11617.64705882353,apartamento,2,0,0
2705431306,Meia Praia,Meia Praia,790000.0,85,9294.117647058823,apartamento,2,0,0
2738894040,Morretes,Morretes,790000.0,114,6929.824561403509,casa,3,0,0
2696127896,Morretes,Morretes,790000.0,95,8315.78947368421,casa,3,0,0
2700271884,Morretes,Morretes,790000.0,68,11617.64705882353,apartamento,2,0,0
2694369976,Morretes,Morretes,790000.0,68,11617.64705882353,apartamento,2,0,0
2696126401,Morretes,Morretes,790000.0,68,11617.64705882353,apartamento,2,0,0
2676286394,Morretes,Morretes,790000.0,68,11617.64705882353,apartamento,2,0,0
2606897518,Morretes,Morretes,790000.0,70,11285.714285714286,apartamento,2,0,0
2637495541,Morretes,Morretes,790000.0,100,7900.0,casa,3,0,0
2764420846,Jardim Praia Mar,Jardim Praiamar,790000.0,63,12539.682539682539,apartamento,2,0,0
2650176662,Morretes,Morretes,790000.0,55,14363.636363636364,apartamento,2,0,0
2688799926,Morretes,Morretes,790000.0,68,11617.64705882353,apartamento,2,0,0
2633099796,Morretes,Morretes,790000.0,70,11285.714285714286,apartamento,2,0,0
2763648029,Morretes,Morretes,790000.0,67,11791.044776119403,apartamento,2,0,0
2766854922,Jardim Praia Mar,Jardim Praiamar,789800.0,68,11614.70588235294,apartamento,2,0,0
2769753714,Morretes,Morretes,789550.0,56,14099.107142857143,apartamento,2,0,0
2769468577,Morretes,Morretes,789520.0,110,7177.454545454545,casa,3,0,0
2664304796,Morretes,Morretes,789000.0,65,12138.461538461539,apartamento,2,0,0
2729350227,Morretes,Morretes,789000.0,67,11776.119402985074,apartamento,2,0,0
2664298283,Morretes,Morretes,789000.0,65,12138.461538461539,apartamento,2,0,0
2682308740,Morretes,Morretes,788500.0,62,12717.741935483871,apartamento,2,0,0
2763016428,Morretes,Morretes,785000.0,60,13083.333333333334,apartamento,1,0,0
2770155962,Morretes,Morretes,785000.0,60,13083.333333333334,apartamento,2,0,0
2758094233,Morretes,Morretes,785000.0,58,13534.48275862069,apartamento,2,0,0
2750288993,Morretes,Morretes,784000.0,70,11200.0,apartamento,2,0,0
2763410127,Morretes,Morretes,784000.0,68,11529.411764705883,apartamento,2,0,0
2756063533,Morretes,Morretes,784000.0,73,10739.72602739726,apartamento,2,0,0
2703472374,Morretes,Morretes,783565.0,62,12638.145161290322,apartamento,2,0,0
2687073439,Tabuleiro dos Oliveiras,Tabuleiro dos Oliveiras,782900.0,85,9210.588235294117,apartamento,2,0,0
2763576280,Morretes,Morretes,782836.0,69,11345.449275362318,apartamento,2,0,0
2769471787,Tabuleiro dos Oliveiras,Tabuleiro dos Oliveiras,780939.0,53,14734.698113207547,apartamento,2,0,0
2749683505,Jardim Praia Mar,Jardim Praiamar,780390.0,70,11148.42857142857,apartamento,3,0,0
2764633942,Varzea,Varzea,780069.0,70,11143.842857142858,apartamento,2,0,0
2723970335,Morretes,Morretes,780001.0,57,13684.228070175439,apartamento,2,0,0
2596943896,Morretes,Morretes,780000.0,70,11142.857142857143,apartamento,2,0,0
2717860339,Morretes,Morretes,780000.0,70,11142.857142857143,apartamento,2,0,0
2769206117,Morretes,Morretes,780000.0,69,11304.347826086956,apartamento,3,0,0
2713965620,Morretes,Morretes,780000.0,70,11142.857142857143,apartamento,2,0,0
2768647870,Tabuleiro dos Oliveiras,Tabuleiro dos Oliveiras,780000.0,69,11304.347826086956,apartamento,2,0,0
2767582527,Morretes,Morretes,780000.0,102,7647.058823529412,apartamento,2,0,0
2560637720,Morretes,Morretes,780000.0,100,7800.0,casa,3,0,0
2767580952,Canto da Praia,Canto da Praia,780000.0,58,13448.275862068966,apartamento,1,0,0
2736697914,Morretes,Morretes,780000.0,68,11470.588235294117,apartamento,2,0,0
2740351604,Tabuleiro dos Oliveiras,Tabuleiro dos Oliveiras,780000.0,70,11142.857142857143,apartamento,2,0,0
2739911515,Morretes,Morretes,780000.0,63,12380.952380952382,apartamento,2,0,0
2764635236,Meia Praia,Meia Praia,780000.0,4005,194.75655430711612,apartamento,1,0,0
2700154602,Alto São Bento,Alto São Bento,780000.0,50,15600.0,apartamento,2,0,0
2599921578,Morretes,Morretes,780000.0,110,7090.909090909091,casa,3,0,0
2572601454,Sertão do Trombudo,Sertão Do Trombudo,780000.0,354,2203.3898305084745,terreno,0,0,0
2634060953,Morretes,Morretes,780000.0,105,7428.571428571428,casa,3,0,0
2754355225,Morretes,Morretes,780000.0,71,10985.915492957747,apartamento,2,0,0
2728064238,Morretes,Morretes,780000.0,57,13684.21052631579,apartamento,2,0,0
2560637098,Morretes,Morretes,780000.0,100,7800.0,casa,3,0,0
2706114802,Morretes,Morretes,780000.0,102,7647.058823529412,apartamento,2,0,0
2704402254,Morretes,Morretes,780000.0,105,7428.571428571428,casa,3,0,0
2560636996,Morretes,Morretes,780000.0,100,7800.0,casa,3,0,0
2697849187,Castelo Branco,Castelo Branco,780000.0,83,9397.590361445784,apartamento,2,0,0
2751145394,Tabuleiro dos Oliveiras,Tabuleiro dos Oliveiras,780000.0,70,11142.857142857143,apartamento,2,0,0
2768646647,Morretes,Morretes,780000.0,63,12380.952380952382,apartamento,2,0,0
2719898471,Morretes,Morretes,780000.0,103,7572.815533980583,apartamento,2,0,0
2763645109,Tabuleiro dos Oliveiras,Tabuleiro dos Oliveiras,780000.0,69,11304.347826086956,apartamento,2,0,0
2560637133,Morretes,Morretes,780000.0,100,7800.0,casa,3,0,0
2538966415,Morretes,Morretes,780000.0,69,11304.347826086956,apartamento,2,0,0
2728081942,Morretes,Morretes,780000.0,105,7428.571428571428,casa,3,0,0
2764633041,Andorinha,Andorinha,780000.0,81,9629.62962962963,apartamento,2,0,0
2764632137,Meia Praia,Meia Praia,780000.0,40,19500.0,apartamento,1,0,0
2716867340,Alto São Bento,Alto São Bento,780000.0,69,11304.347826086956,apartamento,2,0,0
2739103032,Morretes,Morretes,780000.0,68,11470.588235294117,apartamento,2,0,0
2732110197,Morretes,Morretes,779900.0,84,9284.52380952381,apartamento,2,0,0
2661820287,Morretes,Morretes,779900.0,83,9396.385542168675,apartamento,2,0,0
2766855033,Morretes,Morretes,779800.0,70,11140.0,apartamento,2,0,0
2769473857,Morretes,Morretes,779720.0,52,14994.615384615385,apartamento,2,0,0
2767583779,Morretes,Morretes,779625.0,70,11137.5,apartamento,2,0,0
2735334827,Morretes,Morretes,779000.0,128,6085.9375,casa,2,0,0
2734926818,Morretes,Morretes,779000.0,68,11455.882352941177,apartamento,2,0,0
2745153906,Jardim Praia Mar,Jardim Praiamar,778573.0,70,11122.471428571429,apartamento,2,0,0
2594648162,Morretes,Morretes,778544.0,70,11122.057142857142,apartamento,2,0,0
2770031829,Morretes,Morretes,778510.0,67,11619.55223880597,apartamento,2,0,0
2743547557,Jardim Praia Mar,Jardim Praiamar,778237.0,66,11791.469696969696,apartamento,2,0,0
2762332116,Tabuleiro dos Oliveiras,Tabuleiro dos Oliveiras,778144.0,64,12158.5,apartamento,2,0,0
2633492169,Casa Branca,Casa Branca,778000.0,70,11114.285714285714,apartamento,3,0,0
2627473081,Morretes,Morretes,776235.0,63,12321.190476190477,apartamento,2,0,0
2565061753,Morretes,Morretes,776000.0,70,11085.714285714286,apartamento,2,0,0
2564196407,Morretes,Morretes,776000.0,70,11085.714285714286,apartamento,2,0,0
2764672128,Morretes,Morretes,776000.0,64,12125.0,apartamento,2,0,0
2564695763,Morretes,Morretes,776000.0,70,11085.714285714286,apartamento,2,0,0
2565206320,Morretes,Morretes,776000.0,70,11085.714285714286,apartamento,2,0,0
2562602447,Morretes,Morretes,776000.0,70,11085.714285714286,apartamento,2,0,0
2694375980,Morretes,Morretes,776000.0,68,11411.764705882353,apartamento,2,0,0
2564475153,Morretes,Morretes,776000.0,70,11085.714285714286,apartamento,2,0,0
2721286858,Morretes,Morretes,775000.0,68,11397.058823529413,apartamento,2,0,0
2736423276,Jardim Praia Mar,Jardim Praiamar,775000.0,70,11071.42857142857,apartamento,2,0,0
2769181620,Morretes,Morretes,774890.0,70,11069.857142857143,apartamento,2,0,0
2727901442,Morretes,Morretes,774000.0,68,11382.35294117647,apartamento,2,0,0
2727435555,Morretes,Morretes,774000.0,73,10602.739726027397,apartamento,2,0,0
2621947854,Morretes,Morretes,772000.0,69,11188.40579710145,apartamento,2,0,0
2769775059,Morretes,Morretes,772000.0,69,11188.40579710145,apartamento,2,0,0
2766855816,Morretes,Morretes,771800.0,70,11025.714285714286,apartamento,2,0,0
2713125498,Morretes,Morretes,770328.0,66,11671.636363636364,apartamento,2,0,0
2569844493,Morretes,Morretes,770041.0,69,11160.014492753624,apartamento,2,0,0
2767582364,Tabuleiro dos Oliveiras,Tabuleiro dos Oliveiras,770000.0,70,11000.0,apartamento,3,0,0
2560059992,Morretes,Morretes,770000.0,70,11000.0,apartamento,2,0,0
2597559855,Morretes,Morretes,770000.0,70,11000.0,apartamento,2,0,0
2716729441,Andorinha,Andorinha,770000.0,40,19250.0,apartamento,1,0,0
2757813792,,,770000.0,66,11666.666666666666,apartamento,2,0,0
2715416494,Morretes,Morretes,770000.0,65,11846.153846153846,apartamento,2,0,0
2767582145,Morretes,Morretes,769500.0,70,10992.857142857143,apartamento,2,0,0
2757201417,Morretes,Morretes,769240.0,61,12610.491803278688,apartamento,2,0,0
2587914672,Morretes,Morretes,769000.0,70,10985.714285714286,apartamento,2,0,0
2568200261,Morretes,Morretes,769000.0,65,11830.76923076923,apartamento,2,0,0
2750481693,Morretes,Morretes,768000.0,70,10971.42857142857,apartamento,3,0,0
2648677397,Morretes,Morretes,768000.0,70,10971.42857142857,apartamento,2,0,0
2731619528,Alto São Bento,Alto São Bento,767888.0,63,12188.698412698413,apartamento,2,0,0
2753565394,Morretes,Morretes,767000.0,68,11279.411764705883,apartamento,2,0,0
2767581886,Tabuleiro dos Oliveiras,Tabuleiro dos Oliveiras,765000.0,70,10928.57142857143,apartamento,3,0,0
2768646645,Morretes,Morretes,763200.0,67,11391.044776119403,apartamento,2,0,0
2560637049,Morretes,Morretes,760000.0,109,6972.477064220184,casa,3,0,0
2560637481,Morretes,Morretes,760000.0,109,6972.477064220184,casa,3,0,0
2594348462,Meia Praia,Meia Praia,760000.0,40,19000.0,apartamento,1,0,0
2767581595,Tabuleiro dos Oliveiras,Tabuleiro dos Oliveiras,760000.0,70,10857.142857142857,apartamento,3,0,0
2560637130,Morretes,Morretes,760000.0,109,6972.477064220184,casa,3,0,0
2716729440,Morretes,Morretes,760000.0,141,5390.070921985815,apartamento,3,0,0
2560637605,Morretes,Morretes,760000.0,109,6972.477064220184,casa,3,0,0
2766851817,Morretes,Morretes,759800.0,70,10854.285714285714,apartamento,2,0,0
2751617614,Morretes,Morretes,759110.0,70,10844.42857142857,apartamento,2,0,0
2758499625,Morretes,Morretes,759000.0,100,7590.0,casa,2,0,0
2749867730,Morretes,Morretes,759000.0,100,7590.0,casa,2,0,0
2762833031,Morretes,Morretes,759000.0,100,7590.0,casa,2,0,0
2527021688,Morretes,Morretes,759000.0,67,11328.358208955224,apartamento,2,0,0
2626895699,Morretes,Morretes,758000.0,70,10828.57142857143,apartamento,3,0,0
2747298919,Morretes,Morretes,757618.0,62,12219.645161290322,apartamento,2,0,0
2715658502,Morretes,Morretes,756554.0,66,11462.939393939394,apartamento,2,0,0
2767584134,Morretes,Morretes,756281.0,65,11635.092307692308,apartamento,2,0,0
2692347258,Morretes,Morretes,756000.0,69,10956.521739130434,apartamento,2,0,0
2625616520,Meia Praia,Meia Praia,756000.0,40,18900.0,apartamento,1,0,0
2678053907,Morretes,Morretes,755770.0,68,11114.264705882353,apartamento,2,0,0
2743481105,Morretes,Morretes,754300.0,61,12365.573770491803,apartamento,2,0,0
2560637577,Morretes,Morretes,754000.0,70,10771.42857142857,apartamento,2,0,0
2769342624,Morretes,Morretes,754000.0,68,11088.235294117647,apartamento,2,0,0
2766852514,Morretes,Morretes,753480.0,70,10764.0,apartamento,2,0,0
2748547392,Morretes,Morretes,752270.0,64,11754.21875,apartamento,2,0,0
2490905179,Casa Branca,Casa Branca,752000.0,350,2148.5714285714284,terreno,0,0,0
2599369874,Morretes,Morretes,751933.0,67,11222.880597014926,apartamento,2,0,0
2770125829,Jardim Praia Mar,Jardim Praiamar,751868.0,68,11056.882352941177,apartamento,2,0,0
2749661357,Jardim Praia Mar,Jardim Praiamar,751868.0,68,11056.882352941177,apartamento,2,0,0
2560637058,Morretes,Morretes,750001.0,100,7500.01,casa,3,0,0
2560637294,Morretes,Morretes,750001.0,100,7500.01,casa,3,0,0
2560637263,Morretes,Morretes,750001.0,100,7500.01,casa,3,0,0
2760013245,Morretes,Morretes,750000.0,70,10714.285714285714,apartamento,2,0,0
2763649238,Morretes,Morretes,750000.0,69,10869.565217391304,apartamento,2,0,0
2709458181,Meia Praia,Meia Praia,750000.0,75,10000.0,comercial,0,0,0
2560637684,Morretes,Morretes,750000.0,100,7500.0,casa,3,0,0
2694444331,Morretes,Morretes,750000.0,288,2604.1666666666665,terreno,0,0,0
2699373581,,,750000.0,1800,416.6666666666667,terreno,0,0,0
2763648533,Morretes,Morretes,750000.0,70,10714.285714285714,apartamento,2,0,0
2754165676,Tabuleiro,Tabuleiro dos Oliveiras,750000.0,67,11194.029850746268,apartamento,2,0,0
2729223843,Meia Praia,Meia Praia,750000.0,40,18750.0,apartamento,1,0,0
2757201120,Morretes,Morretes,750000.0,40,18750.0,apartamento,2,0,0
2720900142,Morretes,Morretes,750000.0,85,8823.529411764706,casa,2,0,0
2745679225,Morretes,Morretes,750000.0,69,10869.565217391304,apartamento,2,0,0
2747202728,Morretes,Morretes,750000.0,41,18292.682926829268,apartamento,1,0,0
2740141447,Morretes,Morretes,750000.0,65,11538.461538461539,apartamento,2,0,0
2673147998,Morretes,Morretes,750000.0,70,10714.285714285714,apartamento,2,0,0
2723749579,Andorinha,Andorinha,750000.0,96,7812.5,apartamento,2,0,0
2764633436,Meia Praia,Meia Praia,750000.0,40,18750.0,apartamento,1,0,0
2728965034,Morretes,Morretes,750000.0,69,10869.565217391304,apartamento,3,0,0
2666560228,Morretes,Morretes,750000.0,67,11194.029850746268,apartamento,2,0,0
2678053981,Morretes,Morretes,750000.0,70,10714.285714285714,apartamento,2,0,0
2756821814,Morretes,Morretes,750000.0,65,11538.461538461539,apartamento,2,0,0
2626581157,Tabuleiro dos Oliveiras,Tabuleiro dos Oliveiras,750000.0,70,10714.285714285714,apartamento,2,0,0
2761379137,Tabuleiro dos Oliveiras,Tabuleiro dos Oliveiras,750000.0,69,10869.565217391304,apartamento,2,0,0
2560637512,Morretes,Morretes,750000.0,100,7500.0,casa,3,0,0
2754167245,Morretes,Morretes,750000.0,68,11029.411764705883,apartamento,2,0,0
2511794796,Morretes,Morretes,750000.0,40,18750.0,apartamento,2,0,0
2714290599,Andorinha,Andorinha,750000.0,70,10714.285714285714,apartamento,2,0,0
2769150515,Morretes,Morretes,750000.0,41,18292.682926829268,apartamento,1,0,0
2560637298,Morretes,Morretes,750000.0,70,10714.285714285714,apartamento,2,0,0
2747201948,Morretes,Morretes,750000.0,42,17857.14285714286,apartamento,1,0,0
2560637444,Morretes,Morretes,750000.0,114,6578.9473684210525,casa,3,0,0
2713125600,Morretes,Morretes,750000.0,88,8522.727272727272,apartamento,2,0,0
2711004112,Sertão do Trombudo,Sertão Do Trombudo,750000.0,332,2259.0361445783133,terreno,0,0,0
2560637718,Morretes,Morretes,750000.0,114,6578.9473684210525,casa,3,0,0
2560637319,Morretes,Morretes,750000.0,100,7500.0,casa,3,0,0
2761634399,Morretes,Morretes,750000.0,80,9375.0,apartamento,2,0,0
2764005337,Morretes,Morretes,750000.0,70,10714.285714285714,apartamento,2,0,0
2738794350,Morretes,Morretes,750000.0,102,7352.941176470588,apartamento,2,0,0
2560637729,Morretes,Morretes,750000.0,100,7500.0,casa,3,0,0
2763090919,Morretes,Morretes,750000.0,42,17857.14285714286,apartamento,1,0,0
2716510627,Morretes,Morretes,750000.0,85,8823.529411764706,casa,2,0,0
2729591149,Tabuleiro,Tabuleiro dos Oliveiras,750000.0,66,11363.636363636364,apartamento,2,0,0
2735169425,Morretes,Morretes,750000.0,97,7731.958762886598,casa,3,0,0
2729592828,Morretes,Morretes,750000.0,67,11194.029850746268,apartamento,2,0,0
2576713236,Morretes,Morretes,750000.0,67,11194.029850746268,apartamento,2,0,0
2763091314,Morretes,Morretes,750000.0,40,18750.0,apartamento,2,0,0
2760157921,Meia Praia,Meia Praia,750000.0,70,10714.285714285714,apartamento,2,0,0
2646971502,Morretes,Morretes,750000.0,69,10869.565217391304,apartamento,2,0,0
2737236313,Morretes,Morretes,750000.0,68,11029.411764705883,apartamento,2,0,0
2740354031,Morretes,Morretes,750000.0,70,10714.285714285714,apartamento,2,0,0
2728061700,Morretes,Morretes,750000.0,68,11029.411764705883,apartamento,2,0,0
2560637615,Morretes,Morretes,750000.0,100,7500.0,casa,3,0,0
2693873678,Morretes,Morretes,750000.0,70,10714.285714285714,apartamento,2,0,0
2770039942,Morretes,Morretes,750000.0,68,11029.411764705883,apartamento,2,0,0
2760094099,Meia Praia,Meia Praia,750000.0,70,10714.285714285714,apartamento,2,0,0
2560637354,Morretes,Morretes,750000.0,100,7500.0,casa,3,0,0
2607162301,Morretes,Morretes,750000.0,100,7500.0,casa,3,0,0
2626577867,Jardim Praia Mar,Jardim Praiamar,750000.0,64,11718.75,apartamento,2,0,0
2770247863,Morretes,Morretes,750000.0,90,8333.333333333334,apartamento,1,0,0
2560637170,Morretes,Morretes,750000.0,100,7500.0,casa,3,0,0
2677489302,Morretes,Morretes,750000.0,117,6410.25641025641,casa,3,0,0
2560637348,Morretes,Morretes,750000.0,70,10714.285714285714,apartamento,2,0,0
2726547841,Jardim Praia Mar,Jardim Praiamar,750000.0,60,12500.0,apartamento,2,0,0
2723623838,Andorinha,Andorinha,750000.0,96,7812.5,apartamento,2,0,0
2681788952,Morretes,Morretes,750000.0,117,6410.25641025641,casa,3,0,0
2764635032,Tabuleiro dos Oliveiras,Tabuleiro dos Oliveiras,750000.0,70,10714.285714285714,apartamento,2,0,0
2744015953,Morretes,Morretes,750000.0,69,10869.565217391304,apartamento,3,0,0
2671618440,Jardim Praia Mar,Jardim Praiamar,750000.0,60,12500.0,apartamento,2,0,0
2740283388,Andorinha,Andorinha,750000.0,65,11538.461538461539,apartamento,2,0,0
2761329421,Meia Praia,Meia Praia,750000.0,97,7731.958762886598,apartamento,2,0,0
2747201653,Morretes,Morretes,750000.0,41,18292.682926829268,apartamento,2,0,0
2763649234,Morretes,Morretes,750000.0,114,6578.9473684210525,casa,3,0,0
2723966274,Morretes,Morretes,750000.0,68,11029.411764705883,apartamento,2,0,0
2767580979,Morretes,Morretes,750000.0,41,18292.682926829268,apartamento,1,0,0
2745445397,Morretes,Morretes,750000.0,70,10714.285714285714,apartamento,2,0,0
2732421143,Meia Praia,Meia Praia,750000.0,130,5769.2307692307695,apartamento,2,0,0
2596614287,Morretes,Morretes,750000.0,68,11029.411764705883,apartamento,2,0,0
2560637236,Morretes,Morretes,750000.0,70,10714.285714285714,apartamento,2,0,0
2560637496,Morretes,Morretes,750000.0,100,7500.0,casa,3,0,0
2603685016,Morretes,Morretes,750000.0,100,7500.0,casa,3,0,0
2579392413,Morretes,Morretes,750000.0,70,10714.285714285714,apartamento,3,0,0
2712474197,Andorinha,Andorinha,750000.0,41,18292.682926829268,apartamento,1,0,0
2722470049,Casa Branca,Casa Branca,750000.0,120,6250.0,casa,2,0,0
2677845995,Morretes,Morretes,750000.0,288,2604.1666666666665,terreno,0,0,0
2646971389,Tabuleiro dos Oliveiras,Tabuleiro dos Oliveiras,750000.0,69,10869.565217391304,apartamento,2,0,0
2560637559,Morretes,Morretes,750000.0,100,7500.0,casa,3,0,0
2692636161,Jardim Praia Mar,Jardim Praiamar,750000.0,69,10869.565217391304,apartamento,3,0,0
2760224016,Meia Praia,Meia Praia,750000.0,70,10714.285714285714,apartamento,2,0,0
2767584025,Morretes,Morretes,750000.0,47,15957.446808510638,apartamento,1,0,0
2560637708,Morretes,Morretes,750000.0,100,7500.0,casa,3,0,0
2724476760,Morretes,Morretes,750000.0,62,12096.774193548386,apartamento,2,0,0
2560637056,Morretes,Morretes,750000.0,70,10714.285714285714,apartamento,2,0,0
2763412613,Morretes,Morretes,750000.0,69,10869.565217391304,apartamento,2,0,0
2690261973,Morretes,Morretes,750000.0,70,10714.285714285714,apartamento,2,0,0
2516156900,Morretes,Morretes,750000.0,70,10714.285714285714,apartamento,2,0,0
2558917663,Tabuleiro dos Oliveiras,Tabuleiro dos Oliveiras,750000.0,70,10714.285714285714,apartamento,2,0,0
2753757401,Morretes,Morretes,750000.0,69,10869.565217391304,apartamento,2,0,0
2744792046,Morretes,Morretes,750000.0,65,11538.461538461539,apartamento,2,0,0
2700889300,Morretes,Morretes,750000.0,70,10714.285714285714,apartamento,2,0,0
2723960894,Morretes,Morretes,750000.0,105,7142.857142857143,casa,3,0,0
2723211658,Morretes,Morretes,750000.0,70,10714.285714285714,apartamento,2,0,0
2719547969,Alto São Bento,Alto São Bento,750000.0,600,1250.0,terreno,0,0,0
2710904328,Morretes,Morretes,750000.0,62,12096.774193548386,apartamento,2,0,0
2769295230,Morretes,Morretes,750000.0,70,10714.285714285714,apartamento,2,0,0
2737455827,Castelo Branco,Castelo Branco,750000.0,76,9868.421052631578,apartamento,2,0,0
2747203011,Morretes,Morretes,750000.0,47,15957.446808510638,apartamento,1,0,0
2656894328,Jardim Praia Mar,Jardim Praiamar,749999.0,64,11718.734375,apartamento,2,0,0
2650409404,Morretes,Morretes,749800.0,105,7140.952380952381,casa,3,0,0
2769184191,Tabuleiro dos Oliveiras,Tabuleiro dos Oliveiras,749780.0,53,14146.792452830188,apartamento,2,0,0
2770027283,Morretes,Morretes,749480.0,54,13879.25925925926,apartamento,2,0,0
2718237489,Jardim Praia Mar,Jardim Praiamar,749000.0,64,11703.125,apartamento,2,0,0
2698590779,Morretes,Morretes,749000.0,70,10700.0,apartamento,3,0,0
2749241229,Morretes,Morretes,749000.0,64,11703.125,apartamento,2,0,0
2746689796,Jardim Praia Mar,Jardim Praiamar,749000.0,63,11888.888888888889,apartamento,1,0,0
2764633813,Meia Praia,Meia Praia,749000.0,40,18725.0,apartamento,1,0,0
2749230114,Casa Branca,Casa Branca,749000.0,70,10700.0,apartamento,2,0,0
2761879915,Jardim Praia Mar,Jardim Praiamar,749000.0,63,11888.888888888889,apartamento,1,0,0
2727636498,Andorinha,Andorinha,749000.0,70,10700.0,apartamento,2,0,0
2761579221,Morretes,Morretes,748125.0,71,10536.971830985916,comercial,0,0,0
2746689523,Morretes,Morretes,748125.0,71,10536.971830985916,comercial,0,0,0
2705882944,Morretes,Morretes,748000.0,100,7480.0,casa,3,0,0
2706252200,Morretes,Morretes,748000.0,100,7480.0,casa,3,0,0
2769841736,Tabuleiro dos Oliveiras,Tabuleiro dos Oliveiras,747830.0,66,11330.757575757576,apartamento,2,0,0
2599503556,Morretes,Morretes,747600.0,70,10680.0,apartamento,2,0,0
2698138395,Casa Branca,Casa Branca,746114.0,70,10658.771428571428,apartamento,3,0,0
2580810610,Morretes,Morretes,746000.0,65,11476.923076923076,apartamento,2,0,0
2743479713,Tabuleiro dos Oliveiras,Tabuleiro dos Oliveiras,746000.0,60,12433.333333333334,apartamento,2,0,0
2679843893,Morretes,Morretes,745000.0,110,6772.727272727273,casa,3,0,0
2685614737,Meia Praia,Meia Praia,745000.0,46,16195.652173913044,apartamento,1,0,0
2769184130,,,744810.0,64,11637.65625,apartamento,2,0,0
2727349137,Morretes,Morretes,744000.0,100,7440.0,casa,3,0,0
2767580179,Morretes,Morretes,743400.0,70,10620.0,apartamento,2,0,0
2763649652,Morretes,Morretes,743000.0,100,7430.0,casa,3,0,0
2728058602,Morretes,Morretes,743000.0,100,7430.0,casa,3,0,0
2720899571,Morretes,Morretes,743000.0,100,7430.0,casa,3,0,0
2709413975,Morretes,Morretes,743000.0,100,7430.0,casa,3,0,0
2593386612,Morretes,Morretes,742000.0,62,11967.741935483871,apartamento,2,0,0
2767581465,Casa Branca,Casa Branca,742000.0,70,10600.0,apartamento,2,0,0
2676467606,Morretes,Morretes,742000.0,70,10600.0,apartamento,2,0,0
2694855229,Morretes,Morretes,741701.0,70,10595.728571428572,apartamento,2,0,0
2769840907,Morretes,Morretes,741270.0,60,12354.5,apartamento,2,0,0
2764433707,Morretes,Morretes,741000.0,69,10739.130434782608,apartamento,2,0,0
2618397804,Morretes,Morretes,741000.0,70,10585.714285714286,apartamento,2,0,0
2625483442,Morretes,Morretes,740000.0,119,6218.487394957983,casa,3,0,0
2722922573,Morretes,Morretes,740000.0,119,6218.487394957983,casa,3,0,0
2733508614,Jardim Praia Mar,Jardim Praiamar,740000.0,62,11935.483870967742,apartamento,1,0,0
2716669021,Morretes,Morretes,740000.0,119,6218.487394957983,casa,3,0,0
2646971174,Morretes,Morretes,740000.0,60,12333.333333333334,apartamento,2,0,0
2555701613,Morretes,Morretes,740000.0,69,10724.63768115942,apartamento,2,0,0
2751972093,Morretes,Morretes,740000.0,100,7400.0,casa,3,0,0
2741387580,Morretes,Morretes,740000.0,64,11562.5,apartamento,2,0,0
2713373719,Tabuleiro dos Oliveiras,Tabuleiro dos Oliveiras,740000.0,70,10571.42857142857,apartamento,2,0,0
2769472419,,,739900.0,67,11043.283582089553,apartamento,2,0,0
2770025907,Andorinha,Andorinha,739560.0,66,11205.454545454546,apartamento,2,0,0
2740357616,Tabuleiro dos Oliveiras,Tabuleiro dos Oliveiras,739412.0,60,12323.533333333333,apartamento,2,0,0
2759765336,Morretes,Morretes,739000.0,67,11029.850746268658,apartamento,2,0,0
2757201414,Jardim Praia Mar,Jardim Praiamar,738928.0,63,11729.015873015873,apartamento,2,0,0
2745228002,Morretes,Morretes,737950.0,62,11902.41935483871,apartamento,2,0,0
2764347230,Alto São Bento,Alto São Bento,737171.0,69,10683.63768115942,apartamento,2,0,0
2769841528,Morretes,Morretes,735100.0,66,11137.878787878788,apartamento,2,0,0
2596047182,Meia Praia,Meia Praia,735000.0,84,8750.0,apartamento,2,0,0
2700891098,Tabuleiro dos Oliveiras,Tabuleiro dos Oliveiras,735000.0,53,13867.924528301886,apartamento,2,0,0
2744790835,Morretes,Morretes,735000.0,67,10970.149253731342,apartamento,2,0,0
2763648643,Morretes,Morretes,735000.0,80,9187.5,apartamento,3,0,0
2718955859,Morretes,Morretes,735000.0,85,8647.058823529413,casa,2,0,0
2720890688,Morretes,Morretes,735000.0,85,8647.058823529413,casa,2,0,0
2737456215,Castelo Branco,Castelo Branco,735000.0,76,9671.052631578947,apartamento,2,0,0
2713317001,Morretes,Morretes,735000.0,68,10808.823529411764,apartamento,2,0,0
2740901962,Morretes,Morretes,735000.0,68,10808.823529411764,apartamento,2,0,0
2728076694,Morretes,Morretes,735000.0,68,10808.823529411764,apartamento,2,0,0
2764779341,Tabuleiro dos Oliveiras,Tabuleiro dos Oliveiras,734595.0,63,11660.238095238095,apartamento,2,0,0
2769178358,Morretes,Morretes,734300.0,69,10642.028985507246,apartamento,2,0,0
2656027792,Jardim Praia Mar,Jardim Praiamar,733000.0,70,10471.42857142857,apartamento,2,0,0
2648247156,Casa Branca,Casa Branca,730000.0,139,5251.798561151079,casa,2,0,0
2599019701,Morretes,Morretes,730000.0,69,10579.710144927536,apartamento,2,0,0
2757340728,Morretes,Morretes,730000.0,70,10428.57142857143,apartamento,2,0,0
2741271060,Morretes,Morretes,730000.0,61,11967.213114754099,apartamento,2,0,0
2741063829,Morretes,Morretes,730000.0,61,11967.213114754099,apartamento,2,0,0
2648244192,Casa Branca,Casa Branca,730000.0,139,5251.798561151079,casa,2,0,0
2768492913,Jardim Praia Mar,Jardim Praiamar,730000.0,70,10428.57142857143,apartamento,2,0,0
2767582146,Morretes,Morretes,730000.0,70,10428.57142857143,apartamento,2,0,0
2692570989,Jardim Praia Mar,Jardim Praiamar,729981.0,69,10579.434782608696,apartamento,2,0,0
2769470109,Morretes,Morretes,729870.0,49,14895.30612244898,apartamento,2,0,0
2769757568,Morretes,Morretes,729040.0,64,11391.25,apartamento,2,0,0
2769962417,Morretes,Morretes,728000.0,69,10550.72463768116,apartamento,2,0,0
2671627199,Morretes,Morretes,727193.0,65,11187.584615384616,apartamento,2,0,0
2736812579,Morretes,Morretes,727000.0,70,10385.714285714286,apartamento,3,0,0
2714719138,Morretes,Morretes,726013.0,70,10371.614285714286,apartamento,3,0,0
2725015692,Morretes,Morretes,725373.0,63,11513.857142857143,apartamento,1,0,0
2763100435,Casa Branca,Casa Branca,725000.0,300,2416.6666666666665,terreno,0,0,0
2692636066,Jardim Praia Mar,Jardim Praiamar,725000.0,69,10507.246376811594,apartamento,3,0,0
2763411842,Varzea,Varzea,725000.0,70,10357.142857142857,apartamento,2,0,0
2761878725,Morretes,Morretes,725000.0,64,11328.125,apartamento,1,0,0
2756727830,Morretes,Morretes,725000.0,70,10357.142857142857,apartamento,2,0,0
2770254033,Morretes,Morretes,724440.0,60,12074.0,apartamento,2,0,0
2744012982,Alto São Bento,Alto São Bento,724311.0,66,10974.40909090909,apartamento,2,0,0
2769279521,Jardim Praia Mar,Jardim Praiamar,723860.0,70,10340.857142857143,apartamento,2,0,0
2758888031,Morretes,Morretes,723600.0,68,10641.176470588236,apartamento,2,0,0
2731887591,Morretes,Morretes,723598.0,60,12059.966666666667,apartamento,2,0,0
2560637746,Morretes,Morretes,723000.0,70,10328.57142857143,apartamento,2,0,0
2560637218,Morretes,Morretes,723000.0,70,10328.57142857143,apartamento,2,0,0
2560637380,Morretes,Morretes,723000.0,70,10328.57142857143,apartamento,2,0,0
2754168930,Morretes,Morretes,723000.0,71,10183.098591549297,apartamento,3,0,0
2715163812,Morretes,Morretes,723000.0,70,10328.57142857143,apartamento,3,0,0
2560637679,Morretes,Morretes,723000.0,68,10632.35294117647,apartamento,2,0,0
2560637617,Morretes,Morretes,723000.0,70,10328.57142857143,apartamento,2,0,0
2560637506,Morretes,Morretes,723000.0,70,10328.57142857143,apartamento,2,0,0
2560637431,Morretes,Morretes,723000.0,68,10632.35294117647,apartamento,2,0,0
2752789220,Jardim Praia Mar,Jardim Praiamar,722950.0,68,10631.617647058823,apartamento,2,0,0
2599246164,Morretes,Morretes,722800.0,65,11120.0,apartamento,2,0,0
2639284438,Jardim Praia Mar,Jardim Praiamar,721977.0,70,10313.957142857143,apartamento,2,0,0
2769854623,Tabuleiro dos Oliveiras,Tabuleiro dos Oliveiras,721450.0,69,10455.797101449276,apartamento,2,0,0
2560637198,Morretes,Morretes,720001.0,115,6260.878260869566,casa,3,0,0
2692765954,Morretes,Morretes,720001.0,110,6545.463636363636,casa,3,0,0
2560637122,Morretes,Morretes,720000.0,115,6260.869565217391,casa,3,0,0
2769538017,Canto da Praia,Canto da Praia,720000.0,48,15000.0,apartamento,1,0,0
2735336659,Morretes,Morretes,720000.0,93,7741.935483870968,apartamento,2,0,0
2744016161,Morretes,Morretes,720000.0,93,7741.935483870968,apartamento,2,0,0
2728228688,Morretes,Morretes,720000.0,110,6545.454545454545,casa,3,0,0
2693899183,Morretes,Morretes,720000.0,110,6545.454545454545,casa,3,0,0
2560637280,Morretes,Morretes,720000.0,115,6260.869565217391,casa,2,0,0
2560637031,Morretes,Morretes,720000.0,100,7200.0,casa,3,0,0
2763088932,Varzea,Varzea,720000.0,69,10434.782608695652,apartamento,2,0,0
2593005042,Morretes,Morretes,720000.0,115,6260.869565217391,casa,3,0,0
2692122674,Morretes,Morretes,720000.0,110,6545.454545454545,casa,3,0,0
2700516114,Morretes,Morretes,720000.0,110,6545.454545454545,casa,3,0,0
2561990856,Morretes,Morretes,720000.0,115,6260.869565217391,casa,3,0,0
2732136013,Morretes,Morretes,720000.0,106,6792.452830188679,casa,3,0,0
2751941805,Morretes,Morretes,720000.0,10,72000.0,apartamento,1,0,1
2653092705,Morretes,Morretes,720000.0,112,6428.571428571428,apartamento,2,0,0
2761366523,Morretes,Morretes,720000.0,110,6545.454545454545,apartamento,3,0,0
2769187631,Morretes,Morretes,719730.0,110,6543.0,casa,3,0,0
2769843146,Meia Praia,Meia Praia,719540.0,135,5329.925925925926,apartamento,2,0,0
2753380144,Morretes,Morretes,719000.0,68,10573.529411764706,apartamento,2,0,0
2761579327,Casa Branca,Casa Branca,719000.0,70,10271.42857142857,apartamento,3,0,0
2598635802,Morretes,Morretes,719000.0,111,6477.477477477478,casa,3,0,0
2708221754,Morretes,Morretes,718477.0,69,10412.710144927536,apartamento,3,0,0
2757095318,Morretes,Morretes,718000.0,70,10257.142857142857,apartamento,2,0,0
2766854213,Morretes,Morretes,717800.0,70,10254.285714285714,apartamento,2,0,0
2762332313,Tabuleiro dos Oliveiras,Tabuleiro dos Oliveiras,717761.0,63,11393.031746031746,apartamento,2,0,0
2763566541,Morretes,Morretes,715000.0,58,12327.586206896553,apartamento,2,0,0
2759017321,Morretes,Morretes,715000.0,58,12327.586206896553,apartamento,2,0,0
2756063362,Morretes,Morretes,714000.0,68,10500.0,apartamento,2,0,0
2769840188,Morretes,Morretes,713995.0,70,10199.92857142857,apartamento,2,0,0
2768649928,Morretes,Morretes,711000.0,70,10157.142857142857,apartamento,2,0,0
2560637233,Morretes,Morretes,710001.0,70,10142.871428571429,apartamento,2,0,0
2766855813,Jardim Praia Mar,Jardim Praiamar,710000.0,70,10142.857142857143,apartamento,3,0,0
2560637722,Morretes,Morretes,710000.0,110,6454.545454545455,casa,3,0,0
2560637450,Morretes,Morretes,710000.0,105,6761.9047619047615,casa,3,0,0
2708770867,Casa Branca,Casa Branca,710000.0,139,5107.913669064748,casa,3,0,0
2728079057,Morretes,Morretes,710000.0,105,6761.9047619047615,casa,3,0,0
2560637013,Morretes,Morretes,710000.0,105,6761.9047619047615,casa,3,0,0
2560637394,Morretes,Morretes,710000.0,110,6454.545454545455,casa,3,0,0
2560637265,Morretes,Morretes,710000.0,105,6761.9047619047615,casa,3,0,0
2763649653,Meia Praia,Meia Praia,710000.0,78,9102.564102564103,apartamento,2,0,0
2560637194,Morretes,Morretes,710000.0,114,6228.070175438596,casa,3,0,0
2560637619,Morretes,Morretes,710000.0,114,6228.070175438596,casa,3,0,0
2560637699,Morretes,Morretes,710000.0,70,10142.857142857143,apartamento,2,0,0
2729401327,Tabuleiro dos Oliveiras,Tabuleiro dos Oliveiras,710000.0,69,10289.855072463768,apartamento,2,0,0
2560637611,Morretes,Morretes,710000.0,70,10142.857142857143,apartamento,2,0,0
2560636999,Morretes,Morretes,710000.0,110,6454.545454545455,casa,3,0,0
2560637748,Morretes,Morretes,710000.0,68,10441.176470588236,apartamento,2,0,0
2709383130,Morretes,Morretes,710000.0,105,6761.9047619047615,casa,3,0,0
2729444121,Morretes,Morretes,710000.0,68,10441.176470588236,apartamento,3,0,0
2560637345,Morretes,Morretes,710000.0,70,10142.857142857143,apartamento,2,0,0
2769182516,Alto São Bento,Alto São Bento,709410.0,63,11260.47619047619,apartamento,2,0,0
2767582055,Morretes,Morretes,709029.0,69,10275.782608695652,apartamento,2,0,0
2764673629,Morretes,Morretes,709000.0,62,11435.483870967742,apartamento,2,0,0
2644278795,Morretes,Morretes,709000.0,63,11253.968253968254,apartamento,2,0,0
2764957717,Tabuleiro dos Oliveiras,Tabuleiro dos Oliveiras,709000.0,86,8244.186046511628,apartamento,2,0,0
2560060082,Casa Branca,Casa Branca,709000.0,70,10128.57142857143,apartamento,2,0,0
2560060358,Morretes,Morretes,709000.0,57,12438.59649122807,apartamento,2,0,0
2725011792,Morretes,Morretes,705983.0,63,11206.079365079366,apartamento,1,0,0
2689660019,Morretes,Morretes,705555.0,69,10225.434782608696,apartamento,2,0,0
2698756900,Morretes,Morretes,705243.0,63,11194.333333333334,apartamento,1,0,0
2560060056,Morretes,Morretes,705000.0,62,11370.967741935483,apartamento,2,0,0
2696082434,Morretes,Morretes,705000.0,62,11370.967741935483,apartamento,2,0,0
2715164806,Morretes,Morretes,704000.0,68,10352.941176470587,apartamento,2,0,0
2754170219,Morretes,Morretes,704000.0,69,10202.898550724638,apartamento,2,0,0
2708877472,Morretes,Morretes,702000.0,67,10477.611940298508,apartamento,2,0,0
2720585038,Morretes,Morretes,700649.0,70,10009.271428571428,apartamento,3,0,0
2763412717,Varzea,Varzea,700000.0,63,11111.111111111111,apartamento,2,0,0
2754687308,Morretes,Morretes,700000.0,60,11666.666666666666,apartamento,2,0,0
2705762716,Morretes,Morretes,700000.0,270,2592.5925925925926,terreno,0,0,0
2673147348,Morretes,Morretes,700000.0,70,10000.0,apartamento,2,0,0
2768649424,Morretes,Morretes,700000.0,63,11111.111111111111,apartamento,2,0,0
2611528006,Morretes,Morretes,700000.0,70,10000.0,apartamento,2,0,0
2534694618,Meia Praia,Meia Praia,700000.0,81,8641.975308641975,comercial,0,0,0
2764835848,Casa Branca,Casa Branca,700000.0,70,10000.0,apartamento,2,0,0
2764633027,Morretes,Morretes,700000.0,67,10447.76119402985,apartamento,2,0,0
2761666918,Casa Branca,Casa Branca,700000.0,350,2000.0,terreno,0,0,0
2579558913,Morretes,Morretes,700000.0,69,10144.927536231884,apartamento,2,0,0
2766855618,Morretes,Morretes,700000.0,69,10144.927536231884,apartamento,2,0,0
2658141300,Morretes,Morretes,700000.0,70,10000.0,apartamento,2,0,0
2746295942,Morretes,Morretes,700000.0,100,7000.0,casa,3,0,0
2767582452,Morretes,Morretes,700000.0,58,12068.965517241379,apartamento,2,0,0
2764633622,Morretes,Morretes,700000.0,70,10000.0,apartamento,3,0,0
2698417242,Morretes,Morretes,700000.0,56,12500.0,apartamento,2,0,0
2558703650,,,700000.0,200,3500.0,apartamento,3,0,0
2749355031,Castelo Branco,Castelo Branco,700000.0,78,8974.358974358975,apartamento,2,0,0
2765778439,Meia Praia,Meia Praia,700000.0,48,14583.333333333334,comercial,1,0,0
2769991947,Morretes,Morretes,700000.0,69,10144.927536231884,apartamento,2,0,0
2765088214,Morretes,Morretes,700000.0,90,7777.777777777777,casa,3,0,0
2629631976,Morretes,Morretes,700000.0,67,10447.76119402985,apartamento,2,0,0
2740360660,Morretes,Morretes,700000.0,70,10000.0,apartamento,2,0,0
2763105533,Castelo Branco,Castelo Branco,700000.0,48,14583.333333333334,comercial,0,0,0
2764632182,Morretes,Morretes,700000.0,67,10447.76119402985,apartamento,2,0,0
2742973857,Morretes,Morretes,700000.0,70,10000.0,apartamento,2,0,0
2759653146,Castelo Branco,Castelo Branco,700000.0,70,10000.0,apartamento,2,0,0
2650069875,Morretes,Morretes,700000.0,60,11666.666666666666,apartamento,2,0,0
2749293710,Morretes,Morretes,699900.0,66,10604.545454545454,apartamento,2,0,0
2763508235,Jardim Praia Mar,Jardim Praiamar,699400.0,70,9991.42857142857,apartamento,2,0,0
2712474306,Andorinha,Andorinha,699208.0,40,17480.2,apartamento,1,0,0
2694760900,Morretes,Morretes,699001.0,95,7357.905263157894,apartamento,3,0,0
2698990090,Jardim Praia Mar,Jardim Praiamar,699000.0,64,10921.875,apartamento,2,0,0
2566095156,Morretes,Morretes,699000.0,100,6990.0,casa,3,0,0
2723963965,Morretes,Morretes,699000.0,400,1747.5,terreno,0,0,0
2759065235,Meia Praia,Meia Praia,699000.0,455,1536.2637362637363,terreno,0,0,0
2749249701,Tabuleiro dos Oliveiras,Tabuleiro dos Oliveiras,699000.0,70,9985.714285714286,apartamento,2,0,0
2746288397,Morretes,Morretes,699000.0,100,6990.0,casa,3,0,0
2762425719,Casa Branca,Casa Branca,699000.0,0,,terreno,0,0,0
2596091583,Morretes,Morretes,699000.0,68,10279.411764705883,apartamento,2,0,0
2754167750,Tabuleiro,Tabuleiro dos Oliveiras,699000.0,54,12944.444444444445,apartamento,2,0,0
2564778381,Morretes,Morretes,699000.0,100,6990.0,casa,3,0,0
2754169028,Tabuleiro,Tabuleiro dos Oliveiras,699000.0,54,12944.444444444445,apartamento,1,0,0
2677486783,Morretes,Morretes,699000.0,95,7357.894736842105,apartamento,3,0,0
2673397678,Morretes,Morretes,699000.0,95,7357.894736842105,apartamento,3,0,0
2729114346,Tabuleiro,Tabuleiro dos Oliveiras,699000.0,53,13188.67924528302,apartamento,2,0,0
2759113422,Meia Praia,Meia Praia,699000.0,455,1536.2637362637363,terreno,0,0,0
2717826537,Andorinha,Andorinha,699000.0,90,7766.666666666667,apartamento,2,0,0
2565061139,Morretes,Morretes,699000.0,100,6990.0,casa,3,0,0
2729351026,Tabuleiro,Tabuleiro dos Oliveiras,699000.0,53,13188.67924528302,apartamento,1,0,0
2678331888,Morretes,Morretes,699000.0,95,7357.894736842105,apartamento,3,0,0
2759130328,Meia Praia,Meia Praia,699000.0,455,1536.2637362637363,terreno,0,0,0
2700826211,Morretes,Morretes,698970.0,68,10278.970588235294,apartamento,2,0,0
2769847355,Tabuleiro dos Oliveiras,Tabuleiro dos Oliveiras,698880.0,53,13186.415094339623,apartamento,2,0,0
2738706869,Morretes,Morretes,698597.0,60,11643.283333333333,apartamento,2,0,0
2577820804,Morretes,Morretes,698597.0,60,11643.283333333333,apartamento,2,0,0
2767582451,Morretes,Morretes,698140.0,67,10420.0,apartamento,2,0,0
2637438182,Casa Branca,Casa Branca,698000.0,64,10906.25,apartamento,2,0,0
2699233574,Morretes,Morretes,698000.0,70,9971.42857142857,apartamento,3,0,0
2608067036,Morretes,Morretes,698000.0,66,10575.757575757576,apartamento,2,0,0
2671627295,Varzea,Varzea,697802.0,70,9968.6,apartamento,2,0,0
2687790520,Alto São Bento,Alto São Bento,697299.0,69,10105.782608695652,apartamento,2,0,0
2764743233,Morretes,Morretes,697131.0,67,10404.940298507463,apartamento,2,0,0
2720533534,Tabuleiro dos Oliveiras,Tabuleiro dos Oliveiras,697000.0,65,10723.076923076924,apartamento,2,0,0
2753770732,Morretes,Morretes,696869.0,70,9955.271428571428,apartamento,3,0,0
2740344034,Morretes,Morretes,696424.0,60,11607.066666666668,apartamento,2,0,0
2751578722,Jardim Praia Mar,Jardim Praiamar,696277.0,64,10879.328125,apartamento,2,0,0
2764895021,,,695670.0,70,9938.142857142857,apartamento,2,0,0
2708476542,Casa Branca,Casa Branca,695000.0,146,4760.273972602739,casa,3,0,0
2751486529,Meia Praia,Meia Praia,695000.0,65,10692.307692307691,apartamento,2,0,0
2560637069,Morretes,Morretes,695000.0,70,9928.57142857143,apartamento,2,0,0
2760094110,Centro,Centro,695000.0,70,9928.57142857143,apartamento,2,0,0
2738321736,,,695000.0,64,10859.375,apartamento,2,0,0
2616411532,Tabuleiro dos Oliveiras,Tabuleiro dos Oliveiras,695000.0,70,9928.57142857143,apartamento,2,0,0
2560637398,Morretes,Morretes,695000.0,70,9928.57142857143,apartamento,2,0,0
2591990108,Morretes,Morretes,695000.0,109,6376.146788990825,casa,3,0,0
2560636953,Morretes,Morretes,695000.0,70,9928.57142857143,apartamento,2,0,0
2760155241,Centro,Centro,695000.0,70,9928.57142857143,apartamento,2,0,0
2560637561,Morretes,Morretes,695000.0,70,9928.57142857143,apartamento,2,0,0
2560637321,Morretes,Morretes,695000.0,70,9928.57142857143,apartamento,2,0,0
2745206422,Morretes,Morretes,695000.0,69,10072.463768115942,apartamento,2,0,0
2560637119,Morretes,Morretes,695000.0,70,9928.57142857143,apartamento,2,0,0
2560637517,Morretes,Morretes,695000.0,70,9928.57142857143,apartamento,2,0,0
2721919538,Meia Praia,Meia Praia,695000.0,70,9928.57142857143,apartamento,2,0,0
2760221735,Centro,Centro,695000.0,70,9928.57142857143,apartamento,2,0,0
2669591094,Tabuleiro dos Oliveiras,Tabuleiro dos Oliveiras,695000.0,69,10072.463768115942,apartamento,2,0,0
2765064921,Morretes,Morretes,695000.0,110,6318.181818181818,casa,3,0,0
2749536302,Jardim Praia Mar,Jardim Praiamar,694382.0,69,10063.507246376812,apartamento,3,0,0
2729245113,Centro,Centro,694000.0,70,9914.285714285714,apartamento,1,0,0
2757811035,Morretes,Morretes,693022.0,70,9900.314285714287,apartamento,2,0,0
2770125948,Casa Branca,Casa Branca,692900.0,69,10042.028985507246,apartamento,2,0,0
2740811800,Jardim Praia Mar,Jardim Praiamar,692900.0,70,9898.57142857143,apartamento,2,0,0
2660133148,Morretes,Morretes,691104.0,60,11518.4,comercial,2,0,0
2769609634,Morretes,Morretes,690000.0,118,5847.457627118644,casa,2,0,0
2767255918,Morretes,Morretes,690000.0,58,11896.551724137931,apartamento,2,0,0
2646969377,Morretes,Morretes,690000.0,62,11129.032258064517,apartamento,2,0,0
2608791592,Meia Praia,Meia Praia,690000.0,70,9857.142857142857,apartamento,2,0,0
2718881042,Meia Praia,Meia Praia,690000.0,105,6571.428571428572,apartamento,3,0,0
2754739096,Morretes,Morretes,690000.0,64,10781.25,apartamento,2,0,0
2731640927,Sertão do Trombudo,Sertão Do Trombudo,690000.0,407,1695.3316953316953,terreno,0,0,0
2621682806,Morretes,Morretes,690000.0,70,9857.142857142857,apartamento,2,0,0
2764348514,Canto da Praia,Canto da Praia,690000.0,89,7752.808988764045,apartamento,3,0,0
2646971262,Morretes,Morretes,690000.0,80,8625.0,apartamento,2,0,0
2599739011,Morretes,Morretes,690000.0,69,10000.0,apartamento,2,0,0
2759135230,Meia Praia,Meia Praia,690000.0,70,9857.142857142857,apartamento,3,0,0
2736636062,Andorinha,Andorinha,690000.0,70,9857.142857142857,apartamento,3,0,0
2646971356,Morretes,Morretes,690000.0,68,10147.058823529413,apartamento,2,0,0
2747005493,Morretes,Morretes,690000.0,63,10952.380952380952,apartamento,2,0,0
2724082673,Morretes,Morretes,690000.0,64,10781.25,apartamento,2,0,0
2596078506,Morretes,Morretes,690000.0,70,9857.142857142857,apartamento,2,0,0
2566088688,Morretes,Morretes,690000.0,270,2555.5555555555557,terreno,0,0,0
2638606372,Morretes,Morretes,690000.0,100,6900.0,apartamento,3,0,0
2730121118,Alto São Bento,Alto São Bento,690000.0,110,6272.727272727273,casa,3,0,0
2702962205,Morretes,Morretes,689900.0,72,9581.944444444445,casa,3,0,0
2702667875,Morretes,Morretes,689900.0,72,9581.944444444445,casa,3,0,0
2718948046,Morretes,Morretes,689900.0,80,8623.75,casa,2,0,0
2720892444,Morretes,Morretes,689900.0,80,8623.75,casa,2,0,0
2766855818,Morretes,Morretes,689800.0,60,11496.666666666666,apartamento,2,0,0
2769842192,Morretes,Morretes,689690.0,60,11494.833333333334,apartamento,2,0,0
2770124967,Jardim Praia Mar,Jardim Praiamar,689500.0,70,9850.0,apartamento,2,0,0
2770126539,Jardim Praia Mar,Jardim Praiamar,689500.0,70,9850.0,apartamento,2,0,0
2763710423,Jardim Praia Mar,Jardim Praiamar,689500.0,70,9850.0,apartamento,2,0,0
2769844175,Morretes,Morretes,689230.0,70,9846.142857142857,apartamento,2,0,0
2725527842,Jardim Praia Mar,Jardim Praiamar,689000.0,64,10765.625,apartamento,2,0,0
2724628239,Andorinha,Andorinha,689000.0,48,14354.166666666666,apartamento,1,0,0
2689593922,Varzea,Varzea,689000.0,575,1198.2608695652175,terreno,0,0,0
2755945353,Morretes,Morretes,689000.0,69,9985.507246376812,apartamento,2,0,0
2661098464,Morretes,Morretes,689000.0,74,9310.81081081081,apartamento,3,0,0
2740350886,Jardim Praia Mar,Jardim Praiamar,688032.0,70,9829.028571428571,apartamento,2,0,0
2740323794,Varzea,Varzea,688000.0,70,9828.57142857143,apartamento,3,0,0
2706822046,Morretes,Morretes,686489.0,70,9806.985714285714,apartamento,3,0,0
2641210304,Jardim Praia Mar,Jardim Praiamar,686000.0,69,9942.028985507246,apartamento,2,0,0
2676718894,Centro,Centro,685000.0,69,9927.536231884058,apartamento,3,0,0
2749606769,Morretes,Morretes,685000.0,63,10873.015873015873,apartamento,2,0,0
2648440187,Jardim Praia Mar,Jardim Praiamar,685000.0,300,2283.3333333333335,terreno,0,0,0
2656970478,Alto São Bento,Alto São Bento,685000.0,95,7210.526315789473,casa,3,0,0
2741514272,Morretes,Morretes,684000.0,69,9913.04347826087,apartamento,2,0,0
2597758770,Morretes,Morretes,684000.0,69,9913.04347826087,apartamento,2,0,0
2607166584,Morretes,Morretes,684000.0,68,10058.823529411764,apartamento,2,0,0
2766854613,Morretes,Morretes,683800.0,69,9910.144927536232,apartamento,2,0,0
2759881716,Sertão do Trombudo,Sertão Do Trombudo,683000.0,56,12196.42857142857,apartamento,2,0,0
2743475777,Morretes,Morretes,683000.0,66,10348.484848484848,apartamento,2,0,0
2736815415,Morretes,Morretes,683000.0,70,9757.142857142857,apartamento,2,0,0
2747920423,Morretes,Morretes,682000.0,60,11366.666666666666,apartamento,2,0,0
2597754509,Morretes,Morretes,682000.0,69,9884.057971014492,apartamento,2,0,0
2743644809,Varzea,Varzea,680088.0,67,10150.567164179105,apartamento,2,0,0
2762838964,Morretes,Morretes,680001.0,80,8500.0125,apartamento,2,0,0
2688779625,Morretes,Morretes,680000.0,85,8000.0,casa,2,0,0
2763412421,Varzea,Varzea,680000.0,70,9714.285714285714,apartamento,2,0,0
2646971197,Morretes,Morretes,680000.0,70,9714.285714285714,apartamento,2,0,0
2735275330,Morretes,Morretes,680000.0,70,9714.285714285714,apartamento,2,0,0
2729350652,Sertão Do Trombudo,Sertão Do Trombudo,680000.0,61,11147.540983606557,apartamento,2,0,0
2762693718,Morretes,Morretes,680000.0,60,11333.333333333334,apartamento,2,0,0
2752619294,Morretes,Morretes,680000.0,60,11333.333333333334,apartamento,2,0,0
2765060729,Morretes,Morretes,680000.0,80,8500.0,apartamento,2,0,0
2560698778,Morretes,Morretes,680000.0,67,10149.253731343284,apartamento,2,0,0
2753041904,,,680000.0,10,68000.0,apartamento,2,0,1
2712552306,Sertão do Trombudo,Sertão Do Trombudo,680000.0,73,9315.068493150686,apartamento,2,0,0
2720271070,Jardim Praia Mar,Jardim Praiamar,680000.0,64,10625.0,apartamento,2,0,0
2738792852,Morretes,Morretes,680000.0,294,2312.925170068027,terreno,0,0,0
2593150624,Morretes,Morretes,680000.0,98,6938.775510204082,casa,3,0,0
2754737688,Morretes,Morretes,680000.0,71,9577.464788732394,apartamento,2,0,0
2626149649,Jardim Praia Mar,Jardim Praiamar,680000.0,33,20606.060606060608,apartamento,1,0,0
2747202343,Morretes,Morretes,680000.0,44,15454.545454545454,apartamento,2,0,0
2575451379,Morretes,Morretes,680000.0,42,16190.47619047619,apartamento,2,0,0
2573940379,Morretes,Morretes,680000.0,85,8000.0,casa,2,0,0
2727840778,Morretes,Morretes,680000.0,120,5666.666666666667,apartamento,3,0,0
2769363335,Morretes,Morretes,680000.0,68,10000.0,apartamento,2,0,0
2761035033,Morretes,Morretes,680000.0,80,8500.0,apartamento,2,0,0
2594917656,Jardim Praia Mar,Jardim Praiamar,680000.0,70,9714.285714285714,apartamento,2,0,0
2650934347,Meia Praia,Meia Praia,680000.0,45,15111.111111111111,apartamento,1,0,0
2714719965,Morretes,Morretes,680000.0,69,9855.072463768116,apartamento,2,0,0
2754166744,Sertão Do Trombudo,Sertão Do Trombudo,680000.0,62,10967.741935483871,apartamento,2,0,0
2764631729,Morretes,Morretes,680000.0,60,11333.333333333334,apartamento,2,0,0
2677490194,Morretes,Morretes,680000.0,85,8000.0,casa,2,0,0
2688822516,Morretes,Morretes,680000.0,70,9714.285714285714,apartamento,3,0,0
2765619467,Morretes,Morretes,680000.0,70,9714.285714285714,apartamento,2,0,0
2740938864,Morretes,Morretes,680000.0,70,9714.285714285714,apartamento,2,0,0
2656735520,Alto São Bento,Alto São Bento,680000.0,86,7906.976744186047,casa,3,0,0
2682225118,Casa Branca,Casa Branca,680000.0,70,9714.285714285714,apartamento,3,0,0
2769850184,Meia Praia,Meia Praia,679510.0,49,13867.551020408164,apartamento,1,0,0
2770030379,Alto São Bento,Alto São Bento,679490.0,70,9707.0,apartamento,2,0,0
2678319512,Morretes,Morretes,679000.0,67,10134.328358208955,apartamento,2,0,0
2749537102,Jardim Praia Mar,Jardim Praiamar,678564.0,70,9693.771428571428,apartamento,2,0,0
2627156154,Morretes,Morretes,678000.0,70,9685.714285714286,apartamento,2,0,0
2767924322,Tabuleiro dos Oliveiras,Tabuleiro dos Oliveiras,677000.0,69,9811.59420289855,apartamento,2,0,0
2652670153,Morretes,Morretes,677000.0,68,9955.882352941177,apartamento,2,0,0
2764631833,Morretes,Morretes,677000.0,70,9671.42857142857,apartamento,3,0,0
2736286105,Tabuleiro dos Oliveiras,Tabuleiro dos Oliveiras,677000.0,69,9811.59420289855,apartamento,3,0,0
2727686034,Morretes,Morretes,676630.0,70,9666.142857142857,apartamento,3,0,0
2740361621,Morretes,Morretes,676000.0,66,10242.424242424242,apartamento,2,0,0
2757199530,Morretes,Morretes,674000.0,69,9768.115942028986,apartamento,2,0,0
2631033182,Morretes,Morretes,674000.0,62,10870.967741935483,apartamento,2,0,0
2756820548,Morretes,Morretes,674000.0,68,9911.764705882353,apartamento,2,0,0
2562410210,Morretes,Morretes,673719.0,78,8637.423076923076,apartamento,2,0,0
2749653722,Alto São Bento,Alto São Bento,673400.0,68,9902.941176470587,apartamento,2,0,0
2764633823,Morretes,Morretes,670000.0,691,969.6092619392185,apartamento,2,0,0
2758342819,Morretes,Morretes,670000.0,58,11551.724137931034,apartamento,2,0,0
2763412716,Varzea,Varzea,670000.0,64,10468.75,apartamento,2,0,0
2555239242,Andorinha,Andorinha,670000.0,75,8933.333333333334,apartamento,1,0,0
2565062615,Morretes,Morretes,670000.0,90,7444.444444444444,casa,2,0,0
2564768087,Morretes,Morretes,670000.0,90,7444.444444444444,casa,2,0,0
2644817470,Meia Praia,Meia Praia,670000.0,70,9571.42857142857,apartamento,2,0,0
2600013655,Morretes,Morretes,670000.0,67,10000.0,apartamento,2,0,0
2557257980,Morretes,Morretes,670000.0,66,10151.515151515152,apartamento,2,0,0
2566093293,Morretes,Morretes,670000.0,90,7444.444444444444,casa,2,0,0
2720532653,Morretes,Morretes,669950.0,80,8374.375,apartamento,2,0,0
2754169202,Morretes,Morretes,669950.0,81,8270.987654320988,apartamento,2,0,0
2761794453,Alto São Bento,Alto São Bento,669000.0,69,9695.652173913044,apartamento,2,0,0
2560060559,Morretes,Morretes,669000.0,62,10790.322580645161,apartamento,2,0,0
2770024542,Tabuleiro dos Oliveiras,Tabuleiro dos Oliveiras,668570.0,60,11142.833333333334,apartamento,2,0,0
2566095401,Morretes,Morretes,665000.0,70,9500.0,apartamento,2,0,0
2740351936,Morretes,Morretes,665000.0,70,9500.0,apartamento,2,0,0
2564773700,Morretes,Morretes,665000.0,65,10230.76923076923,apartamento,2,0,0
2565058782,Morretes,Morretes,665000.0,70,9500.0,apartamento,2,0,0
2565205730,Morretes,Morretes,665000.0,70,9500.0,apartamento,2,0,0
2710851734,Morretes,Morretes,664000.0,62,10709.677419354839,apartamento,2,0,0
2740370895,Morretes,Morretes,664000.0,70,9485.714285714286,apartamento,3,0,0
2762825414,Alto São Bento,Alto São Bento,662560.0,60,11042.666666666666,apartamento,2,0,0
2594915073,Varzea,Varzea,662000.0,70,9457.142857142857,apartamento,2,0,0
2764220420,Tabuleiro dos Oliveiras,Tabuleiro dos Oliveiras,660000.0,60,11000.0,apartamento,2,0,0
2757661936,Morretes,Morretes,660000.0,70,9428.57142857143,apartamento,2,0,0
2767582386,Tabuleiro dos Oliveiras,Tabuleiro dos Oliveiras,660000.0,70,9428.57142857143,apartamento,2,0,0
2724083723,Morretes,Morretes,660000.0,66,10000.0,apartamento,2,0,0
2758628225,Tabuleiro dos Oliveiras,Tabuleiro dos Oliveiras,660000.0,61,10819.672131147541,apartamento,2,0,0
2760419235,Tabuleiro dos Oliveiras,Tabuleiro dos Oliveiras,660000.0,62,10645.161290322581,apartamento,2,0,0
2618844406,Tabuleiro dos Oliveiras,Tabuleiro dos Oliveiras,660000.0,70,9428.57142857143,apartamento,3,0,0
2646971218,Morretes,Morretes,660000.0,70,9428.57142857143,apartamento,2,0,0
2703746122,Morretes,Morretes,660000.0,70,9428.57142857143,apartamento,2,0,0
2740319593,Morretes,Morretes,660000.0,70,9428.57142857143,apartamento,2,0,0
2755058480,Tabuleiro dos Oliveiras,Tabuleiro dos Oliveiras,660000.0,60,11000.0,apartamento,2,0,0
2760097413,Centro,Centro,660000.0,61,10819.672131147541,apartamento,1,0,0
2550758386,Tabuleiro dos Oliveiras,Tabuleiro dos Oliveiras,660000.0,70,9428.57142857143,apartamento,2,0,0
2744834201,Casa Branca,Casa Branca,660000.0,70,9428.57142857143,apartamento,2,0,0
2681523497,Morretes,Morretes,660000.0,69,9565.217391304348,apartamento,2,0,0
2760158217,Centro,Centro,660000.0,61,10819.672131147541,apartamento,1,0,0
2768634231,,,660000.0,61,10819.672131147541,apartamento,2,0,0
2692635758,Morretes,Morretes,660000.0,70,9428.57142857143,apartamento,2,0,0
2766852132,Morretes,Morretes,659800.0,60,10996.666666666666,apartamento,2,0,0
2574648001,Meia Praia,Meia Praia,658440.0,40,16461.0,apartamento,1,0,0
2736814324,Morretes,Morretes,658000.0,70,9400.0,apartamento,2,0,0
2645728037,Jardim Praia Mar,Jardim Praiamar,657160.0,70,9388.0,apartamento,3,0,0
2749529607,Jardim Praia Mar,Jardim Praiamar,656240.0,69,9510.72463768116,apartamento,3,0,0
2559265713,Morretes,Morretes,655621.0,64,10244.078125,apartamento,2,0,0
2692570985,Morretes,Morretes,655500.0,63,10404.761904761905,apartamento,2,0,0
2767582002,Varzea,Varzea,655000.0,64,10234.375,apartamento,2,0,0
2766853315,Morretes,Morretes,654800.0,65,10073.846153846154,apartamento,2,0,0
2769473020,Morretes,Morretes,653410.0,68,9608.970588235294,apartamento,2,0,0
2560060466,Morretes,Morretes,652870.0,67,9744.328358208955,apartamento,2,0,0
2740318363,Jardim Praia Mar,Jardim Praiamar,652461.0,70,9320.871428571429,apartamento,3,0,0
2571205557,Jardim Praia Mar,Jardim Praiamar,652312.0,63,10354.15873015873,apartamento,2,0,0
2766855218,Morretes,Morretes,651800.0,63,10346.031746031746,apartamento,2,0,0
2656735634,Alto São Bento,Alto São Bento,651000.0,54,12055.555555555555,comercial,0,0,0
2766855228,Tabuleiro dos Oliveiras,Tabuleiro dos Oliveiras,650800.0,69,9431.884057971014,apartamento,2,0,0
2597750183,Morretes,Morretes,650001.0,69,9420.304347826086,apartamento,2,0,0
2694728748,Morretes,Morretes,650001.0,288,2256.9479166666665,terreno,0,0,0
2720737135,Morretes,Morretes,650000.0,64,10156.25,apartamento,2,0,0
2682082693,Morretes,Morretes,650000.0,264,2462.121212121212,terreno,0,0,0
2760221726,Centro,Centro,650000.0,60,10833.333333333334,apartamento,2,0,0
2728077631,Morretes,Morretes,650000.0,65,10000.0,apartamento,2,0,0
2763648542,Tabuleiro dos Oliveiras,Tabuleiro dos Oliveiras,650000.0,63,10317.460317460318,apartamento,2,0,0
2644959733,Morretes,Morretes,650000.0,283,2296.819787985866,terreno,0,0,0
2705440309,Casa Branca,Casa Branca,650000.0,93,6989.247311827957,casa,2,0,0
2693915132,Morretes,Morretes,650000.0,288,2256.9444444444443,terreno,0,0,0
2752640732,Tabuleiro dos Oliveiras,Tabuleiro dos Oliveiras,650000.0,60,10833.333333333334,apartamento,2,0,0
2611783694,Morretes,Morretes,650000.0,68,9558.823529411764,apartamento,2,0,0
2645187005,Morretes,Morretes,650000.0,264,2462.121212121212,terreno,0,0,0
2721108944,Morretes,Morretes,650000.0,288,2256.9444444444443,terreno,0,0,0
2560637309,Morretes,Morretes,650000.0,288,2256.9444444444443,terreno,0,0,0
2760097339,Centro,Centro,650000.0,60,10833.333333333334,apartamento,2,0,0
2700257634,Morretes,Morretes,650000.0,65,10000.0,apartamento,2,0,0
2732136113,Morretes,Morretes,650000.0,70,9285.714285714286,apartamento,2,0,0
2764022539,Morretes,Morretes,650000.0,89,7303.3707865168535,apartamento,3,0,0
2480057028,Centro,Centro,650000.0,40,16250.0,apartamento,1,0,0
2747203008,Morretes,Morretes,650000.0,70,9285.714285714286,apartamento,2,0,0
2682067697,Morretes,Morretes,650000.0,283,2296.819787985866,terreno,0,0,0
2728428431,Jardim Praia Mar,Jardim Praiamar,650000.0,65,10000.0,apartamento,2,0,0
2700575478,Morretes,Morretes,650000.0,264,2462.121212121212,terreno,0,0,0
2736890576,Tabuleiro dos Oliveiras,Tabuleiro dos Oliveiras,650000.0,63,10317.460317460318,apartamento,2,0,0
2560637144,Morretes,Morretes,650000.0,288,2256.9444444444443,terreno,0,0,0
2560637273,Morretes,Morretes,650000.0,288,2256.9444444444443,terreno,0,0,0
2682577040,Casa Branca,Casa Branca,650000.0,70,9285.714285714286,apartamento,2,0,0
2560637635,Morretes,Morretes,650000.0,288,2256.9444444444443,terreno,0,0,0
2728007452,Morretes,Morretes,650000.0,297,2188.5521885521885,terreno,0,0,0
2705721845,Morretes,Morretes,650000.0,65,10000.0,apartamento,2,0,0
2727575555,Morretes,Morretes,650000.0,297,2188.5521885521885,terreno,0,0,0
2689597241,Morretes,Morretes,650000.0,288,2256.9444444444443,terreno,0,0,0
2706476419,Castelo Branco,Castelo Branco,650000.0,75,8666.666666666666,apartamento,2,0,0
2560637366,Morretes,Morretes,650000.0,288,2256.9444444444443,terreno,0,0,0
2751985350,Tabuleiro dos Oliveiras,Tabuleiro dos Oliveiras,650000.0,60,10833.333333333334,apartamento,2,0,0
2737430028,Morretes,Morretes,650000.0,69,9420.289855072464,apartamento,2,0,0
2621566522,Morretes,Morretes,650000.0,70,9285.714285714286,apartamento,2,0,0
2560637000,Morretes,Morretes,650000.0,288,2256.9444444444443,terreno,0,0,0
2740915784,Morretes,Morretes,650000.0,60,10833.333333333334,apartamento,2,0,0
2560637634,Morretes,Morretes,650000.0,288,2256.9444444444443,terreno,0,0,0
2752504021,Meia Praia,Meia Praia,650000.0,40,16250.0,apartamento,1,0,0
2750502202,Morretes,Morretes,650000.0,288,2256.9444444444443,terreno,0,0,0
2746259694,Morretes,Morretes,650000.0,110,5909.090909090909,casa,2,0,0
2677491095,Morretes,Morretes,650000.0,283,2296.819787985866,terreno,0,0,0
2613519001,Morretes,Morretes,650000.0,67,9701.492537313432,apartamento,2,0,0
2721666437,Morretes,Morretes,650000.0,64,10156.25,apartamento,2,0,0
2714723207,Andorinha,Andorinha,650000.0,77,8441.558441558442,apartamento,2,0,0
2769150313,Jardim Praia Mar,Jardim Praiamar,650000.0,64,10156.25,apartamento,2,0,0
2761506470,Morretes,Morretes,650000.0,64,10156.25,apartamento,2,0,0
2701765503,Morretes,Morretes,650000.0,70,9285.714285714286,apartamento,2,0,0
2700574679,Morretes,Morretes,650000.0,288,2256.9444444444443,terreno,0,0,0
2763412621,Varzea,Varzea,650000.0,70,9285.714285714286,apartamento,2,0,0
2692570766,Casa Branca,Casa Branca,650000.0,80,8125.0,casa,3,0,0
2719039061,Jardim Praia Mar,Jardim Praiamar,650000.0,64,10156.25,apartamento,2,0,0
2710639195,Tabuleiro dos Oliveiras,Tabuleiro dos Oliveiras,650000.0,67,9701.492537313432,apartamento,2,0,0
2673068541,Morretes,Morretes,650000.0,70,9285.714285714286,casa,2,0,0
2646970880,Morretes,Morretes,650000.0,70,9285.714285714286,apartamento,2,0,0
2646969728,Morretes,Morretes,650000.0,72,9027.777777777777,apartamento,2,0,0
2703241339,Morretes,Morretes,650000.0,90,7222.222222222223,casa,2,0,0
2764632235,Morretes,Morretes,650000.0,66,9848.484848484848,apartamento,2,0,0
2598311479,Morretes,Morretes,650000.0,70,9285.714285714286,apartamento,2,0,0
2600725593,Morretes,Morretes,650000.0,69,9420.289855072464,apartamento,2,0,0
2689583420,Morretes,Morretes,650000.0,283,2296.819787985866,terreno,0,0,0
2656027791,Meia Praia,Meia Praia,650000.0,65,10000.0,apartamento,2,0,0
2745677036,Morretes,Morretes,650000.0,69,9420.289855072464,apartamento,2,0,0
2701901194,Morretes,Morretes,650000.0,70,9285.714285714286,casa,2,0,0
2740324799,Morretes,Morretes,650000.0,70,9285.714285714286,apartamento,2,0,0
2745680593,Morretes,Morretes,650000.0,110,5909.090909090909,casa,2,0,0
2749874117,Varzea,Varzea,650000.0,68,9558.823529411764,apartamento,2,0,0
2706252415,Morretes,Morretes,650000.0,65,10000.0,apartamento,2,0,0
2569333312,Morretes,Morretes,650000.0,65,10000.0,casa,2,0,0
2760158013,Centro,Centro,650000.0,60,10833.333333333334,apartamento,2,0,0
2696126805,Morretes,Morretes,650000.0,288,2256.9444444444443,terreno,0,0,0
2691776759,Morretes,Morretes,650000.0,80,8125.0,apartamento,2,0,0
2676663630,Morretes,Morretes,650000.0,66,9848.484848484848,apartamento,2,0,0
2476460689,Morretes,Morretes,650000.0,69,9420.289855072464,apartamento,2,0,0
2560637117,Morretes,Morretes,650000.0,288,2256.9444444444443,terreno,0,0,0
2749729840,Casa Branca,Casa Branca,650000.0,455,1428.5714285714287,terreno,0,0,0
2767583219,Castelo Branco,Castelo Branco,650000.0,85,7647.058823529412,apartamento,2,0,0
2694761812,Morretes,Morretes,650000.0,70,9285.714285714286,casa,2,0,0
2649967258,Morretes,Morretes,650000.0,64,10156.25,apartamento,2,0,0
2764895214,Itapema,Itapema,649895.0,69,9418.768115942028,apartamento,3,0,0
2770031278,Morretes,Morretes,649810.0,270,2406.703703703704,terreno,0,0,0
2766850721,Andorinha,Andorinha,649800.0,43,15111.627906976744,apartamento,1,0,0
2766853716,Varzea,Varzea,649800.0,70,9282.857142857143,apartamento,2,0,0
2770024408,Alto São Bento,Alto São Bento,649720.0,60,10828.666666666666,apartamento,2,0,0
2769840201,Morretes,Morretes,649650.0,67,9696.268656716418,apartamento,2,0,0
2754169609,Morretes,Morretes,649630.0,69,9414.927536231884,apartamento,2,0,0
2740881149,Morretes,Morretes,649630.0,68,9553.382352941177,apartamento,2,0,0
2746261400,Morretes,Morretes,649500.0,110,5904.545454545455,casa,2,0,0
2689593744,Morretes,Morretes,649500.0,80,8118.75,casa,3,0,0
2769180105,Morretes,Morretes,649340.0,61,10644.918032786885,apartamento,2,0,0
2770254037,Tabuleiro dos Oliveiras,Tabuleiro dos Oliveiras,649340.0,60,10822.333333333334,apartamento,2,0,0
2760744013,Meia Praia,Meia Praia,649220.0,67,9689.850746268658,apartamento,2,0,0
2769842396,Morretes,Morretes,649170.0,105,6182.571428571428,casa,3,0,0
2761484717,Morretes,Morretes,649020.0,77,8428.83116883117,apartamento,2,0,0
2743392492,Tabuleiro dos Oliveiras,Tabuleiro dos Oliveiras,649000.0,69,9405.797101449276,apartamento,2,0,0
2756065918,Morretes,Morretes,649000.0,68,9544.117647058823,apartamento,2,0,0
2770244720,Morretes,Morretes,649000.0,47,13808.510638297872,apartamento,1,0,0
2747203995,Morretes,Morretes,649000.0,66,9833.333333333334,apartamento,2,0,0
2748803916,Tabuleiro dos Oliveiras,Tabuleiro dos Oliveiras,649000.0,70,9271.42857142857,apartamento,2,0,0
2763499021,Tabuleiro dos Oliveiras,Tabuleiro dos Oliveiras,649000.0,69,9405.797101449276,apartamento,2,0,0
2769469835,Morretes,Morretes,648930.0,70,9270.42857142857,apartamento,3,0,0
2674728179,Morretes,Morretes,648000.0,62,10451.612903225807,apartamento,2,0,0
2752790994,Alto São Bento,Alto São Bento,647500.0,69,9384.057971014492,apartamento,2,0,0
2607405985,Morretes,Morretes,645000.0,73,8835.616438356165,apartamento,2,0,0
2634832363,Tabuleiro dos Oliveiras,Tabuleiro dos Oliveiras,645000.0,68,9485.29411764706,apartamento,2,0,0
2731155030,Jardim Praia Mar,Jardim Praiamar,643500.0,64,10054.6875,apartamento,2,0,0
2736815021,Morretes,Morretes,641186.0,69,9292.550724637682,apartamento,2,0,0
2652534564,Morretes,Morretes,641000.0,69,9289.855072463768,apartamento,3,0,0
2762266623,Morretes,Morretes,641000.0,70,9157.142857142857,apartamento,2,0,0
2634115178,Jardim Praia Mar,Jardim Praiamar,640923.0,67,9566.014925373134,apartamento,2,0,0
2749534294,Jardim Praia Mar,Jardim Praiamar,640640.0,70,9152.0,apartamento,2,0,0
2770103863,Morretes,Morretes,640200.0,68,9414.70588235294,apartamento,2,0,0
2729442754,Morretes,Morretes,640000.0,69,9275.36231884058,apartamento,2,0,0
2761331997,Morretes,Morretes,640000.0,65,9846.153846153846,apartamento,2,0,0
2611786500,Morretes,Morretes,640000.0,95,6736.8421052631575,casa,2,0,0
2763409837,Varzea,Varzea,640000.0,70,9142.857142857143,apartamento,2,0,0
2607159788,Morretes,Morretes,640000.0,95,6736.8421052631575,casa,2,0,0
2753757400,Morretes,Morretes,640000.0,68,9411.764705882353,apartamento,2,0,0
2573337525,Morretes,Morretes,640000.0,70,9142.857142857143,casa,2,0,0
2606897519,Tabuleiro dos Oliveiras,Tabuleiro dos Oliveiras,640000.0,70,9142.857142857143,apartamento,2,0,0
2718306376,Varzea,Varzea,640000.0,66,9696.969696969696,apartamento,2,0,0
2601284466,Morretes,Morretes,640000.0,95,6736.8421052631575,casa,2,0,0
2758866719,Morretes,Morretes,640000.0,66,9696.969696969696,apartamento,2,0,0
2766854217,Morretes,Morretes,634800.0,66,9618.181818181818,apartamento,2,0,0
2767583565,Varzea,Varzea,634177.0,70,9059.671428571428,apartamento,2,0,0
2769841525,Morretes,Morretes,633390.0,65,9744.461538461539,apartamento,2,0,0
2766853228,Morretes,Morretes,632800.0,70,9040.0,apartamento,2,0,0
2736157331,Meia Praia,Meia Praia,632000.0,58,10896.551724137931,apartamento,1,0,0
2701235709,Morretes,Morretes,630001.0,100,6300.01,casa,3,0,0
2633099563,Alto São Bento,Alto São Bento,630000.0,60,10500.0,apartamento,2,0,0
2655111502,Morretes,Morretes,630000.0,306,2058.823529411765,terreno,0,0,0
2702951379,Morretes,Morretes,630000.0,100,6300.0,apartamento,3,0,0
2694762132,Morretes,Morretes,630000.0,306,2058.823529411765,terreno,0,0,0
2694434711,Morretes,Morretes,630000.0,85,7411.764705882353,casa,2,0,0
2765062364,Sertão do Trombudo,Sertão Do Trombudo,630000.0,300,2100.0,terreno,1,0,0
2769150314,Casa Branca,Casa Branca,630000.0,69,9130.434782608696,apartamento,2,0,0
2667618909,Jardim Praia Mar,Jardim Praiamar,630000.0,62,10161.290322580646,apartamento,2,0,0
2684061042,Morretes,Morretes,630000.0,95,6631.578947368421,casa,2,0,0
2710300697,Jardim Praia Mar,Jardim Praiamar,630000.0,61,10327.868852459016,apartamento,2,0,0
2715163811,Jardim Praia Mar,Jardim Praiamar,630000.0,63,10000.0,apartamento,2,0,0
2611298015,Casa Branca,Casa Branca,630000.0,69,9130.434782608696,apartamento,2,0,0
2662034417,Morretes,Morretes,630000.0,70,9000.0,apartamento,2,0,0
2736331867,Alto São Bento,Alto São Bento,630000.0,62,10161.290322580646,apartamento,2,0,0
2656857529,Morretes,Morretes,630000.0,283,2226.1484098939927,terreno,0,0,0
2748545489,Jardim Praia Mar,Jardim Praiamar,630000.0,70,9000.0,apartamento,2,0,0
2562219663,Morretes,Morretes,630000.0,80,7875.0,apartamento,2,0,0
2694434718,Morretes,Morretes,630000.0,283,2226.1484098939927,terreno,0,0,0
2606898685,Morretes,Morretes,630000.0,69,9130.434782608696,apartamento,2,0,0
2729444031,Morretes,Morretes,630000.0,68,9264.70588235294,apartamento,2,0,0
2692571253,Meia Praia,Meia Praia,630000.0,70,9000.0,apartamento,2,0,0
2723560696,Morretes,Morretes,630000.0,70,9000.0,apartamento,2,0,0
2511793025,Varzea,Varzea,630000.0,70,9000.0,apartamento,2,0,0
2766342914,Jardim Praia Mar,Jardim Praiamar,630000.0,69,9130.434782608696,apartamento,2,0,0
2764220513,Morretes,Morretes,630000.0,93,6774.193548387097,casa,3,0,0
2592527426,Morretes,Morretes,630000.0,66,9545.454545454546,apartamento,2,0,0
2678336797,Morretes,Morretes,630000.0,306,2058.823529411765,terreno,0,0,0
2590819917,Meia Praia,Meia Praia,630000.0,84,7500.0,apartamento,2,0,0
2693899243,Morretes,Morretes,630000.0,95,6631.578947368421,casa,2,0,0
2724150851,Morretes,Morretes,630000.0,70,9000.0,apartamento,3,0,0
2682280613,Morretes,Morretes,630000.0,283,2226.1484098939927,terreno,0,0,0
2637495198,Morretes,Morretes,629000.0,100,6290.0,casa,3,0,0
2747200733,Morretes,Morretes,629000.0,59,10661.016949152543,apartamento,2,0,0
2766852434,Morretes,Morretes,628800.0,70,8982.857142857143,apartamento,2,0,0
2574581774,Morretes,Morretes,628000.0,74,8486.486486486487,apartamento,2,0,0
2685613539,Jardim Praia Mar,Jardim Praiamar,627296.0,70,8961.371428571429,apartamento,2,0,0
2740283759,,,627000.0,67,9358.208955223881,apartamento,2,0,0
2754169610,Morretes,Morretes,626113.0,70,8944.471428571429,apartamento,2,0,0
2769841107,Alto São Bento,Alto São Bento,626070.0,88,7114.431818181818,casa,2,0,0
2719904446,Morretes,Morretes,626000.0,71,8816.901408450703,apartamento,3,0,0
2721918471,Morretes,Morretes,626000.0,70,8942.857142857143,apartamento,3,0,0
2740881426,Morretes,Morretes,625652.0,61,10256.590163934427,apartamento,2,0,0
2754164490,Morretes,Morretes,625652.0,62,10091.161290322581,apartamento,2,0,0
2753172975,Morretes,Morretes,625001.0,275,2272.730909090909,terreno,0,0,0
2752516994,Morretes,Morretes,625000.0,275,2272.7272727272725,terreno,0,0,0
2758480014,Morretes,Morretes,625000.0,275,2272.7272727272725,terreno,0,0,0
2765081813,Morretes,Morretes,625000.0,275,2272.7272727272725,terreno,0,0,0
2762643152,Casa Branca,Casa Branca,624000.0,70,8914.285714285714,apartamento,2,0,0
2556840751,Morretes,Morretes,624000.0,70,8914.285714285714,apartamento,2,0,0
2767584326,Morretes,Morretes,622100.0,62,10033.870967741936,apartamento,2,0,0
2560637277,Morretes,Morretes,620002.0,74,8378.405405405405,apartamento,2,0,0
2560637379,Morretes,Morretes,620001.0,74,8378.391891891892,apartamento,2,0,0
2561691788,Morretes,Morretes,620000.0,74,8378.378378378378,apartamento,2,0,0
2560637084,Morretes,Morretes,620000.0,74,8378.378378378378,apartamento,2,0,0
2750289675,Morretes,Morretes,620000.0,70,8857.142857142857,apartamento,2,0,0
2664461018,Varzea,Varzea,620000.0,65,9538.461538461539,apartamento,2,0,0
2678337794,Morretes,Morretes,620000.0,70,8857.142857142857,apartamento,2,0,0
2692570769,Morretes,Morretes,620000.0,74,8378.378378378378,apartamento,2,0,0
2560637335,Morretes,Morretes,620000.0,85,7294.117647058823,casa,2,0,0
2720583348,Morretes,Morretes,620000.0,65,9538.461538461539,apartamento,2,0,0
2769724284,Alto São Bento,Alto São Bento,620000.0,90,6888.888888888889,casa,2,0,0
2565205406,Morretes,Morretes,620000.0,70,8857.142857142857,apartamento,2,0,0
2688743819,Morretes,Morretes,620000.0,70,8857.142857142857,apartamento,2,0,0
2560637511,Morretes,Morretes,620000.0,74,8378.378378378378,apartamento,2,0,0
2562405409,Morretes,Morretes,620000.0,88,7045.454545454545,casa,2,0,0
2564695386,Morretes,Morretes,620000.0,88,7045.454545454545,casa,2,0,0
2565059371,Morretes,Morretes,620000.0,70,8857.142857142857,apartamento,2,0,0
2682578658,Morretes,Morretes,620000.0,74,8378.378378378378,apartamento,2,0,0
2753205894,Morretes,Morretes,620000.0,70,8857.142857142857,apartamento,2,0,0
2510252673,Varzea,Varzea,620000.0,70,8857.142857142857,apartamento,2,0,0
2564695181,Morretes,Morretes,620000.0,70,8857.142857142857,apartamento,2,0,0
2617107696,Morretes,Morretes,620000.0,64,9687.5,apartamento,2,0,0
2564619313,Morretes,Morretes,620000.0,70,8857.142857142857,apartamento,2,0,0
2769704665,Centro,Centro,620000.0,89,6966.29213483146,apartamento,2,0,0
2767583921,Varzea,Varzea,620000.0,70,8857.142857142857,apartamento,2,0,0
2562206883,Morretes,Morretes,620000.0,88,7045.454545454545,casa,2,0,0
2560637688,Morretes,Morretes,620000.0,85,7294.117647058823,casa,2,0,0
2564214078,Morretes,Morretes,620000.0,88,7045.454545454545,casa,2,0,0
2560637625,Morretes,Morretes,620000.0,74,8378.378378378378,apartamento,2,0,0
2560635244,Morretes,Morretes,620000.0,74,8378.378378378378,apartamento,2,0,0
2764631650,Alto São Bento,Alto São Bento,620000.0,60,10333.333333333334,apartamento,2,0,0
2764402647,Alto São Bento,Alto São Bento,619230.0,90,6880.333333333333,casa,2,0,0
2769476415,Alto São Bento,Alto São Bento,618710.0,69,8966.811594202898,apartamento,2,0,0
2694372778,Morretes,Morretes,618001.0,70,8828.585714285715,apartamento,2,0,0
2581736932,Morretes,Morretes,618000.0,70,8828.57142857143,apartamento,2,0,0
2699586564,Morretes,Morretes,618000.0,70,8828.57142857143,apartamento,2,0,0
2576702058,Morretes,Morretes,618000.0,70,8828.57142857143,apartamento,2,0,0
2769149732,Andorinha,Andorinha,617412.0,43,14358.418604651162,apartamento,1,0,0
2764007013,Meia Praia,Meia Praia,617000.0,43,14348.837209302326,apartamento,1,0,0
2764007014,Meia Praia,Meia Praia,617000.0,43,14348.837209302326,apartamento,1,0,0
2583687976,Morretes,Morretes,615000.0,74,8310.81081081081,apartamento,2,0,0
2675654608,Morretes,Morretes,615000.0,74,8310.81081081081,apartamento,2,0,0
2636803922,Morretes,Morretes,615000.0,70,8785.714285714286,apartamento,2,0,0
2735747819,Morretes,Morretes,613000.0,63,9730.15873015873,apartamento,2,0,0
2769535742,Morretes,Morretes,613000.0,51,12019.607843137255,comercial,0,0,0
2719904358,Morretes,Morretes,612000.0,71,8619.718309859154,apartamento,3,0,0
2641898491,Morretes,Morretes,610200.0,69,8843.478260869566,apartamento,3,0,0
2710044482,Morretes,Morretes,610000.0,65,9384.615384615385,apartamento,2,0,0
2767581643,Varzea,Varzea,610000.0,70,8714.285714285714,apartamento,2,0,0
2684709395,Morretes,Morretes,610000.0,84,7261.9047619047615,casa,2,0,0
2766340122,Meia Praia,Meia Praia,606000.0,45,13466.666666666666,apartamento,1,0,0
2723097724,Varzea,Varzea,605150.0,69,8770.289855072464,apartamento,2,0,0
2767584414,Morretes,Morretes,604600.0,69,8762.31884057971,apartamento,2,0,0
2723101321,Morretes,Morretes,604500.0,69,8760.869565217392,apartamento,3,0,0
2721916572,Morretes,Morretes,602202.0,70,8602.885714285714,apartamento,3,0,0
2719900141,Morretes,Morretes,602202.0,71,8481.718309859154,apartamento,3,0,0
2632683754,Morretes,Morretes,600944.0,65,9245.292307692307,apartamento,2,0,0
2766853938,Varzea,Varzea,600300.0,69,8700.0,apartamento,2,0,0
2554913096,Morretes,Morretes,600000.0,60,10000.0,apartamento,2,0,0
2760266628,Morretes,Morretes,600000.0,68,8823.529411764706,apartamento,2,0,0
2745230102,Jardim Praia Mar,Jardim Praiamar,600000.0,67,8955.223880597016,apartamento,2,0,0
2699297477,Morretes,Morretes,600000.0,60,10000.0,apartamento,2,0,0
2732555744,Morretes,Morretes,600000.0,315,1904.7619047619048,terreno,0,0,0
2767583935,Morretes,Morretes,600000.0,56,10714.285714285714,apartamento,2,0,0
2767581951,Morretes,Morretes,600000.0,41,14634.146341463415,apartamento,1,0,0
2560636981,Morretes,Morretes,600000.0,95,6315.789473684211,casa,2,0,0
2769421513,Centro,Centro,600000.0,140,4285.714285714285,casa,2,0,0
2692570767,Morretes,Morretes,600000.0,64,9375.0,apartamento,2,0,0
2716658735,Centro,Centro,600000.0,28,21428.571428571428,apartamento,1,0,0
2631787851,Morretes,Morretes,600000.0,106,5660.377358490566,casa,2,0,0
2734697721,Morretes,Morretes,600000.0,70,8571.42857142857,apartamento,2,0,0
2735685891,Morretes,Morretes,600000.0,315,1904.7619047619048,terreno,0,0,0
2569455788,Morretes,Morretes,600000.0,66,9090.90909090909,apartamento,2,0,0
2533116051,Morretes,Morretes,600000.0,55,10909.09090909091,apartamento,1,0,0
2763131488,Morretes,Morretes,600000.0,252,2380.9523809523807,terreno,0,0,0
2582079670,Morretes,Morretes,600000.0,70,8571.42857142857,apartamento,2,0,0
2560637623,Morretes,Morretes,600000.0,95,6315.789473684211,casa,2,0,0
2755686223,Casa Branca,Casa Branca,599760.0,110,5452.363636363636,casa,3,0,0
2719037942,Jardim Praia Mar,Jardim Praiamar,599000.0,64,9359.375,apartamento,2,0,0
2763479314,Morretes,Morretes,599000.0,70,8557.142857142857,apartamento,2,0,0
2754168917,Morretes,Morretes,599000.0,71,8436.61971830986,apartamento,2,0,0
2737846430,Morretes,Morretes,599000.0,68,8808.823529411764,apartamento,2,0,0
2701902573,Centro,Centro,599000.0,78,7679.48717948718,casa,2,0,0
2671186923,Centro,Centro,599000.0,78,7679.48717948718,casa,2,0,0
2613514328,Jardim Praia Mar,Jardim Praiamar,598000.0,60,9966.666666666666,apartamento,2,0,0
2684179748,Sertão do Trombudo,Sertão Do Trombudo,598000.0,628,952.2292993630573,terreno,0,0,0
2747203598,Morretes,Morretes,598000.0,52,11500.0,comercial,0,0,0
2729035141,Morretes,Morretes,598000.0,52,11500.0,comercial,0,0,0
2767891021,Casa Branca,Casa Branca,598000.0,70,8542.857142857143,apartamento,2,0,0
2763194535,Varzea,Varzea,596929.0,70,8527.557142857142,apartamento,2,0,0
2764740721,Alto São Bento,Alto São Bento,595226.0,67,8883.970149253732,apartamento,2,0,0
2560637675,Morretes,Morretes,595001.0,80,7437.5125,casa,2,0,0
2560636995,Morretes,Morretes,595001.0,74,8040.554054054054,casa,2,0,0
2764895317,Andorinha,Andorinha,595000.0,45,13222.222222222223,apartamento,1,0,0
2560637072,Morretes,Morretes,595000.0,80,7437.5,casa,2,0,0
2560637468,Morretes,Morretes,595000.0,74,8040.540540540541,casa,2,0,0
2746707030,Casa Branca,Casa Branca,595000.0,300,1983.3333333333333,terreno,0,0,0
2740205521,Casa Branca,Casa Branca,595000.0,300,1983.3333333333333,terreno,0,0,0
2754168743,Morretes,Morretes,594000.0,69,8608.695652173914,apartamento,2,0,0
2727128545,Morretes,Morretes,594000.0,68,8735.29411764706,apartamento,2,0,0
2751886239,,,592259.0,64,9254.046875,casa,2,0,0
2569298355,Meia Praia,Meia Praia,592000.0,40,14800.0,apartamento,1,0,0
2701236582,Morretes,Morretes,590001.0,85,6941.1882352941175,casa,2,0,0
2560636988,Morretes,Morretes,590001.0,85,6941.1882352941175,casa,2,0,0
2565064146,Morretes,Morretes,590000.0,90,6555.555555555556,casa,2,0,0
2560637502,Morretes,Morretes,590000.0,85,6941.176470588235,casa,2,0,0
2564476203,Morretes,Morretes,590000.0,90,6555.555555555556,casa,2,0,0
2694722275,Morretes,Morretes,590000.0,85,6941.176470588235,casa,2,0,0
2723210392,Morretes,Morretes,590000.0,100,5900.0,apartamento,2,0,0
2636601667,Morretes,Morretes,590000.0,62,9516.129032258064,apartamento,1,0,0
2560637687,Morretes,Morretes,590000.0,85,6941.176470588235,casa,2,0,0
2723877739,Morretes,Morretes,590000.0,73,8082.191780821918,apartamento,2,0,0
2560637740,Morretes,Morretes,590000.0,85,6941.176470588235,casa,2,0,0
2618380272,Morretes,Morretes,590000.0,70,8428.57142857143,apartamento,2,0,0
2660940766,Morretes,Morretes,590000.0,70,8428.57142857143,apartamento,2,0,0
2564696097,Morretes,Morretes,590000.0,90,6555.555555555556,casa,2,0,0
2563579258,Morretes,Morretes,590000.0,90,6555.555555555556,casa,2,0,0
2769652014,Morretes,Morretes,590000.0,69,8550.72463768116,apartamento,2,0,0
2744697119,Morretes,Morretes,590000.0,69,8550.72463768116,apartamento,2,0,0
2760097340,Andorinha,Andorinha,590000.0,89,6629.213483146067,casa,2,0,0
2693871686,Morretes,Morretes,590000.0,85,6941.176470588235,casa,2,0,0
2560636979,Morretes,Morretes,590000.0,90,6555.555555555556,casa,2,0,0
2702952377,Morretes,Morretes,590000.0,85,6941.176470588235,casa,2,0,0
2732470663,Morretes,Morretes,590000.0,87,6781.609195402299,casa,2,0,0
2709505619,Morretes,Morretes,590000.0,77,7662.337662337663,casa,2,0,0
2763648032,Morretes,Morretes,590000.0,76,7763.1578947368425,casa,2,0,0
2760155923,Andorinha,Andorinha,590000.0,89,6629.213483146067,casa,2,0,0
2769150916,Morretes,Morretes,590000.0,36,16388.88888888889,apartamento,1,0,0
2564215473,Morretes,Morretes,590000.0,90,6555.555555555556,casa,2,0,0
2747203496,Morretes,Morretes,590000.0,37,15945.945945945947,apartamento,1,0,0
2760224222,Andorinha,Andorinha,590000.0,89,6629.213483146067,casa,2,0,0
2692600338,Morretes,Morretes,589900.0,69,8549.27536231884,apartamento,2,0,0
2769753968,Morretes,Morretes,589850.0,72,8192.361111111111,apartamento,2,0,0
2769185218,Morretes,Morretes,589280.0,72,8184.444444444444,apartamento,2,0,0
2749994425,Morretes,Morretes,589110.0,89,6619.213483146067,casa,2,0,0
2673990651,Jardim Praia Mar,Jardim Praiamar,589100.0,64,9204.6875,apartamento,2,0,0
2770024638,Morretes,Morretes,589080.0,87,6771.0344827586205,casa,2,0,0
2769472141,Morretes,Morretes,589050.0,87,6770.689655172414,casa,2,0,0
2620152150,Jardim Praia Mar,Jardim Praiamar,589000.0,60,9816.666666666666,apartamento,2,0,0
2643991983,Jardim Praia Mar,Jardim Praiamar,589000.0,64,9203.125,apartamento,2,0,0
2743252048,Jardim Praia Mar,Jardim Praiamar,589000.0,64,9203.125,apartamento,2,0,0
2750109109,Morretes,Morretes,586000.0,60,9766.666666666666,apartamento,2,0,0
2744978796,Morretes,Morretes,585000.0,70,8357.142857142857,apartamento,2,0,0
2661819986,Varzea,Varzea,585000.0,120,4875.0,casa,3,0,0
2719904847,Varzea,Varzea,585000.0,121,4834.710743801653,casa,3,0,0
2692570990,Morretes,Morretes,585000.0,66,8863.636363636364,apartamento,2,0,0
2560637099,Morretes,Morretes,584001.0,74,7891.905405405405,casa,2,0,0
2560637479,Morretes,Morretes,584000.0,74,7891.891891891892,casa,2,0,0
2750962200,Jardim Praia Mar,Jardim Praiamar,582500.0,64,9101.5625,apartamento,2,0,0
2729166624,Alto São Bento,Alto São Bento,581000.0,69,8420.289855072464,apartamento,2,0,0
2766854829,Morretes,Morretes,580400.0,70,8291.42857142857,apartamento,3,0,0
2560637228,Morretes,Morretes,580002.0,80,7250.025,casa,2,0,0
2560637441,Morretes,Morretes,580001.0,80,7250.0125,casa,2,0,0
2560637574,Morretes,Morretes,580001.0,80,7250.0125,casa,2,0,0
2607855783,Morretes,Morretes,580000.0,51,11372.549019607843,apartamento,2,0,0
2560637705,Morretes,Morretes,580000.0,90,6444.444444444444,casa,2,0,0
2560637571,Morretes,Morretes,580000.0,74,7837.8378378378375,apartamento,2,0,0
2560637299,Morretes,Morretes,580000.0,80,7250.0,casa,2,0,0
2692568194,Morretes,Morretes,580000.0,74,7837.8378378378375,casa,2,0,0
2688741536,Morretes,Morretes,580000.0,75,7733.333333333333,apartamento,2,0,0
2560637664,Morretes,Morretes,580000.0,74,7837.8378378378375,casa,2,0,0
2560637342,Morretes,Morretes,580000.0,90,6444.444444444444,casa,2,0,0
2564694607,Morretes,Morretes,580000.0,75,7733.333333333333,apartamento,2,0,0
2770364939,Morretes,Morretes,580000.0,60,9666.666666666666,apartamento,2,0,0
2560636969,Morretes,Morretes,580000.0,70,8285.714285714286,apartamento,2,0,0
2560637286,Morretes,Morretes,580000.0,70,8285.714285714286,apartamento,2,0,0
2560637582,Morretes,Morretes,580000.0,80,7250.0,casa,2,0,0
2560637668,Morretes,Morretes,580000.0,70,8285.714285714286,apartamento,2,0,0
2738794352,Morretes,Morretes,580000.0,270,2148.1481481481483,terreno,0,0,0
2764832432,Andorinha,Andorinha,580000.0,70,8285.714285714286,apartamento,2,0,0
2740907882,Morretes,Morretes,580000.0,70,8285.714285714286,apartamento,3,0,0
2732106895,Tabuleiro dos Oliveiras,Tabuleiro dos Oliveiras,580000.0,71,8169.014084507042,apartamento,2,0,0
2560637361,Morretes,Morretes,580000.0,80,7250.0,casa,2,0,0
2560637207,Morretes,Morretes,580000.0,70,8285.714285714286,apartamento,2,0,0
2560636955,Morretes,Morretes,580000.0,70,8285.714285714286,apartamento,2,0,0
2745678245,Tabuleiro dos Oliveiras,Tabuleiro dos Oliveiras,580000.0,67,8656.716417910447,apartamento,2,0,0
2561569266,Morretes,Morretes,580000.0,74,7837.8378378378375,apartamento,2,0,0
2560637689,Morretes,Morretes,580000.0,80,7250.0,casa,2,0,0
2694372857,Morretes,Morretes,580000.0,74,7837.8378378378375,apartamento,2,0,0
2643109501,Morretes,Morretes,580000.0,50,11600.0,apartamento,2,0,0
2560637655,Morretes,Morretes,580000.0,80,7250.0,casa,2,0,0
2699266734,Morretes,Morretes,580000.0,70,8285.714285714286,apartamento,2,0,0
2633691467,Tabuleiro dos Oliveiras,Tabuleiro dos Oliveiras,580000.0,65,8923.076923076924,apartamento,2,0,0
2560637037,Morretes,Morretes,580000.0,80,7250.0,casa,2,0,0
2560636980,Morretes,Morretes,580000.0,70,8285.714285714286,apartamento,2,0,0
2744179758,Morretes,Morretes,580000.0,75,7733.333333333333,casa,2,0,0
2560637735,Morretes,Morretes,580000.0,70,8285.714285714286,apartamento,2,0,0
2560636986,Morretes,Morretes,580000.0,90,6444.444444444444,casa,2,0,0
2678339346,Morretes,Morretes,580000.0,75,7733.333333333333,apartamento,2,0,0
2769850382,Morretes,Morretes,579760.0,69,8402.31884057971,apartamento,2,0,0
2769843255,Morretes,Morretes,579670.0,117,4954.444444444444,casa,3,0,0
2768971530,Alto São Bento,Alto São Bento,579660.0,70,8280.857142857143,casa,2,0,0
2746550519,Morretes,Morretes,579000.0,70,8271.42857142857,casa,2,0,0
2740369413,Morretes,Morretes,576431.0,53,10876.056603773584,apartamento,2,0,0
2713980062,Morretes,Morretes,575712.0,65,8857.107692307693,apartamento,2,0,0
2767582255,Morretes,Morretes,575000.0,85,6764.705882352941,apartamento,3,0,0
2593921424,Varzea,Varzea,574000.0,70,8200.0,apartamento,2,0,0
2729166725,Morretes,Morretes,574000.0,69,8318.840579710144,apartamento,3,0,0
2763593920,Morretes,Morretes,572070.0,53,10793.77358490566,apartamento,2,0,0
2714533420,Morretes,Morretes,571143.0,53,10776.283018867925,apartamento,2,0,0
2591359414,Jardim Praia Mar,Jardim Praiamar,570010.0,69,8261.014492753624,apartamento,2,0,0
2569302095,Alto São Bento,Alto São Bento,570000.0,69,8260.869565217392,apartamento,2,0,0
2560637404,Morretes,Morretes,570000.0,90,6333.333333333333,casa,2,0,0
2739620965,Morretes,Morretes,570000.0,69,8260.869565217392,apartamento,2,0,0
2560637062,Morretes,Morretes,570000.0,80,7125.0,casa,2,0,0
2560637477,Morretes,Morretes,570000.0,90,6333.333333333333,casa,2,0,0
2560637096,Morretes,Morretes,570000.0,90,6333.333333333333,casa,2,0,0
2560637657,Morretes,Morretes,570000.0,80,7125.0,casa,2,0,0
2560637475,Morretes,Morretes,570000.0,80,7125.0,casa,2,0,0
2560637566,Morretes,Morretes,570000.0,90,6333.333333333333,casa,2,0,0
2740939372,Morretes,Morretes,570000.0,69,8260.869565217392,apartamento,2,0,0
2769758443,Morretes,Morretes,569610.0,85,6701.294117647059,apartamento,3,0,0
2769472515,Morretes,Morretes,569390.0,69,8252.028985507246,apartamento,2,0,0
2769848995,Morretes,Morretes,569130.0,115,4948.95652173913,casa,3,0,0
2744695933,Alto São Bento,Alto São Bento,568888.0,69,8244.753623188406,apartamento,2,0,0
2736815025,Morretes,Morretes,568608.0,66,8615.272727272728,apartamento,2,0,0
2754146101,Morretes,Morretes,568000.0,69,8231.884057971014,apartamento,2,0,0
2656908780,Jardim Praia Mar,Jardim Praiamar,564000.0,64,8812.5,apartamento,2,0,0
2655988158,Jardim Praia Mar,Jardim Praiamar,563500.0,64,8804.6875,apartamento,2,0,0
2718961434,Jardim Praia Mar,Jardim Praiamar,563400.0,64,8803.125,apartamento,2,0,0
2669679707,Morretes,Morretes,560000.0,59,9491.525423728814,apartamento,2,0,0
2560637695,Morretes,Morretes,560000.0,90,6222.222222222223,casa,2,0,0
2711114712,Centro,Centro,560000.0,70,8000.0,apartamento,2,0,0
2671622394,Alto São Bento,Alto São Bento,560000.0,552,1014.4927536231884,terreno,0,0,0
2661363565,Morretes,Morretes,560000.0,95,5894.736842105263,apartamento,2,0,0
2763091014,Morretes,Morretes,560000.0,43,13023.255813953489,apartamento,1,0,0
2675050830,Casa Branca,Casa Branca,560000.0,68,8235.29411764706,apartamento,2,0,0
2560637339,Morretes,Morretes,560000.0,90,6222.222222222223,casa,2,0,0
2751584198,Morretes,Morretes,558001.0,43,12976.767441860466,apartamento,1,0,0
2757853413,Morretes,Morretes,558000.0,43,12976.744186046511,apartamento,1,0,0
2765068428,Morretes,Morretes,558000.0,43,12976.744186046511,apartamento,1,0,0
2753173272,Morretes,Morretes,558000.0,43,12976.744186046511,apartamento,1,0,0
2768686916,Meia Praia,Meia Praia,557957.0,40,13948.925,apartamento,1,0,0
2731890618,Morretes,Morretes,557607.0,46,12121.891304347826,apartamento,1,0,0
2720891534,Sertão do Trombudo,Sertão Do Trombudo,557000.0,117,4760.683760683761,casa,2,0,0
2718970637,Sertão do Trombudo,Sertão Do Trombudo,557000.0,117,4760.683760683761,casa,2,0,0
2737030930,Morretes,Morretes,550002.0,288,1909.7291666666667,terreno,0,0,0
2560637205,Morretes,Morretes,550002.0,70,7857.171428571429,apartamento,2,0,0
2560637284,Morretes,Morretes,550001.0,70,7857.157142857143,apartamento,2,0,0
2735685063,Morretes,Morretes,550001.0,288,1909.7256944444443,terreno,0,0,0
2560637227,Morretes,Morretes,550001.0,75,7333.346666666666,casa,2,0,0
2560637439,Morretes,Morretes,550001.0,70,7857.157142857143,casa,2,0,0
2560637674,Morretes,Morretes,550000.0,70,7857.142857142857,casa,2,0,0
2558703395,,,550000.0,100,5500.0,apartamento,2,0,0
2740358908,Morretes,Morretes,550000.0,68,8088.235294117647,apartamento,2,0,0
2564211149,Morretes,Morretes,550000.0,85,6470.588235294118,casa,2,0,0
2560637343,Morretes,Morretes,550000.0,70,7857.142857142857,casa,2,0,0
2560637754,Morretes,Morretes,550000.0,90,6111.111111111111,casa,2,0,0
2560637307,Morretes,Morretes,550000.0,90,6111.111111111111,casa,2,0,0
2761510113,Morretes,Morretes,550000.0,70,7857.142857142857,casa,2,0,0
2560637575,Morretes,Morretes,550000.0,90,6111.111111111111,casa,3,0,0
2678053982,Morretes,Morretes,550000.0,85,6470.588235294118,casa,2,0,0
2694439597,Morretes,Morretes,550000.0,70,7857.142857142857,casa,2,0,0
2560637596,Morretes,Morretes,550000.0,70,7857.142857142857,casa,2,0,0
2694376912,Morretes,Morretes,550000.0,85,6470.588235294118,casa,2,0,0
2759437914,Morretes,Morretes,550000.0,68,8088.235294117647,apartamento,2,0,0
2610107088,Alto São Bento,Alto São Bento,550000.0,57,9649.122807017544,apartamento,2,0,0
2728228689,Alto São Bento,Alto São Bento,550000.0,69,7971.014492753623,casa,2,0,0
2660284823,Morretes,Morretes,550000.0,76,7236.8421052631575,casa,2,0,0
2560636966,Morretes,Morretes,550000.0,70,7857.142857142857,apartamento,2,0,0
2673390896,Morretes,Morretes,550000.0,70,7857.142857142857,casa,2,0,0
2560637216,Morretes,Morretes,550000.0,74,7432.4324324324325,casa,2,0,0
2560636982,Morretes,Morretes,550000.0,90,6111.111111111111,casa,2,0,0
2560637199,Morretes,Morretes,550000.0,70,7857.142857142857,casa,2,0,0
2678340832,Morretes,Morretes,550000.0,75,7333.333333333333,casa,2,0,0
2560637709,Morretes,Morretes,550000.0,75,7333.333333333333,casa,2,0,0
2560637690,Morretes,Morretes,550000.0,90,6111.111111111111,casa,3,0,0
2682738365,Morretes,Morretes,550000.0,76,7236.8421052631575,casa,2,0,0
2745326834,,,550000.0,106,5188.679245283019,casa,3,0,0
2740905674,Sertão do Trombudo,Sertão Do Trombudo,550000.0,90,6111.111111111111,casa,2,0,0
2560637301,Morretes,Morretes,550000.0,70,7857.142857142857,casa,2,0,0
2560637753,Morretes,Morretes,550000.0,74,7432.4324324324325,casa,2,0,0
2560637514,Morretes,Morretes,550000.0,70,7857.142857142857,apartamento,2,0,0
2560637756,Morretes,Morretes,550000.0,75,7333.333333333333,casa,2,0,0
2560637300,Morretes,Morretes,550000.0,90,6111.111111111111,casa,3,0,0
2560637376,Morretes,Morretes,550000.0,74,7432.4324324324325,casa,2,0,0
2560636990,Morretes,Morretes,550000.0,70,7857.142857142857,casa,2,0,0
2736688518,Morretes,Morretes,550000.0,68,8088.235294117647,apartamento,2,0,0
2560637387,Morretes,Morretes,550000.0,75,7333.333333333333,casa,2,0,0
2757947760,Centro,Centro,550000.0,85,6470.588235294118,apartamento,2,0,0
2560637416,Morretes,Morretes,550000.0,88,6250.0,casa,2,0,0
2560637706,Morretes,Morretes,550000.0,88,6250.0,casa,2,0,0
2763992914,Morretes,Morretes,550000.0,66,8333.333333333334,apartamento,2,0,0
2560637739,Morretes,Morretes,550000.0,88,6250.0,casa,2,0,0
2613519000,Morretes,Morretes,550000.0,67,8208.955223880597,apartamento,2,0,0
2757882913,Centro,Centro,550000.0,85,6470.588235294118,apartamento,2,0,0
2694377824,Morretes,Morretes,550000.0,75,7333.333333333333,casa,2,0,0
2560637568,Morretes,Morretes,550000.0,70,7857.142857142857,apartamento,2,0,0
2702670796,Morretes,Morretes,550000.0,70,7857.142857142857,casa,2,0,0
2560637261,Morretes,Morretes,550000.0,80,6875.0,casa,2,0,0
2743303084,Sertão do Trombudo,Sertão Do Trombudo,550000.0,90,6111.111111111111,casa,2,0,0
2560637318,Morretes,Morretes,550000.0,80,6875.0,casa,2,0,0
2572722685,Morretes,Morretes,550000.0,70,7857.142857142857,casa,2,0,0
2560637225,Morretes,Morretes,550000.0,90,6111.111111111111,casa,2,0,0
2748586010,Morretes,Morretes,550000.0,60,9166.666666666666,apartamento,2,0,0
2743466361,Morretes,Morretes,550000.0,70,7857.142857142857,apartamento,2,0,0
2684229868,Alto São Bento,Alto São Bento,550000.0,70,7857.142857142857,apartamento,2,0,0
2560637601,Morretes,Morretes,550000.0,95,5789.473684210527,casa,2,0,0
2560637126,Morretes,Morretes,550000.0,70,7857.142857142857,casa,2,0,0
2717140156,Morretes,Morretes,550000.0,70,7857.142857142857,apartamento,2,0,0
2663775496,Morretes,Morretes,550000.0,62,8870.967741935483,apartamento,2,0,0
2735169025,Morretes,Morretes,550000.0,94,5851.063829787234,casa,2,0,0
2560637168,Morretes,Morretes,550000.0,80,6875.0,casa,2,0,0
2734479915,Morretes,Morretes,550000.0,288,1909.7222222222222,terreno,0,0,0
2703245044,Morretes,Morretes,550000.0,70,7857.142857142857,apartamento,2,0,0
2716328727,Morretes,Morretes,550000.0,100,5500.0,casa,3,0,0
2562024797,Morretes,Morretes,550000.0,70,7857.142857142857,apartamento,2,0,0
2681794614,Morretes,Morretes,550000.0,70,7857.142857142857,casa,2,0,0
2741720429,Jardim Praia Mar,Jardim Praiamar,550000.0,60,9166.666666666666,apartamento,2,0,0
2560637509,Morretes,Morretes,550000.0,74,7432.4324324324325,casa,2,0,0
2706129695,Morretes,Morretes,550000.0,70,7857.142857142857,apartamento,2,0,0
2560637384,Morretes,Morretes,550000.0,95,5789.473684210527,casa,2,0,0
2769183810,Morretes,Morretes,549360.0,72,7630.0,casa,2,0,0
2769184810,Morretes,Morretes,549330.0,72,7629.583333333333,casa,2,0,0
2769852267,Alto São Bento,Alto São Bento,549300.0,65,8450.76923076923,apartamento,2,0,0
2754712210,Alto São Bento,Alto São Bento,549000.0,60,9150.0,apartamento,2,0,0
2727432737,Alto São Bento,Alto São Bento,549000.0,70,7842.857142857143,apartamento,2,0,0
2751582495,Alto São Bento,Alto São Bento,549000.0,60,9150.0,apartamento,2,0,0
2682113805,Morretes,Morretes,549000.0,66,8318.181818181818,apartamento,2,0,0
2754513887,Alto São Bento,Alto São Bento,549000.0,60,9150.0,apartamento,2,0,0
2682115621,Morretes,Morretes,548000.0,67,8179.104477611941,apartamento,2,0,0
2721774725,Morretes,Morretes,547000.0,90,6077.777777777777,casa,2,0,0
2753562351,,,541000.0,71,7619.718309859155,apartamento,2,0,0
2560637279,Morretes,Morretes,540000.0,90,6000.0,casa,2,0,0
2624566360,Casa Branca,Casa Branca,540000.0,65,8307.692307692309,apartamento,2,0,0
2560637003,Morretes,Morretes,540000.0,95,5684.210526315789,casa,2,0,0
2560637525,Morretes,Morretes,540000.0,95,5684.210526315789,casa,2,0,0
2560637480,Morretes,Morretes,540000.0,95,5684.210526315789,casa,2,0,0
2671184448,Morretes,Morretes,539900.0,98,5509.183673469388,casa,2,0,0
2677488112,Morretes,Morretes,539900.0,98,5509.183673469388,casa,2,0,0
2677856706,Morretes,Morretes,539900.0,98,5509.183673469388,casa,2,0,0
2670495699,Jardim Praia Mar,Jardim Praiamar,538050.0,33,16304.545454545454,apartamento,1,0,0
2753565393,,,537000.0,71,7563.380281690141,apartamento,2,0,0
2686570048,Varzea,Varzea,536000.0,69,7768.115942028986,apartamento,2,0,0
2760131037,Varzea,Varzea,535000.0,67,7985.074626865671,apartamento,2,0,0
2720505569,Morretes,Morretes,530000.0,70,7571.428571428572,apartamento,2,0,0
2637821866,Morretes,Morretes,530000.0,72,7361.111111111111,apartamento,2,0,0
2692570680,Morretes,Morretes,530000.0,60,8833.333333333334,apartamento,2,0,0
2661820367,Casa Branca,Casa Branca,530000.0,74,7162.1621621621625,apartamento,2,0,0
2768930018,Morretes,Morretes,530000.0,70,7571.428571428572,apartamento,2,0,0
2749321139,Sertãozinho,Sertãozinho,529360.0,55,9624.727272727272,apartamento,2,0,0
2607340722,Morretes,Morretes,529000.0,85,6223.529411764706,casa,2,0,0
2759451420,,,529000.0,54,9796.296296296296,apartamento,2,0,0
2681757615,Morretes,Morretes,527000.0,80,6587.5,casa,2,0,0
2700518377,Morretes,Morretes,527000.0,80,6587.5,casa,2,0,0
2694441713,Morretes,Morretes,527000.0,80,6587.5,casa,2,0,0
2730925714,Morretes,Morretes,527000.0,80,6587.5,casa,2,0,0
2681247333,Morretes,Morretes,527000.0,80,6587.5,casa,2,0,0
2748077316,Morretes,Morretes,525500.0,60,8758.333333333334,apartamento,2,0,0
2558704344,,,525000.0,100,5250.0,apartamento,2,0,0
2732128414,Morretes,Morretes,525000.0,59,8898.305084745763,apartamento,2,0,0
2727530262,Morretes,Morretes,525000.0,60,8750.0,apartamento,2,0,0
2728011539,Morretes,Morretes,525000.0,60,8750.0,apartamento,2,0,0
2560637714,Morretes,Morretes,522000.0,80,6525.0,casa,2,0,0
2694368874,Morretes,Morretes,520001.0,70,7428.585714285714,apartamento,2,0,0
2663051060,Morretes,Morretes,520000.0,73,7123.287671232877,casa,2,0,0
2690265792,Morretes,Morretes,520000.0,70,7428.571428571428,apartamento,2,0,0
2728008591,Morretes,Morretes,515000.0,65,7923.076923076923,apartamento,2,0,0
2629770429,Morretes,Morretes,515000.0,66,7803.030303030303,apartamento,2,0,0
2700511827,Morretes,Morretes,515000.0,66,7803.030303030303,apartamento,2,0,0
2678053098,Morretes,Morretes,515000.0,66,7803.030303030303,apartamento,2,0,0
2705720551,Morretes,Morretes,515000.0,66,7803.030303030303,apartamento,2,0,0
2688799819,Morretes,Morretes,515000.0,66,7803.030303030303,apartamento,2,0,0
2681769098,Morretes,Morretes,515000.0,66,7803.030303030303,apartamento,2,0,0
2726173836,Morretes,Morretes,515000.0,66,7803.030303030303,apartamento,2,0,0
2694370878,Morretes,Morretes,515000.0,66,7803.030303030303,apartamento,2,0,0
2768649426,Casa Branca,Casa Branca,510000.0,50,10200.0,apartamento,2,0,0
2626746119,Sertão do Trombudo,Sertão Do Trombudo,510000.0,1,510000.0,terreno,0,0,1
2660890580,Alto São Bento,Alto São Bento,510000.0,65,7846.153846153846,casa,2,0,0
2764771670,Tabuleiro dos Oliveiras,Tabuleiro dos Oliveiras,506000.0,64,7906.25,apartamento,2,0,0
2721531871,Ilhota,Ilhota,500000.0,74,6756.756756756757,casa,2,0,0
2558704143,,,500000.0,90,5555.555555555556,apartamento,2,0,0
2676776410,Morretes,Morretes,500000.0,284,1760.5633802816901,terreno,0,0,0
2706041524,,,500000.0,63,7936.507936507936,apartamento,2,0,0
2679228702,Varzea,Varzea,500000.0,288,1736.111111111111,terreno,0,0,0
2689672648,Alto São Bento,Alto São Bento,500000.0,60,8333.333333333334,apartamento,2,0,0
2689329229,Jardim Praia Mar,Jardim Praiamar,499999.0,64,7812.484375,apartamento,2,0,0
2762883866,Morretes,Morretes,499000.0,69,7231.884057971014,apartamento,3,0,0
2583173994,Morretes,Morretes,498000.0,70,7114.285714285715,apartamento,2,0,0
2767581974,Morretes,Morretes,495000.0,50,9900.0,apartamento,2,0,0
2760097418,Centro,Centro,490000.0,85,5764.705882352941,apartamento,2,0,0
2708158503,Casa Branca,Casa Branca,490000.0,76,6447.368421052632,casa,2,0,0
2760219764,Centro,Centro,490000.0,85,5764.705882352941,apartamento,2,0,0
2677690820,Morretes,Morretes,490000.0,60,8166.666666666667,apartamento,2,0,0
2760158318,Centro,Centro,490000.0,85,5764.705882352941,apartamento,2,0,0
2769712153,Alto São Bento,Alto São Bento,490000.0,59,8305.084745762711,apartamento,2,0,0
2751984404,Alto São Bento,Alto São Bento,490000.0,60,8166.666666666667,apartamento,2,0,0
2734952020,Canto da Praia,Canto da Praia,485000.0,47,10319.148936170213,apartamento,1,0,0
2560637262,Morretes,Morretes,480002.0,70,6857.171428571429,casa,2,0,0
2560637347,Morretes,Morretes,480000.0,70,6857.142857142857,casa,2,0,0
2728068365,Morretes,Morretes,480000.0,65,7384.615384615385,casa,2,0,0
2565793498,Morretes,Morretes,480000.0,0,,terreno,0,0,0
2720232955,Morretes,Morretes,480000.0,65,7384.615384615385,casa,2,0,0
2711101698,Morretes,Morretes,480000.0,65,7384.615384615385,casa,2,0,0
2560637495,Morretes,Morretes,480000.0,70,6857.142857142857,casa,2,0,0
2560637694,Morretes,Morretes,480000.0,70,6857.142857142857,casa,2,0,0
2734074319,Morretes,Morretes,479600.0,59,8128.813559322034,comercial,0,0,0
2741811354,Morretes,Morretes,479000.0,40,11975.0,apartamento,1,0,0
2560637603,Morretes,Morretes,477000.0,68,7014.705882352941,casa,2,0,0
2724088774,Morretes,Morretes,477000.0,64,7453.125,apartamento,2,0,0
2764860423,Alto São Bento,Alto São Bento,475000.0,60,7916.666666666667,apartamento,2,0,0
2769968613,Morretes,Morretes,475000.0,55,8636.363636363636,apartamento,2,0,0
2737068619,Morretes,Morretes,470000.0,59,7966.1016949152545,apartamento,3,0,0
2564213789,Morretes,Morretes,470000.0,60,7833.333333333333,casa,2,0,0
2580327994,Morretes,Morretes,470000.0,60,7833.333333333333,casa,2,0,0
2763090330,Morretes,Morretes,470000.0,70,6714.285714285715,apartamento,2,0,0
2729543625,Morretes,Morretes,470000.0,58,8103.448275862069,apartamento,3,0,0
2561990058,Morretes,Morretes,470000.0,60,7833.333333333333,casa,2,0,0
2564697285,Morretes,Morretes,470000.0,60,7833.333333333333,casa,2,0,0
2690686574,Alto São Bento,Alto São Bento,470000.0,87,5402.298850574713,casa,2,0,0
2767583141,Alto São Bento,Alto São Bento,465000.0,53,8773.584905660377,apartamento,2,0,0
2762864386,Morretes,Morretes,463900.0,69,6723.188405797101,apartamento,2,0,0
2562406361,Morretes,Morretes,462001.0,60,7700.016666666666,casa,2,0,0
2560637203,Morretes,Morretes,462000.0,55,8400.0,casa,2,0,0
2560637594,Morretes,Morretes,462000.0,55,8400.0,casa,2,0,0
2560637530,Morretes,Morretes,462000.0,55,8400.0,casa,2,0,0
2560637283,Morretes,Morretes,462000.0,55,8400.0,casa,2,0,0
2729536463,Morretes,Morretes,461000.0,70,6585.714285714285,apartamento,2,0,0
2614369252,Morretes,Morretes,460000.0,55,8363.636363636364,apartamento,2,0,0
2769186854,Morretes,Morretes,459640.0,56,8207.857142857143,apartamento,2,0,0
2762890210,Morretes,Morretes,459000.0,69,6652.173913043478,apartamento,3,0,0
2750112194,Morretes,Morretes,458000.0,52,8807.692307692309,apartamento,2,0,0
2563928779,Morretes,Morretes,450001.0,70,6428.585714285714,casa,2,0,0
2702953181,Morretes,Morretes,450000.0,70,6428.571428571428,casa,2,0,0
2752523301,Morretes,Morretes,450000.0,60,7500.0,apartamento,2,0,0
2743300335,Morretes,Morretes,450000.0,85,5294.117647058823,casa,2,0,0
2660284689,Morretes,Morretes,450000.0,74,6081.081081081081,apartamento,2,0,0
2705721144,Morretes,Morretes,450000.0,70,6428.571428571428,casa,2,0,0
2699221291,Morretes,Morretes,450000.0,70,6428.571428571428,casa,2,0,0
2662161921,Morretes,Morretes,450000.0,111,4054.054054054054,apartamento,2,0,0
2749772401,Morretes,Morretes,450000.0,58,7758.620689655172,apartamento,2,0,0
2646969738,Morretes,Morretes,450000.0,70,6428.571428571428,apartamento,2,0,0
2564475068,Morretes,Morretes,450000.0,70,6428.571428571428,casa,2,0,0
2663299459,Morretes,Morretes,450000.0,70,6428.571428571428,apartamento,2,0,0
2747933634,Morretes,Morretes,450000.0,70,6428.571428571428,apartamento,3,0,0
2740883331,Morretes,Morretes,450000.0,85,5294.117647058823,casa,2,0,0
2729537625,Morretes,Morretes,450000.0,70,6428.571428571428,apartamento,2,0,0
2701238776,Morretes,Morretes,450000.0,70,6428.571428571428,casa,2,0,0
2728077652,Morretes,Morretes,450000.0,70,6428.571428571428,casa,2,0,0
2564697160,Morretes,Morretes,450000.0,70,6428.571428571428,casa,2,0,0
2700194434,Morretes,Morretes,450000.0,70,6428.571428571428,casa,2,0,0
2688011117,Morretes,Morretes,450000.0,59,7627.118644067797,apartamento,2,0,0
2660284690,Morretes,Morretes,450000.0,74,6081.081081081081,apartamento,2,0,0
2765060250,Morretes,Morretes,450000.0,60,7500.0,apartamento,2,0,0
2753169713,Morretes,Morretes,450000.0,60,7500.0,apartamento,2,0,0
2698360687,Morretes,Morretes,450000.0,70,6428.571428571428,casa,2,0,0
2644998762,Morretes,Morretes,450000.0,65,6923.076923076923,casa,2,0,0
2564212744,Morretes,Morretes,450000.0,70,6428.571428571428,casa,2,0,0
2565064190,Morretes,Morretes,450000.0,70,6428.571428571428,casa,2,0,0
2764633839,Jardim Praia Mar,Jardim Praiamar,449000.0,4161,107.9067531843307,apartamento,1,0,0
2669009410,Morretes,Morretes,445000.0,61,7295.081967213115,apartamento,2,0,0
2724470330,Morretes,Morretes,436000.0,41,10634.146341463415,apartamento,1,0,0
2664863504,Morretes,Morretes,429000.0,70,6128.571428571428,apartamento,3,0,0
2769475303,Morretes,Morretes,428400.0,38,11273.684210526315,apartamento,1,0,0
2656735900,Alto São Bento,Alto São Bento,425000.0,0,,terreno,0,0,0
2754168827,Morretes,Morretes,424000.0,41,10341.463414634147,apartamento,1,0,0
2732243218,Morretes,Morretes,424000.0,40,10600.0,apartamento,1,0,0
2762836313,Morretes,Morretes,420000.0,55,7636.363636363636,apartamento,2,0,0
2759405016,Morretes,Morretes,420000.0,60,7000.0,apartamento,2,0,0
2736813751,Morretes,Morretes,420000.0,57,7368.421052631579,apartamento,2,0,0
2752513113,Morretes,Morretes,420000.0,60,7000.0,apartamento,2,0,0
2738142652,Alto São Bento,Alto São Bento,420000.0,69,6086.95652173913,casa,2,0,0
2753177099,Morretes,Morretes,420000.0,60,7000.0,apartamento,2,0,0
2682274217,Morretes,Morretes,419001.0,52,8057.711538461538,casa,2,0,0
2688748924,Morretes,Morretes,419000.0,52,8057.692307692308,casa,2,0,0
2683486119,Morretes,Morretes,419000.0,52,8057.692307692308,casa,2,0,0
2694435475,Morretes,Morretes,419000.0,52,8057.692307692308,casa,2,0,0
2700511985,Morretes,Morretes,419000.0,52,8057.692307692308,casa,2,0,0
2757087215,Centro,Centro,418000.0,21,19904.761904761905,apartamento,1,0,0
2702443816,Morretes,Morretes,410000.0,63,6507.936507936508,apartamento,2,0,0
2733083940,Morretes,Morretes,409000.0,51,8019.607843137255,casa,2,0,0
2683949822,Sertão do Trombudo,Sertão Do Trombudo,400000.0,300,1333.3333333333333,terreno,0,0,0
2765234316,Alto São Bento,Alto São Bento,400000.0,69,5797.101449275362,apartamento,2,0,0
2750098404,Canto da Praia,Canto da Praia,400000.0,67,5970.149253731343,apartamento,2,0,0
2644171671,Morretes,Morretes,400000.0,33,12121.212121212122,comercial,0,0,0
2767583230,Morretes,Morretes,395000.0,45,8777.777777777777,apartamento,1,0,0
2767584335,Morretes,Morretes,395000.0,45,8777.777777777777,apartamento,1,0,0
2769150016,Casa Branca,Casa Branca,395000.0,69,5724.63768115942,apartamento,2,0,0
2758386841,Tabuleiro dos Oliveiras,Tabuleiro dos Oliveiras,390000.0,56,6964.285714285715,apartamento,2,0,0
2699371298,Alto São Bento,Alto São Bento,390000.0,330,1181.8181818181818,terreno,0,0,0
2769178817,Morretes,Morretes,389290.0,63,6179.206349206349,apartamento,2,0,0
2769196429,Morretes,Morretes,386800.0,43,8995.348837209302,apartamento,1,0,0
2754736338,Morretes,Morretes,386800.0,44,8790.90909090909,apartamento,1,0,0
2765074575,Morretes,Morretes,386001.0,43,8976.767441860466,apartamento,1,0,0
2751147314,Morretes,Morretes,386000.0,43,8976.744186046511,apartamento,1,0,0
2753187605,Morretes,Morretes,386000.0,43,8976.744186046511,apartamento,1,0,0
2437374015,Andorinha,Andorinha,385000.0,68,5661.764705882353,apartamento,2,0,0
2697568788,Sertão do Trombudo,Sertão Do Trombudo,380000.0,200,1900.0,terreno,0,0,0
2749989006,Sertão do Trombudo,Sertão Do Trombudo,380000.0,265,1433.9622641509434,terreno,0,0,0
2751140419,Morretes,Morretes,375000.0,43,8720.93023255814,apartamento,1,0,0
2765080419,Morretes,Morretes,375000.0,43,8720.93023255814,apartamento,1,0,0
2666436700,Morretes,Morretes,374000.0,69,5420.289855072464,apartamento,2,0,0
2736814240,Morretes,Morretes,370000.0,70,5285.714285714285,apartamento,2,0,0
2699373973,Alto São Bento,Alto São Bento,360000.0,264,1363.6363636363637,terreno,0,0,0
2737602714,Centro,Centro,358000.0,15,23866.666666666668,apartamento,1,0,0
2737010559,Morretes,Morretes,350002.0,55,6363.672727272728,apartamento,2,0,0
2732562036,Morretes,Morretes,350000.0,55,6363.636363636364,apartamento,2,0,0
2728752722,Morretes,Morretes,350000.0,65,5384.615384615385,apartamento,2,0,0
2770245024,Alto São Bento,Alto São Bento,350000.0,330,1060.6060606060605,terreno,0,0,0
2735687516,Morretes,Morretes,350000.0,55,6363.636363636364,apartamento,2,0,0
2711131061,Morretes,Morretes,350000.0,77,4545.454545454545,apartamento,2,0,0
2769186453,Alto São Bento,Alto São Bento,348640.0,40,8716.0,comercial,0,0,0
2760737018,Sertão do Trombudo,Sertão Do Trombudo,348000.0,57,6105.263157894737,apartamento,2,0,0
2767583771,Morretes,Morretes,347947.0,241,1443.7634854771784,comercial,0,0,0
2569457810,Ilhota,Ilhota,339200.0,371,914.2857142857143,terreno,0,0,0
2769752931,Morretes,Morretes,329670.0,78,4226.538461538462,comercial,0,0,0
2651123226,Ilhota,Ilhota,300000.0,312,961.5384615384615,terreno,0,0,0
2733892923,Canto da Praia,Canto da Praia,300000.0,55,5454.545454545455,apartamento,1,0,0
2736039929,Sertão do Trombudo,Sertão Do Trombudo,290000.0,60,4833.333333333333,casa,1,0,0
2768968724,Sertão do Trombudo,Sertão Do Trombudo,289880.0,204,1420.9803921568628,terreno,0,0,0
2727491057,Sertão do Trombudo,Sertão Do Trombudo,286821.0,200,1434.105,terreno,0,0,0
2769848375,Sertão do Trombudo,Sertão Do Trombudo,280997.0,200,1404.985,terreno,0,0,0
2767583564,Ilhota,Ilhota,280000.0,35,8000.0,apartamento,1,0,0
2671618441,Alto São Bento,Alto São Bento,280000.0,276,1014.4927536231884,terreno,0,0,0
2762425720,Sertão do Trombudo,Sertão Do Trombudo,280000.0,0,,terreno,0,0,0
2711003805,Sertão do Trombudo,Sertão Do Trombudo,265575.0,200,1327.875,terreno,0,0,0
2700108285,Ilhota,Ilhota,255000.0,38,6710.526315789473,apartamento,1,0,0
2767583271,Centro,Centro,250000.0,35,7142.857142857143,apartamento,1,0,0
2767584422,Centro,Centro,250000.0,35,7142.857142857143,apartamento,1,0,0
2574579431,Ilhota,Ilhota,220000.0,50,4400.0,apartamento,1,0,0
2765595122,Ilhota,Ilhota,202658.0,38,5333.105263157895,apartamento,1,0,0
2765597322,Ilhota,Ilhota,202658.0,38,5333.105263157895,apartamento,1,0,0
2769185065,Castelo Branco,Castelo Branco,99470.0,95,1047.0526315789473,comercial,0,0,0
2759234724,Andorinha,Andorinha,10000.0,437,22.88329519450801,apartamento,7,0,0
